[info ] WFC Rebuild starting (clean-room skeleton)
[info ] OpenGL: 4.6.0 Compatibility Profile Context 26.6.4.260624
[info ] FLOW platform sku=WIN
[info ] FRONTEND catalog: 278 authored TnDataProvider objects (7 kinds)
[info ] FRONTEND catalog: authored settings defaults for 31 classes (F:/Transformers Rebuild/Rebuild/data/frontend/game_settings.json)
[info ] FRONTEND catalog: 13 map providers (10 with rebuild runtime data), 9 playlists, 31 settings classes, 2906 loc strings, 26 engage texts
[info ] FRONTEND catalog map 501 MP_IAC_Seed_Base_m         "Seed Of Corruption" cooked=1 runtime=MP_IAC_Seed modes=6
[info ] FRONTEND catalog map 502 MP_IAC_Berth_Base_m        "Berth" cooked=1 runtime=MP_IAC_Berth modes=6
[info ] FRONTEND catalog map 503 MP_UND_Complex_BASE_m      "Complex" cooked=1 runtime=MP_UND_Complex modes=6
[info ] FRONTEND catalog map 504 MP_IAC_Rust_BASE_m         "Rust" cooked=1 runtime=MP_IAC_Rust modes=6
[info ] FRONTEND catalog map 505 MP_ESC_BrokenHope_BASE_m   "Broken Hope" cooked=1 runtime=MP_ESC_BrokenHope modes=1
[info ] FRONTEND catalog map 506 MP_ESC_Remnant_BASE_m      "Remnant" cooked=1 runtime=MP_ESC_Remnant modes=1
[info ] FRONTEND catalog map 507 MP_ORB_Debris_BASE_m       "Orbital Debris" cooked=1 runtime=MP_ORB_Debris modes=6
[info ] FRONTEND catalog map 508 MP_IAC_Streets_Base_m      "Streets" cooked=1 runtime=MP_IAC_Streets modes=6
[info ] FRONTEND catalog map 509 MP_KON_Molten_Base_m       "Molten" cooked=1 runtime=MP_KON_Molten modes=6
[info ] FRONTEND catalog map 510 MP_UND_Gorge_BASE_m        "Gorge" cooked=1 runtime=MP_UND_Gorge modes=6
[info ] FRONTEND catalog map 512 MP_KON_Fortress_BASE_m     "Fortress" cooked=0 runtime=- modes=6
[info ] FRONTEND catalog map 511 MP_ORB_Havoc_BASE_m        "Havoc" cooked=0 runtime=- modes=6
[info ] FRONTEND catalog map 513 MP_ESC_Tranquillity_BASE_m "Forsaken" cooked=0 runtime=- modes=1
[info ] FRONTEND script: 34 steps
[info ] frontend roster: 33 chassis, 4 default characters
[info ] FLOW boot map=UI_FrontEnd_m watchedIntro=false seed=0
[info ] FLOW travel url=UI_FrontEnd_m server=false from=None
[info ] FLOW loading.start kind=Generic title= message= bink=TF_LoadingScreen gfx=UI_GFxLoading_p.LoadScreen_GFX tips=0
[info ] GFX library: 38 movies, 24 external textures, font lib F:/Transformers Rebuild/ExtractedAssets/content/UI_GFxFonts_p/Fonts_EFIGS.gfx, 3 font aliases
[info ] FLOW settings.gamma GammaSetting=50 DisplayGamma=2.200 owner=IRenderer::setDisplayGamma
[info ] FLOW input.bindings sku=WIN ini=false
[info ] sound cues: 63 cues, 292/292 waves loaded
[info ] sound cues: FSB loop regions 7/7 applied (whole sample; no header LOOP flag)
[info ] Init complete (frontend boot).
[info ] FLOW movie.open movie=TF_InitialStartup_NA_INT seconds=5.000000 loop=true
[info ] FLOW movie.firstFrame movie=TF_InitialStartup_NA_INT w=1280 h=720 t=0.004814
[info ] GFX loaded Cursor_GFX: stage 1120x720 @30 fps, 1 frames, 7 shapes, 10 sprites, 0 texts, 0 fonts, 2 bitmaps, 3 exports
[info ] GFX opened UI_GFxMouseCursor_p.Cursor_GFX_1 (F:/Transformers Rebuild/ExtractedAssets/content/UI_GFxMouseCursor_p/Cursor_GFX.gfx)
[info ] FLOW gfx.cursor opened=true
[info ] FLOW audio.moviePlaying playing=true
[info ] FLOW audio.prefetch level=UI_FrontEnd_m
[info ] GFX renderer ready (MSAA 8)
[info ] FLOW level.begin level=FrontEnd map=UI_FrontEnd_m url=UI_FrontEnd_m
[info ] FLOW uicontroller Initialize TnUIControllerFrontEnd
[info ] FLOW frontend.game state=WaitingForController
[info ] FLOW frontend.game state=None controllerAssigned=true
[info ] FLOW loading.close kind=InitialStartup level=FrontEnd
[info ] FLOW audio.moviePlaying playing=false
[info ] FLOW scene.enter uiLevel=UI_FrontEnd_m levels=2
[info ] wfc: render data root F:\Transformers Rebuild\Rebuild\build\release\bin/../../../work/render
[info ] glb: F:/Transformers Rebuild/ExtractedAssets/VerticalSlice/Maps/UI_FrontEnd/world.glb -> 408427 verts, 298318 tris, bounds [-600.5 -608.3 -811.7]..[822.5 595.7 604.8]
[info ] frontend scene UI_FrontEnd: world.glb read 26 ms
[info ] wfc: movers: 0 (rotating + Matinee), 0 authored-hidden actors
[info ] wfc: map FX: 326 components (6 active), 15 systems
[info ] wfc: post: bloom 1 scale 1.00, DOF 0 far max 1.00 falloff 2000, CLUT none
[error] glb: cannot read F:\Transformers Rebuild\Rebuild\build\release\bin/../../../work/render/UI_FrontEnd/bsp.glb
[warn ] wfc: bsp.glb missing; level BSP stays unlit
[info ] glb: F:\Transformers Rebuild\Rebuild\build\release\bin/../../../work/render/UI_FrontEnd/decals.glb -> 4809 verts, 1937 tris, bounds [-38.1 -33.4 -35.3]..[37.0 21.6 30.4]
[info ] wfc: uploaded mesh 0: 4809 verts, 10 submeshes (0 lightmapped, 10 programs, 3 total)
[info ] wfc: shader path active: 67 materials, 8 lightmapped components, 15 lights, fog on (F:\Transformers Rebuild\Rebuild\build\release\bin/../../../work/render/UI_FrontEnd)
[info ] wfc: scene actors: 71 poses, 45 PHYS_Rotating, 23 authored-hidden
[info ] glb: F:/Transformers Rebuild/ExtractedAssets/content/TR_SoldierJetAut_VEH_p/VH_SoldierJetAut_SKEL.gltf -> 3415 verts, 3746 tris, bounds [-3.9 0.3 -4.0]..[3.5 2.4 4.0]
[info ] wfc: uploaded mesh 1: 3415 verts, 1 submeshes (0 lightmapped, 1 programs, 5 total)
[info ] glb: F:/Transformers Rebuild/ExtractedAssets/content/TR_SoldierJetDec_VEH_p/VH_SoldierJetDec_SKEL.gltf -> 7342 verts, 3658 tris, bounds [-3.0 0.2 -3.0]..[3.0 2.3 3.0]
[info ] wfc: uploaded mesh 2: 7342 verts, 1 submeshes (0 lightmapped, 1 programs, 7 total)
[info ] wfc: map props: 17 (energon totems + destructible), totem clip -1
[info ] glb: F:/Transformers Rebuild/ExtractedAssets/content/DES_ORB_Asteroids_p/StaticMesh/Asteroid_Debris_02_STAT.gltf -> 333 verts, 192 tris, bounds [-10.8 -6.3 -11.2]..[6.3 2.9 7.7]
[info ] wfc: uploaded mesh 3: 333 verts, 1 submeshes (0 lightmapped, 1 programs, 9 total)
[info ] glb: F:/Transformers Rebuild/ExtractedAssets/content/DES_ORB_Asteroids_p/StaticMesh/Asteroid_Debris_04_STAT.gltf -> 357 verts, 244 tris, bounds [-13.7 -4.5 -6.5]..[10.5 4.5 9.5]
[info ] wfc: uploaded mesh 4: 357 verts, 1 submeshes (0 lightmapped, 1 programs, 9 total)
[info ] glb: F:/Transformers Rebuild/ExtractedAssets/content/DES_ORB_Asteroids_p/SmallAsteroid_STAT.gltf -> 323 verts, 184 tris, bounds [-8.2 -10.7 -11.0]..[8.2 10.7 11.0]
[info ] wfc: uploaded mesh 5: 323 verts, 1 submeshes (0 lightmapped, 1 programs, 10 total)
[info ] glb: F:/Transformers Rebuild/ExtractedAssets/content/DES_ORB_Asteroids_p/StaticMesh/MiniAsteroid_01_STAT.gltf -> 142 verts, 86 tris, bounds [-6.5 -4.7 -4.6]..[3.7 1.6 1.8]
[info ] wfc: uploaded mesh 6: 142 verts, 1 submeshes (0 lightmapped, 1 programs, 10 total)
[info ] glb: F:/Transformers Rebuild/ExtractedAssets/content/FX_Mesh_p/Light_Cylinder_STAT.gltf -> 82 verts, 80 tris, bounds [-1.0 -0.0 -1.0]..[1.0 11.4 1.0]
[info ] wfc: uploaded mesh 7: 82 verts, 1 submeshes (0 lightmapped, 1 programs, 11 total)
[info ] glb: F:/Transformers Rebuild/ExtractedAssets/content/FX_Navigation_p/Boostermesh_03.gltf -> 327 verts, 600 tris, bounds [-0.0 -0.0 -0.0]..[0.5 0.0 0.0]
[info ] wfc: uploaded mesh 8: 327 verts, 1 submeshes (0 lightmapped, 1 programs, 12 total)
[info ] glb: F:/Transformers Rebuild/ExtractedAssets/content/FX_Navigation_p/Boost_Circuit_STAT.gltf -> 327 verts, 600 tris, bounds [-0.0 -0.0 -0.0]..[0.5 0.0 0.0]
[info ] wfc: uploaded mesh 9: 327 verts, 1 submeshes (0 lightmapped, 1 programs, 13 total)
[info ] wfc: map FX mesh emitters loaded: 32
[info ] wfc: uploaded mesh 10: 408427 verts, 107 submeshes (8 lightmapped, 107 programs, 43 total)
[info ] frontend scene UI_FrontEnd loaded (107 submeshes)
[info ] frontend scene: UI_FrontEnd presented by the renderer (loadFrontendScene)
[info ] FLOW scene.levels uiLevel=UI_FrontEnd_m levels=UI_FrontEnd_m+UI_FrontEnd_capture_VIG_m drawn=true why=
[info ] FLOW gfx.open movie=UI_GFxFrontEnd_p.MovieLoader_GFX_1
[info ] GFX loaded MovieLoader_GFX: stage 1120x720 @30 fps, 1 frames, 0 shapes, 15 sprites, 0 texts, 0 fonts, 0 bitmaps, 15 exports
[info ] FLOW bridge fn=Game.HasWatchedIntroMovie args= level=FrontEnd
[info ] FLOW fscommand movie=UI_GFxFrontEnd_p.MovieLoader_GFX_1 cmd=enterMovieSequence arg=
[info ] FLOW gfx.close movie=UI_GFxFrontEnd_p.MovieLoader_GFX_1
[info ] FLOW movie.play movie=Logo_Activision
[info ] GFX opened UI_GFxFrontEnd_p.MovieLoader_GFX_1 (F:/Transformers Rebuild/ExtractedAssets/content/UI_GFxFrontEnd_p/MovieLoader_GFX.gfx)
[info ] FLOW gfx.movie movie=UI_GFxFrontEnd_p.MovieLoader_GFX_1 opened=true
[info ] FLOW audio.levelEvent trigger=FsCommand:enterMovieSequence
[info ] FLOW audio.moviePlaying playing=true
[info ] FLOW scene.remoteEvent event=closeMovieLoader
[info ] wfc: prewarmed 36 material programs in 194 ms
[warn ] map fx: PMI_LocationPrimitiveSphere has no decoded StartRadius (0 used)
[warn ] map fx: PMI_LocationPrimitiveSphere has no decoded VelocityScale (0 used)
[warn ] wfc: particle material FX_Materials_p.Materials.Lightning_Anim_03_MAT not compiled; textured fallback
[info ] FLOW movie.open movie=Logo_Activision seconds=10.400000 loop=false
[info ] FLOW movie.firstFrame movie=Logo_Activision w=1280 h=720 t=0.229868
[info ] movie audio: F:/Transformers Rebuild/ExtractedAssets/movies/Logo_Activision.mkv: 10 tracks @ 48000 Hz, 10.4 s (centre track 5)
[info ] FLOW movie.audioStart movie=Logo_Activision handle=1 owner=systems
[info ] FLOW gfx.movieClosed movie=UI_GFxFrontEnd_p.MovieLoader_GFX_1
[info ] VISUALCHECK frame 120 path=original black=0.000 flat=0.031 lumaP50=72 colors=2428 draws=205 world=82 bsp=0 materials=29 noProgram=0 -> PASS
[info ] VISUALCHECK frame 240 path=original black=0.000 flat=0.030 lumaP50=72 colors=2420 draws=205 world=82 bsp=0 materials=29 noProgram=0 -> PASS
[info ] VISUALCHECK frame 360 path=original black=0.000 flat=0.031 lumaP50=72 colors=2398 draws=205 world=82 bsp=0 materials=29 noProgram=0 -> PASS
[warn ] wfc: particle material ENV_NEU_CybertronOrbit_P.UI_halo_CLR_Mat not compiled; textured fallback
[info ] VISUALCHECK frame 480 path=original black=0.000 flat=0.031 lumaP50=72 colors=2380 draws=206 world=82 bsp=0 materials=29 noProgram=0 -> PASS
[info ] VISUALCHECK frame 600 path=original black=0.000 flat=0.030 lumaP50=71 colors=2391 draws=206 world=82 bsp=0 materials=29 noProgram=0 -> PASS
[info ] VISUALCHECK frame 720 path=original black=0.000 flat=0.030 lumaP50=71 colors=2398 draws=205 world=82 bsp=0 materials=29 noProgram=0 -> PASS
[info ] FLOW scene.view camera=CameraActor_6585 matinee= playing= pos=-6701.838,-15212.472,237.435 rot=-0.615,72.422,0.330 fov=45.000 drawn=true
[info ] VISUALCHECK frame 840 path=original black=0.000 flat=0.030 lumaP50=71 colors=2407 draws=204 world=82 bsp=0 materials=29 noProgram=0 -> PASS
[info ] VISUALCHECK frame 960 path=original black=0.000 flat=0.031 lumaP50=72 colors=2420 draws=203 world=82 bsp=0 materials=29 noProgram=0 -> PASS
[info ] VISUALCHECK frame 1080 path=original black=0.000 flat=0.030 lumaP50=72 colors=2447 draws=205 world=82 bsp=0 materials=29 noProgram=0 -> PASS
[info ] VISUALCHECK frame 1200 path=original black=0.000 flat=0.030 lumaP50=72 colors=2491 draws=204 world=82 bsp=0 materials=29 noProgram=0 -> PASS
[info ] VISUALCHECK frame 1320 path=original black=0.000 flat=0.030 lumaP50=72 colors=2513 draws=204 world=82 bsp=0 materials=29 noProgram=0 -> PASS
[info ] VISUALCHECK frame 1440 path=original black=0.000 flat=0.029 lumaP50=72 colors=2493 draws=206 world=82 bsp=0 materials=29 noProgram=0 -> PASS
[info ] VISUALCHECK frame 1560 path=original black=0.000 flat=0.029 lumaP50=72 colors=2485 draws=205 world=82 bsp=0 materials=29 noProgram=0 -> PASS
[info ] VISUALCHECK frame 1680 path=original black=0.000 flat=0.029 lumaP50=72 colors=2490 draws=204 world=82 bsp=0 materials=29 noProgram=0 -> PASS
[info ] VISUALCHECK frame 1800 path=original black=0.000 flat=0.028 lumaP50=72 colors=2481 draws=204 world=82 bsp=0 materials=29 noProgram=0 -> PASS
[info ] VISUALCHECK frame 1920 path=original black=0.000 flat=0.028 lumaP50=72 colors=2485 draws=205 world=82 bsp=0 materials=29 noProgram=0 -> PASS
[info ] VISUALCHECK frame 2040 path=original black=0.000 flat=0.027 lumaP50=72 colors=2474 draws=205 world=82 bsp=0 materials=29 noProgram=0 -> PASS
[info ] FLOW scene.view camera=CameraActor_6585 matinee= playing= pos=-6701.838,-15212.472,237.435 rot=-0.615,72.422,0.330 fov=45.000 drawn=true
[info ] VISUALCHECK frame 2160 path=original black=0.000 flat=0.028 lumaP50=72 colors=2455 draws=204 world=82 bsp=0 materials=29 noProgram=0 -> PASS
[info ] VISUALCHECK frame 2280 path=original black=0.000 flat=0.029 lumaP50=72 colors=2462 draws=205 world=82 bsp=0 materials=29 noProgram=0 -> PASS
[info ] VISUALCHECK frame 2400 path=original black=0.000 flat=0.029 lumaP50=72 colors=2469 draws=206 world=82 bsp=0 materials=29 noProgram=0 -> PASS
[info ] VISUALCHECK frame 2520 path=original black=0.000 flat=0.028 lumaP50=72 colors=2469 draws=204 world=82 bsp=0 materials=29 noProgram=0 -> PASS
[info ] VISUALCHECK frame 2640 path=original black=0.000 flat=0.028 lumaP50=72 colors=2489 draws=204 world=82 bsp=0 materials=29 noProgram=0 -> PASS
[info ] VISUALCHECK frame 2760 path=original black=0.000 flat=0.028 lumaP50=72 colors=2547 draws=205 world=82 bsp=0 materials=29 noProgram=0 -> PASS
[info ] VISUALCHECK frame 2880 path=original black=0.000 flat=0.029 lumaP50=72 colors=2603 draws=204 world=82 bsp=0 materials=29 noProgram=0 -> PASS
[info ] VISUALCHECK frame 3000 path=original black=0.000 flat=0.027 lumaP50=72 colors=2630 draws=204 world=82 bsp=0 materials=29 noProgram=0 -> PASS
[info ] VISUALCHECK frame 3120 path=original black=0.000 flat=0.027 lumaP50=72 colors=2633 draws=204 world=82 bsp=0 materials=29 noProgram=0 -> PASS
[info ] VISUALCHECK frame 3240 path=original black=0.000 flat=0.026 lumaP50=72 colors=2584 draws=206 world=82 bsp=0 materials=29 noProgram=0 -> PASS
[info ] FLOW scene.view camera=CameraActor_6585 matinee= playing= pos=-6701.838,-15212.472,237.435 rot=-0.615,72.422,0.330 fov=45.000 drawn=true
[info ] VISUALCHECK frame 3360 path=original black=0.000 flat=0.027 lumaP50=72 colors=2580 draws=205 world=82 bsp=0 materials=29 noProgram=0 -> PASS
[info ] VISUALCHECK frame 3480 path=original black=0.000 flat=0.026 lumaP50=72 colors=2615 draws=206 world=82 bsp=0 materials=29 noProgram=0 -> PASS
[info ] VISUALCHECK frame 3600 path=original black=0.000 flat=0.026 lumaP50=72 colors=2598 draws=205 world=82 bsp=0 materials=29 noProgram=0 -> PASS
[info ] VISUALCHECK frame 3720 path=original black=0.000 flat=0.026 lumaP50=72 colors=2590 draws=204 world=82 bsp=0 materials=29 noProgram=0 -> PASS
[info ] VISUALCHECK frame 3840 path=original black=0.000 flat=0.025 lumaP50=72 colors=2595 draws=205 world=82 bsp=0 materials=29 noProgram=0 -> PASS
[info ] VISUALCHECK frame 3960 path=original black=0.000 flat=0.025 lumaP50=72 colors=2613 draws=205 world=82 bsp=0 materials=29 noProgram=0 -> PASS
[info ] VISUALCHECK frame 4080 path=original black=0.000 flat=0.024 lumaP50=72 colors=2636 draws=205 world=82 bsp=0 materials=29 noProgram=0 -> PASS
[info ] VISUALCHECK frame 4200 path=original black=0.000 flat=0.024 lumaP50=72 colors=2676 draws=205 world=82 bsp=0 materials=29 noProgram=0 -> PASS
[info ] VISUALCHECK frame 4320 path=original black=0.000 flat=0.024 lumaP50=72 colors=2675 draws=206 world=82 bsp=0 materials=29 noProgram=0 -> PASS
[info ] FLOW scene.view camera=CameraActor_6585 matinee= playing= pos=-6701.838,-15212.472,237.435 rot=-0.615,72.422,0.330 fov=45.000 drawn=true
[info ] VISUALCHECK frame 4440 path=original black=0.000 flat=0.023 lumaP50=72 colors=2669 draws=203 world=82 bsp=0 materials=29 noProgram=0 -> PASS
[info ] VISUALCHECK frame 4560 path=original black=0.000 flat=0.026 lumaP50=72 colors=2688 draws=205 world=82 bsp=0 materials=29 noProgram=0 -> PASS
[info ] VISUALCHECK frame 4680 path=original black=0.000 flat=0.026 lumaP50=73 colors=2741 draws=205 world=82 bsp=0 materials=29 noProgram=0 -> PASS
[info ] VISUALCHECK frame 4800 path=original black=0.000 flat=0.022 lumaP50=73 colors=2804 draws=204 world=82 bsp=0 materials=29 noProgram=0 -> PASS
[info ] VISUALCHECK frame 4920 path=original black=0.000 flat=0.022 lumaP50=73 colors=2783 draws=205 world=82 bsp=0 materials=29 noProgram=0 -> PASS
[info ] VISUALCHECK frame 5040 path=original black=0.000 flat=0.023 lumaP50=72 colors=2751 draws=206 world=82 bsp=0 materials=29 noProgram=0 -> PASS
[info ] VISUALCHECK frame 5160 path=original black=0.000 flat=0.026 lumaP50=72 colors=2668 draws=205 world=82 bsp=0 materials=28 noProgram=0 -> PASS
[info ] VISUALCHECK frame 5280 path=original black=0.000 flat=0.024 lumaP50=72 colors=2672 draws=204 world=82 bsp=0 materials=29 noProgram=0 -> PASS
[info ] FLOW scene.view camera=CameraActor_6585 matinee= playing= pos=-6701.838,-15212.472,237.435 rot=-0.615,72.422,0.330 fov=45.000 drawn=true
[info ] VISUALCHECK frame 5400 path=original black=0.000 flat=0.026 lumaP50=73 colors=2722 draws=204 world=82 bsp=0 materials=29 noProgram=0 -> PASS
[info ] VISUALCHECK frame 5520 path=original black=0.000 flat=0.028 lumaP50=73 colors=2728 draws=205 world=82 bsp=0 materials=29 noProgram=0 -> PASS
[info ] VISUALCHECK frame 5640 path=original black=0.000 flat=0.027 lumaP50=72 colors=2779 draws=203 world=82 bsp=0 materials=29 noProgram=0 -> PASS
[info ] FLOW movie.finished movie=Logo_Activision skipped=false position=10.400178
[info ] FLOW movie.audioStop audioClock=9.984 movieStreamAfter=false voices=0
[info ] FLOW movie.stopped movie=Logo_Activision
[info ] FLOW movie.play movie=Logo_Hasbro
[info ] FLOW audio.levelEvent trigger=MovieStopped:Logo_Activision
[info ] FLOW scene.matinee matinee=SeqAct_Interp_11805 comment=Fade In looping=false length=2.000
[info ] FLOW scene.matinee matinee=SeqAct_Interp_2880 comment=Camera Orbiter looping=true length=393.551
[info ] FLOW scene.matinee matinee=SeqAct_Interp_6321 comment=Primary Camera looping=true length=1.000
[info ] FLOW scene.remoteEvent event=StartFireworks
[info ] FLOW scene.matinee matinee=SeqAct_Interp_1192 comment=2nd QTR looping=true length=393.551
[info ] FLOW scene.matinee matinee=SeqAct_Interp_13634 comment=3rd QTR looping=true length=393.551
[info ] FLOW scene.matinee matinee=SeqAct_Interp_490 comment=Plane Fly By looping=true length=393.551
[info ] FLOW scene.matinee matinee=SeqAct_Interp_9525 comment=1st QTR looping=true length=393.551
[warn ] wfc: frontend pose for unknown actor cameraactor_2151 (not in the scene's actors_by_level)
[warn ] wfc: frontend pose for unknown actor emitter_13640 (not in the scene's actors_by_level)
[info ] FLOW movie.open movie=Logo_Hasbro seconds=13.200000 loop=false
[info ] FLOW movie.firstFrame movie=Logo_Hasbro w=1280 h=720 t=0.034980
[info ] movie audio: F:/Transformers Rebuild/ExtractedAssets/movies/Logo_Hasbro.mkv: 10 tracks @ 48000 Hz, 13.2 s (centre track 5)
[info ] FLOW movie.audioStart movie=Logo_Hasbro handle=1 owner=systems
[info ] VISUALCHECK frame 5760 path=original black=0.000 flat=0.026 lumaP50=73 colors=2772 draws=202 world=82 bsp=0 materials=29 noProgram=0 -> PASS
[info ] VISUALCHECK frame 5880 path=original black=0.000 flat=0.025 lumaP50=73 colors=2781 draws=201 world=82 bsp=0 materials=29 noProgram=0 -> PASS
[warn ] wfc: particle material FX_Materials_p.Materials.Steam_Add_Mat not compiled; textured fallback
[info ] VISUALCHECK frame 6000 path=original black=0.000 flat=0.025 lumaP50=73 colors=2841 draws=206 world=82 bsp=0 materials=29 noProgram=0 -> PASS
[info ] VISUALCHECK frame 6120 path=original black=0.000 flat=0.025 lumaP50=73 colors=2767 draws=211 world=82 bsp=0 materials=29 noProgram=0 -> PASS
[info ] VISUALCHECK frame 6240 path=original black=0.000 flat=0.027 lumaP50=74 colors=2924 draws=218 world=82 bsp=0 materials=29 noProgram=0 -> PASS
[info ] VISUALCHECK frame 6360 path=original black=0.000 flat=0.023 lumaP50=74 colors=2839 draws=216 world=82 bsp=0 materials=29 noProgram=0 -> PASS
[info ] FLOW scene.view camera=CameraActor_6585 matinee=Primary Camera playing=Fade In,Camera Orbiter,Primary Camera,2nd QTR,3rd QTR,Plane Fly By,1st QTR pos=-7048.552,-15054.838,242.376 rot=-0.615,71.109,0.330 fov=45.000 drawn=true
[info ] VISUALCHECK frame 6480 path=original black=0.000 flat=0.022 lumaP50=74 colors=2848 draws=211 world=82 bsp=0 materials=28 noProgram=0 -> PASS
[info ] VISUALCHECK frame 6600 path=original black=0.000 flat=0.021 lumaP50=74 colors=2890 draws=228 world=82 bsp=0 materials=29 noProgram=0 -> PASS
[info ] VISUALCHECK frame 6720 path=original black=0.000 flat=0.020 lumaP50=74 colors=2895 draws=226 world=82 bsp=0 materials=29 noProgram=0 -> PASS
[info ] VISUALCHECK frame 6840 path=original black=0.000 flat=0.020 lumaP50=73 colors=2865 draws=227 world=82 bsp=0 materials=29 noProgram=0 -> PASS
[info ] VISUALCHECK frame 6960 path=original black=0.000 flat=0.019 lumaP50=73 colors=2857 draws=221 world=82 bsp=0 materials=29 noProgram=0 -> PASS
[info ] VISUALCHECK frame 7080 path=original black=0.000 flat=0.017 lumaP50=72 colors=2806 draws=222 world=82 bsp=0 materials=29 noProgram=0 -> PASS
[info ] VISUALCHECK frame 7200 path=original black=0.000 flat=0.016 lumaP50=72 colors=2707 draws=223 world=82 bsp=0 materials=29 noProgram=0 -> PASS
[info ] VISUALCHECK frame 7320 path=original black=0.000 flat=0.016 lumaP50=72 colors=2715 draws=220 world=82 bsp=0 materials=29 noProgram=0 -> PASS
[info ] VISUALCHECK frame 7440 path=original black=0.000 flat=0.015 lumaP50=72 colors=2746 draws=212 world=82 bsp=0 materials=29 noProgram=0 -> PASS
[info ] FLOW scene.view camera=CameraActor_6585 matinee=Primary Camera playing=Fade In,Camera Orbiter,Primary Camera,2nd QTR,3rd QTR,Plane Fly By,1st QTR pos=-7527.260,-14820.959,251.738 rot=-0.615,69.273,0.330 fov=45.000 drawn=true
[info ] VISUALCHECK frame 7560 path=original black=0.000 flat=0.016 lumaP50=73 colors=2706 draws=209 world=82 bsp=0 materials=29 noProgram=0 -> PASS
[info ] VISUALCHECK frame 7680 path=original black=0.000 flat=0.014 lumaP50=72 colors=2681 draws=215 world=82 bsp=0 materials=29 noProgram=0 -> PASS
[info ] VISUALCHECK frame 7800 path=original black=0.000 flat=0.014 lumaP50=72 colors=2707 draws=217 world=82 bsp=0 materials=29 noProgram=0 -> PASS
[info ] VISUALCHECK frame 7920 path=original black=0.000 flat=0.013 lumaP50=72 colors=2706 draws=213 world=82 bsp=0 materials=29 noProgram=0 -> PASS
[info ] VISUALCHECK frame 8040 path=original black=0.000 flat=0.015 lumaP50=72 colors=2861 draws=211 world=82 bsp=0 materials=29 noProgram=0 -> PASS
[info ] VISUALCHECK frame 8160 path=original black=0.000 flat=0.013 lumaP50=71 colors=2712 draws=224 world=82 bsp=0 materials=29 noProgram=0 -> PASS
[info ] VISUALCHECK frame 8280 path=original black=0.000 flat=0.014 lumaP50=72 colors=2811 draws=229 world=82 bsp=0 materials=29 noProgram=0 -> PASS
[info ] VISUALCHECK frame 8400 path=original black=0.000 flat=0.014 lumaP50=71 colors=2707 draws=236 world=82 bsp=0 materials=29 noProgram=0 -> PASS
[info ] FLOW scene.view camera=CameraActor_6585 matinee=Primary Camera playing=Fade In,Camera Orbiter,Primary Camera,2nd QTR,3rd QTR,Plane Fly By,1st QTR pos=-7998.434,-14571.763,262.202 rot=-0.615,67.436,0.330 fov=45.000 drawn=true
[info ] VISUALCHECK frame 8520 path=original black=0.000 flat=0.012 lumaP50=71 colors=2578 draws=233 world=82 bsp=0 materials=29 noProgram=0 -> PASS
[info ] VISUALCHECK frame 8640 path=original black=0.000 flat=0.012 lumaP50=71 colors=2577 draws=237 world=81 bsp=0 materials=28 noProgram=0 -> PASS
[info ] VISUALCHECK frame 8760 path=original black=0.000 flat=0.013 lumaP50=71 colors=2562 draws=228 world=81 bsp=0 materials=28 noProgram=0 -> PASS
[info ] VISUALCHECK frame 8880 path=original black=0.000 flat=0.009 lumaP50=71 colors=2555 draws=224 world=81 bsp=0 materials=28 noProgram=0 -> PASS
[info ] VISUALCHECK frame 9000 path=original black=0.000 flat=0.008 lumaP50=70 colors=2466 draws=218 world=81 bsp=0 materials=28 noProgram=0 -> PASS
[info ] VISUALCHECK frame 9120 path=original black=0.000 flat=0.007 lumaP50=70 colors=2471 draws=211 world=81 bsp=0 materials=28 noProgram=0 -> PASS
[info ] FLOW scene.view camera=CameraActor_6585 matinee=Primary Camera playing=Fade In,Camera Orbiter,Primary Camera,2nd QTR,3rd QTR,Plane Fly By,1st QTR pos=-8459.489,-14308.952,271.663 rot=-0.615,65.607,0.330 fov=45.000 drawn=true
[info ] VISUALCHECK frame 9240 path=original black=0.000 flat=0.009 lumaP50=70 colors=2475 draws=229 world=81 bsp=0 materials=28 noProgram=0 -> PASS
[info ] VISUALCHECK frame 9360 path=original black=0.000 flat=0.008 lumaP50=69 colors=2688 draws=225 world=81 bsp=0 materials=28 noProgram=0 -> PASS
[info ] VISUALCHECK frame 9480 path=original black=0.000 flat=0.008 lumaP50=69 colors=2502 draws=225 world=81 bsp=0 materials=28 noProgram=0 -> PASS
[info ] VISUALCHECK frame 9600 path=original black=0.000 flat=0.006 lumaP50=69 colors=2503 draws=219 world=81 bsp=0 materials=28 noProgram=0 -> PASS
[info ] FLOW scene.view camera=CameraActor_6585 matinee=Primary Camera playing=Fade In,Camera Orbiter,Primary Camera,2nd QTR,3rd QTR,Plane Fly By,1st QTR pos=-8912.672,-14031.560,278.137 rot=-0.615,63.775,0.330 fov=45.000 drawn=true
[info ] VISUALCHECK frame 9720 path=original black=0.000 flat=0.007 lumaP50=68 colors=2598 draws=224 world=81 bsp=0 materials=28 noProgram=0 -> PASS
[info ] VISUALCHECK frame 9840 path=original black=0.000 flat=0.007 lumaP50=68 colors=2671 draws=241 world=81 bsp=0 materials=28 noProgram=0 -> PASS
[info ] VISUALCHECK frame 9960 path=original black=0.000 flat=0.007 lumaP50=68 colors=2457 draws=242 world=81 bsp=0 materials=28 noProgram=0 -> PASS
[info ] VISUALCHECK frame 10080 path=original black=0.000 flat=0.007 lumaP50=68 colors=2690 draws=246 world=81 bsp=0 materials=28 noProgram=0 -> PASS
[info ] FLOW scene.view camera=CameraActor_6585 matinee=Primary Camera playing=Fade In,Camera Orbiter,Primary Camera,2nd QTR,3rd QTR,Plane Fly By,1st QTR pos=-9358.109,-13739.555,278.196 rot=-0.615,61.939,0.330 fov=45.000 drawn=true
[info ] VISUALCHECK frame 10200 path=original black=0.000 flat=0.006 lumaP50=68 colors=2560 draws=243 world=81 bsp=0 materials=28 noProgram=0 -> PASS
[info ] VISUALCHECK frame 10320 path=original black=0.000 flat=0.006 lumaP50=68 colors=2546 draws=234 world=81 bsp=0 materials=28 noProgram=0 -> PASS
[info ] VISUALCHECK frame 10440 path=original black=0.000 flat=0.007 lumaP50=68 colors=2641 draws=230 world=81 bsp=0 materials=28 noProgram=0 -> PASS
[info ] FLOW movie.finished movie=Logo_Hasbro skipped=false position=13.215017
[info ] FLOW movie.audioStop audioClock=13.099 movieStreamAfter=false voices=0
[info ] FLOW movie.stopped movie=Logo_Hasbro
[info ] FLOW movie.play movie=Logo_HighMoon
[info ] FLOW audio.levelEvent trigger=MovieStopped:Logo_Hasbro
[info ] FLOW scene.remoteEvent event=StartFireworks
[info ] FLOW movie.open movie=Logo_HighMoon seconds=7.480000 loop=false
[info ] FLOW movie.firstFrame movie=Logo_HighMoon w=1280 h=720 t=0.028217
[info ] movie audio: F:/Transformers Rebuild/ExtractedAssets/movies/Logo_HighMoon.mkv: 10 tracks @ 48000 Hz, 7.5 s (centre track 5)
[info ] FLOW movie.audioStart movie=Logo_HighMoon handle=1 owner=systems
[info ] FLOW scene.view camera=CameraActor_6585 matinee=Primary Camera playing=Fade In,Camera Orbiter,Primary Camera,2nd QTR,3rd QTR,Plane Fly By,1st QTR pos=-6765.681,-15184.174,238.237 rot=-0.615,72.181,0.330 fov=45.000 drawn=true
[info ] VISUALCHECK frame 10560 path=original black=0.000 flat=0.026 lumaP50=73 colors=2840 draws=228 world=82 bsp=0 materials=29 noProgram=0 -> PASS
[info ] VISUALCHECK frame 10680 path=original black=0.000 flat=0.024 lumaP50=73 colors=2765 draws=234 world=82 bsp=0 materials=29 noProgram=0 -> PASS
[info ] VISUALCHECK frame 10800 path=original black=0.000 flat=0.021 lumaP50=74 colors=2889 draws=246 world=82 bsp=0 materials=29 noProgram=0 -> PASS
[info ] VISUALCHECK frame 10920 path=original black=0.000 flat=0.022 lumaP50=74 colors=2767 draws=247 world=82 bsp=0 materials=29 noProgram=0 -> PASS
[info ] FLOW scene.view camera=CameraActor_6585 matinee=Primary Camera playing=Fade In,Camera Orbiter,Primary Camera,2nd QTR,3rd QTR,Plane Fly By,1st QTR pos=-7247.355,-14960.026,245.981 rot=-0.615,70.350,0.330 fov=45.000 drawn=true
[info ] VISUALCHECK frame 11040 path=original black=0.000 flat=0.016 lumaP50=73 colors=2757 draws=236 world=82 bsp=0 materials=29 noProgram=0 -> PASS
[info ] VISUALCHECK frame 11160 path=original black=0.000 flat=0.016 lumaP50=72 colors=2811 draws=228 world=82 bsp=0 materials=29 noProgram=0 -> PASS
[info ] VISUALCHECK frame 11280 path=original black=0.000 flat=0.016 lumaP50=72 colors=2733 draws=231 world=82 bsp=0 materials=29 noProgram=0 -> PASS
[info ] VISUALCHECK frame 11400 path=original black=0.000 flat=0.016 lumaP50=72 colors=2825 draws=233 world=82 bsp=0 materials=29 noProgram=0 -> PASS
[info ] FLOW scene.view camera=CameraActor_6585 matinee=Primary Camera playing=Fade In,Camera Orbiter,Primary Camera,2nd QTR,3rd QTR,Plane Fly By,1st QTR pos=-7722.694,-14719.925,256.042 rot=-0.615,68.515,0.330 fov=45.000 drawn=true
[info ] VISUALCHECK frame 11520 path=original black=0.000 flat=0.015 lumaP50=72 colors=2695 draws=228 world=82 bsp=0 materials=29 noProgram=0 -> PASS
[info ] VISUALCHECK frame 11640 path=original black=0.000 flat=0.014 lumaP50=72 colors=2750 draws=231 world=82 bsp=0 materials=29 noProgram=0 -> PASS
[info ] VISUALCHECK frame 11760 path=original black=0.000 flat=0.013 lumaP50=72 colors=2853 draws=244 world=82 bsp=0 materials=29 noProgram=0 -> PASS
[info ] VISUALCHECK frame 11880 path=original black=0.000 flat=0.011 lumaP50=71 colors=2661 draws=241 world=81 bsp=0 materials=28 noProgram=0 -> PASS
[info ] VISUALCHECK frame 12000 path=original black=0.000 flat=0.010 lumaP50=71 colors=2567 draws=232 world=81 bsp=0 materials=28 noProgram=0 -> PASS
[info ] FLOW scene.view camera=CameraActor_6585 matinee=Primary Camera playing=Fade In,Camera Orbiter,Primary Camera,2nd QTR,3rd QTR,Plane Fly By,1st QTR pos=-8189.083,-14465.408,266.325 rot=-0.615,66.684,0.330 fov=45.000 drawn=true
[info ] VISUALCHECK frame 12120 path=original black=0.000 flat=0.010 lumaP50=70 colors=2565 draws=231 world=81 bsp=0 materials=28 noProgram=0 -> PASS
[info ] VISUALCHECK frame 12240 path=original black=0.000 flat=0.009 lumaP50=70 colors=2629 draws=228 world=81 bsp=0 materials=28 noProgram=0 -> PASS
[info ] VISUALCHECK frame 12360 path=original black=0.000 flat=0.009 lumaP50=70 colors=2673 draws=219 world=81 bsp=0 materials=28 noProgram=0 -> PASS
[info ] FLOW movie.finished movie=Logo_HighMoon skipped=false position=7.484258
[info ] FLOW movie.audioStop audioClock=7.403 movieStreamAfter=false voices=0
[info ] FLOW movie.stopped movie=Logo_HighMoon
[info ] FLOW movie.play movie=FMV_intro
[info ] FLOW audio.levelEvent trigger=MovieStopped:Logo_HighMoon
[info ] FLOW scene.remoteEvent event=StartFireworks
[info ] FLOW movie.open movie=FMV_intro seconds=128.680000 loop=false
[info ] FLOW movie.firstFrame movie=FMV_intro w=1280 h=720 t=0.023488
[info ] movie audio: F:/Transformers Rebuild/ExtractedAssets/movies/FMV_intro.mkv: 10 tracks @ 48000 Hz, 128.7 s (centre track 5)
[info ] FLOW movie.audioStart movie=FMV_intro handle=1 owner=systems
[info ] VISUALCHECK frame 12480 path=original black=0.000 flat=0.027 lumaP50=73 colors=2923 draws=227 world=82 bsp=0 materials=29 noProgram=0 -> PASS
[info ] FLOW scene.view camera=CameraActor_6585 matinee=Primary Camera playing=Fade In,Camera Orbiter,Primary Camera,2nd QTR,3rd QTR,Plane Fly By,1st QTR pos=-6891.095,-15127.632,239.908 rot=-0.615,71.707,0.330 fov=45.000 drawn=true
[info ] VISUALCHECK frame 12600 path=original black=0.000 flat=0.028 lumaP50=74 colors=2937 draws=229 world=82 bsp=0 materials=29 noProgram=0 -> PASS
[info ] VISUALCHECK frame 12720 path=original black=0.000 flat=0.028 lumaP50=75 colors=2930 draws=241 world=82 bsp=0 materials=29 noProgram=0 -> PASS
[info ] VISUALCHECK frame 12840 path=original black=0.000 flat=0.023 lumaP50=75 colors=2796 draws=233 world=82 bsp=0 materials=29 noProgram=0 -> PASS
[info ] VISUALCHECK frame 12960 path=original black=0.000 flat=0.020 lumaP50=74 colors=2873 draws=250 world=82 bsp=0 materials=29 noProgram=0 -> PASS
[info ] VISUALCHECK frame 13080 path=original black=0.000 flat=0.021 lumaP50=73 colors=2763 draws=241 world=82 bsp=0 materials=29 noProgram=0 -> PASS
[info ] FLOW scene.view camera=CameraActor_6585 matinee=Primary Camera playing=Fade In,Camera Orbiter,Primary Camera,2nd QTR,3rd QTR,Plane Fly By,1st QTR pos=-7371.139,-14899.336,248.448 rot=-0.615,69.875,0.330 fov=45.000 drawn=true
[info ] VISUALCHECK frame 13200 path=original black=0.000 flat=0.017 lumaP50=72 colors=2667 draws=233 world=82 bsp=0 materials=29 noProgram=0 -> PASS
[info ] VISUALCHECK frame 13320 path=original black=0.000 flat=0.018 lumaP50=72 colors=2756 draws=229 world=82 bsp=0 materials=29 noProgram=0 -> PASS
[info ] VISUALCHECK frame 13440 path=original black=0.000 flat=0.016 lumaP50=72 colors=2622 draws=225 world=82 bsp=0 materials=29 noProgram=0 -> PASS
[info ] VISUALCHECK frame 13560 path=original black=0.000 flat=0.018 lumaP50=72 colors=2642 draws=231 world=82 bsp=0 materials=29 noProgram=0 -> PASS
[info ] VISUALCHECK frame 13680 path=original black=0.000 flat=0.013 lumaP50=71 colors=2608 draws=232 world=82 bsp=0 materials=29 noProgram=0 -> PASS
[info ] FLOW scene.view camera=CameraActor_6585 matinee=Primary Camera playing=Fade In,Camera Orbiter,Primary Camera,2nd QTR,3rd QTR,Plane Fly By,1st QTR pos=-7843.780,-14655.679,258.753 rot=-0.615,68.042,0.330 fov=45.000 drawn=true
[info ] VISUALCHECK frame 13800 path=original black=0.000 flat=0.013 lumaP50=71 colors=2717 draws=230 world=82 bsp=0 materials=29 noProgram=0 -> PASS
[info ] VISUALCHECK frame 13920 path=original black=0.000 flat=0.013 lumaP50=72 colors=2847 draws=254 world=82 bsp=0 materials=29 noProgram=0 -> PASS
[info ] VISUALCHECK frame 14040 path=original black=0.000 flat=0.009 lumaP50=71 colors=2646 draws=253 world=82 bsp=0 materials=29 noProgram=0 -> PASS
[info ] VISUALCHECK frame 14160 path=original black=0.000 flat=0.008 lumaP50=71 colors=2646 draws=244 world=81 bsp=0 materials=28 noProgram=0 -> PASS
[info ] VISUALCHECK frame 14280 path=original black=0.000 flat=0.007 lumaP50=71 colors=2642 draws=238 world=81 bsp=0 materials=28 noProgram=0 -> PASS
[info ] FLOW scene.view camera=CameraActor_6585 matinee=Primary Camera playing=Fade In,Camera Orbiter,Primary Camera,2nd QTR,3rd QTR,Plane Fly By,1st QTR pos=-8308.162,-14397.327,268.770 rot=-0.615,66.211,0.330 fov=45.000 drawn=true
[info ] VISUALCHECK frame 14400 path=original black=0.000 flat=0.008 lumaP50=70 colors=2610 draws=231 world=81 bsp=0 materials=28 noProgram=0 -> PASS
[info ] VISUALCHECK frame 14520 path=original black=0.000 flat=0.007 lumaP50=70 colors=2654 draws=232 world=81 bsp=0 materials=28 noProgram=0 -> PASS
[info ] VISUALCHECK frame 14640 path=original black=0.000 flat=0.007 lumaP50=70 colors=2671 draws=228 world=81 bsp=0 materials=28 noProgram=0 -> PASS
[info ] VISUALCHECK frame 14760 path=original black=0.000 flat=0.006 lumaP50=69 colors=2637 draws=231 world=81 bsp=0 materials=28 noProgram=0 -> PASS
[info ] VISUALCHECK frame 14880 path=original black=0.000 flat=0.006 lumaP50=69 colors=2737 draws=226 world=81 bsp=0 materials=28 noProgram=0 -> PASS
[info ] VISUALCHECK frame 15000 path=original black=0.000 flat=0.007 lumaP50=69 colors=2665 draws=223 world=81 bsp=0 materials=28 noProgram=0 -> PASS
[info ] FLOW scene.view camera=CameraActor_6585 matinee=Primary Camera playing=Fade In,Camera Orbiter,Primary Camera,2nd QTR,3rd QTR,Plane Fly By,1st QTR pos=-8763.662,-14124.907,276.453 rot=-0.615,64.382,0.330 fov=45.000 drawn=true
[info ] VISUALCHECK frame 15120 path=original black=0.000 flat=0.007 lumaP50=69 colors=2645 draws=224 world=81 bsp=0 materials=28 noProgram=0 -> PASS
[info ] VISUALCHECK frame 15240 path=original black=0.000 flat=0.006 lumaP50=69 colors=2596 draws=219 world=81 bsp=0 materials=28 noProgram=0 -> PASS
[info ] VISUALCHECK frame 15360 path=original black=0.000 flat=0.007 lumaP50=68 colors=2608 draws=220 world=81 bsp=0 materials=28 noProgram=0 -> PASS
[info ] VISUALCHECK frame 15480 path=original black=0.000 flat=0.006 lumaP50=68 colors=2599 draws=244 world=81 bsp=0 materials=28 noProgram=0 -> PASS
[info ] VISUALCHECK frame 15600 path=original black=0.000 flat=0.007 lumaP50=68 colors=2480 draws=240 world=81 bsp=0 materials=28 noProgram=0 -> PASS
[info ] VISUALCHECK frame 15720 path=original black=0.000 flat=0.008 lumaP50=68 colors=2508 draws=237 world=81 bsp=0 materials=28 noProgram=0 -> PASS
[info ] FLOW scene.view camera=CameraActor_6585 matinee=Primary Camera playing=Fade In,Camera Orbiter,Primary Camera,2nd QTR,3rd QTR,Plane Fly By,1st QTR pos=-9210.763,-13838.375,279.775 rot=-0.615,62.551,0.330 fov=45.000 drawn=true
[info ] VISUALCHECK frame 15840 path=original black=0.000 flat=0.006 lumaP50=69 colors=2606 draws=243 world=81 bsp=0 materials=28 noProgram=0 -> PASS
[info ] VISUALCHECK frame 15960 path=original black=0.000 flat=0.006 lumaP50=68 colors=2535 draws=246 world=81 bsp=0 materials=28 noProgram=0 -> PASS
[info ] VISUALCHECK frame 16080 path=original black=0.000 flat=0.008 lumaP50=68 colors=2583 draws=238 world=81 bsp=0 materials=28 noProgram=0 -> PASS
[info ] VISUALCHECK frame 16200 path=original black=0.000 flat=0.005 lumaP50=68 colors=2603 draws=234 world=81 bsp=0 materials=28 noProgram=0 -> PASS
[info ] VISUALCHECK frame 16320 path=original black=0.000 flat=0.007 lumaP50=68 colors=2520 draws=230 world=81 bsp=0 materials=28 noProgram=0 -> PASS
[info ] VISUALCHECK frame 16440 path=original black=0.000 flat=0.007 lumaP50=68 colors=2550 draws=229 world=81 bsp=0 materials=28 noProgram=0 -> PASS
[info ] VISUALCHECK frame 16560 path=original black=0.000 flat=0.007 lumaP50=68 colors=2520 draws=224 world=81 bsp=0 materials=28 noProgram=0 -> PASS
[info ] FLOW scene.view camera=CameraActor_6585 matinee=Primary Camera playing=Fade In,Camera Orbiter,Primary Camera,2nd QTR,3rd QTR,Plane Fly By,1st QTR pos=-9648.175,-13538.064,266.657 rot=-0.615,60.722,0.330 fov=45.000 drawn=true
[info ] VISUALCHECK frame 16680 path=original black=0.000 flat=0.007 lumaP50=67 colors=2551 draws=222 world=81 bsp=0 materials=28 noProgram=0 -> PASS
[info ] VISUALCHECK frame 16800 path=original black=0.000 flat=0.007 lumaP50=67 colors=2464 draws=224 world=82 bsp=0 materials=28 noProgram=0 -> PASS
[info ] VISUALCHECK frame 16920 path=original black=0.000 flat=0.008 lumaP50=67 colors=2515 draws=219 world=82 bsp=0 materials=28 noProgram=0 -> PASS
[info ] VISUALCHECK frame 17040 path=original black=0.000 flat=0.007 lumaP50=67 colors=2538 draws=217 world=82 bsp=0 materials=28 noProgram=0 -> PASS
[info ] VISUALCHECK frame 17160 path=original black=0.000 flat=0.009 lumaP50=66 colors=2500 draws=228 world=82 bsp=0 materials=28 noProgram=0 -> PASS
[info ] VISUALCHECK frame 17280 path=original black=0.000 flat=0.010 lumaP50=68 colors=2552 draws=263 world=82 bsp=0 materials=29 noProgram=0 -> PASS
[info ] FLOW scene.view camera=CameraActor_6585 matinee=Primary Camera playing=Fade In,Camera Orbiter,Primary Camera,2nd QTR,3rd QTR,Plane Fly By,1st QTR pos=-10075.898,-13223.403,234.940 rot=-0.615,58.891,0.330 fov=45.000 drawn=true
[info ] VISUALCHECK frame 17400 path=original black=0.000 flat=0.011 lumaP50=68 colors=2522 draws=255 world=82 bsp=0 materials=28 noProgram=0 -> PASS
[info ] VISUALCHECK frame 17520 path=original black=0.000 flat=0.010 lumaP50=68 colors=2871 draws=274 world=82 bsp=0 materials=29 noProgram=0 -> PASS
[info ] VISUALCHECK frame 17640 path=original black=0.000 flat=0.009 lumaP50=69 colors=2869 draws=270 world=82 bsp=0 materials=29 noProgram=0 -> PASS
[info ] VISUALCHECK frame 17760 path=original black=0.000 flat=0.010 lumaP50=68 colors=2865 draws=268 world=82 bsp=0 materials=29 noProgram=0 -> PASS
[info ] VISUALCHECK frame 17880 path=original black=0.000 flat=0.009 lumaP50=68 colors=2845 draws=265 world=82 bsp=0 materials=29 noProgram=0 -> PASS
[info ] FLOW scene.view camera=CameraActor_6585 matinee=Primary Camera playing=Fade In,Camera Orbiter,Primary Camera,2nd QTR,3rd QTR,Plane Fly By,1st QTR pos=-10493.354,-12894.888,196.649 rot=-0.615,57.059,0.330 fov=45.000 drawn=true
[info ] VISUALCHECK frame 18000 path=original black=0.000 flat=0.011 lumaP50=67 colors=2774 draws=259 world=82 bsp=0 materials=29 noProgram=0 -> PASS
[info ] VISUALCHECK frame 18120 path=original black=0.000 flat=0.010 lumaP50=67 colors=2726 draws=267 world=82 bsp=0 materials=29 noProgram=0 -> PASS
[info ] VISUALCHECK frame 18240 path=original black=0.000 flat=0.013 lumaP50=67 colors=2634 draws=259 world=82 bsp=0 materials=29 noProgram=0 -> PASS
[info ] VISUALCHECK frame 18360 path=original black=0.000 flat=0.012 lumaP50=67 colors=2994 draws=253 world=82 bsp=0 materials=29 noProgram=0 -> PASS
[info ] VISUALCHECK frame 18480 path=original black=0.000 flat=0.014 lumaP50=66 colors=2944 draws=248 world=82 bsp=0 materials=29 noProgram=0 -> PASS
[info ] VISUALCHECK frame 18600 path=original black=0.000 flat=0.017 lumaP50=66 colors=2961 draws=256 world=82 bsp=0 materials=29 noProgram=0 -> PASS
[info ] FLOW scene.view camera=CameraActor_6585 matinee=Primary Camera playing=Fade In,Camera Orbiter,Primary Camera,2nd QTR,3rd QTR,Plane Fly By,1st QTR pos=-10900.163,-12552.899,163.835 rot=-0.615,55.227,0.330 fov=45.000 drawn=true
[info ] VISUALCHECK frame 18720 path=original black=0.000 flat=0.018 lumaP50=65 colors=2519 draws=250 world=82 bsp=0 materials=29 noProgram=0 -> PASS
[info ] VISUALCHECK frame 18840 path=original black=0.000 flat=0.018 lumaP50=65 colors=2398 draws=250 world=82 bsp=0 materials=29 noProgram=0 -> PASS
[info ] VISUALCHECK frame 18960 path=original black=0.000 flat=0.019 lumaP50=65 colors=2405 draws=248 world=82 bsp=0 materials=29 noProgram=0 -> PASS
[info ] VISUALCHECK frame 19080 path=original black=0.000 flat=0.022 lumaP50=65 colors=2526 draws=261 world=82 bsp=0 materials=29 noProgram=0 -> PASS
[info ] VISUALCHECK frame 19200 path=original black=0.000 flat=0.022 lumaP50=65 colors=2420 draws=262 world=82 bsp=0 materials=29 noProgram=0 -> PASS
[info ] VISUALCHECK frame 19320 path=original black=0.000 flat=0.024 lumaP50=66 colors=2421 draws=263 world=82 bsp=0 materials=29 noProgram=0 -> PASS
[info ] VISUALCHECK frame 19440 path=original black=0.000 flat=0.023 lumaP50=65 colors=2432 draws=261 world=82 bsp=0 materials=29 noProgram=0 -> PASS
[info ] FLOW scene.view camera=CameraActor_6585 matinee=Primary Camera playing=Fade In,Camera Orbiter,Primary Camera,2nd QTR,3rd QTR,Plane Fly By,1st QTR pos=-11295.347,-12198.391,148.580 rot=-0.615,53.397,0.330 fov=45.000 drawn=true
[info ] VISUALCHECK frame 19560 path=original black=0.000 flat=0.024 lumaP50=65 colors=2359 draws=259 world=82 bsp=0 materials=29 noProgram=0 -> PASS
[info ] VISUALCHECK frame 19680 path=original black=0.000 flat=0.026 lumaP50=65 colors=2438 draws=261 world=82 bsp=0 materials=29 noProgram=0 -> PASS
[info ] VISUALCHECK frame 19800 path=original black=0.000 flat=0.027 lumaP50=64 colors=2428 draws=254 world=82 bsp=0 materials=29 noProgram=0 -> PASS
[info ] VISUALCHECK frame 19920 path=original black=0.000 flat=0.027 lumaP50=65 colors=2427 draws=257 world=82 bsp=0 materials=29 noProgram=0 -> PASS
[info ] VISUALCHECK frame 20040 path=original black=0.000 flat=0.028 lumaP50=64 colors=2331 draws=248 world=82 bsp=0 materials=29 noProgram=0 -> PASS
[info ] FLOW scene.view camera=CameraActor_6585 matinee=Primary Camera playing=Fade In,Camera Orbiter,Primary Camera,2nd QTR,3rd QTR,Plane Fly By,1st QTR pos=-11679.000,-11831.629,156.820 rot=-0.615,51.567,0.330 fov=45.000 drawn=true
[info ] VISUALCHECK frame 20160 path=original black=0.000 flat=0.031 lumaP50=64 colors=2317 draws=243 world=82 bsp=0 materials=29 noProgram=0 -> PASS
[info ] VISUALCHECK frame 20280 path=original black=0.000 flat=0.032 lumaP50=65 colors=2343 draws=257 world=82 bsp=0 materials=29 noProgram=0 -> PASS
[info ] VISUALCHECK frame 20400 path=original black=0.000 flat=0.034 lumaP50=65 colors=2328 draws=255 world=82 bsp=0 materials=29 noProgram=0 -> PASS
[info ] VISUALCHECK frame 20520 path=original black=0.000 flat=0.036 lumaP50=64 colors=2294 draws=254 world=82 bsp=0 materials=29 noProgram=0 -> PASS
[info ] VISUALCHECK frame 20640 path=original black=0.000 flat=0.037 lumaP50=64 colors=2437 draws=260 world=82 bsp=0 materials=29 noProgram=0 -> PASS
[info ] VISUALCHECK frame 20760 path=original black=0.000 flat=0.037 lumaP50=65 colors=2482 draws=264 world=82 bsp=0 materials=29 noProgram=0 -> PASS
[info ] FLOW scene.view camera=CameraActor_6585 matinee=Primary Camera playing=Fade In,Camera Orbiter,Primary Camera,2nd QTR,3rd QTR,Plane Fly By,1st QTR pos=-12051.463,-11452.279,181.004 rot=-0.615,49.736,0.330 fov=45.000 drawn=true
[info ] VISUALCHECK frame 20880 path=original black=0.000 flat=0.040 lumaP50=65 colors=2357 draws=269 world=82 bsp=0 materials=29 noProgram=0 -> PASS
[info ] VISUALCHECK frame 21000 path=original black=0.000 flat=0.039 lumaP50=65 colors=2544 draws=263 world=82 bsp=0 materials=29 noProgram=0 -> PASS
[info ] VISUALCHECK frame 21120 path=original black=0.000 flat=0.040 lumaP50=65 colors=2604 draws=259 world=82 bsp=0 materials=29 noProgram=0 -> PASS
[info ] VISUALCHECK frame 21240 path=original black=0.000 flat=0.041 lumaP50=65 colors=2565 draws=269 world=82 bsp=0 materials=29 noProgram=0 -> PASS
[info ] VISUALCHECK frame 21360 path=original black=0.000 flat=0.043 lumaP50=65 colors=2737 draws=283 world=82 bsp=0 materials=29 noProgram=0 -> PASS
[info ] VISUALCHECK frame 21480 path=original black=0.000 flat=0.045 lumaP50=65 colors=2661 draws=280 world=82 bsp=0 materials=29 noProgram=0 -> PASS
[info ] FLOW scene.view camera=CameraActor_6585 matinee=Primary Camera playing=Fade In,Camera Orbiter,Primary Camera,2nd QTR,3rd QTR,Plane Fly By,1st QTR pos=-12411.534,-11061.200,212.854 rot=-0.615,47.904,0.330 fov=45.000 drawn=true
[info ] VISUALCHECK frame 21600 path=original black=0.000 flat=0.045 lumaP50=64 colors=2546 draws=282 world=83 bsp=0 materials=29 noProgram=0 -> PASS
[info ] VISUALCHECK frame 21720 path=original black=0.000 flat=0.043 lumaP50=65 colors=2671 draws=280 world=83 bsp=0 materials=29 noProgram=0 -> PASS
[info ] VISUALCHECK frame 21840 path=original black=0.000 flat=0.046 lumaP50=65 colors=2624 draws=272 world=83 bsp=0 materials=29 noProgram=0 -> PASS
[info ] VISUALCHECK frame 21960 path=original black=0.000 flat=0.045 lumaP50=65 colors=2423 draws=270 world=83 bsp=0 materials=29 noProgram=0 -> PASS
[info ] FLOW scene.view camera=CameraActor_6585 matinee=Primary Camera playing=Fade In,Camera Orbiter,Primary Camera,2nd QTR,3rd QTR,Plane Fly By,1st QTR pos=-12758.321,-10659.092,244.070 rot=-0.615,46.075,0.330 fov=45.000 drawn=true
[info ] VISUALCHECK frame 22080 path=original black=0.000 flat=0.048 lumaP50=65 colors=2536 draws=260 world=83 bsp=0 materials=29 noProgram=0 -> PASS
[info ] VISUALCHECK frame 22200 path=original black=0.000 flat=0.048 lumaP50=65 colors=2403 draws=265 world=83 bsp=0 materials=29 noProgram=0 -> PASS
[info ] VISUALCHECK frame 22320 path=original black=0.000 flat=0.049 lumaP50=65 colors=2383 draws=258 world=82 bsp=0 materials=28 noProgram=0 -> PASS
[info ] VISUALCHECK frame 22440 path=original black=0.000 flat=0.047 lumaP50=65 colors=2344 draws=257 world=82 bsp=0 materials=28 noProgram=0 -> PASS
[info ] VISUALCHECK frame 22560 path=original black=0.000 flat=0.053 lumaP50=65 colors=2443 draws=274 world=82 bsp=0 materials=28 noProgram=0 -> PASS
[info ] VISUALCHECK frame 22680 path=original black=0.000 flat=0.050 lumaP50=65 colors=2404 draws=269 world=82 bsp=0 materials=28 noProgram=0 -> PASS
[info ] FLOW scene.view camera=CameraActor_6585 matinee=Primary Camera playing=Fade In,Camera Orbiter,Primary Camera,2nd QTR,3rd QTR,Plane Fly By,1st QTR pos=-13092.437,-10244.869,266.479 rot=-0.615,44.241,0.330 fov=45.000 drawn=true
[info ] VISUALCHECK frame 22800 path=original black=0.000 flat=0.051 lumaP50=65 colors=2418 draws=263 world=82 bsp=0 materials=28 noProgram=0 -> PASS
[info ] VISUALCHECK frame 22920 path=original black=0.000 flat=0.051 lumaP50=65 colors=2419 draws=261 world=82 bsp=0 materials=28 noProgram=0 -> PASS
[info ] VISUALCHECK frame 23040 path=original black=0.000 flat=0.051 lumaP50=65 colors=2404 draws=254 world=82 bsp=0 materials=28 noProgram=0 -> PASS
[info ] VISUALCHECK frame 23160 path=original black=0.000 flat=0.052 lumaP50=65 colors=2390 draws=250 world=82 bsp=0 materials=28 noProgram=0 -> PASS
[info ] VISUALCHECK frame 23280 path=original black=0.000 flat=0.053 lumaP50=65 colors=2405 draws=262 world=82 bsp=0 materials=28 noProgram=0 -> PASS
[info ] VISUALCHECK frame 23400 path=original black=0.000 flat=0.054 lumaP50=65 colors=2430 draws=263 world=82 bsp=0 materials=28 noProgram=0 -> PASS
[info ] VISUALCHECK frame 23520 path=original black=0.000 flat=0.054 lumaP50=65 colors=2428 draws=263 world=82 bsp=0 materials=28 noProgram=0 -> PASS
[info ] FLOW scene.view camera=CameraActor_6585 matinee=Primary Camera playing=Fade In,Camera Orbiter,Primary Camera,2nd QTR,3rd QTR,Plane Fly By,1st QTR pos=-13411.971,-9820.653,271.151 rot=-0.615,42.411,0.330 fov=45.000 drawn=true
[info ] VISUALCHECK frame 23640 path=original black=0.000 flat=0.052 lumaP50=65 colors=2553 draws=267 world=82 bsp=0 materials=28 noProgram=0 -> PASS
[info ] VISUALCHECK frame 23760 path=original black=0.000 flat=0.059 lumaP50=65 colors=2445 draws=259 world=82 bsp=0 materials=28 noProgram=0 -> PASS
[info ] VISUALCHECK frame 23880 path=original black=0.000 flat=0.058 lumaP50=65 colors=2676 draws=258 world=82 bsp=0 materials=28 noProgram=0 -> PASS
[info ] VISUALCHECK frame 24000 path=original black=0.000 flat=0.060 lumaP50=65 colors=2570 draws=255 world=82 bsp=0 materials=28 noProgram=0 -> PASS
[info ] VISUALCHECK frame 24120 path=original black=0.000 flat=0.062 lumaP50=65 colors=2482 draws=248 world=82 bsp=0 materials=28 noProgram=0 -> PASS
[info ] FLOW scene.view camera=CameraActor_6585 matinee=Primary Camera playing=Fade In,Camera Orbiter,Primary Camera,2nd QTR,3rd QTR,Plane Fly By,1st QTR pos=-13718.623,-9386.790,239.966 rot=-0.615,40.579,0.330 fov=45.000 drawn=true
[info ] VISUALCHECK frame 24240 path=original black=0.000 flat=0.065 lumaP50=64 colors=2498 draws=274 world=82 bsp=0 materials=28 noProgram=0 -> PASS
[info ] VISUALCHECK frame 24360 path=original black=0.000 flat=0.068 lumaP50=64 colors=2446 draws=258 world=81 bsp=0 materials=28 noProgram=0 -> PASS
[info ] VISUALCHECK frame 24480 path=original black=0.000 flat=0.068 lumaP50=64 colors=2418 draws=255 world=81 bsp=0 materials=28 noProgram=0 -> PASS
[info ] VISUALCHECK frame 24600 path=original black=0.000 flat=0.071 lumaP50=64 colors=2487 draws=254 world=81 bsp=0 materials=28 noProgram=0 -> PASS
[info ] FLOW scene.view camera=CameraActor_6585 matinee=Primary Camera playing=Fade In,Camera Orbiter,Primary Camera,2nd QTR,3rd QTR,Plane Fly By,1st QTR pos=-14011.938,-8944.371,181.479 rot=-0.615,38.748,0.330 fov=45.000 drawn=true
[info ] VISUALCHECK frame 24720 path=original black=0.000 flat=0.076 lumaP50=64 colors=2461 draws=257 world=81 bsp=0 materials=28 noProgram=0 -> PASS
[info ] VISUALCHECK frame 24840 path=original black=0.000 flat=0.077 lumaP50=63 colors=2483 draws=247 world=81 bsp=0 materials=28 noProgram=0 -> PASS
[info ] VISUALCHECK frame 24960 path=original black=0.000 flat=0.083 lumaP50=63 colors=2522 draws=257 world=81 bsp=0 materials=28 noProgram=0 -> PASS
[info ] VISUALCHECK frame 25080 path=original black=0.000 flat=0.082 lumaP50=63 colors=2398 draws=257 world=81 bsp=0 materials=28 noProgram=0 -> PASS
[info ] FLOW scene.view camera=CameraActor_6585 matinee=Primary Camera playing=Fade In,Camera Orbiter,Primary Camera,2nd QTR,3rd QTR,Plane Fly By,1st QTR pos=-14291.167,-8493.424,114.731 rot=-0.615,36.918,0.330 fov=45.000 drawn=true
[info ] VISUALCHECK frame 25200 path=original black=0.000 flat=0.087 lumaP50=63 colors=2569 draws=248 world=81 bsp=0 materials=28 noProgram=0 -> PASS
[info ] VISUALCHECK frame 25320 path=original black=0.000 flat=0.082 lumaP50=63 colors=2497 draws=254 world=81 bsp=0 materials=28 noProgram=0 -> PASS
[info ] VISUALCHECK frame 25440 path=original black=0.000 flat=0.079 lumaP50=63 colors=2535 draws=265 world=80 bsp=0 materials=27 noProgram=0 -> PASS
[info ] VISUALCHECK frame 25560 path=original black=0.000 flat=0.089 lumaP50=62 colors=2351 draws=246 world=80 bsp=0 materials=27 noProgram=0 -> PASS
[info ] FLOW scene.view camera=CameraActor_6585 matinee=Primary Camera playing=Fade In,Camera Orbiter,Primary Camera,2nd QTR,3rd QTR,Plane Fly By,1st QTR pos=-14556.896,-8031.579,58.463 rot=-0.615,35.080,0.330 fov=45.000 drawn=true
[info ] VISUALCHECK frame 25680 path=original black=0.000 flat=0.090 lumaP50=62 colors=2401 draws=261 world=80 bsp=0 materials=27 noProgram=0 -> PASS
[info ] VISUALCHECK frame 25800 path=original black=0.000 flat=0.090 lumaP50=62 colors=2452 draws=258 world=80 bsp=0 materials=27 noProgram=0 -> PASS
[info ] VISUALCHECK frame 25920 path=original black=0.000 flat=0.090 lumaP50=62 colors=2508 draws=258 world=80 bsp=0 materials=27 noProgram=0 -> PASS
[info ] VISUALCHECK frame 26040 path=original black=0.000 flat=0.093 lumaP50=62 colors=2660 draws=259 world=80 bsp=0 materials=27 noProgram=0 -> PASS
[info ] FLOW scene.view camera=CameraActor_6585 matinee=Primary Camera playing=Fade In,Camera Orbiter,Primary Camera,2nd QTR,3rd QTR,Plane Fly By,1st QTR pos=-14806.802,-7561.352,32.180 rot=-0.615,33.245,0.330 fov=45.000 drawn=true
[info ] VISUALCHECK frame 26160 path=original black=0.000 flat=0.097 lumaP50=62 colors=2589 draws=264 world=80 bsp=0 materials=27 noProgram=0 -> PASS
[info ] VISUALCHECK frame 26280 path=original black=0.000 flat=0.101 lumaP50=61 colors=2456 draws=259 world=80 bsp=0 materials=27 noProgram=0 -> PASS
[info ] VISUALCHECK frame 26400 path=original black=0.000 flat=0.101 lumaP50=62 colors=2651 draws=281 world=80 bsp=0 materials=27 noProgram=0 -> PASS
[info ] VISUALCHECK frame 26520 path=original black=0.000 flat=0.105 lumaP50=62 colors=2492 draws=277 world=80 bsp=0 materials=27 noProgram=0 -> PASS
[info ] VISUALCHECK frame 26640 path=original black=0.000 flat=0.098 lumaP50=61 colors=2464 draws=269 world=80 bsp=0 materials=27 noProgram=0 -> PASS
[info ] FLOW scene.view camera=CameraActor_6585 matinee=Primary Camera playing=Fade In,Camera Orbiter,Primary Camera,2nd QTR,3rd QTR,Plane Fly By,1st QTR pos=-15041.244,-7081.450,44.497 rot=-0.615,31.404,0.330 fov=45.000 drawn=true
[info ] VISUALCHECK frame 26760 path=original black=0.000 flat=0.106 lumaP50=61 colors=2430 draws=262 world=80 bsp=0 materials=27 noProgram=0 -> PASS
[info ] VISUALCHECK frame 26880 path=original black=0.000 flat=0.102 lumaP50=61 colors=2490 draws=263 world=80 bsp=0 materials=27 noProgram=0 -> PASS
[info ] VISUALCHECK frame 27000 path=original black=0.000 flat=0.106 lumaP50=61 colors=2341 draws=258 world=80 bsp=0 materials=27 noProgram=0 -> PASS
[info ] VISUALCHECK frame 27120 path=original black=0.000 flat=0.106 lumaP50=61 colors=2491 draws=248 world=80 bsp=0 materials=27 noProgram=0 -> PASS
[info ] VISUALCHECK frame 27240 path=original black=0.000 flat=0.099 lumaP50=61 colors=2911 draws=257 world=80 bsp=0 materials=27 noProgram=0 -> PASS
[info ] FLOW scene.view camera=CameraActor_6585 matinee=Primary Camera playing=Fade In,Camera Orbiter,Primary Camera,2nd QTR,3rd QTR,Plane Fly By,1st QTR pos=-15259.376,-6597.004,60.323 rot=-0.615,29.574,0.330 fov=45.000 drawn=true
[info ] VISUALCHECK frame 27360 path=original black=0.000 flat=0.109 lumaP50=60 colors=2461 draws=256 world=80 bsp=0 materials=27 noProgram=0 -> PASS
[info ] VISUALCHECK frame 27480 path=original black=0.000 flat=0.109 lumaP50=60 colors=2781 draws=258 world=80 bsp=0 materials=27 noProgram=0 -> PASS
[info ] VISUALCHECK frame 27600 path=original black=0.000 flat=0.111 lumaP50=60 colors=2341 draws=255 world=80 bsp=0 materials=27 noProgram=0 -> PASS
[info ] VISUALCHECK frame 27720 path=original black=0.000 flat=0.111 lumaP50=60 colors=2409 draws=251 world=80 bsp=0 materials=27 noProgram=0 -> PASS
[info ] VISUALCHECK frame 27840 path=original black=0.000 flat=0.112 lumaP50=60 colors=2288 draws=250 world=80 bsp=0 materials=27 noProgram=0 -> PASS
[info ] VISUALCHECK frame 27960 path=original black=0.000 flat=0.106 lumaP50=60 colors=2270 draws=246 world=80 bsp=0 materials=27 noProgram=0 -> PASS
[info ] FLOW scene.view camera=CameraActor_6585 matinee=Primary Camera playing=Fade In,Camera Orbiter,Primary Camera,2nd QTR,3rd QTR,Plane Fly By,1st QTR pos=-15462.295,-6105.975,74.981 rot=-0.615,27.743,0.330 fov=45.000 drawn=true
[info ] VISUALCHECK frame 28080 path=original black=0.000 flat=0.108 lumaP50=60 colors=2221 draws=238 world=80 bsp=0 materials=27 noProgram=0 -> PASS
[info ] VISUALCHECK frame 28200 path=original black=0.000 flat=0.110 lumaP50=60 colors=2240 draws=244 world=80 bsp=0 materials=27 noProgram=0 -> PASS
[info ] VISUALCHECK frame 28320 path=original black=0.000 flat=0.112 lumaP50=60 colors=2488 draws=263 world=80 bsp=0 materials=27 noProgram=0 -> PASS
[info ] VISUALCHECK frame 28440 path=original black=0.000 flat=0.110 lumaP50=59 colors=2328 draws=263 world=81 bsp=0 materials=27 noProgram=0 -> PASS
[info ] VISUALCHECK frame 28560 path=original black=0.000 flat=0.109 lumaP50=59 colors=2327 draws=266 world=81 bsp=0 materials=27 noProgram=0 -> PASS
[info ] VISUALCHECK frame 28680 path=original black=0.000 flat=0.109 lumaP50=59 colors=2365 draws=266 world=81 bsp=0 materials=27 noProgram=0 -> PASS
[info ] VISUALCHECK frame 28800 path=original black=0.000 flat=0.109 lumaP50=59 colors=2337 draws=257 world=81 bsp=0 materials=27 noProgram=0 -> PASS
[info ] FLOW scene.view camera=CameraActor_6585 matinee=Primary Camera playing=Fade In,Camera Orbiter,Primary Camera,2nd QTR,3rd QTR,Plane Fly By,1st QTR pos=-15649.538,-5609.079,88.576 rot=-0.615,25.913,0.330 fov=45.000 drawn=true
[info ] VISUALCHECK frame 28920 path=original black=0.000 flat=0.111 lumaP50=59 colors=2397 draws=256 world=81 bsp=0 materials=27 noProgram=0 -> PASS
[info ] VISUALCHECK frame 29040 path=original black=0.000 flat=0.110 lumaP50=58 colors=2359 draws=253 world=81 bsp=0 materials=27 noProgram=0 -> PASS
[info ] VISUALCHECK frame 29160 path=original black=0.000 flat=0.111 lumaP50=58 colors=2351 draws=248 world=81 bsp=0 materials=27 noProgram=0 -> PASS
[info ] VISUALCHECK frame 29280 path=original black=0.000 flat=0.109 lumaP50=58 colors=2344 draws=250 world=81 bsp=0 materials=27 noProgram=0 -> PASS
[info ] VISUALCHECK frame 29400 path=original black=0.000 flat=0.104 lumaP50=58 colors=2369 draws=252 world=81 bsp=0 materials=27 noProgram=0 -> PASS
[info ] VISUALCHECK frame 29520 path=original black=0.000 flat=0.104 lumaP50=58 colors=2364 draws=248 world=81 bsp=0 materials=27 noProgram=0 -> PASS
[info ] FLOW scene.view camera=CameraActor_6585 matinee=Primary Camera playing=Fade In,Camera Orbiter,Primary Camera,2nd QTR,3rd QTR,Plane Fly By,1st QTR pos=-15820.827,-5106.624,101.223 rot=-0.615,24.083,0.330 fov=45.000 drawn=true
[info ] VISUALCHECK frame 29640 path=original black=0.000 flat=0.106 lumaP50=57 colors=2428 draws=253 world=81 bsp=0 materials=27 noProgram=0 -> PASS
[info ] VISUALCHECK frame 29760 path=original black=0.000 flat=0.106 lumaP50=57 colors=2521 draws=255 world=81 bsp=0 materials=28 noProgram=0 -> PASS
[info ] VISUALCHECK frame 29880 path=original black=0.000 flat=0.111 lumaP50=56 colors=2432 draws=249 world=81 bsp=0 materials=28 noProgram=0 -> PASS
[info ] VISUALCHECK frame 30000 path=original black=0.000 flat=0.114 lumaP50=56 colors=2502 draws=248 world=81 bsp=0 materials=28 noProgram=0 -> PASS
[info ] VISUALCHECK frame 30120 path=original black=0.000 flat=0.114 lumaP50=56 colors=2470 draws=250 world=81 bsp=0 materials=28 noProgram=0 -> PASS
[info ] VISUALCHECK frame 30240 path=original black=0.000 flat=0.114 lumaP50=55 colors=2396 draws=257 world=81 bsp=0 materials=28 noProgram=0 -> PASS
[info ] VISUALCHECK frame 30360 path=original black=0.000 flat=0.110 lumaP50=55 colors=2472 draws=270 world=81 bsp=0 materials=29 noProgram=0 -> PASS
[info ] FLOW scene.view camera=CameraActor_6585 matinee=Primary Camera playing=Fade In,Camera Orbiter,Primary Camera,2nd QTR,3rd QTR,Plane Fly By,1st QTR pos=-15976.713,-4596.041,113.105 rot=-0.615,22.244,0.330 fov=45.000 drawn=true
[info ] VISUALCHECK frame 30480 path=original black=0.000 flat=0.112 lumaP50=55 colors=2457 draws=267 world=81 bsp=0 materials=28 noProgram=0 -> PASS
[info ] VISUALCHECK frame 30600 path=original black=0.000 flat=0.112 lumaP50=54 colors=2390 draws=268 world=81 bsp=0 materials=28 noProgram=0 -> PASS
[info ] VISUALCHECK frame 30720 path=original black=0.000 flat=0.111 lumaP50=54 colors=2415 draws=274 world=81 bsp=0 materials=28 noProgram=0 -> PASS
[info ] VISUALCHECK frame 30840 path=original black=0.000 flat=0.105 lumaP50=55 colors=2592 draws=302 world=81 bsp=0 materials=28 noProgram=0 -> PASS
[info ] VISUALCHECK frame 30960 path=original black=0.000 flat=0.111 lumaP50=54 colors=4050 draws=318 world=81 bsp=0 materials=29 noProgram=0 -> PASS
[info ] FLOW scene.view camera=CameraActor_6585 matinee=Primary Camera playing=Fade In,Camera Orbiter,Primary Camera,2nd QTR,3rd QTR,Plane Fly By,1st QTR pos=-16115.766,-4080.976,124.254 rot=-0.615,20.405,0.330 fov=45.000 drawn=true
[info ] VISUALCHECK frame 31080 path=original black=0.000 flat=0.113 lumaP50=54 colors=4096 draws=326 world=81 bsp=0 materials=28 noProgram=0 -> PASS
[info ] VISUALCHECK frame 31200 path=original black=0.000 flat=0.115 lumaP50=53 colors=2625 draws=310 world=81 bsp=0 materials=28 noProgram=0 -> PASS
[info ] VISUALCHECK frame 31320 path=original black=0.000 flat=0.112 lumaP50=53 colors=3282 draws=306 world=82 bsp=0 materials=28 noProgram=0 -> PASS
[info ] VISUALCHECK frame 31440 path=original black=0.000 flat=0.118 lumaP50=52 colors=2976 draws=309 world=82 bsp=0 materials=28 noProgram=0 -> PASS
[info ] FLOW scene.view camera=CameraActor_6585 matinee=Primary Camera playing=Fade In,Camera Orbiter,Primary Camera,2nd QTR,3rd QTR,Plane Fly By,1st QTR pos=-16237.327,-3564.002,133.607 rot=-0.615,18.575,0.330 fov=45.000 drawn=true
[info ] VISUALCHECK frame 31560 path=original black=0.000 flat=0.117 lumaP50=52 colors=3464 draws=291 world=82 bsp=0 materials=28 noProgram=0 -> PASS
[info ] VISUALCHECK frame 31680 path=original black=0.000 flat=0.118 lumaP50=51 colors=2353 draws=293 world=82 bsp=0 materials=28 noProgram=0 -> PASS
[info ] VISUALCHECK frame 31800 path=original black=0.000 flat=0.121 lumaP50=50 colors=2410 draws=291 world=82 bsp=0 materials=28 noProgram=0 -> PASS
[info ] VISUALCHECK frame 31920 path=original black=0.000 flat=0.121 lumaP50=50 colors=2379 draws=291 world=82 bsp=0 materials=28 noProgram=0 -> PASS
[info ] VISUALCHECK frame 32040 path=original black=0.000 flat=0.124 lumaP50=49 colors=2377 draws=278 world=82 bsp=0 materials=28 noProgram=0 -> PASS
[info ] VISUALCHECK frame 32160 path=original black=0.000 flat=0.124 lumaP50=49 colors=2390 draws=260 world=82 bsp=0 materials=27 noProgram=0 -> PASS
[info ] FLOW scene.view camera=CameraActor_6585 matinee=Primary Camera playing=Fade In,Camera Orbiter,Primary Camera,2nd QTR,3rd QTR,Plane Fly By,1st QTR pos=-16342.632,-3043.402,128.346 rot=-0.615,16.744,0.330 fov=45.000 drawn=true
[info ] VISUALCHECK frame 32280 path=original black=0.000 flat=0.124 lumaP50=49 colors=2388 draws=239 world=82 bsp=0 materials=27 noProgram=0 -> PASS
[info ] VISUALCHECK frame 32400 path=original black=0.000 flat=0.127 lumaP50=49 colors=2276 draws=228 world=82 bsp=0 materials=27 noProgram=0 -> PASS
[info ] VISUALCHECK frame 32520 path=original black=0.000 flat=0.123 lumaP50=49 colors=2361 draws=224 world=82 bsp=0 materials=27 noProgram=0 -> PASS
[info ] VISUALCHECK frame 32640 path=original black=0.000 flat=0.123 lumaP50=48 colors=2337 draws=221 world=82 bsp=0 materials=27 noProgram=0 -> PASS
[info ] VISUALCHECK frame 32760 path=original black=0.000 flat=0.122 lumaP50=48 colors=2358 draws=230 world=82 bsp=0 materials=27 noProgram=0 -> PASS
[info ] VISUALCHECK frame 32880 path=original black=0.000 flat=0.125 lumaP50=48 colors=2397 draws=228 world=82 bsp=0 materials=27 noProgram=0 -> PASS
[info ] VISUALCHECK frame 33000 path=original black=0.000 flat=0.126 lumaP50=47 colors=2408 draws=225 world=82 bsp=0 materials=27 noProgram=0 -> PASS
[info ] FLOW scene.view camera=CameraActor_6585 matinee=Primary Camera playing=Fade In,Camera Orbiter,Primary Camera,2nd QTR,3rd QTR,Plane Fly By,1st QTR pos=-16431.618,-2520.126,107.495 rot=-0.615,14.914,0.330 fov=45.000 drawn=true
[info ] VISUALCHECK frame 33120 path=original black=0.000 flat=0.125 lumaP50=47 colors=2396 draws=235 world=82 bsp=0 materials=27 noProgram=0 -> PASS
[info ] VISUALCHECK frame 33240 path=original black=0.000 flat=0.125 lumaP50=47 colors=2542 draws=233 world=82 bsp=0 materials=27 noProgram=0 -> PASS
[info ] VISUALCHECK frame 33360 path=original black=0.000 flat=0.129 lumaP50=47 colors=2436 draws=227 world=82 bsp=0 materials=26 noProgram=0 -> PASS
[info ] VISUALCHECK frame 33480 path=original black=0.000 flat=0.130 lumaP50=46 colors=2297 draws=225 world=82 bsp=0 materials=26 noProgram=0 -> PASS
[info ] VISUALCHECK frame 33600 path=original black=0.000 flat=0.126 lumaP50=46 colors=2373 draws=218 world=82 bsp=0 materials=26 noProgram=0 -> PASS
[info ] VISUALCHECK frame 33720 path=original black=0.000 flat=0.130 lumaP50=45 colors=2463 draws=225 world=82 bsp=0 materials=26 noProgram=0 -> PASS
[info ] FLOW scene.view camera=CameraActor_6585 matinee=Primary Camera playing=Fade In,Camera Orbiter,Primary Camera,2nd QTR,3rd QTR,Plane Fly By,1st QTR pos=-16504.125,-1994.413,74.451 rot=-0.615,13.085,0.330 fov=45.000 drawn=true
[info ] VISUALCHECK frame 33840 path=original black=0.000 flat=0.131 lumaP50=45 colors=2486 draws=234 world=82 bsp=0 materials=26 noProgram=0 -> PASS
[info ] VISUALCHECK frame 33960 path=original black=0.000 flat=0.129 lumaP50=45 colors=2408 draws=235 world=82 bsp=0 materials=26 noProgram=0 -> PASS
[info ] VISUALCHECK frame 34080 path=original black=0.000 flat=0.135 lumaP50=45 colors=2457 draws=230 world=82 bsp=0 materials=26 noProgram=0 -> PASS
[info ] VISUALCHECK frame 34200 path=original black=0.000 flat=0.132 lumaP50=44 colors=2471 draws=232 world=82 bsp=0 materials=26 noProgram=0 -> PASS
[info ] VISUALCHECK frame 34320 path=original black=0.000 flat=0.140 lumaP50=43 colors=2396 draws=229 world=82 bsp=0 materials=26 noProgram=0 -> PASS
[info ] VISUALCHECK frame 34440 path=original black=0.000 flat=0.138 lumaP50=43 colors=2368 draws=222 world=82 bsp=0 materials=26 noProgram=0 -> PASS
[info ] FLOW scene.view camera=CameraActor_6585 matinee=Primary Camera playing=Fade In,Camera Orbiter,Primary Camera,2nd QTR,3rd QTR,Plane Fly By,1st QTR pos=-16559.939,-1466.932,32.626 rot=-0.615,11.255,0.330 fov=45.000 drawn=true
[info ] VISUALCHECK frame 34560 path=original black=0.000 flat=0.141 lumaP50=43 colors=2367 draws=226 world=82 bsp=0 materials=26 noProgram=0 -> PASS
[info ] VISUALCHECK frame 34680 path=original black=0.000 flat=0.146 lumaP50=42 colors=2298 draws=224 world=82 bsp=0 materials=26 noProgram=0 -> PASS
[info ] VISUALCHECK frame 34800 path=original black=0.000 flat=0.145 lumaP50=42 colors=2311 draws=216 world=82 bsp=0 materials=26 noProgram=0 -> PASS
[info ] VISUALCHECK frame 34920 path=original black=0.000 flat=0.144 lumaP50=42 colors=2359 draws=224 world=82 bsp=0 materials=26 noProgram=0 -> PASS
[info ] VISUALCHECK frame 35040 path=original black=0.000 flat=0.142 lumaP50=42 colors=2384 draws=231 world=82 bsp=0 materials=26 noProgram=0 -> PASS
[info ] VISUALCHECK frame 35160 path=original black=0.000 flat=0.138 lumaP50=42 colors=2382 draws=235 world=82 bsp=0 materials=26 noProgram=0 -> PASS
[info ] VISUALCHECK frame 35280 path=original black=0.000 flat=0.145 lumaP50=42 colors=2240 draws=228 world=82 bsp=0 materials=26 noProgram=0 -> PASS
[info ] FLOW scene.view camera=CameraActor_6585 matinee=Primary Camera playing=Fade In,Camera Orbiter,Primary Camera,2nd QTR,3rd QTR,Plane Fly By,1st QTR pos=-16598.954,-937.069,-14.681 rot=-0.615,9.423,0.330 fov=45.000 drawn=true
[info ] VISUALCHECK frame 35400 path=original black=0.000 flat=0.145 lumaP50=42 colors=2526 draws=234 world=82 bsp=0 materials=26 noProgram=0 -> PASS
[info ] VISUALCHECK frame 35520 path=original black=0.000 flat=0.150 lumaP50=41 colors=2351 draws=232 world=82 bsp=0 materials=26 noProgram=0 -> PASS
[info ] VISUALCHECK frame 35640 path=original black=0.000 flat=0.146 lumaP50=41 colors=2316 draws=228 world=82 bsp=0 materials=26 noProgram=0 -> PASS
[info ] VISUALCHECK frame 35760 path=original black=0.000 flat=0.143 lumaP50=41 colors=2335 draws=219 world=82 bsp=0 materials=26 noProgram=0 -> PASS
[info ] VISUALCHECK frame 35880 path=original black=0.000 flat=0.149 lumaP50=41 colors=2301 draws=219 world=82 bsp=0 materials=25 noProgram=0 -> PASS
[info ] VISUALCHECK frame 36000 path=original black=0.000 flat=0.153 lumaP50=41 colors=2217 draws=222 world=82 bsp=0 materials=26 noProgram=0 -> PASS
[info ] VISUALCHECK frame 36120 path=original black=0.000 flat=0.156 lumaP50=40 colors=2222 draws=217 world=82 bsp=0 materials=26 noProgram=0 -> PASS
[info ] FLOW scene.view camera=CameraActor_6585 matinee=Primary Camera playing=Fade In,Camera Orbiter,Primary Camera,2nd QTR,3rd QTR,Plane Fly By,1st QTR pos=-16620.868,-407.018,-63.922 rot=-0.615,7.594,0.330 fov=45.000 drawn=true
[info ] VISUALCHECK frame 36240 path=original black=0.000 flat=0.149 lumaP50=41 colors=2228 draws=213 world=82 bsp=0 materials=26 noProgram=0 -> PASS
[info ] VISUALCHECK frame 36360 path=original black=0.000 flat=0.157 lumaP50=40 colors=2207 draws=226 world=83 bsp=0 materials=27 noProgram=0 -> PASS
[info ] VISUALCHECK frame 36480 path=original black=0.000 flat=0.159 lumaP50=40 colors=2247 draws=226 world=83 bsp=0 materials=27 noProgram=0 -> PASS
[info ] VISUALCHECK frame 36600 path=original black=0.000 flat=0.158 lumaP50=40 colors=2263 draws=222 world=83 bsp=0 materials=27 noProgram=0 -> PASS
[info ] VISUALCHECK frame 36720 path=original black=0.000 flat=0.154 lumaP50=40 colors=2243 draws=222 world=83 bsp=0 materials=27 noProgram=0 -> PASS
[info ] VISUALCHECK frame 36840 path=original black=0.000 flat=0.157 lumaP50=40 colors=2385 draws=223 world=83 bsp=0 materials=27 noProgram=0 -> PASS
[info ] VISUALCHECK frame 36960 path=original black=0.000 flat=0.155 lumaP50=40 colors=2381 draws=229 world=83 bsp=0 materials=27 noProgram=0 -> PASS
[info ] VISUALCHECK frame 37080 path=original black=0.000 flat=0.152 lumaP50=40 colors=2333 draws=233 world=83 bsp=0 materials=27 noProgram=0 -> PASS
[info ] FLOW scene.view camera=CameraActor_6585 matinee=Primary Camera playing=Fade In,Camera Orbiter,Primary Camera,2nd QTR,3rd QTR,Plane Fly By,1st QTR pos=-16625.598,125.370,-106.239 rot=-0.615,5.758,0.330 fov=45.000 drawn=true
[info ] VISUALCHECK frame 37200 path=original black=0.000 flat=0.156 lumaP50=40 colors=2541 draws=238 world=83 bsp=0 materials=27 noProgram=0 -> PASS
[info ] VISUALCHECK frame 37320 path=original black=0.000 flat=0.154 lumaP50=40 colors=2439 draws=234 world=83 bsp=0 materials=27 noProgram=0 -> PASS
[info ] VISUALCHECK frame 37440 path=original black=0.000 flat=0.145 lumaP50=40 colors=2363 draws=225 world=83 bsp=0 materials=27 noProgram=0 -> PASS
[info ] VISUALCHECK frame 37560 path=original black=0.000 flat=0.146 lumaP50=40 colors=2365 draws=220 world=83 bsp=0 materials=27 noProgram=0 -> PASS
[info ] VISUALCHECK frame 37680 path=original black=0.000 flat=0.157 lumaP50=39 colors=2450 draws=226 world=82 bsp=0 materials=27 noProgram=0 -> PASS
[info ] VISUALCHECK frame 37800 path=original black=0.000 flat=0.160 lumaP50=39 colors=2373 draws=219 world=83 bsp=0 materials=27 noProgram=0 -> PASS
[info ] VISUALCHECK frame 37920 path=original black=0.000 flat=0.166 lumaP50=39 colors=2313 draws=224 world=83 bsp=0 materials=27 noProgram=0 -> PASS
[info ] FLOW scene.view camera=CameraActor_6585 matinee=Primary Camera playing=Fade In,Camera Orbiter,Primary Camera,2nd QTR,3rd QTR,Plane Fly By,1st QTR pos=-16613.102,656.516,-120.355 rot=-0.615,3.927,0.330 fov=45.000 drawn=true
[info ] VISUALCHECK frame 38040 path=original black=0.000 flat=0.170 lumaP50=39 colors=2357 draws=231 world=83 bsp=0 materials=27 noProgram=0 -> PASS
[info ] VISUALCHECK frame 38160 path=original black=0.000 flat=0.183 lumaP50=39 colors=2355 draws=239 world=83 bsp=0 materials=27 noProgram=0 -> PASS
[info ] VISUALCHECK frame 38280 path=original black=0.000 flat=0.185 lumaP50=38 colors=2401 draws=234 world=83 bsp=0 materials=27 noProgram=0 -> PASS
[info ] VISUALCHECK frame 38400 path=original black=0.000 flat=0.189 lumaP50=38 colors=2347 draws=227 world=83 bsp=0 materials=27 noProgram=0 -> PASS
[info ] VISUALCHECK frame 38520 path=original black=0.000 flat=0.191 lumaP50=38 colors=2380 draws=236 world=83 bsp=0 materials=27 noProgram=0 -> PASS
[info ] VISUALCHECK frame 38640 path=original black=0.000 flat=0.189 lumaP50=38 colors=2400 draws=233 world=83 bsp=0 materials=27 noProgram=0 -> PASS
[info ] VISUALCHECK frame 38760 path=original black=0.000 flat=0.195 lumaP50=38 colors=2336 draws=229 world=83 bsp=0 materials=27 noProgram=0 -> PASS
[info ] FLOW scene.view camera=CameraActor_6585 matinee=Primary Camera playing=Fade In,Camera Orbiter,Primary Camera,2nd QTR,3rd QTR,Plane Fly By,1st QTR pos=-16583.427,1187.562,-109.174 rot=-0.615,2.094,0.330 fov=45.000 drawn=true
[info ] VISUALCHECK frame 38880 path=original black=0.000 flat=0.197 lumaP50=38 colors=2279 draws=238 world=83 bsp=0 materials=27 noProgram=0 -> PASS
[info ] VISUALCHECK frame 39000 path=original black=0.000 flat=0.196 lumaP50=37 colors=2289 draws=233 world=83 bsp=0 materials=27 noProgram=0 -> PASS
[info ] VISUALCHECK frame 39120 path=original black=0.000 flat=0.201 lumaP50=37 colors=2220 draws=227 world=82 bsp=0 materials=27 noProgram=0 -> PASS
[info ] VISUALCHECK frame 39240 path=original black=0.000 flat=0.201 lumaP50=37 colors=2186 draws=229 world=82 bsp=0 materials=27 noProgram=0 -> PASS
[info ] VISUALCHECK frame 39360 path=original black=0.000 flat=0.203 lumaP50=37 colors=2260 draws=224 world=82 bsp=0 materials=27 noProgram=0 -> PASS
[info ] VISUALCHECK frame 39480 path=original black=0.000 flat=0.202 lumaP50=37 colors=2278 draws=226 world=82 bsp=0 materials=27 noProgram=0 -> PASS
[info ] FLOW scene.view camera=CameraActor_6585 matinee=Primary Camera playing=Fade In,Camera Orbiter,Primary Camera,2nd QTR,3rd QTR,Plane Fly By,1st QTR pos=-16536.745,1716.450,-77.787 rot=-0.615,0.265,0.330 fov=45.000 drawn=true
[info ] VISUALCHECK frame 39600 path=original black=0.000 flat=0.198 lumaP50=37 colors=2205 draws=225 world=82 bsp=0 materials=27 noProgram=0 -> PASS
[info ] FLOW scene.view camera=CameraActor_6585 matinee=Primary Camera playing=Fade In,Camera Orbiter,Primary Camera,2nd QTR,3rd QTR,Plane Fly By,1st QTR pos=-16473.011,2244.281,-31.135 rot=-0.615,-1.567,0.330 fov=45.000 drawn=true
[info ] VISUALCHECK frame 39720 path=original black=0.000 flat=0.215 lumaP50=36 colors=2200 draws=231 world=82 bsp=0 materials=27 noProgram=0 -> PASS
[info ] VISUALCHECK frame 39840 path=original black=0.000 flat=0.228 lumaP50=36 colors=2208 draws=221 world=82 bsp=0 materials=27 noProgram=0 -> PASS
[info ] VISUALCHECK frame 39960 path=original black=0.000 flat=0.233 lumaP50=36 colors=2105 draws=221 world=82 bsp=0 materials=27 noProgram=0 -> PASS
[info ] FLOW scene.view camera=CameraActor_6585 matinee=Primary Camera playing=Fade In,Camera Orbiter,Primary Camera,2nd QTR,3rd QTR,Plane Fly By,1st QTR pos=-16392.236,2770.675,25.832 rot=-0.615,-3.401,0.330 fov=45.000 drawn=true
[info ] VISUALCHECK frame 40080 path=original black=0.000 flat=0.248 lumaP50=36 colors=2203 draws=221 world=82 bsp=0 materials=27 noProgram=0 -> PASS
[info ] VISUALCHECK frame 40200 path=original black=0.000 flat=0.243 lumaP50=35 colors=2109 draws=232 world=82 bsp=0 materials=27 noProgram=0 -> PASS
[info ] VISUALCHECK frame 40320 path=original black=0.000 flat=0.249 lumaP50=35 colors=2063 draws=229 world=82 bsp=0 materials=27 noProgram=0 -> PASS
[info ] VISUALCHECK frame 40440 path=original black=0.000 flat=0.252 lumaP50=35 colors=2090 draws=229 world=82 bsp=0 materials=27 noProgram=0 -> PASS
[info ] VISUALCHECK frame 40560 path=original black=0.000 flat=0.248 lumaP50=35 colors=2271 draws=228 world=82 bsp=0 materials=27 noProgram=0 -> PASS
[info ] VISUALCHECK frame 40680 path=original black=0.000 flat=0.256 lumaP50=35 colors=2175 draws=230 world=82 bsp=0 materials=27 noProgram=0 -> PASS
[info ] FLOW scene.view camera=CameraActor_6585 matinee=Primary Camera playing=Fade In,Camera Orbiter,Primary Camera,2nd QTR,3rd QTR,Plane Fly By,1st QTR pos=-16294.918,3292.823,87.684 rot=-0.615,-5.230,0.330 fov=45.000 drawn=true
[info ] VISUALCHECK frame 40800 path=original black=0.000 flat=0.256 lumaP50=35 colors=2137 draws=230 world=82 bsp=0 materials=27 noProgram=0 -> PASS
[info ] VISUALCHECK frame 40920 path=original black=0.000 flat=0.253 lumaP50=35 colors=2134 draws=221 world=82 bsp=0 materials=27 noProgram=0 -> PASS
[info ] VISUALCHECK frame 41040 path=original black=0.000 flat=0.257 lumaP50=35 colors=2148 draws=219 world=82 bsp=0 materials=27 noProgram=0 -> PASS
[info ] VISUALCHECK frame 41160 path=original black=0.000 flat=0.259 lumaP50=35 colors=2171 draws=216 world=82 bsp=0 materials=27 noProgram=0 -> PASS
[info ] VISUALCHECK frame 41280 path=original black=0.000 flat=0.253 lumaP50=35 colors=2141 draws=206 world=82 bsp=0 materials=27 noProgram=0 -> PASS
[info ] VISUALCHECK frame 41400 path=original black=0.000 flat=0.261 lumaP50=35 colors=2070 draws=218 world=82 bsp=0 materials=27 noProgram=0 -> PASS
[info ] VISUALCHECK frame 41520 path=original black=0.000 flat=0.257 lumaP50=35 colors=2081 draws=217 world=82 bsp=0 materials=27 noProgram=0 -> PASS
[info ] VISUALCHECK frame 41640 path=original black=0.000 flat=0.254 lumaP50=35 colors=2092 draws=219 world=82 bsp=0 materials=27 noProgram=0 -> PASS
[info ] FLOW scene.view camera=CameraActor_6585 matinee=Primary Camera playing=Fade In,Camera Orbiter,Primary Camera,2nd QTR,3rd QTR,Plane Fly By,1st QTR pos=-16181.086,3811.803,124.981 rot=-0.615,-7.060,0.330 fov=45.000 drawn=true
[info ] VISUALCHECK frame 41760 path=original black=0.000 flat=0.263 lumaP50=35 colors=2106 draws=215 world=82 bsp=0 materials=27 noProgram=0 -> PASS
[info ] VISUALCHECK frame 41880 path=original black=0.000 flat=0.264 lumaP50=35 colors=2075 draws=217 world=82 bsp=0 materials=27 noProgram=0 -> PASS
[info ] VISUALCHECK frame 42000 path=original black=0.000 flat=0.261 lumaP50=35 colors=2070 draws=218 world=82 bsp=0 materials=27 noProgram=0 -> PASS
[info ] VISUALCHECK frame 42120 path=original black=0.000 flat=0.266 lumaP50=35 colors=2107 draws=215 world=82 bsp=0 materials=27 noProgram=0 -> PASS
[info ] VISUALCHECK frame 42240 path=original black=0.000 flat=0.268 lumaP50=35 colors=2237 draws=232 world=82 bsp=0 materials=27 noProgram=0 -> PASS
[info ] VISUALCHECK frame 42360 path=original black=0.000 flat=0.265 lumaP50=35 colors=2579 draws=235 world=82 bsp=0 materials=27 noProgram=0 -> PASS
[info ] VISUALCHECK frame 42480 path=original black=0.000 flat=0.269 lumaP50=35 colors=2453 draws=227 world=82 bsp=0 materials=27 noProgram=0 -> PASS
[info ] FLOW scene.view camera=CameraActor_6585 matinee=Primary Camera playing=Fade In,Camera Orbiter,Primary Camera,2nd QTR,3rd QTR,Plane Fly By,1st QTR pos=-16051.122,4326.318,126.060 rot=-0.615,-8.889,0.330 fov=45.000 drawn=true
[info ] VISUALCHECK frame 42600 path=original black=0.000 flat=0.266 lumaP50=35 colors=2443 draws=226 world=82 bsp=0 materials=27 noProgram=0 -> PASS
[info ] VISUALCHECK frame 42720 path=original black=0.000 flat=0.275 lumaP50=34 colors=2711 draws=240 world=82 bsp=0 materials=27 noProgram=0 -> PASS
[info ] VISUALCHECK frame 42840 path=original black=0.000 flat=0.265 lumaP50=35 colors=2377 draws=241 world=82 bsp=0 materials=27 noProgram=0 -> PASS
[info ] VISUALCHECK frame 42960 path=original black=0.000 flat=0.259 lumaP50=35 colors=2284 draws=240 world=82 bsp=0 materials=27 noProgram=0 -> PASS
[info ] VISUALCHECK frame 43080 path=original black=0.000 flat=0.273 lumaP50=34 colors=2292 draws=240 world=82 bsp=0 materials=27 noProgram=0 -> PASS
[info ] VISUALCHECK frame 43200 path=original black=0.000 flat=0.279 lumaP50=34 colors=2164 draws=241 world=82 bsp=0 materials=27 noProgram=0 -> PASS
[info ] VISUALCHECK frame 43320 path=original black=0.000 flat=0.274 lumaP50=34 colors=2222 draws=238 world=82 bsp=0 materials=27 noProgram=0 -> PASS
[info ] FLOW scene.view camera=CameraActor_6585 matinee=Primary Camera playing=Fade In,Camera Orbiter,Primary Camera,2nd QTR,3rd QTR,Plane Fly By,1st QTR pos=-15905.002,4836.400,102.154 rot=-0.615,-10.719,0.330 fov=45.000 drawn=true
[info ] VISUALCHECK frame 43440 path=original black=0.000 flat=0.289 lumaP50=34 colors=2229 draws=238 world=82 bsp=0 materials=27 noProgram=0 -> PASS
[info ] VISUALCHECK frame 43560 path=original black=0.000 flat=0.296 lumaP50=34 colors=2421 draws=241 world=82 bsp=0 materials=27 noProgram=0 -> PASS
[info ] VISUALCHECK frame 43680 path=original black=0.000 flat=0.306 lumaP50=34 colors=2185 draws=235 world=82 bsp=0 materials=27 noProgram=0 -> PASS
[info ] VISUALCHECK frame 43800 path=original black=0.000 flat=0.308 lumaP50=34 colors=2264 draws=231 world=82 bsp=0 materials=27 noProgram=0 -> PASS
[info ] VISUALCHECK frame 43920 path=original black=0.000 flat=0.308 lumaP50=34 colors=2215 draws=239 world=82 bsp=0 materials=27 noProgram=0 -> PASS
[info ] VISUALCHECK frame 44040 path=original black=0.000 flat=0.310 lumaP50=34 colors=2389 draws=245 world=81 bsp=0 materials=27 noProgram=0 -> PASS
[info ] VISUALCHECK frame 44160 path=original black=0.000 flat=0.307 lumaP50=34 colors=2193 draws=237 world=81 bsp=0 materials=27 noProgram=0 -> PASS
[info ] FLOW scene.view camera=CameraActor_6585 matinee=Primary Camera playing=Fade In,Camera Orbiter,Primary Camera,2nd QTR,3rd QTR,Plane Fly By,1st QTR pos=-15742.858,5341.468,64.465 rot=-0.615,-12.548,0.330 fov=45.000 drawn=true
[info ] VISUALCHECK frame 44280 path=original black=0.000 flat=0.309 lumaP50=34 colors=2196 draws=224 world=81 bsp=0 materials=27 noProgram=0 -> PASS
[info ] VISUALCHECK frame 44400 path=original black=0.000 flat=0.313 lumaP50=34 colors=2204 draws=225 world=81 bsp=0 materials=27 noProgram=0 -> PASS
[info ] VISUALCHECK frame 44520 path=original black=0.000 flat=0.318 lumaP50=34 colors=2228 draws=229 world=81 bsp=0 materials=27 noProgram=0 -> PASS
[info ] VISUALCHECK frame 44640 path=original black=0.000 flat=0.327 lumaP50=34 colors=2237 draws=223 world=81 bsp=0 materials=27 noProgram=0 -> PASS
[info ] VISUALCHECK frame 44760 path=original black=0.000 flat=0.327 lumaP50=33 colors=2185 draws=221 world=81 bsp=0 materials=27 noProgram=0 -> PASS
[info ] VISUALCHECK frame 44880 path=original black=0.000 flat=0.330 lumaP50=33 colors=2298 draws=220 world=82 bsp=0 materials=27 noProgram=0 -> PASS
[info ] VISUALCHECK frame 45000 path=original black=0.000 flat=0.326 lumaP50=33 colors=2296 draws=218 world=82 bsp=0 materials=27 noProgram=0 -> PASS
[info ] FLOW scene.view camera=CameraActor_6585 matinee=Primary Camera playing=Fade In,Camera Orbiter,Primary Camera,2nd QTR,3rd QTR,Plane Fly By,1st QTR pos=-15564.728,5841.251,24.178 rot=-0.615,-14.378,0.330 fov=45.000 drawn=true
[info ] VISUALCHECK frame 45120 path=original black=0.000 flat=0.324 lumaP50=33 colors=2479 draws=255 world=82 bsp=0 materials=27 noProgram=0 -> PASS
[info ] VISUALCHECK frame 45240 path=original black=0.000 flat=0.329 lumaP50=33 colors=2276 draws=262 world=82 bsp=0 materials=27 noProgram=0 -> PASS
[info ] VISUALCHECK frame 45360 path=original black=0.000 flat=0.327 lumaP50=33 colors=2163 draws=250 world=82 bsp=0 materials=27 noProgram=0 -> PASS
[info ] VISUALCHECK frame 45480 path=original black=0.000 flat=0.323 lumaP50=33 colors=2225 draws=248 world=82 bsp=0 materials=27 noProgram=0 -> PASS
[info ] VISUALCHECK frame 45600 path=original black=0.000 flat=0.336 lumaP50=33 colors=2131 draws=229 world=82 bsp=0 materials=27 noProgram=0 -> PASS
[info ] FLOW scene.view camera=CameraActor_6585 matinee=Primary Camera playing=Fade In,Camera Orbiter,Primary Camera,2nd QTR,3rd QTR,Plane Fly By,1st QTR pos=-15370.036,6336.928,-7.580 rot=-0.615,-16.214,0.330 fov=45.000 drawn=true
[info ] VISUALCHECK frame 45720 path=original black=0.000 flat=0.345 lumaP50=33 colors=2358 draws=231 world=82 bsp=0 materials=27 noProgram=0 -> PASS
[info ] VISUALCHECK frame 45840 path=original black=0.000 flat=0.345 lumaP50=33 colors=2276 draws=233 world=82 bsp=0 materials=27 noProgram=0 -> PASS
[info ] VISUALCHECK frame 45960 path=original black=0.000 flat=0.345 lumaP50=33 colors=2143 draws=226 world=82 bsp=0 materials=27 noProgram=0 -> PASS
[info ] VISUALCHECK frame 46080 path=original black=0.000 flat=0.342 lumaP50=33 colors=2097 draws=233 world=82 bsp=0 materials=27 noProgram=0 -> PASS
[info ] VISUALCHECK frame 46200 path=original black=0.000 flat=0.327 lumaP50=33 colors=2137 draws=230 world=82 bsp=0 materials=27 noProgram=0 -> PASS
[info ] VISUALCHECK frame 46320 path=original black=0.000 flat=0.322 lumaP50=33 colors=2087 draws=227 world=82 bsp=0 materials=27 noProgram=0 -> PASS
[info ] FLOW scene.view camera=CameraActor_6585 matinee=Primary Camera playing=Fade In,Camera Orbiter,Primary Camera,2nd QTR,3rd QTR,Plane Fly By,1st QTR pos=-15160.299,6824.488,-19.333 rot=-0.615,-18.043,0.330 fov=45.000 drawn=true
[info ] VISUALCHECK frame 46440 path=original black=0.000 flat=0.346 lumaP50=33 colors=1991 draws=221 world=82 bsp=0 materials=27 noProgram=0 -> PASS
[info ] VISUALCHECK frame 46560 path=original black=0.000 flat=0.329 lumaP50=33 colors=2256 draws=235 world=82 bsp=0 materials=27 noProgram=0 -> PASS
[info ] VISUALCHECK frame 46680 path=original black=0.000 flat=0.327 lumaP50=33 colors=2171 draws=234 world=82 bsp=0 materials=27 noProgram=0 -> PASS
[info ] VISUALCHECK frame 46800 path=original black=0.000 flat=0.327 lumaP50=33 colors=2117 draws=234 world=82 bsp=0 materials=27 noProgram=0 -> PASS
[info ] VISUALCHECK frame 46920 path=original black=0.000 flat=0.329 lumaP50=33 colors=2157 draws=238 world=82 bsp=0 materials=27 noProgram=0 -> PASS
[info ] VISUALCHECK frame 47040 path=original black=0.000 flat=0.324 lumaP50=34 colors=2124 draws=224 world=82 bsp=0 materials=27 noProgram=0 -> PASS
[info ] VISUALCHECK frame 47160 path=original black=0.000 flat=0.325 lumaP50=34 colors=2256 draws=221 world=82 bsp=0 materials=27 noProgram=0 -> PASS
[info ] FLOW scene.view camera=CameraActor_6585 matinee=Primary Camera playing=Fade In,Camera Orbiter,Primary Camera,2nd QTR,3rd QTR,Plane Fly By,1st QTR pos=-14933.607,7307.253,2.952 rot=-0.615,-19.881,0.330 fov=45.000 drawn=true
[info ] VISUALCHECK frame 47280 path=original black=0.000 flat=0.325 lumaP50=34 colors=2553 draws=232 world=82 bsp=0 materials=27 noProgram=0 -> PASS
[info ] VISUALCHECK frame 47400 path=original black=0.000 flat=0.320 lumaP50=34 colors=2321 draws=226 world=82 bsp=0 materials=27 noProgram=0 -> PASS
[info ] VISUALCHECK frame 47520 path=original black=0.000 flat=0.323 lumaP50=34 colors=2392 draws=232 world=82 bsp=0 materials=27 noProgram=0 -> PASS
[info ] VISUALCHECK frame 47640 path=original black=0.000 flat=0.329 lumaP50=34 colors=2336 draws=241 world=82 bsp=0 materials=27 noProgram=0 -> PASS
[info ] VISUALCHECK frame 47760 path=original black=0.000 flat=0.325 lumaP50=34 colors=2147 draws=233 world=81 bsp=0 materials=27 noProgram=0 -> PASS
[info ] VISUALCHECK frame 47880 path=original black=0.000 flat=0.322 lumaP50=34 colors=2090 draws=228 world=81 bsp=0 materials=27 noProgram=0 -> PASS
[info ] FLOW scene.view camera=CameraActor_6585 matinee=Primary Camera playing=Fade In,Camera Orbiter,Primary Camera,2nd QTR,3rd QTR,Plane Fly By,1st QTR pos=-14692.080,7780.368,53.694 rot=-0.615,-21.711,0.330 fov=45.000 drawn=true
[info ] VISUALCHECK frame 48000 path=original black=0.000 flat=0.326 lumaP50=34 colors=2285 draws=230 world=81 bsp=0 materials=27 noProgram=0 -> PASS
[info ] VISUALCHECK frame 48120 path=original black=0.000 flat=0.322 lumaP50=34 colors=2115 draws=226 world=81 bsp=0 materials=27 noProgram=0 -> PASS
[info ] VISUALCHECK frame 48240 path=original black=0.000 flat=0.324 lumaP50=34 colors=2162 draws=227 world=81 bsp=0 materials=27 noProgram=0 -> PASS
[info ] VISUALCHECK frame 48360 path=original black=0.000 flat=0.324 lumaP50=34 colors=2179 draws=250 world=81 bsp=0 materials=27 noProgram=0 -> PASS
[info ] VISUALCHECK frame 48480 path=original black=0.000 flat=0.317 lumaP50=34 colors=2123 draws=248 world=81 bsp=0 materials=27 noProgram=0 -> PASS
[info ] VISUALCHECK frame 48600 path=original black=0.000 flat=0.319 lumaP50=34 colors=2140 draws=236 world=81 bsp=0 materials=27 noProgram=0 -> PASS
[info ] VISUALCHECK frame 48720 path=original black=0.000 flat=0.314 lumaP50=34 colors=2111 draws=237 world=81 bsp=0 materials=27 noProgram=0 -> PASS
[info ] FLOW scene.view camera=CameraActor_6585 matinee=Primary Camera playing=Fade In,Camera Orbiter,Primary Camera,2nd QTR,3rd QTR,Plane Fly By,1st QTR pos=-14435.113,8245.848,116.503 rot=-0.615,-23.542,0.330 fov=45.000 drawn=true
[info ] VISUALCHECK frame 48840 path=original black=0.000 flat=0.309 lumaP50=34 colors=2097 draws=234 world=81 bsp=0 materials=27 noProgram=0 -> PASS
[info ] VISUALCHECK frame 48960 path=original black=0.000 flat=0.303 lumaP50=34 colors=2105 draws=232 world=81 bsp=0 materials=27 noProgram=0 -> PASS
[info ] VISUALCHECK frame 49080 path=original black=0.000 flat=0.305 lumaP50=34 colors=2257 draws=232 world=81 bsp=0 materials=27 noProgram=0 -> PASS
[info ] VISUALCHECK frame 49200 path=original black=0.000 flat=0.302 lumaP50=34 colors=2113 draws=229 world=81 bsp=0 materials=27 noProgram=0 -> PASS
[info ] VISUALCHECK frame 49320 path=original black=0.000 flat=0.299 lumaP50=34 colors=2072 draws=228 world=81 bsp=0 materials=27 noProgram=0 -> PASS
[info ] VISUALCHECK frame 49440 path=original black=0.000 flat=0.302 lumaP50=34 colors=2100 draws=231 world=81 bsp=0 materials=27 noProgram=0 -> PASS
[info ] VISUALCHECK frame 49560 path=original black=0.000 flat=0.301 lumaP50=34 colors=2213 draws=230 world=81 bsp=0 materials=27 noProgram=0 -> PASS
[info ] VISUALCHECK frame 49680 path=original black=0.000 flat=0.304 lumaP50=34 colors=2241 draws=226 world=81 bsp=0 materials=27 noProgram=0 -> PASS
[info ] VISUALCHECK frame 49800 path=original black=0.000 flat=0.301 lumaP50=34 colors=2203 draws=226 world=81 bsp=0 materials=27 noProgram=0 -> PASS
[info ] FLOW scene.view camera=CameraActor_6585 matinee=Primary Camera playing=Fade In,Camera Orbiter,Primary Camera,2nd QTR,3rd QTR,Plane Fly By,1st QTR pos=-14163.758,8702.413,174.810 rot=-0.615,-25.371,0.330 fov=45.000 drawn=true
[info ] VISUALCHECK frame 49920 path=original black=0.000 flat=0.305 lumaP50=34 colors=2173 draws=230 world=81 bsp=0 materials=27 noProgram=0 -> PASS
[info ] VISUALCHECK frame 50040 path=original black=0.000 flat=0.297 lumaP50=34 colors=2229 draws=243 world=81 bsp=0 materials=27 noProgram=0 -> PASS
[info ] VISUALCHECK frame 50160 path=original black=0.000 flat=0.297 lumaP50=34 colors=2096 draws=246 world=81 bsp=0 materials=27 noProgram=0 -> PASS
[info ] VISUALCHECK frame 50280 path=original black=0.000 flat=0.294 lumaP50=34 colors=2070 draws=241 world=81 bsp=0 materials=27 noProgram=0 -> PASS
[info ] VISUALCHECK frame 50400 path=original black=0.000 flat=0.298 lumaP50=34 colors=2144 draws=238 world=81 bsp=0 materials=27 noProgram=0 -> PASS
[info ] VISUALCHECK frame 50520 path=original black=0.000 flat=0.298 lumaP50=34 colors=2179 draws=240 world=81 bsp=0 materials=27 noProgram=0 -> PASS
[info ] VISUALCHECK frame 50640 path=original black=0.000 flat=0.295 lumaP50=35 colors=2226 draws=239 world=81 bsp=0 materials=27 noProgram=0 -> PASS
[info ] VISUALCHECK frame 50760 path=original black=0.000 flat=0.292 lumaP50=35 colors=2202 draws=241 world=81 bsp=0 materials=27 noProgram=0 -> PASS
[info ] VISUALCHECK frame 50880 path=original black=0.000 flat=0.287 lumaP50=35 colors=2344 draws=255 world=81 bsp=0 materials=27 noProgram=0 -> PASS
[info ] FLOW scene.view camera=CameraActor_6585 matinee=Primary Camera playing=Fade In,Camera Orbiter,Primary Camera,2nd QTR,3rd QTR,Plane Fly By,1st QTR pos=-13878.353,9150.138,212.234 rot=-0.615,-27.200,0.330 fov=45.000 drawn=true
[info ] VISUALCHECK frame 51000 path=original black=0.000 flat=0.292 lumaP50=35 colors=2183 draws=254 world=81 bsp=0 materials=27 noProgram=0 -> PASS
[info ] VISUALCHECK frame 51120 path=original black=0.000 flat=0.284 lumaP50=35 colors=2251 draws=255 world=81 bsp=0 materials=27 noProgram=0 -> PASS
[info ] VISUALCHECK frame 51240 path=original black=0.000 flat=0.281 lumaP50=36 colors=2531 draws=279 world=81 bsp=0 materials=27 noProgram=0 -> PASS
[info ] VISUALCHECK frame 51360 path=original black=0.000 flat=0.288 lumaP50=35 colors=2234 draws=275 world=81 bsp=0 materials=27 noProgram=0 -> PASS
[info ] VISUALCHECK frame 51480 path=original black=0.000 flat=0.285 lumaP50=36 colors=2272 draws=277 world=81 bsp=0 materials=27 noProgram=0 -> PASS
[info ] VISUALCHECK frame 51600 path=original black=0.000 flat=0.282 lumaP50=36 colors=2292 draws=279 world=81 bsp=0 materials=29 noProgram=0 -> PASS
[info ] VISUALCHECK frame 51720 path=original black=0.000 flat=0.287 lumaP50=36 colors=2260 draws=280 world=81 bsp=0 materials=29 noProgram=0 -> PASS
[info ] VISUALCHECK frame 51840 path=original black=0.000 flat=0.275 lumaP50=36 colors=2585 draws=273 world=80 bsp=0 materials=29 noProgram=0 -> PASS
[info ] FLOW scene.view camera=CameraActor_6585 matinee=Primary Camera playing=Fade In,Camera Orbiter,Primary Camera,2nd QTR,3rd QTR,Plane Fly By,1st QTR pos=-13578.968,9589.081,222.151 rot=-0.615,-29.031,0.330 fov=45.000 drawn=true
[info ] VISUALCHECK frame 51960 path=original black=0.000 flat=0.281 lumaP50=36 colors=3011 draws=268 world=80 bsp=0 materials=29 noProgram=0 -> PASS
[info ] VISUALCHECK frame 52080 path=original black=0.000 flat=0.260 lumaP50=37 colors=3276 draws=313 world=80 bsp=0 materials=30 noProgram=0 -> PASS
[info ] VISUALCHECK frame 52200 path=original black=0.000 flat=0.245 lumaP50=39 colors=4157 draws=309 world=80 bsp=0 materials=29 noProgram=0 -> PASS
[info ] VISUALCHECK frame 52320 path=original black=0.000 flat=0.250 lumaP50=39 colors=4060 draws=324 world=80 bsp=0 materials=29 noProgram=0 -> PASS
[warn ] wfc: particle material FX_Materials_p.Materials.Metal_Debris_Mat not compiled; textured fallback
[warn ] wfc: particle material FX_Materials_p.Materials.ExplosionWhite_Anim_MAT not compiled; textured fallback
[warn ] wfc: particle material FX_Materials_p.Materials.SmokeThick_Mat not compiled; textured fallback
[info ] VISUALCHECK frame 52440 path=original black=0.000 flat=0.251 lumaP50=39 colors=3828 draws=327 world=80 bsp=0 materials=29 noProgram=0 -> PASS
[info ] VISUALCHECK frame 52560 path=original black=0.000 flat=0.254 lumaP50=40 colors=4513 draws=336 world=80 bsp=0 materials=29 noProgram=0 -> PASS
[info ] FLOW scene.view camera=CameraActor_6585 matinee=Primary Camera playing=Fade In,Camera Orbiter,Primary Camera,2nd QTR,3rd QTR,Plane Fly By,1st QTR pos=-13265.546,10017.616,253.360 rot=-0.615,-30.861,0.330 fov=45.000 drawn=true
[info ] VISUALCHECK frame 52680 path=original black=0.000 flat=0.268 lumaP50=39 colors=3970 draws=319 world=80 bsp=0 materials=29 noProgram=0 -> PASS
[info ] VISUALCHECK frame 52800 path=original black=0.000 flat=0.259 lumaP50=39 colors=3677 draws=318 world=80 bsp=0 materials=29 noProgram=0 -> PASS
[info ] VISUALCHECK frame 52920 path=original black=0.000 flat=0.267 lumaP50=39 colors=2138 draws=319 world=80 bsp=0 materials=29 noProgram=0 -> PASS
[info ] VISUALCHECK frame 53040 path=original black=0.000 flat=0.262 lumaP50=39 colors=2123 draws=310 world=80 bsp=0 materials=29 noProgram=0 -> PASS
[info ] VISUALCHECK frame 53160 path=original black=0.000 flat=0.264 lumaP50=39 colors=2350 draws=310 world=80 bsp=0 materials=29 noProgram=0 -> PASS
[info ] VISUALCHECK frame 53280 path=original black=0.000 flat=0.267 lumaP50=39 colors=2370 draws=306 world=80 bsp=0 materials=29 noProgram=0 -> PASS
[info ] VISUALCHECK frame 53400 path=original black=0.000 flat=0.272 lumaP50=38 colors=2182 draws=286 world=80 bsp=0 materials=26 noProgram=0 -> PASS
[info ] VISUALCHECK frame 53520 path=original black=0.000 flat=0.275 lumaP50=39 colors=2303 draws=276 world=80 bsp=0 materials=26 noProgram=0 -> PASS
[info ] FLOW scene.view camera=CameraActor_6585 matinee=Primary Camera playing=Fade In,Camera Orbiter,Primary Camera,2nd QTR,3rd QTR,Plane Fly By,1st QTR pos=-12938.058,10436.101,301.456 rot=-0.615,-32.691,0.330 fov=45.000 drawn=true
[info ] VISUALCHECK frame 53640 path=original black=0.000 flat=0.278 lumaP50=39 colors=2311 draws=270 world=80 bsp=0 materials=24 noProgram=0 -> PASS
[info ] VISUALCHECK frame 53760 path=original black=0.000 flat=0.279 lumaP50=39 colors=2197 draws=260 world=80 bsp=0 materials=24 noProgram=0 -> PASS
[info ] VISUALCHECK frame 53880 path=original black=0.000 flat=0.279 lumaP50=39 colors=2215 draws=248 world=80 bsp=0 materials=24 noProgram=0 -> PASS
[info ] VISUALCHECK frame 54000 path=original black=0.000 flat=0.276 lumaP50=39 colors=2130 draws=252 world=80 bsp=0 materials=24 noProgram=0 -> PASS
[info ] VISUALCHECK frame 54120 path=original black=0.000 flat=0.277 lumaP50=40 colors=2162 draws=248 world=80 bsp=0 materials=23 noProgram=0 -> PASS
[info ] VISUALCHECK frame 54240 path=original black=0.000 flat=0.278 lumaP50=40 colors=2120 draws=246 world=80 bsp=0 materials=22 noProgram=0 -> PASS
[info ] VISUALCHECK frame 54360 path=original black=0.000 flat=0.282 lumaP50=40 colors=2083 draws=237 world=80 bsp=0 materials=21 noProgram=0 -> PASS
[info ] FLOW scene.view camera=CameraActor_6585 matinee=Primary Camera playing=Fade In,Camera Orbiter,Primary Camera,2nd QTR,3rd QTR,Plane Fly By,1st QTR pos=-12597.667,10843.750,349.932 rot=-0.615,-34.521,0.330 fov=45.000 drawn=true
[info ] VISUALCHECK frame 54480 path=original black=0.000 flat=0.286 lumaP50=40 colors=2221 draws=249 world=80 bsp=0 materials=23 noProgram=0 -> PASS
[info ] VISUALCHECK frame 54600 path=original black=0.000 flat=0.284 lumaP50=40 colors=2132 draws=247 world=80 bsp=0 materials=23 noProgram=0 -> PASS
[info ] VISUALCHECK frame 54720 path=original black=0.000 flat=0.278 lumaP50=40 colors=2172 draws=250 world=80 bsp=0 materials=24 noProgram=0 -> PASS
[info ] VISUALCHECK frame 54840 path=original black=0.000 flat=0.279 lumaP50=41 colors=2166 draws=265 world=81 bsp=0 materials=25 noProgram=0 -> PASS
[info ] VISUALCHECK frame 54960 path=original black=0.000 flat=0.276 lumaP50=42 colors=2296 draws=302 world=81 bsp=0 materials=25 noProgram=0 -> PASS
[info ] FLOW scene.view camera=CameraActor_6585 matinee=Primary Camera playing=Fade In,Camera Orbiter,Primary Camera,2nd QTR,3rd QTR,Plane Fly By,1st QTR pos=-12242.650,11243.104,382.488 rot=-0.615,-36.362,0.330 fov=45.000 drawn=true
[info ] VISUALCHECK frame 55080 path=original black=0.000 flat=0.279 lumaP50=42 colors=2152 draws=279 world=81 bsp=0 materials=25 noProgram=0 -> PASS
[info ] VISUALCHECK frame 55200 path=original black=0.000 flat=0.280 lumaP50=42 colors=2138 draws=268 world=81 bsp=0 materials=25 noProgram=0 -> PASS
[info ] VISUALCHECK frame 55320 path=original black=0.000 flat=0.279 lumaP50=42 colors=2122 draws=251 world=81 bsp=0 materials=23 noProgram=0 -> PASS
[info ] VISUALCHECK frame 55440 path=original black=0.000 flat=0.278 lumaP50=43 colors=2331 draws=265 world=81 bsp=0 materials=25 noProgram=0 -> PASS
[info ] VISUALCHECK frame 55560 path=original black=0.000 flat=0.276 lumaP50=42 colors=2175 draws=260 world=81 bsp=0 materials=25 noProgram=0 -> PASS
[info ] FLOW scene.view camera=CameraActor_6585 matinee=Primary Camera playing=Fade In,Camera Orbiter,Primary Camera,2nd QTR,3rd QTR,Plane Fly By,1st QTR pos=-11878.211,11628.723,381.221 rot=-0.615,-38.191,0.330 fov=45.000 drawn=true
[info ] VISUALCHECK frame 55680 path=original black=0.000 flat=0.278 lumaP50=44 colors=2266 draws=276 world=81 bsp=0 materials=25 noProgram=0 -> PASS
[info ] VISUALCHECK frame 55800 path=original black=0.000 flat=0.279 lumaP50=43 colors=2090 draws=281 world=81 bsp=0 materials=25 noProgram=0 -> PASS
[info ] VISUALCHECK frame 55920 path=original black=0.000 flat=0.277 lumaP50=44 colors=2244 draws=285 world=81 bsp=0 materials=25 noProgram=0 -> PASS
[info ] VISUALCHECK frame 56040 path=original black=0.000 flat=0.281 lumaP50=43 colors=2217 draws=278 world=81 bsp=0 materials=25 noProgram=0 -> PASS
[info ] VISUALCHECK frame 56160 path=original black=0.000 flat=0.270 lumaP50=44 colors=2303 draws=291 world=81 bsp=0 materials=25 noProgram=0 -> PASS
[info ] FLOW scene.view camera=CameraActor_6585 matinee=Primary Camera playing=Fade In,Camera Orbiter,Primary Camera,2nd QTR,3rd QTR,Plane Fly By,1st QTR pos=-11500.162,12003.894,338.284 rot=-0.615,-40.028,0.330 fov=45.000 drawn=true
[info ] VISUALCHECK frame 56280 path=original black=0.000 flat=0.269 lumaP50=45 colors=2315 draws=303 world=81 bsp=0 materials=25 noProgram=0 -> PASS
[info ] VISUALCHECK frame 56400 path=original black=0.000 flat=0.267 lumaP50=45 colors=2219 draws=285 world=81 bsp=0 materials=25 noProgram=0 -> PASS
[info ] VISUALCHECK frame 56520 path=original black=0.000 flat=0.272 lumaP50=45 colors=2181 draws=263 world=81 bsp=0 materials=25 noProgram=0 -> PASS
[info ] VISUALCHECK frame 56640 path=original black=0.000 flat=0.271 lumaP50=45 colors=2207 draws=264 world=81 bsp=0 materials=25 noProgram=0 -> PASS
[info ] VISUALCHECK frame 56760 path=original black=0.000 flat=0.276 lumaP50=46 colors=2204 draws=264 world=81 bsp=0 materials=25 noProgram=0 -> PASS
[info ] FLOW scene.view camera=CameraActor_6585 matinee=Primary Camera playing=Fade In,Camera Orbiter,Primary Camera,2nd QTR,3rd QTR,Plane Fly By,1st QTR pos=-11111.720,12365.180,272.789 rot=-0.615,-41.858,0.330 fov=45.000 drawn=true
[info ] VISUALCHECK frame 56880 path=original black=0.000 flat=0.272 lumaP50=45 colors=2202 draws=274 world=81 bsp=0 materials=25 noProgram=0 -> PASS
[info ] VISUALCHECK frame 57000 path=original black=0.000 flat=0.274 lumaP50=45 colors=2167 draws=267 world=81 bsp=0 materials=25 noProgram=0 -> PASS
[info ] VISUALCHECK frame 57120 path=original black=0.000 flat=0.267 lumaP50=47 colors=2477 draws=280 world=81 bsp=0 materials=25 noProgram=0 -> PASS
[info ] VISUALCHECK frame 57240 path=original black=0.000 flat=0.268 lumaP50=47 colors=2476 draws=294 world=81 bsp=0 materials=25 noProgram=0 -> PASS
[info ] VISUALCHECK frame 57360 path=original black=0.000 flat=0.261 lumaP50=48 colors=2591 draws=302 world=81 bsp=0 materials=25 noProgram=0 -> PASS
[info ] VISUALCHECK frame 57480 path=original black=0.000 flat=0.262 lumaP50=47 colors=2343 draws=296 world=81 bsp=0 materials=25 noProgram=0 -> PASS
[info ] FLOW scene.view camera=CameraActor_6585 matinee=Primary Camera playing=Fade In,Camera Orbiter,Primary Camera,2nd QTR,3rd QTR,Plane Fly By,1st QTR pos=-10711.609,12713.876,205.807 rot=-0.615,-43.689,0.330 fov=45.000 drawn=true
[info ] VISUALCHECK frame 57600 path=original black=0.000 flat=0.254 lumaP50=48 colors=2390 draws=286 world=81 bsp=0 materials=25 noProgram=0 -> PASS
[info ] VISUALCHECK frame 57720 path=original black=0.000 flat=0.249 lumaP50=48 colors=2222 draws=274 world=81 bsp=0 materials=25 noProgram=0 -> PASS
[info ] VISUALCHECK frame 57840 path=original black=0.000 flat=0.268 lumaP50=48 colors=2299 draws=266 world=81 bsp=0 materials=25 noProgram=0 -> PASS
[info ] VISUALCHECK frame 57960 path=original black=0.000 flat=0.268 lumaP50=47 colors=2241 draws=275 world=81 bsp=0 materials=25 noProgram=0 -> PASS
[info ] VISUALCHECK frame 58080 path=original black=0.000 flat=0.270 lumaP50=48 colors=2394 draws=287 world=81 bsp=0 materials=25 noProgram=0 -> PASS
[info ] VISUALCHECK frame 58200 path=original black=0.000 flat=0.265 lumaP50=49 colors=2370 draws=290 world=81 bsp=0 materials=25 noProgram=0 -> PASS
[info ] FLOW movie.finished movie=FMV_intro skipped=false position=128.680183
[info ] FLOW movie.audioStop audioClock=128.680 movieStreamAfter=false voices=0
[info ] FLOW movie.stopped movie=FMV_intro
[info ] FLOW frontend.kismet action=Interp Fade In / Primary Camera / Camera Orbiter, RemoteEvent StartFireworks, Reverb REVERB_TRANS_FRONT_END, PlayMusic FRONTEND_MX_ORBIT_01, PlaySound FRONTEND_WHSH_REVEAL
[info ] FLOW frontend.kismet action=SetLoadingMovieFilename UI_GFxLoading_p.LoadScreen_GFX
[info ] FLOW uievent 0 OnFrontEnd in NotInGame
[info ] FLOW uistate NotInGame -> FrontEnd (TnUIControllerFrontEnd)
[info ] FLOW ui OpenUI UI_GFxFrontEnd_p.FrontEnd_GFX_1
[info ] FLOW ui.open movie=UI_GFxFrontEnd_p.FrontEnd_GFX_1 state=FrontEnd
[info ] FLOW ui.state from=NotInGame to=FrontEnd controller=TnUIControllerFrontEnd level=FrontEnd
[info ] FLOW profile HasWatchedIntroMovie=true
[info ] GFX loaded FrontEnd_GFX: stage 1120x720 @30 fps, 1 frames, 3 shapes, 43 sprites, 3 texts, 0 fonts, 13 bitmaps, 48 exports
[info ] GFX loaded SharedComponents_GFX: stage 1120x720 @30 fps, 1 frames, 16 shapes, 59 sprites, 12 texts, 0 fonts, 0 bitmaps, 46 exports
[info ] FLOW profile SetHasWatchedIntroMovie=movie
[info ] FLOW bridge fn=Online.ShouldShowStartScreen args= level=FrontEnd
[info ] GFX loaded Fonts_EFIGS: stage 800x450 @30 fps, 1 frames, 0 shapes, 0 sprites, 3 texts, 3 fonts, 0 bitmaps, 0 exports
[info ] GFX opened UI_GFxFrontEnd_p.FrontEnd_GFX_1 (F:/Transformers Rebuild/ExtractedAssets/content/UI_GFxFrontEnd_p/FrontEnd_GFX.gfx)
[info ] FLOW gfx.movie movie=UI_GFxFrontEnd_p.FrontEnd_GFX_1 opened=true
[info ] FLOW script.wait cond=frontend
[info ] FLOW script.wait cond=ui=FrontEnd
[info ] ambient: UI_FrontEnd_m: 18 level cues, 1 reverb presets, 0 emitters, 0 zones, 0 pools, 21 Kismet audio ops / 35 links (manifests: Systems)
[info ] FLOW audio.uiLevel level=UI_FrontEnd_m
[info ] FLOW audio.levelEvent trigger=MovieStopped:FMV_intro
[info ] FLOW audio.moviePlaying playing=false
[info ] FLOW scene.remoteEvent event=StartFireworks
[info ] FLOW scene.view camera=CameraActor_6585 matinee=Primary Camera playing=Fade In,Camera Orbiter,Primary Camera,2nd QTR,3rd QTR,Plane Fly By,1st QTR pos=-6769.855,-15182.313,238.288 rot=-0.615,72.165,0.330 fov=45.000 drawn=true
[info ] VISUALCHECK frame 58320 path=original black=0.000 flat=0.030 lumaP50=72 colors=3052 draws=284 world=82 bsp=0 materials=26 noProgram=0 -> PASS
[info ] VISUALCHECK frame 58440 path=original black=0.000 flat=0.030 lumaP50=72 colors=3226 draws=283 world=82 bsp=0 materials=26 noProgram=0 -> PASS
[info ] VISUALCHECK frame 58560 path=original black=0.000 flat=0.027 lumaP50=73 colors=3067 draws=275 world=82 bsp=0 materials=26 noProgram=0 -> PASS
[info ] VISUALCHECK frame 58680 path=original black=0.000 flat=0.030 lumaP50=74 colors=3079 draws=276 world=82 bsp=0 materials=26 noProgram=0 -> PASS
[info ] VISUALCHECK frame 58800 path=original black=0.000 flat=0.025 lumaP50=74 colors=3045 draws=279 world=82 bsp=0 materials=26 noProgram=0 -> PASS
[info ] VISUALCHECK frame 58920 path=original black=0.000 flat=0.024 lumaP50=74 colors=3133 draws=278 world=82 bsp=0 materials=26 noProgram=0 -> PASS
[info ] VISUALCHECK frame 59040 path=original black=0.000 flat=0.021 lumaP50=73 colors=3045 draws=271 world=82 bsp=0 materials=26 noProgram=0 -> PASS
[info ] FLOW scene.view camera=CameraActor_6585 matinee=Primary Camera playing=Fade In,Camera Orbiter,Primary Camera,2nd QTR,3rd QTR,Plane Fly By,1st QTR pos=-7251.082,-14958.218,246.053 rot=-0.615,70.336,0.330 fov=45.000 drawn=true
[info ] VISUALCHECK frame 59160 path=original black=0.000 flat=0.021 lumaP50=73 colors=3002 draws=275 world=82 bsp=0 materials=26 noProgram=0 -> PASS
[info ] VISUALCHECK frame 59280 path=original black=0.000 flat=0.020 lumaP50=72 colors=2897 draws=265 world=82 bsp=0 materials=25 noProgram=0 -> PASS
[info ] VISUALCHECK frame 59400 path=original black=0.000 flat=0.019 lumaP50=72 colors=2984 draws=260 world=82 bsp=0 materials=25 noProgram=0 -> PASS
[info ] VISUALCHECK frame 59520 path=original black=0.000 flat=0.018 lumaP50=72 colors=3016 draws=251 world=82 bsp=0 materials=24 noProgram=0 -> PASS
[info ] VISUALCHECK frame 59640 path=original black=0.000 flat=0.018 lumaP50=72 colors=2992 draws=250 world=82 bsp=0 materials=24 noProgram=0 -> PASS
[info ] VISUALCHECK frame 59760 path=original black=0.000 flat=0.016 lumaP50=72 colors=2882 draws=245 world=82 bsp=0 materials=24 noProgram=0 -> PASS
[info ] VISUALCHECK frame 59880 path=original black=0.000 flat=0.017 lumaP50=72 colors=2981 draws=246 world=82 bsp=0 materials=26 noProgram=0 -> PASS
[info ] FLOW scene.view camera=CameraActor_6585 matinee=Primary Camera playing=Fade In,Camera Orbiter,Primary Camera,2nd QTR,3rd QTR,Plane Fly By,1st QTR pos=-7724.952,-14718.739,256.092 rot=-0.615,68.506,0.330 fov=45.000 drawn=true
[info ] VISUALCHECK frame 60000 path=original black=0.000 flat=0.016 lumaP50=71 colors=2885 draws=244 world=82 bsp=0 materials=26 noProgram=0 -> PASS
[info ] VISUALCHECK frame 60120 path=original black=0.000 flat=0.015 lumaP50=71 colors=3005 draws=244 world=82 bsp=0 materials=25 noProgram=0 -> PASS
[info ] VISUALCHECK frame 60240 path=original black=0.000 flat=0.015 lumaP50=71 colors=3079 draws=245 world=82 bsp=0 materials=26 noProgram=0 -> PASS
[info ] VISUALCHECK frame 60360 path=original black=0.000 flat=0.013 lumaP50=71 colors=3147 draws=240 world=82 bsp=0 materials=26 noProgram=0 -> PASS
[info ] VISUALCHECK frame 60480 path=original black=0.000 flat=0.014 lumaP50=72 colors=3164 draws=255 world=82 bsp=0 materials=26 noProgram=0 -> PASS
[info ] VISUALCHECK frame 60600 path=original black=0.000 flat=0.013 lumaP50=71 colors=3106 draws=266 world=82 bsp=0 materials=26 noProgram=0 -> PASS
[info ] VISUALCHECK frame 60720 path=original black=0.000 flat=0.012 lumaP50=71 colors=3074 draws=260 world=81 bsp=0 materials=25 noProgram=0 -> PASS
[info ] VISUALCHECK frame 60840 path=original black=0.000 flat=0.012 lumaP50=70 colors=2895 draws=254 world=81 bsp=0 materials=24 noProgram=0 -> PASS
[info ] FLOW script.wait cond=t=6
[info ] VISUALCHECK F:/Transformers Rebuild/Rebuild/work/m6b/visual_suite_final/flow_1_title.bmp -> PASS
[info ] screenshot: F:/Transformers Rebuild/Rebuild/work/m6b/visual_suite_final/flow_1_title.bmp (1280x720)
[info ] FLOW bridge fn=Online.OpenPartyLobby args=GTS_TeamGame level=FrontEnd
[info ] FLOW online.ConfirmOpenPartyLobby gameTeamStatus=3
[info ] FLOW travel url=UI_PartyLobby_m?game=TransContent.TnPartyLobbyGame?listen server=false from=FrontEnd
[info ] FLOW loading.start kind=PartyLobby title= message= bink=TF_LoadingScreen gfx=UI_GFxLoading_p.LoadScreen_GFX tips=3
[info ] FLOW loading.engageText text=The Thermo Rocket Launcher can only lock-on to vehicles.
[info ] FLOW loading.engageText text=Jumping decreases the accuracy of your weapons.
[info ] FLOW loading.engageText text=Bring on the pain train. In truck form, take out enemies using your Ram ability.
[info ] FLOW audio.levelChange from=FrontEnd
[info ] FLOW audio.moviePlaying playing=true
[info ] FLOW audio.prefetch level=UI_PartyLobby_m
[info ] FLOW movie.open movie=TF_LoadingScreen_INT seconds=4.000000 loop=true
[info ] FLOW movie.firstFrame movie=TF_LoadingScreen_INT w=1280 h=720 t=0.041632
[info ] FLOW gfx.movieClosed movie=UI_GFxFrontEnd_p.FrontEnd_GFX_1
[info ] GFX loaded LoadScreen_GFX: stage 1120x720 @30 fps, 1 frames, 19 shapes, 77 sprites, 4 texts, 2 fonts, 4 bitmaps, 2 exports
[info ] GFX opened UI_GFxLoading_p.LoadScreen_GFX (F:/Transformers Rebuild/ExtractedAssets/content/UI_GFxLoading_p/LoadScreen_GFX.gfx)
[info ] FLOW gfx.loadingMovie movie=UI_GFxLoading_p.LoadScreen_GFX title= message=
[info ] FLOW level.begin level=PartyLobby map=UI_PartyLobby_m url=UI_PartyLobby_m?game=TransContent.TnPartyLobbyGame?listen
[info ] FLOW partylobby.game state=Ready gameTeamStatus=3 playlists=9
[info ] FLOW uicontroller Initialize TnUIControllerPartyLobby
[info ] FLOW uistate NotInGame -> InLobby (TnUIControllerPartyLobby)
[info ] FLOW ui OpenUI UI_GFxLobbies_p.PartyLobby_GFX_1
[info ] FLOW ui.open movie=UI_GFxLobbies_p.PartyLobby_GFX_1 state=InLobby
[info ] FLOW ui.state from=NotInGame to=InLobby controller=TnUIControllerPartyLobby level=PartyLobby
[info ] FLOW loading.close kind=PartyLobby level=PartyLobby
[info ] GFX loaded PartyLobby_GFX: stage 1120x720 @30 fps, 15 frames, 20 shapes, 95 sprites, 27 texts, 0 fonts, 3 bitmaps, 63 exports
[info ] FLOW fscommand movie=UI_GFxLobbies_p.PartyLobby_GFX_1 cmd=backgroundFadeIn arg=
[info ] GFX opened UI_GFxLobbies_p.PartyLobby_GFX_1 (F:/Transformers Rebuild/ExtractedAssets/content/UI_GFxLobbies_p/PartyLobby_GFX.gfx)
[info ] FLOW gfx.movie movie=UI_GFxLobbies_p.PartyLobby_GFX_1 opened=true
[info ] FLOW script.wait cond=level=PartyLobby
[info ] FLOW script.wait cond=ui=InLobby
[info ] ambient: UI_PartyLobby_m: 2 level cues, 0 reverb presets, 0 emitters, 0 zones, 0 pools, 4 Kismet audio ops / 4 links (manifests: Systems)
[info ] FLOW audio.uiLevel level=UI_PartyLobby_m
[info ] FLOW audio.levelEvent trigger=FsCommand:backgroundFadeIn
[info ] FLOW audio.moviePlaying playing=false
[info ] FLOW scene.enter uiLevel=UI_PartyLobby_m levels=2
[info ] wfc: released map render data (11 meshes, 85 programs, 118 textures)
[info ] glb: F:/Transformers Rebuild/ExtractedAssets/VerticalSlice/Maps/UI_CharacterCustomization/world.glb -> 180 verts, 200 tris, bounds [-2422.7 -1946.4 -1464.0]..[806.4 1330.4 1757.1]
[info ] frontend scene UI_CharacterCustomization: world.glb read 0 ms
[info ] wfc: movers: 0 (rotating + Matinee), 0 authored-hidden actors
[info ] wfc: map FX: 0 components (0 active), 0 systems
[info ] wfc: post: bloom 1 scale 1.00, DOF 0 far max 1.00 falloff 2000, CLUT none
[info ] glb: F:\Transformers Rebuild\Rebuild\build\release\bin/../../../work/render/UI_CharacterCustomization/bsp.glb -> 24 verts, 12 tris, bounds [-10.2 -0.6 32.0]..[30.7 0.0 73.0]
[info ] wfc: uploaded mesh 0: 24 verts, 6 submeshes (0 lightmapped, 6 programs, 1 total)
[warn ] glb: no triangles baked from F:\Transformers Rebuild\Rebuild\build\release\bin/../../../work/render/UI_CharacterCustomization/decals.glb
[warn ] wfc: decals.glb missing; static decals not drawn
[info ] wfc: shader path active: 54 materials, 0 lightmapped components, 2 lights, fog off (F:\Transformers Rebuild\Rebuild\build\release\bin/../../../work/render/UI_CharacterCustomization)
[info ] wfc: scene actors: 0 poses, 0 PHYS_Rotating, 0 authored-hidden
[info ] wfc: map props: 0 (energon totems + destructible), totem clip -1
[info ] wfc: map FX mesh emitters loaded: 0
[info ] wfc: uploaded mesh 1: 180 verts, 6 submeshes (0 lightmapped, 5 programs, 7 total)
[info ] frontend scene UI_CharacterCustomization loaded (6 submeshes)
[info ] frontend scene: UI_PartyLobby presented by the renderer (loadFrontendScene)
[info ] FLOW scene.levels uiLevel=UI_PartyLobby_m levels=UI_PartyLobby_m+UI_CharacterCustomization_m drawn=true why=
[info ] wfc: prewarmed 40 material programs in 81 ms
[info ] FLOW scene.view camera=CameraActor_2082 matinee= playing= pos=784.123,5252.110,234.995 rot=-2.988,-175.605,0.000 fov=70.000 drawn=true
[info ] VISUALCHECK frame 76 path=original black=0.000 flat=0.316 lumaP50=25 colors=33 draws=8 world=5 bsp=3 materials=6 noProgram=0 -> PASS
[info ] VISUALCHECK frame 196 path=original black=0.000 flat=0.318 lumaP50=25 colors=33 draws=8 world=5 bsp=3 materials=6 noProgram=0 -> PASS
[info ] VISUALCHECK frame 316 path=original black=0.000 flat=0.317 lumaP50=25 colors=34 draws=8 world=5 bsp=3 materials=6 noProgram=0 -> PASS
[info ] VISUALCHECK frame 436 path=original black=0.000 flat=0.316 lumaP50=25 colors=33 draws=8 world=5 bsp=3 materials=6 noProgram=0 -> PASS
[info ] GFX loaded SharedComponents_GFX: stage 1120x720 @30 fps, 1 frames, 16 shapes, 59 sprites, 12 texts, 0 fonts, 0 bitmaps, 46 exports
[info ] GFX loaded Fonts_EFIGS: stage 800x450 @30 fps, 1 frames, 0 shapes, 0 sprites, 3 texts, 3 fonts, 0 bitmaps, 0 exports
[info ] VISUALCHECK frame 556 path=original black=0.000 flat=0.317 lumaP50=25 colors=33 draws=8 world=5 bsp=3 materials=6 noProgram=0 -> PASS
[info ] VISUALCHECK frame 676 path=original black=0.000 flat=0.319 lumaP50=25 colors=34 draws=8 world=5 bsp=3 materials=6 noProgram=0 -> PASS
[info ] VISUALCHECK frame 796 path=original black=0.000 flat=0.313 lumaP50=25 colors=33 draws=8 world=5 bsp=3 materials=6 noProgram=0 -> PASS
[info ] VISUALCHECK frame 916 path=original black=0.000 flat=0.313 lumaP50=25 colors=33 draws=8 world=5 bsp=3 materials=6 noProgram=0 -> PASS
[info ] GFX loaded PlayerList_GFX: stage 1120x720 @30 fps, 1 frames, 18 shapes, 61 sprites, 5 texts, 0 fonts, 34 bitmaps, 70 exports
[info ] GFX loadClip ../PlayerList/PlayerList.swf -> PlayerList_GFX
[info ] FLOW datastore.unknownHeader markup=<CurrentGame:Players> tag=PlayerLevel
[info ] FLOW datastore.unknownHeader markup=<CurrentGame:Players> tag=PlayerName
[info ] FLOW datastore.unknownHeader markup=<CurrentGame:Players> tag=PlayerLevel
[info ] FLOW datastore.unknownHeader markup=<CurrentGame:Players> tag=PlayerName
[info ] FLOW datastore.unknownHeader markup=<CurrentGame:Players> tag=PlayerLevel
[info ] FLOW datastore.unknownHeader markup=<CurrentGame:Players> tag=PlayerName
[info ] FLOW datastore.unhandled fn=ReadValue markup=<CurrentGame:AttackingTeamIndex>
[info ] FLOW datastore.unhandled fn=ReadValue markup=<CurrentGame:AttackingTeamIndex>
[info ] FLOW datastore.unhandled fn=ReadValue markup=<CurrentGame:AttackingTeamIndex>
[info ] FLOW datastore.unhandled fn=ReadValue markup=<CurrentGame:AttackingTeamIndex>
[info ] GFX loaded SharedIcons_GFX: stage 1120x720 @30 fps, 1 frames, 94 shapes, 103 sprites, 0 texts, 0 fonts, 0 bitmaps, 103 exports
[info ] VISUALCHECK frame 1036 path=original black=0.000 flat=0.314 lumaP50=26 colors=33 draws=8 world=5 bsp=3 materials=6 noProgram=0 -> PASS
[info ] VISUALCHECK frame 1156 path=original black=0.000 flat=0.312 lumaP50=26 colors=33 draws=8 world=5 bsp=3 materials=6 noProgram=0 -> PASS
[info ] VISUALCHECK frame 1276 path=original black=0.000 flat=0.312 lumaP50=26 colors=33 draws=8 world=5 bsp=3 materials=6 noProgram=0 -> PASS
[info ] VISUALCHECK frame 1396 path=original black=0.000 flat=0.315 lumaP50=26 colors=33 draws=8 world=5 bsp=3 materials=6 noProgram=0 -> PASS
[info ] VISUALCHECK frame 1516 path=original black=0.000 flat=0.317 lumaP50=26 colors=34 draws=8 world=5 bsp=3 materials=6 noProgram=0 -> PASS
[info ] VISUALCHECK frame 1636 path=original black=0.000 flat=0.315 lumaP50=26 colors=34 draws=8 world=5 bsp=3 materials=6 noProgram=0 -> PASS
[info ] VISUALCHECK frame 1756 path=original black=0.000 flat=0.316 lumaP50=26 colors=32 draws=8 world=5 bsp=3 materials=6 noProgram=0 -> PASS
[info ] FLOW scene.view camera=CameraActor_2082 matinee= playing= pos=784.123,5252.110,234.995 rot=-2.988,-175.605,0.000 fov=70.000 drawn=true
[info ] VISUALCHECK frame 1876 path=original black=0.000 flat=0.319 lumaP50=26 colors=33 draws=8 world=5 bsp=3 materials=6 noProgram=0 -> PASS
[info ] VISUALCHECK frame 1996 path=original black=0.000 flat=0.315 lumaP50=26 colors=34 draws=8 world=5 bsp=3 materials=6 noProgram=0 -> PASS
[info ] VISUALCHECK frame 2116 path=original black=0.000 flat=0.312 lumaP50=26 colors=33 draws=8 world=5 bsp=3 materials=6 noProgram=0 -> PASS
[info ] VISUALCHECK frame 2236 path=original black=0.000 flat=0.310 lumaP50=26 colors=33 draws=8 world=5 bsp=3 materials=6 noProgram=0 -> PASS
[info ] VISUALCHECK frame 2356 path=original black=0.000 flat=0.313 lumaP50=26 colors=33 draws=8 world=5 bsp=3 materials=6 noProgram=0 -> PASS
[info ] VISUALCHECK frame 2476 path=original black=0.000 flat=0.311 lumaP50=26 colors=33 draws=8 world=5 bsp=3 materials=6 noProgram=0 -> PASS
[info ] VISUALCHECK frame 2596 path=original black=0.000 flat=0.314 lumaP50=26 colors=33 draws=8 world=5 bsp=3 materials=6 noProgram=0 -> PASS
[info ] VISUALCHECK frame 2716 path=original black=0.000 flat=0.314 lumaP50=26 colors=33 draws=8 world=5 bsp=3 materials=6 noProgram=0 -> PASS
[info ] VISUALCHECK frame 2836 path=original black=0.000 flat=0.315 lumaP50=26 colors=33 draws=8 world=5 bsp=3 materials=6 noProgram=0 -> PASS
[info ] VISUALCHECK frame 2956 path=original black=0.000 flat=0.313 lumaP50=26 colors=33 draws=8 world=5 bsp=3 materials=6 noProgram=0 -> PASS
[info ] VISUALCHECK frame 3076 path=original black=0.000 flat=0.312 lumaP50=26 colors=34 draws=8 world=5 bsp=3 materials=6 noProgram=0 -> PASS
[info ] VISUALCHECK frame 3196 path=original black=0.000 flat=0.316 lumaP50=26 colors=33 draws=8 world=5 bsp=3 materials=6 noProgram=0 -> PASS
[info ] FLOW script.wait cond=t=4
[info ] VISUALCHECK F:/Transformers Rebuild/Rebuild/work/m6b/visual_suite_final/flow_2_partylobby.bmp -> PASS
[info ] screenshot: F:/Transformers Rebuild/Rebuild/work/m6b/visual_suite_final/flow_2_partylobby.bmp (1280x720)
[info ] FLOW bridge fn=Online.EditGameMode args=TDM level=PartyLobby
[info ] FLOW lobby.publishGameInfo tag=TDM settings=TnOnlineGameSettingsTDMPrivate friendlyName=Team Deathmatch
[info ] FLOW gfx.dsCallback movie=UI_GFxLobbies_p.PartyLobby_GFX_1 markup=<CurrentGame:GameModeTag> value=TDM callback=_level0.lobby_mc.playerListAnchor_mc.playerList_mc.UpdateGameModeTag
[info ] FLOW bridge fn=Online.PlayPrivateGame args=TDM level=PartyLobby
[info ] FLOW online.HostOnlineGame settings=TnOnlineGameSettingsTDMPrivate lobbyUrl=UI_Lobby_m?Game=TransContent.TnGameLobbyGameTeam?GameModeTag=TDM?GameTeamStatus=3?MaxPlayers=10?IconicMode=0?listen
[info ] FLOW travel url=UI_Lobby_m?Game=TransContent.TnGameLobbyGameTeam?GameModeTag=TDM?GameTeamStatus=3?MaxPlayers=10?IconicMode=0?listen server=true from=PartyLobby
[info ] FLOW loading.start kind=GameLobby title= message= bink=TF_LoadingScreen gfx=UI_GFxLoading_p.LoadScreen_GFX tips=3
[info ] FLOW loading.engageText text=You can remotely detonate grenades launched by the Magma Frag Launcher.
[info ] FLOW loading.engageText text=Remember to reload your weapon after every fire fight.
[info ] FLOW loading.engageText text=The Hover Ability increases all weapon damage.
[info ] FLOW audio.levelChange from=PartyLobby
[info ] FLOW audio.moviePlaying playing=true
[info ] FLOW audio.prefetch level=UI_Lobby_m
[info ] FLOW movie.open movie=TF_LoadingScreen_INT seconds=4.000000 loop=true
[info ] FLOW movie.firstFrame movie=TF_LoadingScreen_INT w=1280 h=720 t=0.081858
[info ] FLOW gfx.movieClosed movie=UI_GFxLobbies_p.PartyLobby_GFX_1
[info ] GFX loaded LoadScreen_GFX: stage 1120x720 @30 fps, 1 frames, 19 shapes, 77 sprites, 4 texts, 2 fonts, 4 bitmaps, 2 exports
[info ] GFX opened UI_GFxLoading_p.LoadScreen_GFX (F:/Transformers Rebuild/ExtractedAssets/content/UI_GFxLoading_p/LoadScreen_GFX.gfx)
[info ] FLOW gfx.loadingMovie movie=UI_GFxLoading_p.LoadScreen_GFX title= message=
[info ] FLOW level.begin level=GameLobby map=UI_Lobby_m url=UI_Lobby_m?Game=TransContent.TnGameLobbyGameTeam?GameModeTag=TDM?GameTeamStatus=3?MaxPlayers=10?IconicMode=0?listen
[info ] FLOW gamelobby.game gameClass=TransContent.TnGameLobbyGameTeam tag=TDM settings=TnOnlineGameSettingsTDMPrivate private=true mapSelectionMethod=1
[info ] FLOW gamelobby.map mapId=503 map=MP_UND_Complex_BASE_m name=Complex hasRequiredAssets=true
[info ] FLOW gamelobby.status lobbyStatus=3 text=Waiting for host to start game
[info ] FLOW uicontroller Initialize TnUIControllerGameLobby
[info ] FLOW uistate NotInGame -> InLobby (TnUIControllerGameLobby)
[info ] FLOW ui OpenUI UI_GFxLobbies_p.GameLobby_GFX_1
[info ] FLOW ui.open movie=UI_GFxLobbies_p.GameLobby_GFX_1 state=InLobby
[info ] FLOW ui.state from=NotInGame to=InLobby controller=TnUIControllerGameLobby level=GameLobby
[info ] FLOW loading.close kind=GameLobby level=GameLobby
[info ] GFX loaded GameLobby_GFX: stage 1120x720 @30 fps, 15 frames, 31 shapes, 116 sprites, 27 texts, 0 fonts, 7 bitmaps, 67 exports
[info ] FLOW fscommand movie=UI_GFxLobbies_p.GameLobby_GFX_1 cmd=backgroundFadeIn arg=
[info ] GFX opened UI_GFxLobbies_p.GameLobby_GFX_1 (F:/Transformers Rebuild/ExtractedAssets/content/UI_GFxLobbies_p/GameLobby_GFX.gfx)
[info ] FLOW gfx.movie movie=UI_GFxLobbies_p.GameLobby_GFX_1 opened=true
[info ] FLOW script.wait cond=level=GameLobby
[info ] FLOW script.wait cond=ui=InLobby
[info ] ambient: UI_Lobby_m: 3 level cues, 0 reverb presets, 0 emitters, 0 zones, 0 pools, 4 Kismet audio ops / 4 links (manifests: Systems)
[info ] FLOW audio.uiLevel level=UI_Lobby_m
[info ] FLOW audio.levelEvent trigger=FsCommand:backgroundFadeIn
[info ] FLOW audio.moviePlaying playing=false
[info ] FLOW scene.enter uiLevel=UI_Lobby_m levels=2
[info ] wfc: released map render data (2 meshes, 53 programs, 52 textures)
[info ] glb: F:/Transformers Rebuild/ExtractedAssets/VerticalSlice/Maps/UI_CharacterCustomization/world.glb -> 180 verts, 200 tris, bounds [-2422.7 -1946.4 -1464.0]..[806.4 1330.4 1757.1]
[info ] frontend scene UI_CharacterCustomization: world.glb read 0 ms
[info ] wfc: movers: 0 (rotating + Matinee), 0 authored-hidden actors
[info ] wfc: map FX: 0 components (0 active), 0 systems
[info ] wfc: post: bloom 1 scale 1.00, DOF 0 far max 1.00 falloff 2000, CLUT none
[info ] glb: F:\Transformers Rebuild\Rebuild\build\release\bin/../../../work/render/UI_CharacterCustomization/bsp.glb -> 24 verts, 12 tris, bounds [-10.2 -0.6 32.0]..[30.7 0.0 73.0]
[info ] wfc: uploaded mesh 0: 24 verts, 6 submeshes (0 lightmapped, 6 programs, 1 total)
[warn ] glb: no triangles baked from F:\Transformers Rebuild\Rebuild\build\release\bin/../../../work/render/UI_CharacterCustomization/decals.glb
[warn ] wfc: decals.glb missing; static decals not drawn
[info ] wfc: shader path active: 54 materials, 0 lightmapped components, 2 lights, fog off (F:\Transformers Rebuild\Rebuild\build\release\bin/../../../work/render/UI_CharacterCustomization)
[info ] wfc: scene actors: 0 poses, 0 PHYS_Rotating, 0 authored-hidden
[info ] wfc: map props: 0 (energon totems + destructible), totem clip -1
[info ] wfc: map FX mesh emitters loaded: 0
[info ] wfc: uploaded mesh 1: 180 verts, 6 submeshes (0 lightmapped, 5 programs, 7 total)
[info ] frontend scene UI_CharacterCustomization loaded (6 submeshes)
[info ] frontend scene: UI_Lobby presented by the renderer (loadFrontendScene)
[info ] FLOW scene.levels uiLevel=UI_Lobby_m levels=UI_Lobby_m+UI_CharacterCustomization_m drawn=true why=
[info ] wfc: prewarmed 40 material programs in 87 ms
[info ] FLOW scene.view camera=CameraActor_2082 matinee= playing= pos=784.123,5252.110,234.995 rot=-2.988,-175.605,0.000 fov=70.000 drawn=true
[info ] VISUALCHECK frame 116 path=original black=0.000 flat=0.318 lumaP50=26 colors=32 draws=8 world=5 bsp=3 materials=6 noProgram=0 -> PASS
[info ] VISUALCHECK frame 236 path=original black=0.000 flat=0.318 lumaP50=26 colors=32 draws=8 world=5 bsp=3 materials=6 noProgram=0 -> PASS
[info ] VISUALCHECK frame 356 path=original black=0.000 flat=0.314 lumaP50=26 colors=32 draws=8 world=5 bsp=3 materials=6 noProgram=0 -> PASS
[info ] VISUALCHECK frame 476 path=original black=0.000 flat=0.316 lumaP50=26 colors=33 draws=8 world=5 bsp=3 materials=6 noProgram=0 -> PASS
[info ] GFX loaded SharedComponents_GFX: stage 1120x720 @30 fps, 1 frames, 16 shapes, 59 sprites, 12 texts, 0 fonts, 0 bitmaps, 46 exports
[info ] GFX loaded Fonts_EFIGS: stage 800x450 @30 fps, 1 frames, 0 shapes, 0 sprites, 3 texts, 3 fonts, 0 bitmaps, 0 exports
[info ] VISUALCHECK frame 596 path=original black=0.000 flat=0.316 lumaP50=26 colors=32 draws=8 world=5 bsp=3 materials=6 noProgram=0 -> PASS
[info ] VISUALCHECK frame 716 path=original black=0.000 flat=0.315 lumaP50=26 colors=32 draws=8 world=5 bsp=3 materials=6 noProgram=0 -> PASS
[info ] VISUALCHECK frame 836 path=original black=0.000 flat=0.316 lumaP50=26 colors=32 draws=8 world=5 bsp=3 materials=6 noProgram=0 -> PASS
[info ] VISUALCHECK frame 956 path=original black=0.000 flat=0.314 lumaP50=26 colors=33 draws=8 world=5 bsp=3 materials=6 noProgram=0 -> PASS
[info ] VISUALCHECK frame 1076 path=original black=0.000 flat=0.316 lumaP50=26 colors=32 draws=8 world=5 bsp=3 materials=6 noProgram=0 -> PASS
[info ] FLOW bridge fn=Online.CheckCampaignCompleteMessage args= level=GameLobby
[info ] GFX loaded SharedIcons_GFX: stage 1120x720 @30 fps, 1 frames, 94 shapes, 103 sprites, 0 texts, 0 fonts, 0 bitmaps, 103 exports
[info ] FLOW bridge fn=Online.SetSelectedMapID args=501 level=GameLobby
[info ] FLOW gamelobby.map mapId=501 map=MP_IAC_Seed_Base_m name=Seed Of Corruption hasRequiredAssets=true
[info ] GFX loaded PlayerList_GFX: stage 1120x720 @30 fps, 1 frames, 18 shapes, 61 sprites, 5 texts, 0 fonts, 34 bitmaps, 70 exports
[info ] GFX loadClip ../PlayerList/PlayerList.swf -> PlayerList_GFX
[info ] FLOW datastore.unknownHeader markup=<CurrentGame:Players> tag=PlayerLevel
[info ] FLOW datastore.unknownHeader markup=<CurrentGame:Players> tag=PlayerName
[info ] FLOW datastore.unknownHeader markup=<CurrentGame:Players> tag=Score
[info ] FLOW datastore.unknownHeader markup=<CurrentGame:Players> tag=PlayerLevel
[info ] FLOW datastore.unknownHeader markup=<CurrentGame:Players> tag=PlayerName
[info ] FLOW datastore.unknownHeader markup=<CurrentGame:Players> tag=Score
[info ] FLOW datastore.unknownHeader markup=<CurrentGame:Players> tag=PlayerLevel
[info ] FLOW datastore.unknownHeader markup=<CurrentGame:Players> tag=PlayerName
[info ] FLOW datastore.unknownHeader markup=<CurrentGame:Players> tag=Score
[info ] FLOW datastore.unhandled fn=ReadValue markup=<CurrentGame:AttackingTeamIndex>
[info ] FLOW datastore.unhandled fn=ReadValue markup=<CurrentGame:AttackingTeamIndex>
[info ] FLOW datastore.unhandled fn=ReadValue markup=<CurrentGame:AttackingTeamIndex>
[info ] FLOW datastore.unhandled fn=ReadValue markup=<CurrentGame:AttackingTeamIndex>
[info ] VISUALCHECK frame 1196 path=original black=0.000 flat=0.314 lumaP50=26 colors=32 draws=8 world=5 bsp=3 materials=6 noProgram=0 -> PASS
[info ] FLOW gfx.externalTexture movie=UI_GFxLobbies_p.GameLobby_GFX_1 resource=MapImage1 texture=UI_LevelThumbnails_p.MP_SeedOfCorruption
[info ] VISUALCHECK frame 1316 path=original black=0.000 flat=0.311 lumaP50=26 colors=32 draws=8 world=5 bsp=3 materials=6 noProgram=0 -> PASS
[info ] VISUALCHECK frame 1436 path=original black=0.000 flat=0.313 lumaP50=26 colors=32 draws=8 world=5 bsp=3 materials=6 noProgram=0 -> PASS
[info ] VISUALCHECK frame 1556 path=original black=0.000 flat=0.315 lumaP50=26 colors=32 draws=8 world=5 bsp=3 materials=6 noProgram=0 -> PASS
[info ] VISUALCHECK frame 1676 path=original black=0.000 flat=0.315 lumaP50=26 colors=33 draws=8 world=5 bsp=3 materials=6 noProgram=0 -> PASS
[info ] FLOW scene.view camera=CameraActor_2082 matinee= playing= pos=784.123,5252.110,234.995 rot=-2.988,-175.605,0.000 fov=70.000 drawn=true
[info ] VISUALCHECK frame 1796 path=original black=0.000 flat=0.315 lumaP50=26 colors=33 draws=8 world=5 bsp=3 materials=6 noProgram=0 -> PASS
[info ] VISUALCHECK frame 1916 path=original black=0.000 flat=0.312 lumaP50=26 colors=33 draws=8 world=5 bsp=3 materials=6 noProgram=0 -> PASS
[info ] VISUALCHECK frame 2036 path=original black=0.000 flat=0.314 lumaP50=26 colors=32 draws=8 world=5 bsp=3 materials=6 noProgram=0 -> PASS
[info ] FLOW script.wait cond=t=3
[info ] FLOW bridge fn=Online.SetSelectedMapID args=508 level=GameLobby
[info ] FLOW gamelobby.map mapId=508 map=MP_IAC_Streets_Base_m name=Streets hasRequiredAssets=true
[info ] FLOW gfx.externalTexture movie=UI_GFxLobbies_p.GameLobby_GFX_1 resource=MapImage2 texture=UI_LevelThumbnails_p.MP_Streets
[info ] FLOW gfx.dsCallback movie=UI_GFxLobbies_p.GameLobby_GFX_1 markup=<CurrentGame:SelectedMapID> value=508 callback=_level0.lobby_mc.mapDisplay_mc.updateSelectedMap
[info ] VISUALCHECK frame 2156 path=original black=0.000 flat=0.320 lumaP50=26 colors=32 draws=8 world=5 bsp=3 materials=6 noProgram=0 -> PASS
[info ] VISUALCHECK frame 2276 path=original black=0.000 flat=0.319 lumaP50=26 colors=32 draws=8 world=5 bsp=3 materials=6 noProgram=0 -> PASS
[info ] VISUALCHECK frame 2396 path=original black=0.000 flat=0.319 lumaP50=26 colors=32 draws=8 world=5 bsp=3 materials=6 noProgram=0 -> PASS
[info ] VISUALCHECK frame 2516 path=original black=0.000 flat=0.317 lumaP50=26 colors=32 draws=8 world=5 bsp=3 materials=6 noProgram=0 -> PASS
[info ] FLOW scene.view camera=CameraActor_2082 matinee= playing= pos=784.123,5252.110,234.995 rot=-2.988,-175.605,0.000 fov=70.000 drawn=true
[info ] VISUALCHECK frame 2636 path=original black=0.000 flat=0.317 lumaP50=26 colors=32 draws=8 world=5 bsp=3 materials=6 noProgram=0 -> PASS
[info ] VISUALCHECK frame 2756 path=original black=0.000 flat=0.318 lumaP50=26 colors=32 draws=8 world=5 bsp=3 materials=6 noProgram=0 -> PASS
[info ] VISUALCHECK frame 2876 path=original black=0.000 flat=0.317 lumaP50=26 colors=32 draws=8 world=5 bsp=3 materials=6 noProgram=0 -> PASS
[info ] FLOW script.wait cond=t=2
[info ] FLOW bridge fn=Online.BeginLobbyExitCountdown args= level=GameLobby
[info ] FLOW gamelobby.countdown seconds=10 kind=BeginShortCountdown
[info ] FLOW gfx.dsCallback movie=UI_GFxLobbies_p.GameLobby_GFX_1 markup=<CurrentGame:LobbyStatus> value= callback=_level0.lobby_mc.instance8.instance9.updateLobbyStatus
[info ] FLOW gfx.dsCallback movie=UI_GFxLobbies_p.GameLobby_GFX_1 markup=<CurrentGame:CanHostRequestGameStart> value=0 callback=_level0.lobby_mc.menuAnchor_mc.menu_mc.updateMenu
[info ] FLOW gfx.dsCallback movie=UI_GFxLobbies_p.GameLobby_GFX_1 markup=<CurrentGame:IsCountingDown> value=1 callback=_level0.lobby_mc.menuAnchor_mc.menu_mc.updateMenu
[info ] FLOW gfx.dsCallback movie=UI_GFxLobbies_p.GameLobby_GFX_1 markup=<CurrentGame:CurrentCountdown> value=10 callback=_level0.lobby_mc.instance3.instance24.updateCountdown
[info ] FLOW gfx.dsCallback movie=UI_GFxLobbies_p.GameLobby_GFX_1 markup=<CurrentGame:IsCountingDown> value=1 callback=_level0.lobby_mc.instance3.instance24.showCountdown
[info ] VISUALCHECK frame 2996 path=original black=0.000 flat=0.310 lumaP50=26 colors=32 draws=8 world=5 bsp=3 materials=6 noProgram=0 -> PASS
[info ] VISUALCHECK frame 3116 path=original black=0.000 flat=0.308 lumaP50=26 colors=32 draws=8 world=5 bsp=3 materials=6 noProgram=0 -> PASS
[info ] VISUALCHECK frame 3236 path=original black=0.000 flat=0.309 lumaP50=26 colors=32 draws=8 world=5 bsp=3 materials=6 noProgram=0 -> PASS
[info ] FLOW gamelobby.countdownTick value=9
[info ] FLOW gfx.dsCallback movie=UI_GFxLobbies_p.GameLobby_GFX_1 markup=<CurrentGame:CurrentCountdown> value=9 callback=_level0.lobby_mc.instance3.instance24.updateCountdown
[info ] VISUALCHECK frame 3356 path=original black=0.000 flat=0.312 lumaP50=26 colors=32 draws=8 world=5 bsp=3 materials=6 noProgram=0 -> PASS
[info ] FLOW scene.view camera=CameraActor_2082 matinee= playing= pos=784.123,5252.110,234.995 rot=-2.988,-175.605,0.000 fov=70.000 drawn=true
[info ] VISUALCHECK frame 3476 path=original black=0.000 flat=0.311 lumaP50=26 colors=33 draws=8 world=5 bsp=3 materials=6 noProgram=0 -> PASS
[info ] VISUALCHECK frame 3596 path=original black=0.000 flat=0.310 lumaP50=26 colors=32 draws=8 world=5 bsp=3 materials=6 noProgram=0 -> PASS
[info ] VISUALCHECK frame 3716 path=original black=0.000 flat=0.311 lumaP50=26 colors=32 draws=8 world=5 bsp=3 materials=6 noProgram=0 -> PASS
[info ] VISUALCHECK frame 3836 path=original black=0.000 flat=0.311 lumaP50=26 colors=32 draws=8 world=5 bsp=3 materials=6 noProgram=0 -> PASS
[info ] FLOW gamelobby.countdownTick value=8
[info ] FLOW gfx.dsCallback movie=UI_GFxLobbies_p.GameLobby_GFX_1 markup=<CurrentGame:CurrentCountdown> value=8 callback=_level0.lobby_mc.instance3.instance24.updateCountdown
[info ] VISUALCHECK frame 3956 path=original black=0.000 flat=0.314 lumaP50=26 colors=32 draws=8 world=5 bsp=3 materials=6 noProgram=0 -> PASS
[info ] VISUALCHECK frame 4076 path=original black=0.000 flat=0.316 lumaP50=26 colors=32 draws=8 world=5 bsp=3 materials=6 noProgram=0 -> PASS
[info ] VISUALCHECK frame 4196 path=original black=0.000 flat=0.317 lumaP50=26 colors=33 draws=8 world=5 bsp=3 materials=6 noProgram=0 -> PASS
[info ] VISUALCHECK frame 4316 path=original black=0.000 flat=0.317 lumaP50=26 colors=32 draws=8 world=5 bsp=3 materials=6 noProgram=0 -> PASS
[info ] VISUALCHECK frame 4436 path=original black=0.000 flat=0.321 lumaP50=26 colors=32 draws=8 world=5 bsp=3 materials=6 noProgram=0 -> PASS
[info ] FLOW gamelobby.countdownTick value=7
[info ] FLOW gfx.dsCallback movie=UI_GFxLobbies_p.GameLobby_GFX_1 markup=<CurrentGame:CurrentCountdown> value=7 callback=_level0.lobby_mc.instance3.instance24.updateCountdown
[info ] VISUALCHECK frame 4556 path=original black=0.000 flat=0.319 lumaP50=26 colors=32 draws=8 world=5 bsp=3 materials=6 noProgram=0 -> PASS
[info ] FLOW scene.view camera=CameraActor_2082 matinee= playing= pos=784.123,5252.110,234.995 rot=-2.988,-175.605,0.000 fov=70.000 drawn=true
[info ] VISUALCHECK frame 4676 path=original black=0.000 flat=0.313 lumaP50=26 colors=32 draws=8 world=5 bsp=3 materials=6 noProgram=0 -> PASS
[info ] VISUALCHECK frame 4796 path=original black=0.000 flat=0.312 lumaP50=26 colors=33 draws=8 world=5 bsp=3 materials=6 noProgram=0 -> PASS
[info ] VISUALCHECK frame 4916 path=original black=0.000 flat=0.311 lumaP50=26 colors=33 draws=8 world=5 bsp=3 materials=6 noProgram=0 -> PASS
[info ] FLOW gamelobby.countdownTick value=6
[info ] FLOW gfx.dsCallback movie=UI_GFxLobbies_p.GameLobby_GFX_1 markup=<CurrentGame:CurrentCountdown> value=6 callback=_level0.lobby_mc.instance3.instance24.updateCountdown
[info ] VISUALCHECK frame 5036 path=original black=0.000 flat=0.310 lumaP50=26 colors=32 draws=8 world=5 bsp=3 materials=6 noProgram=0 -> PASS
[info ] VISUALCHECK frame 5156 path=original black=0.000 flat=0.310 lumaP50=26 colors=32 draws=8 world=5 bsp=3 materials=6 noProgram=0 -> PASS
[info ] VISUALCHECK frame 5276 path=original black=0.000 flat=0.313 lumaP50=26 colors=32 draws=8 world=5 bsp=3 materials=6 noProgram=0 -> PASS
[info ] VISUALCHECK frame 5396 path=original black=0.000 flat=0.317 lumaP50=26 colors=32 draws=8 world=5 bsp=3 materials=6 noProgram=0 -> PASS
[info ] FLOW gamelobby.countdownTick value=5
[info ] FLOW gfx.dsCallback movie=UI_GFxLobbies_p.GameLobby_GFX_1 markup=<CurrentGame:CurrentCountdown> value=5 callback=_level0.lobby_mc.instance3.instance24.updateCountdown
[info ] VISUALCHECK frame 5516 path=original black=0.000 flat=0.319 lumaP50=26 colors=32 draws=8 world=5 bsp=3 materials=6 noProgram=0 -> PASS
[info ] FLOW scene.view camera=CameraActor_2082 matinee= playing= pos=784.123,5252.110,234.995 rot=-2.988,-175.605,0.000 fov=70.000 drawn=true
[info ] VISUALCHECK frame 5636 path=original black=0.000 flat=0.316 lumaP50=26 colors=33 draws=8 world=5 bsp=3 materials=6 noProgram=0 -> PASS
[info ] VISUALCHECK frame 5756 path=original black=0.000 flat=0.313 lumaP50=26 colors=32 draws=8 world=5 bsp=3 materials=6 noProgram=0 -> PASS
[info ] VISUALCHECK frame 5876 path=original black=0.000 flat=0.314 lumaP50=26 colors=32 draws=8 world=5 bsp=3 materials=6 noProgram=0 -> PASS
[info ] VISUALCHECK frame 5996 path=original black=0.000 flat=0.316 lumaP50=26 colors=32 draws=8 world=5 bsp=3 materials=6 noProgram=0 -> PASS
[info ] FLOW gamelobby.countdownTick value=4
[info ] FLOW gfx.dsCallback movie=UI_GFxLobbies_p.GameLobby_GFX_1 markup=<CurrentGame:CurrentCountdown> value=4 callback=_level0.lobby_mc.instance3.instance24.updateCountdown
[info ] VISUALCHECK frame 6116 path=original black=0.000 flat=0.313 lumaP50=26 colors=32 draws=8 world=5 bsp=3 materials=6 noProgram=0 -> PASS
[info ] VISUALCHECK frame 6236 path=original black=0.000 flat=0.316 lumaP50=26 colors=32 draws=8 world=5 bsp=3 materials=6 noProgram=0 -> PASS
[info ] VISUALCHECK frame 6356 path=original black=0.000 flat=0.318 lumaP50=26 colors=33 draws=8 world=5 bsp=3 materials=6 noProgram=0 -> PASS
[info ] VISUALCHECK frame 6476 path=original black=0.000 flat=0.315 lumaP50=26 colors=32 draws=8 world=5 bsp=3 materials=6 noProgram=0 -> PASS
[info ] FLOW gamelobby.countdownTick value=3
[info ] FLOW gfx.dsCallback movie=UI_GFxLobbies_p.GameLobby_GFX_1 markup=<CurrentGame:CurrentCountdown> value=3 callback=_level0.lobby_mc.instance3.instance24.updateCountdown
[info ] VISUALCHECK frame 6596 path=original black=0.000 flat=0.318 lumaP50=26 colors=32 draws=8 world=5 bsp=3 materials=6 noProgram=0 -> PASS
[info ] FLOW scene.view camera=CameraActor_2082 matinee= playing= pos=784.123,5252.110,234.995 rot=-2.988,-175.605,0.000 fov=70.000 drawn=true
[info ] VISUALCHECK frame 6716 path=original black=0.000 flat=0.313 lumaP50=26 colors=32 draws=8 world=5 bsp=3 materials=6 noProgram=0 -> PASS
[info ] VISUALCHECK frame 6836 path=original black=0.000 flat=0.312 lumaP50=26 colors=33 draws=8 world=5 bsp=3 materials=6 noProgram=0 -> PASS
[info ] VISUALCHECK frame 6956 path=original black=0.000 flat=0.316 lumaP50=26 colors=32 draws=8 world=5 bsp=3 materials=6 noProgram=0 -> PASS
[info ] VISUALCHECK frame 7076 path=original black=0.000 flat=0.314 lumaP50=26 colors=32 draws=8 world=5 bsp=3 materials=6 noProgram=0 -> PASS
[info ] FLOW gamelobby.countdownTick value=2
[info ] FLOW gfx.dsCallback movie=UI_GFxLobbies_p.GameLobby_GFX_1 markup=<CurrentGame:CurrentCountdown> value=2 callback=_level0.lobby_mc.instance3.instance24.updateCountdown
[info ] VISUALCHECK frame 7196 path=original black=0.000 flat=0.315 lumaP50=26 colors=32 draws=8 world=5 bsp=3 materials=6 noProgram=0 -> PASS
[info ] VISUALCHECK frame 7316 path=original black=0.000 flat=0.318 lumaP50=26 colors=32 draws=8 world=5 bsp=3 materials=6 noProgram=0 -> PASS
[info ] VISUALCHECK frame 7436 path=original black=0.000 flat=0.321 lumaP50=26 colors=33 draws=8 world=5 bsp=3 materials=6 noProgram=0 -> PASS
[info ] VISUALCHECK frame 7556 path=original black=0.000 flat=0.317 lumaP50=26 colors=32 draws=8 world=5 bsp=3 materials=6 noProgram=0 -> PASS
[info ] FLOW gamelobby.countdownTick value=1
[info ] FLOW gfx.dsCallback movie=UI_GFxLobbies_p.GameLobby_GFX_1 markup=<CurrentGame:CurrentCountdown> value=1 callback=_level0.lobby_mc.instance3.instance24.updateCountdown
[info ] VISUALCHECK frame 7676 path=original black=0.000 flat=0.313 lumaP50=26 colors=32 draws=8 world=5 bsp=3 materials=6 noProgram=0 -> PASS
[info ] FLOW scene.view camera=CameraActor_2082 matinee= playing= pos=784.123,5252.110,234.995 rot=-2.988,-175.605,0.000 fov=70.000 drawn=true
[info ] VISUALCHECK frame 7796 path=original black=0.000 flat=0.313 lumaP50=26 colors=32 draws=8 world=5 bsp=3 materials=6 noProgram=0 -> PASS
[info ] VISUALCHECK frame 7916 path=original black=0.000 flat=0.314 lumaP50=26 colors=32 draws=8 world=5 bsp=3 materials=6 noProgram=0 -> PASS
[info ] VISUALCHECK frame 8036 path=original black=0.000 flat=0.312 lumaP50=26 colors=32 draws=8 world=5 bsp=3 materials=6 noProgram=0 -> PASS
[info ] VISUALCHECK frame 8156 path=original black=0.000 flat=0.310 lumaP50=27 colors=32 draws=8 world=5 bsp=3 materials=6 noProgram=0 -> PASS
[info ] VISUALCHECK frame 8276 path=original black=0.000 flat=0.314 lumaP50=27 colors=32 draws=8 world=5 bsp=3 materials=6 noProgram=0 -> PASS
[info ] FLOW gamelobby.countdownTick value=0
[info ] FLOW gamelobby.finalCountdown team=0 teamName=Autobots
[info ] FLOW gamelobby.startLevel url=MP_IAC_Streets_Base_m?PlaylistId=-1?GamerRegion=0?PointsToWin=40?Game=TransContent.TnVersusGame?GameModeTag=TDM?GameTeamStatus=3?GameRules=?MaxPlayers=10?StatsWriters=?LobbyGameClassName=TransContent.TnGameLobbyGameTeam?IconicMode=0?TimeLimit=900.00?listen?MapId=508
[info ] FLOW travel url=MP_IAC_Streets_Base_m?PlaylistId=-1?GamerRegion=0?PointsToWin=40?Game=TransContent.TnVersusGame?GameModeTag=TDM?GameTeamStatus=3?GameRules=?MaxPlayers=10?StatsWriters=?LobbyGameClassName=TransContent.TnGameLobbyGameTeam?IconicMode=0?TimeLimit=900.00?listen?MapId=508 server=true from=GameLobby
[info ] FLOW loading.start kind=Map title=Team Deathmatch message=in Streets bink=TF_LoadingScreen gfx=UI_GFxLoading_p.LoadScreen_GFX tips=3
[info ] FLOW loading.engageText text=Don't get fooled. Decoy Traps can be destroyed by shooting them.
[info ] FLOW loading.engageText text=Don't get fooled. Decoy Traps can be destroyed by shooting them.
[info ] FLOW loading.engageText text=Don't get fooled. Decoy Traps can be destroyed by shooting them.
[info ] FLOW movie.open movie=TF_LoadingScreen_INT seconds=4.000000 loop=true
[info ] FLOW movie.firstFrame movie=TF_LoadingScreen_INT w=1280 h=720 t=0.001573
[info ] FLOW gfx.movieClosed movie=UI_GFxLobbies_p.GameLobby_GFX_1
[info ] GFX loaded LoadScreen_GFX: stage 1120x720 @30 fps, 1 frames, 19 shapes, 77 sprites, 4 texts, 2 fonts, 4 bitmaps, 2 exports
[info ] GFX opened UI_GFxLoading_p.LoadScreen_GFX (F:/Transformers Rebuild/ExtractedAssets/content/UI_GFxLoading_p/LoadScreen_GFX.gfx)
[info ] FLOW gfx.loadingMovie movie=UI_GFxLoading_p.LoadScreen_GFX title=Team Deathmatch message=in Streets
[info ] FLOW audio.levelChange from=GameLobby
[info ] FLOW audio.moviePlaying playing=true
[info ] FLOW audio.prefetch level=MP_IAC_Streets
[info ] FLOW match.launch url=MP_IAC_Streets_Base_m?PlaylistId=-1?GamerRegion=0?PointsToWin=40?Game=TransContent.TnVersusGame?GameModeTag=TDM?GameTeamStatus=3?GameRules=?MaxPlayers=10?StatsWriters=?LobbyGameClassName=TransContent.TnGameLobbyGameTeam?IconicMode=0?TimeLimit=900.00?listen?MapId=508 map=MP_IAC_Streets_Base_m runtimeDir=MP_IAC_Streets mode=TDM goalScore=40 timeLimit=900 team=0
[info ] FLOW loading match world: map dir MP_IAC_Streets, mode TDM
[info ] wfc: released map render data (2 meshes, 53 programs, 52 textures)
[info ] FLOW scene.release released=renderer unloadFrontendScene
[info ] wfc: movers: 6 (rotating + Matinee), 4 authored-hidden actors
[info ] wfc: map FX: 45 components (35 active), 4 systems
[info ] wfc: LightsVisibilitiesVolume decoded: 744772 bytes: 18153 nodes, 268 lights (GUID table), 17487 corners, 3096 samples, 7679 pairs (pool matches, counts halved), indices ascending, bit7 samples 0, rootHalf 26729.2, finestHalf 512.0, +0x18 = 0x45800000
[info ] wfc: LightsVisibilitiesVolume: 256 of 268 level lights bound by LightGuid (268 table entries)
[info ] wfc: post: bloom 1 scale 0.10, DOF 1 far max 0.60 falloff 40000, CLUT ENV_MPCLUT_p.MP_Streets_CLUT
[info ] glb: F:\Transformers Rebuild\Rebuild\build\release\bin/../../../work/render/MP_IAC_Streets/bsp.glb -> 4238 verts, 2460 tris, bounds [-38.4 -743.7 -696.8]..[576.0 -670.7 -266.2]
[info ] wfc: uploaded mesh 0: 4238 verts, 540 submeshes (180 lightmapped, 540 programs, 23 total)
[info ] glb: F:\Transformers Rebuild\Rebuild\build\release\bin/../../../work/render/MP_IAC_Streets/decals.glb -> 5643 verts, 2105 tris, bounds [93.3 -727.0 -588.7]..[361.0 -702.0 -277.9]
[info ] wfc: uploaded mesh 1: 5643 verts, 25 submeshes (0 lightmapped, 25 programs, 27 total)
[info ] wfc: shader path active: 325 materials, 1975 lightmapped components, 268 lights, fog on (F:\Transformers Rebuild\Rebuild\build\release\bin/../../../work/render/MP_IAC_Streets)
[info ] skinned glb: F:/Transformers Rebuild/ExtractedAssets/content/PROP_NEU_Pickups_p/EnergonTotem/NEU_EnergonTotem_SKEL.gltf -> 1892 verts, 30 joints, 0 clips
[info ] anim gltf: F:/Transformers Rebuild/ExtractedAssets/content/PROP_NEU_Pickups_p/EnergonTotem/NEU_EnergonTotem_ANM.anim.gltf -> 4 clips
[info ] glb: F:/Transformers Rebuild/ExtractedAssets/content/DES_IAC_WallPanelSign_p/Meshes/WallPanelSign_Base_STAT.gltf -> 1032 verts, 800 tris, bounds [-1.0 -0.1 -1.4]..[5.9 7.7 0.9]
[info ] wfc: uploaded mesh 2: 1032 verts, 1 submeshes (1 lightmapped, 1 programs, 28 total)
[info ] glb: F:/Transformers Rebuild/ExtractedAssets/content/DES_IAC_WallPanelSign_p/Meshes/WallPanelSign_Chunk02_STAT.gltf -> 336 verts, 200 tris, bounds [3.6 2.3 -1.4]..[5.9 6.7 0.9]
[info ] wfc: uploaded mesh 3: 336 verts, 1 submeshes (0 lightmapped, 1 programs, 30 total)
[info ] glb: F:/Transformers Rebuild/ExtractedAssets/content/FX_Mesh_p/Mesh/pTorus1_STAT.gltf -> 410 verts, 640 tris, bounds [-21.0 -1.4 -21.0]..[21.0 1.4 21.0]
[info ] wfc: uploaded mesh 4: 410 verts, 1 submeshes (0 lightmapped, 1 programs, 31 total)
[info ] wfc: map props: 9 (energon totems + destructible), totem clip 1
[info ] glb: F:/Transformers Rebuild/ExtractedAssets/content/PROP_NEU_EnergonCube_p/PROP_NEU_EnergonCube_STAT.gltf -> 252 verts, 120 tris, bounds [-0.7 -0.7 -0.7]..[0.7 0.7 0.7]
[info ] wfc: uploaded mesh 5: 252 verts, 1 submeshes (0 lightmapped, 1 programs, 32 total)
[info ] glb: F:/Transformers Rebuild/ExtractedAssets/content/PROP_NEU_Pickups_p/OvershieldPickup/PROP_NEU_Overshield_STAT.gltf -> 218 verts, 222 tris, bounds [-0.8 -1.0 -0.3]..[0.8 1.0 0.3]
[info ] wfc: uploaded mesh 6: 218 verts, 1 submeshes (0 lightmapped, 1 programs, 34 total)
[info ] glb: F:/Transformers Rebuild/ExtractedAssets/content/FX_Pickups_p/Mesh/LightBeam_WepPickup_STAT.gltf -> 324 verts, 480 tris, bounds [-0.9 -0.9 0.0]..[0.9 0.9 0.8]
[info ] wfc: uploaded mesh 7: 324 verts, 1 submeshes (0 lightmapped, 1 programs, 35 total)
[info ] wfc: map FX mesh emitters loaded: 6
[info ] glb: F:/Transformers Rebuild/ExtractedAssets/VerticalSlice/Maps/MP_IAC_Streets/world.glb -> 2076144 verts, 1983988 tris, bounds [-4813.1 -3295.6 -4745.4]..[4135.4 5645.6 4171.8]
[info ] skinned glb: F:/Transformers Rebuild/ExtractedAssets/VerticalSlice/Characters/Optimus/robot.glb -> 10424 verts, 106 joints, 75 clips
[info ] skinned glb: F:/Transformers Rebuild/ExtractedAssets/VerticalSlice/Characters/Optimus/vehicle.glb -> 10219 verts, 69 joints, 13 clips
[info ] skinned glb: F:/Transformers Rebuild/ExtractedAssets/VerticalSlice/../content/TR_Optimus_ROBO_p/CP_OptimusArm_SKEL.gltf -> 1548 verts, 30 joints, 0 clips
[info ] anim gltf: F:/Transformers Rebuild/ExtractedAssets/VerticalSlice/../content/TR_HeavyMedium_ANM_p/OptimusArm_ROBO_ANIM.anim.gltf -> 2 clips
[info ] arm clip ARM_Equip 0.80 s
[info ] arm clip ARM_Unequip 0.80 s
[info ] textures: 27 loaded, 0 failed, 27 unique
[info ] lightmaps: 2081/2249 submeshes bound to atlases
[info ] load: 603 ms without a presented frame, ending at 'Render: load step'
[info ] wfc: uploaded mesh 8: 2076144 verts, 2249 submeshes (2106 lightmapped, 2239 programs, 195 total)
[info ] weapon fx: 9/9 original FX textures loaded
[info ] glb: F:/Transformers Rebuild/ExtractedAssets/VerticalSlice/../content/FX_GrenadeLauncher_p/GrenadeAmmo_STAT.gltf -> 50 verts, 60 tris, bounds [-0.1 -0.1 -0.1]..[0.1 0.1 0.1]
[info ] wfc: uploaded mesh 9: 50 verts, 1 submeshes (0 lightmapped, 1 programs, 197 total)
[info ] glb: F:/Transformers Rebuild/ExtractedAssets/VerticalSlice/../content/FX_IonBlaster_p/IonBlaster_Mag_STAT.gltf -> 84 verts, 100 tris, bounds [-0.2 -0.1 -0.0]..[0.2 0.1 0.0]
[info ] wfc: uploaded mesh 10: 84 verts, 1 submeshes (0 lightmapped, 1 programs, 199 total)
[info ] weapon fx: 2/2 mesh-particle meshes loaded
[info ] glb: F:/Transformers Rebuild/ExtractedAssets/VerticalSlice/../content/FX_Navigation_p/Boostermesh_02_STATMESH.gltf -> 327 verts, 600 tris, bounds [-0.0 -0.0 -0.0]..[0.5 0.0 0.0]
[info ] wfc: uploaded mesh 11: 327 verts, 1 submeshes (0 lightmapped, 1 programs, 200 total)
[info ] glb: F:/Transformers Rebuild/ExtractedAssets/VerticalSlice/../content/FX_Navigation_p/bulletshape_fx_STAT.gltf -> 181 verts, 340 tris, bounds [0.0 -0.0 -0.0]..[0.0 0.0 0.0]
[info ] wfc: uploaded mesh 12: 181 verts, 1 submeshes (0 lightmapped, 1 programs, 201 total)
[info ] glb: F:/Transformers Rebuild/ExtractedAssets/VerticalSlice/../content/FX_Navigation_p/Boostermesh_03.gltf -> 327 verts, 600 tris, bounds [-0.0 -0.0 -0.0]..[0.5 0.0 0.0]
[info ] wfc: uploaded mesh 13: 327 verts, 1 submeshes (0 lightmapped, 1 programs, 202 total)
[info ] glb: F:/Transformers Rebuild/ExtractedAssets/VerticalSlice/../content/FX_Navigation_p/Boost_Circuit_STAT.gltf -> 327 verts, 600 tris, bounds [-0.0 -0.0 -0.0]..[0.5 0.0 0.0]
[info ] wfc: uploaded mesh 14: 327 verts, 1 submeshes (0 lightmapped, 1 programs, 203 total)
[info ] glb: F:/Transformers Rebuild/ExtractedAssets/VerticalSlice/../content/FX_Mesh_p/Light_Cylinder_STAT.gltf -> 82 verts, 80 tris, bounds [-1.0 -0.0 -1.0]..[1.0 11.4 1.0]
[info ] wfc: uploaded mesh 15: 82 verts, 1 submeshes (0 lightmapped, 1 programs, 204 total)
[info ] glb: F:/Transformers Rebuild/ExtractedAssets/VerticalSlice/../content/FX_Mesh_p/Mesh/Ram_STAT.gltf -> 251 verts, 420 tris, bounds [-2.7 0.0 -1.3]..[2.2 2.1 1.3]
[info ] wfc: uploaded mesh 16: 251 verts, 1 submeshes (0 lightmapped, 1 programs, 205 total)
[info ] vehicle fx: 6/6 meshes, 5/5 sprite textures (boost/hover/jump: 5/7/12 emitters)
[info ] skinned glb: F:/Transformers Rebuild/ExtractedAssets/VerticalSlice/Weapons/IonBlaster/weapon.glb -> 2727 verts, 34 joints, 8 clips
[info ] weapon mesh: 8 clips idle=3 fire=2 reload=7 muzzleNode=32
[info ] weapon: Ion Blaster loaded, socket bone R_Arm03_Elbow_XB node=42
[info ] mapstate: MP_IAC_Streets rotating movers 3 (yaw), 0 rotating about another axis (render only)
[info ] mapstate: mode TDM, 6 movers, 15 objectives, 4 mode-dependent actors (0 visible), Matinee 9.0022 s
[info ] mapstate: 12 objective volumes
[info ] glb: F:/Transformers Rebuild/ExtractedAssets/VerticalSlice/Maps/MP_IAC_Streets/collision_pawn.glb -> 75742 verts, 101519 tris, bounds [-163.8 -769.2 -771.0]..[590.7 -405.4 -125.0]
[info ] collision: 101279 tris, grid 378x323 (cell 2.0m), bounds Y [-769.2..-405.4]
[info ] glb: F:/Transformers Rebuild/ExtractedAssets/VerticalSlice/Maps/MP_IAC_Streets/collision_weapon.glb -> 74034 verts, 100959 tris, bounds [-56.4 -769.2 -771.0]..[590.7 -405.4 -125.0]
[info ] collision: 100719 tris, grid 324x323 (cell 2.0m), bounds Y [-769.2..-405.4]
[info ] mapstate: 4 movers carry moving collision
[info ] collision: movement collision_pawn.glb, weapon collision_weapon.glb
[info ] World: KillZ -750.0 m (MP_IAC_Streets)
[info ] World: TDM spawn at 107.5, -725.6, -475.6 facing yaw -1.57
[info ] starts: 84 player starts
[info ] vehicle mesh: actor 1.22 m above origin, top 2.44 m
[info ] pickups: 24 factories (ammo crate 14, health 9, overshield 1) from F:/Transformers Rebuild/ExtractedAssets/VerticalSlice/Maps/MP_IAC_Streets/gameplay.json
[info ] glb: F:/Transformers Rebuild/ExtractedAssets/VerticalSlice/../content/DES_IAC_WallPanelSign_p/Meshes/WallPanelSign_Base_STAT.gltf -> 1032 verts, 800 tris, bounds [-1.0 -0.1 -1.4]..[5.9 7.7 0.9]
[info ] glb: F:/Transformers Rebuild/ExtractedAssets/VerticalSlice/../content/DES_IAC_WallPanelSign_p/Meshes/WallPanelSign_Base_STAT.gltf -> 1032 verts, 800 tris, bounds [-1.0 -0.1 -1.4]..[5.9 7.7 0.9]
[info ] glb: F:/Transformers Rebuild/ExtractedAssets/VerticalSlice/../content/DES_IAC_WallPanelSign_p/Meshes/WallPanelSign_Chunk02_STAT.gltf -> 336 verts, 200 tris, bounds [3.6 2.3 -1.4]..[5.9 6.7 0.9]
[info ] destructible: MP_IAC_Streets_ART_m.TheWorld.PersistentLevel.TnStaticDestructibleActor_14465 at authored 8.96 -3.52 899.68 (state 0, health 20)
[info ] World: loaded vertical slice from F:/Transformers Rebuild/ExtractedAssets/VerticalSlice
[info ] sound cues: 63 cues, 292/292 waves loaded
[info ] sound cues: FSB loop regions 7/7 applied (whole sample; no header LOOP flag)
[info ] FLOW audio.baseline instances=0 voices=0 levelCues=0 pcmMB=36.489
[info ] ambient: MP_IAC_Streets: 189 level cues, 10 reverb presets, 70 emitters, 9 zones, 11 pools, 0 Kismet audio ops / 0 links (manifests: AssetTools Systems)
[info ] FLOW audio.loaded level=MP_IAC_Streets instances=0 voices=0 levelCues=189 pcmMB=97.179
[info ] FLOW test.lifecycle goalScore=2 provenance=TEST ONLY
[info ] mapstate: mode -> TDM
[info ] match: 84 player starts, 12 spawn clusters
[info ] match: TDM begin (goal 2, time limit 900 s, countdown 10 s)
[info ] match: launched MP_IAC_Streets TDM (goal 2, time 900 s)
[info ] FLOW match.gameplay map=MP_IAC_Streets mode=TDM goalScore=2 timeLimit=900
[info ] MATCH init mode=TDM rules=TransGame.TnGameRules_ScoreKillsTDM,TransGame.TnGameRules_TrackKillsMP,TransGame.TnGameRules_ReportGameProgressTime,TransGame.TnGameRules_ReportGameProgressKills teams=2 time_limit_s=900 score_limit=2
[info ] FLOW match.loaded map=MP_IAC_Streets mode=TDM seconds=4.326 privateMB=2886.906 loadingFrames=124 maxFrameGapMs=602.759 maxGapAt=Render: load step
[info ] FLOW level.begin level=Match map=MP_IAC_Streets_Base_m url=MP_IAC_Streets_Base_m?PlaylistId=-1?GamerRegion=0?PointsToWin=40?Game=TransContent.TnVersusGame?GameModeTag=TDM?GameTeamStatus=3?GameRules=?MaxPlayers=10?StatsWriters=?LobbyGameClassName=TransContent.TnGameLobbyGameTeam?IconicMode=0?TimeLimit=900.00?listen?MapId=508
[info ] FLOW uicontroller Initialize TnUIControllerMultiplayer
[info ] FLOW uistate NotInGame -> WaitingOnGameStart (TnUIControllerMultiplayer)
[info ] FLOW ui.state from=NotInGame to=WaitingOnGameStart controller=TnUIControllerMultiplayer level=Match
[info ] FLOW ui OpenUI UI_GFxCustomize_p.CustomTransformers_GFX_1
[info ] FLOW ui.open movie=UI_GFxCustomize_p.CustomTransformers_GFX_1 state=WaitingOnGameStart
[info ] FLOW loading.close kind=Map level=Match
[info ] FLOW character.selected name=Scout type=0 specialty=Scout autobot=Car2 decepticon=Car4
[info ] FLOW ui CloseUI UI_GFxCustomize_p.CustomTransformers_GFX_1
[info ] FLOW ui.close movie=UI_GFxCustomize_p.CustomTransformers_GFX_1
[info ] FLOW ui OpenUI UI_GFxPreGameCountdown_p.PreGameCountdown_GFX_1
[info ] FLOW ui.open movie=UI_GFxPreGameCountdown_p.PreGameCountdown_GFX_1 state=WaitingOnGameStart
[info ] GFX loaded PreGameCountdown_GFX: stage 1120x720 @30 fps, 1 frames, 5 shapes, 32 sprites, 4 texts, 0 fonts, 0 bitmaps, 17 exports
[info ] GFX loaded SharedComponents_GFX: stage 1120x720 @30 fps, 1 frames, 16 shapes, 59 sprites, 12 texts, 0 fonts, 0 bitmaps, 46 exports
[info ] GFX loaded SharedIcons_GFX: stage 1120x720 @30 fps, 1 frames, 94 shapes, 103 sprites, 0 texts, 0 fonts, 0 bitmaps, 103 exports
[info ] GFX loaded Fonts_EFIGS: stage 800x450 @30 fps, 1 frames, 0 shapes, 0 sprites, 3 texts, 3 fonts, 0 bitmaps, 0 exports
[info ] GFX opened UI_GFxPreGameCountdown_p.PreGameCountdown_GFX_1 (F:/Transformers Rebuild/ExtractedAssets/content/UI_GFxPreGameCountdown_p/PreGameCountdown_GFX.gfx)
[info ] FLOW gfx.movie movie=UI_GFxPreGameCountdown_p.PreGameCountdown_GFX_1 opened=true
[info ] FLOW script.wait cond=level=Match
[info ] GFX loaded Hud_GFX: stage 1120x720 @30 fps, 1 frames, 100 shapes, 322 sprites, 73 texts, 1 fonts, 165 bitmaps, 216 exports
[info ] FLOW bridge.unhandled fn=Self.DeactivePostProcessChain movie=UI_GFxHud_p.Hud_GFX_1
[info ] GFX loaded Fonts_EFIGS: stage 800x450 @30 fps, 1 frames, 0 shapes, 0 sprites, 3 texts, 3 fonts, 0 bitmaps, 0 exports
[info ] FLOW bridge fn=HmActionScript.setColor args=_level0.hud_mc.topLeft_mc.instance2.overshieldBar_mc.highlight_mc,300799 level=Match
[info ] FLOW bridge.unhandled fn=HmActionScript.setColor
[info ] FLOW bridge fn=HmActionScript.setColor args=_level0.hud_mc.topLeft_mc.instance2.overshieldBar_mc.bar_mc,300799 level=Match
[info ] FLOW bridge.unhandled fn=HmActionScript.setColor
[info ] FLOW bridge fn=HmActionScript.setColor args=_level0.hud_mc.topLeft_mc.instance5.ability_mc.background_mc,6710886 level=Match
[info ] FLOW bridge.unhandled fn=HmActionScript.setColor
[info ] FLOW bridge fn=HmActionScript.setColor args=_level0.hud_mc.topRight_mc.instance13.ability_mc.background_mc,6710886 level=Match
[info ] FLOW bridge.unhandled fn=HmActionScript.setColor
[info ] FLOW bridge fn=HmActionScript.setColor args=_level0.hud_mc.topRight_mc.instance15.ability_mc.background_mc,6710886 level=Match
[info ] FLOW bridge.unhandled fn=HmActionScript.setColor
[info ] FLOW datastore.unhandled fn=ReadValue markup=<CurrentGame:_CurrentWave>
[info ] FLOW bridge fn=HmActionScript.setColor args=_level0.hud_mc.topCenter_mc.countdown_mc.roundTime_mc,5289429 level=Match
[info ] FLOW bridge.unhandled fn=HmActionScript.setColor
[info ] FLOW datastore.unhandled fn=ReadValue markup=<CurrentGame:CurrentObjectiveCountdown>
[info ] FLOW bridge fn=HmObjectInterpolator.addInterp args=_level0.hud_mc.topCenter_mc.countdown_mc.objectiveTime_mc,0.5,easeout,3,,[object Object] level=Match
[info ] FLOW bridge.unhandled fn=HmObjectInterpolator.addInterp
[info ] FLOW bridge fn=HmObjectInterpolator.addInterp args=_level0.hud_mc.topCenter_mc.countdown_mc,0.5,easeout,3,,[object Object] level=Match
[info ] FLOW bridge.unhandled fn=HmObjectInterpolator.addInterp
[info ] FLOW bridge fn=HmObjectInterpolator.addInterp args=_level0.hud_mc.topCenter_mc.countdown_mc.roundTime_mc,0.5,easeout,3,,[object Object] level=Match
[info ] FLOW bridge.unhandled fn=HmObjectInterpolator.addInterp
[info ] FLOW bridge fn=HmObjectInterpolator.addInterp args=_level0.hud_mc.topCenter_mc.countdown_mc.objectiveTime_mc,0.5,easeout,3,,[object Object] level=Match
[info ] FLOW bridge.unhandled fn=HmObjectInterpolator.addInterp
[info ] FLOW bridge fn=HmObjectInterpolator.addInterp args=_level0.hud_mc.topCenter_mc.countdown_mc.roundTime_mc,0.5,easeout,3,,[object Object] level=Match
[info ] FLOW bridge.unhandled fn=HmObjectInterpolator.addInterp
[info ] FLOW bridge fn=HmObjectInterpolator.addInterp args=_level0.hud_mc.topCenter_mc.countdown_mc,0.5,easeout,3,,[object Object] level=Match
[info ] FLOW bridge.unhandled fn=HmObjectInterpolator.addInterp
[info ] FLOW bridge fn=HmObjectInterpolator.addInterp args=_level0.hud_mc.topCenter_mc.countdown_mc.roundTime_mc,0.5,easeout,3,,[object Object] level=Match
[info ] FLOW bridge.unhandled fn=HmObjectInterpolator.addInterp
[info ] FLOW bridge fn=HmObjectInterpolator.addInterp args=_level0.hud_mc.topCenter_mc.countdown_mc.objectiveTime_mc,0.5,easeout,3,,[object Object] level=Match
[info ] FLOW bridge.unhandled fn=HmObjectInterpolator.addInterp
[info ] FLOW datastore.unhandled fn=ReadBoolValue markup=<CurrentGame:CompetitiveScoreEnabled>
[info ] FLOW datastore.unhandled fn=ReadValue markup=<CurrentGame:_NextWaveTime>
[info ] GFX loaded ButtonIcons_GFX: stage 1120x720 @30 fps, 1 frames, 0 shapes, 0 sprites, 0 texts, 0 fonts, 18 bitmaps, 18 exports
[info ] FLOW datastore.unhandled fn=ReadValue markup=<CurrentGame:GoalScore>
[info ] FLOW bridge fn=HmObjectInterpolator.addInterp args=_level0.hud_mc.topCenter_mc.instance33.scoreboard_mc.allyBar_mc.panel_mc,0.2,easeout,3,,[object Object] level=Match
[info ] FLOW bridge.unhandled fn=HmObjectInterpolator.addInterp
[info ] FLOW bridge fn=HmObjectInterpolator.addInterp args=_level0.hud_mc.topCenter_mc.instance33.scoreboard_mc.enemyBar_mc.panel_mc,0.2,easeout,3,,[object Object] level=Match
[info ] FLOW bridge.unhandled fn=HmObjectInterpolator.addInterp
[info ] FLOW bridge fn=HmActionScript.setColor args=_level0.hud_mc.topCenter_mc.instance33.scoreboard_mc.allyBar_mc.panel_mc,16777215 level=Match
[info ] FLOW bridge.unhandled fn=HmActionScript.setColor
[info ] FLOW bridge fn=HmObjectInterpolator.addInterp args=_level0.hud_mc.topCenter_mc.instance33.scoreboard_mc.allyBar_mc.panel_mc,0.5,easeout,3,,[object Object] level=Match
[info ] FLOW bridge.unhandled fn=HmObjectInterpolator.addInterp
[info ] FLOW bridge fn=HmObjectInterpolator.addInterp args=_level0.hud_mc.topCenter_mc.instance33.scoreboard_mc.allyBar_mc,0.2,easeout,3,,[object Object] level=Match
[info ] FLOW bridge.unhandled fn=HmObjectInterpolator.addInterp
[info ] FLOW bridge fn=HmActionScript.setColor args=_level0.hud_mc.topCenter_mc.instance33.scoreboard_mc.enemyBar_mc.panel_mc,16777215 level=Match
[info ] FLOW bridge.unhandled fn=HmActionScript.setColor
[info ] FLOW bridge fn=HmObjectInterpolator.addInterp args=_level0.hud_mc.topCenter_mc.instance33.scoreboard_mc.enemyBar_mc.panel_mc,0.5,easeout,3,,[object Object] level=Match
[info ] FLOW bridge.unhandled fn=HmObjectInterpolator.addInterp
[info ] FLOW bridge fn=HmObjectInterpolator.addInterp args=_level0.hud_mc.topCenter_mc.instance33.scoreboard_mc.enemyBar_mc,0.2,easeout,3,,[object Object] level=Match
[info ] FLOW bridge.unhandled fn=HmObjectInterpolator.addInterp
[info ] GFX opened UI_GFxHud_p.Hud_GFX_1 (F:/Transformers Rebuild/ExtractedAssets/content/UI_GFxHud_p/Hud_GFX.gfx)
[info ] FLOW gfx.movie movie=UI_GFxHud_p.Hud_GFX_1 opened=true
[info ] FLOW hud.open open=true
[info ] glb: F:/Transformers Rebuild/ExtractedAssets/content/PROP_NEU_Pickups_p/AmmoPickup/PROP_NEU_AmmoPickup_STAT.gltf -> 808 verts, 676 tris, bounds [-0.3 1.2 -0.6]..[0.3 2.1 0.6]
[info ] wfc: uploaded mesh 17: 808 verts, 1 submeshes (0 lightmapped, 1 programs, 207 total)
[info ] glb: F:/Transformers Rebuild/ExtractedAssets/content/WEP_CodeOfPower_p/WEP_CodeOfPower2H_SKEL.gltf -> 725 verts, 812 tris, bounds [-0.9 -1.4 -0.3]..[0.9 3.1 0.3]
[info ] wfc: uploaded mesh 18: 725 verts, 2 submeshes (0 lightmapped, 2 programs, 209 total)
[info ] glb: F:/Transformers Rebuild/ExtractedAssets/content/PROP_NEU_Pickups_p/MPBomb/NEU_MPBomb_SKEL.gltf -> 2227 verts, 1472 tris, bounds [-1.1 -2.5 -0.6]..[1.1 0.6 0.6]
[info ] wfc: uploaded mesh 19: 2227 verts, 2 submeshes (0 lightmapped, 2 programs, 211 total)
[info ] GFX loaded PlayerList_GFX: stage 1120x720 @30 fps, 1 frames, 18 shapes, 61 sprites, 5 texts, 0 fonts, 34 bitmaps, 70 exports
[info ] GFX loadClip ../PlayerList/PlayerList.swf -> PlayerList_GFX
[info ] FLOW datastore.unknownHeader markup=<CurrentGame:Players> tag=PlayerLevel
[info ] FLOW datastore.unknownHeader markup=<CurrentGame:Players> tag=PlayerName
[info ] FLOW datastore.unknownHeader markup=<CurrentGame:Players> tag=Score
[info ] FLOW datastore.unknownHeader markup=<CurrentGame:Players> tag=Kills
[info ] FLOW datastore.unknownHeader markup=<CurrentGame:Players> tag=Deaths
[info ] FLOW datastore.unknownHeader markup=<CurrentGame:Players> tag=PlayerLevel
[info ] FLOW datastore.unknownHeader markup=<CurrentGame:Players> tag=PlayerName
[info ] FLOW datastore.unknownHeader markup=<CurrentGame:Players> tag=Score
[info ] FLOW datastore.unknownHeader markup=<CurrentGame:Players> tag=Kills
[info ] FLOW datastore.unknownHeader markup=<CurrentGame:Players> tag=Deaths
[info ] FLOW datastore.unhandled fn=ReadValue markup=<CurrentGame:AttackingTeamIndex>
[info ] FLOW datastore.unhandled fn=ReadValue markup=<CurrentGame:AttackingTeamIndex>
[info ] FLOW datastore.unhandled fn=ReadValue markup=<CurrentGame:AttackingTeamIndex>
[info ] FLOW datastore.unhandled fn=ReadValue markup=<CurrentGame:AttackingTeamIndex>
[info ] aim rig: Default aim profile baked for 11 bones
[info ] aim rig: Shooting_Aim_F_C barrel dir (model space) 1.00 -0.06 -0.02
[info ] ambient: entered zone ENTER_AUTO_ROOM_01 (from None; preset REVERB_TRANS_MP_STREETS_AUTO_ROOM_01, priority 216; mixer [REVERB_TRANS_MP_STREETS_AUTO_ROOM_01(1),Default(1)])
[info ] FLOW match.characterSelected name=Scout type=0 specialty=Scout chassis=Car2
[info ] wfc: prewarmed 43 material programs in 78 ms
[info ] FLOW gfx.dsCallback movie=UI_GFxPreGameCountdown_p.PreGameCountdown_GFX_1 markup=<CurrentGame:CurrentCountdown> value=10 callback=_level0.instance5.instance8.updateCountdown
[info ] FLOW gfx.dsCallback movie=UI_GFxPreGameCountdown_p.PreGameCountdown_GFX_1 markup=<CurrentGame:IsCountingDown> value=1 callback=_level0.instance5.instance8.showCountdown
[info ] FLOW bridge fn=HmObjectInterpolator.addInterp args=_level0.hud_mc.topCenter_mc.countdown_mc.roundTime_mc,0.5,easeout,3,,[object Object] level=Match
[info ] FLOW bridge.unhandled fn=HmObjectInterpolator.addInterp
[info ] FLOW bridge fn=HmObjectInterpolator.addInterp args=_level0.hud_mc.topCenter_mc.countdown_mc,0.5,easeout,3,,[object Object] level=Match
[info ] FLOW bridge.unhandled fn=HmObjectInterpolator.addInterp
[info ] FLOW bridge fn=HmObjectInterpolator.addInterp args=_level0.hud_mc.topCenter_mc.countdown_mc.roundTime_mc,0.5,easeout,3,,[object Object] level=Match
[info ] FLOW bridge.unhandled fn=HmObjectInterpolator.addInterp
[info ] FLOW bridge fn=HmObjectInterpolator.addInterp args=_level0.hud_mc.topCenter_mc.countdown_mc.objectiveTime_mc,0.5,easeout,3,,[object Object] level=Match
[info ] FLOW bridge.unhandled fn=HmObjectInterpolator.addInterp
[info ] FLOW bridge fn=HmObjectInterpolator.addInterp args=_level0.hud_mc.topCenter_mc.countdown_mc.roundTime_mc,0.5,easeout,3,,[object Object] level=Match
[info ] FLOW bridge.unhandled fn=HmObjectInterpolator.addInterp
[info ] FLOW bridge fn=HmObjectInterpolator.addInterp args=_level0.hud_mc.topCenter_mc.countdown_mc.roundTime_mc.time_txt,0.5,easeout,3,,[object Object] level=Match
[info ] FLOW bridge.unhandled fn=HmObjectInterpolator.addInterp
[info ] FLOW bridge fn=HmActionScript.setColor args=_level0.hud_mc.topCenter_mc.countdown_mc.roundTime_mc,16724787 level=Match
[info ] FLOW bridge.unhandled fn=HmActionScript.setColor
[info ] FLOW bridge fn=HmObjectInterpolator.addInterp args=_level0.hud_mc.topCenter_mc.countdown_mc.roundTime_mc,0.5,easeout,3,,[object Object] level=Match
[info ] FLOW bridge.unhandled fn=HmObjectInterpolator.addInterp
[info ] FLOW bridge fn=HmObjectInterpolator.addInterp args=_level0.hud_mc.topCenter_mc.countdown_mc,0.5,easeout,3,,[object Object] level=Match
[info ] FLOW bridge.unhandled fn=HmObjectInterpolator.addInterp
[info ] FLOW bridge fn=HmObjectInterpolator.addInterp args=_level0.hud_mc.topCenter_mc.countdown_mc.roundTime_mc,0.5,easeout,3,,[object Object] level=Match
[info ] FLOW bridge.unhandled fn=HmObjectInterpolator.addInterp
[info ] FLOW bridge fn=HmObjectInterpolator.addInterp args=_level0.hud_mc.topCenter_mc.countdown_mc.objectiveTime_mc,0.5,easeout,3,,[object Object] level=Match
[info ] FLOW bridge.unhandled fn=HmObjectInterpolator.addInterp
[info ] FLOW bridge fn=HmObjectInterpolator.addInterp args=_level0.hud_mc.midCenter_mc.instance23.crosshairAnchor_mc.crosshair0_mc,0.3,easeout,3,,[object Object] level=Match
[info ] FLOW bridge.unhandled fn=HmObjectInterpolator.addInterp
[info ] FLOW bridge fn=HmActionScript.setColor args=_level0.hud_mc.topLeft_mc.instance2.healthBarAnchor_mc.healthSegment0_mc,16777215 level=Match
[info ] FLOW bridge.unhandled fn=HmActionScript.setColor
[info ] FLOW bridge fn=HmObjectInterpolator.addInterp args=_level0.hud_mc.topLeft_mc.instance2.healthBarAnchor_mc.healthSegment0_mc,0.5,easeout,3,,[object Object] level=Match
[info ] FLOW bridge.unhandled fn=HmObjectInterpolator.addInterp
[info ] FLOW bridge fn=HmObjectInterpolator.addInterp args=_level0.hud_mc.topLeft_mc.instance2.healthBarAnchor_mc.healthSegment0_mc.highlight_mc,0.2,easeout,3,,[object Object] level=Match
[info ] FLOW bridge.unhandled fn=HmObjectInterpolator.addInterp
[info ] FLOW bridge fn=HmObjectInterpolator.addInterp args=_level0.hud_mc.topLeft_mc.instance2.healthBarAnchor_mc.healthSegment0_mc.bar_mc,0.2,easeout,3,,[object Object] level=Match
[info ] FLOW bridge.unhandled fn=HmObjectInterpolator.addInterp
[info ] FLOW bridge fn=HmObjectInterpolator.addInterp args=_level0.hud_mc.topLeft_mc.instance2.healthBarAnchor_mc.healthSegment0_mc,1,easeout,3,,[object Object] level=Match
[info ] FLOW bridge.unhandled fn=HmObjectInterpolator.addInterp
[info ] FLOW bridge fn=HmActionScript.setColor args=_level0.hud_mc.topLeft_mc.instance2.healthBarAnchor_mc.healthSegment1_mc,16777215 level=Match
[info ] FLOW bridge.unhandled fn=HmActionScript.setColor
[info ] FLOW bridge fn=HmObjectInterpolator.addInterp args=_level0.hud_mc.topLeft_mc.instance2.healthBarAnchor_mc.healthSegment1_mc,0.5,easeout,3,,[object Object] level=Match
[info ] FLOW bridge.unhandled fn=HmObjectInterpolator.addInterp
[info ] FLOW bridge fn=HmObjectInterpolator.addInterp args=_level0.hud_mc.topLeft_mc.instance2.healthBarAnchor_mc.healthSegment1_mc.highlight_mc,0.2,easeout,3,,[object Object] level=Match
[info ] FLOW bridge.unhandled fn=HmObjectInterpolator.addInterp
[info ] FLOW bridge fn=HmObjectInterpolator.addInterp args=_level0.hud_mc.topLeft_mc.instance2.healthBarAnchor_mc.healthSegment1_mc.bar_mc,0.2,easeout,3,,[object Object] level=Match
[info ] FLOW bridge.unhandled fn=HmObjectInterpolator.addInterp
[info ] FLOW bridge fn=HmObjectInterpolator.addInterp args=_level0.hud_mc.topLeft_mc.instance2.healthBarAnchor_mc.healthSegment1_mc,1,easeout,3,,[object Object] level=Match
[info ] FLOW bridge.unhandled fn=HmObjectInterpolator.addInterp
[info ] FLOW bridge fn=HmActionScript.setColor args=_level0.hud_mc.topLeft_mc.instance2.healthBarAnchor_mc.healthSegment2_mc,16777215 level=Match
[info ] FLOW bridge.unhandled fn=HmActionScript.setColor
[info ] FLOW bridge fn=HmObjectInterpolator.addInterp args=_level0.hud_mc.topLeft_mc.instance2.healthBarAnchor_mc.healthSegment2_mc,0.5,easeout,3,,[object Object] level=Match
[info ] FLOW bridge.unhandled fn=HmObjectInterpolator.addInterp
[info ] FLOW bridge fn=HmObjectInterpolator.addInterp args=_level0.hud_mc.topLeft_mc.instance2.healthBarAnchor_mc.healthSegment2_mc.highlight_mc,0.2,easeout,3,,[object Object] level=Match
[info ] FLOW bridge.unhandled fn=HmObjectInterpolator.addInterp
[info ] FLOW bridge fn=HmObjectInterpolator.addInterp args=_level0.hud_mc.topLeft_mc.instance2.healthBarAnchor_mc.healthSegment2_mc.bar_mc,0.2,easeout,3,,[object Object] level=Match
[info ] FLOW bridge.unhandled fn=HmObjectInterpolator.addInterp
[info ] FLOW bridge fn=HmObjectInterpolator.addInterp args=_level0.hud_mc.topLeft_mc.instance2.healthBarAnchor_mc.healthSegment2_mc,1,easeout,3,,[object Object] level=Match
[info ] FLOW bridge.unhandled fn=HmObjectInterpolator.addInterp
[info ] FLOW bridge fn=HmObjectInterpolator.addInterp args=_level0.hud_mc.topLeft_mc.instance2.healthBarAnchor_mc.healthSegment3_mc,1,easeout,3,,[object Object] level=Match
[info ] FLOW bridge.unhandled fn=HmObjectInterpolator.addInterp
[info ] FLOW bridge fn=HmObjectInterpolator.addInterp args=_level0.hud_mc.topLeft_mc.instance2.overshieldBar_mc.bar_mc,0.2,easeout,3,,[object Object] level=Match
[info ] FLOW bridge.unhandled fn=HmObjectInterpolator.addInterp
[info ] FLOW bridge fn=HmObjectInterpolator.addInterp args=_level0.hud_mc.topLeft_mc.instance2.overshieldBar_mc.highlight_mc,0.2,easeout,3,,[object Object] level=Match
[info ] FLOW bridge.unhandled fn=HmObjectInterpolator.addInterp
[info ] FLOW bridge fn=HmActionScript.setColor args=_level0.hud_mc.topLeft_mc.instance2.overshieldBar_mc.bar_mc,16777215 level=Match
[info ] FLOW bridge.unhandled fn=HmActionScript.setColor
[info ] FLOW bridge fn=HmObjectInterpolator.addInterp args=_level0.hud_mc.topLeft_mc.instance2.overshieldBar_mc.bar_mc,0.5,easeout,3,,[object Object] level=Match
[info ] FLOW bridge.unhandled fn=HmObjectInterpolator.addInterp
[info ] FLOW bridge fn=HmObjectInterpolator.addInterp args=_level0.hud_mc.topLeft_mc.instance2.overshieldBar_mc.bar_mc,0.5,easeout,3,,[object Object] level=Match
[info ] FLOW bridge.unhandled fn=HmObjectInterpolator.addInterp
[info ] FLOW bridge fn=HmObjectInterpolator.addInterp args=_level0.hud_mc.midCenter_mc.instance23.crosshairAnchor_mc.crosshair1_mc,0.3,easeout,3,,[object Object] level=Match
[info ] FLOW bridge.unhandled fn=HmObjectInterpolator.addInterp
[info ] GFX loaded SharedIcons_GFX: stage 1120x720 @30 fps, 1 frames, 94 shapes, 103 sprites, 0 texts, 0 fonts, 0 bitmaps, 103 exports
[info ] FLOW bridge fn=HmObjectInterpolator.addInterp args=_level0.hud_mc.topRight_mc.instance11.currentWeapon_mc.iconAnchor_mc.weaponIcon0_mc,0.5,easeout,3,,[object Object] level=Match
[info ] FLOW bridge.unhandled fn=HmObjectInterpolator.addInterp
[info ] FLOW bridge fn=HmObjectInterpolator.addInterp args=_level0.hud_mc.topRight_mc.instance11.currentWeapon_mc.textAnchor_mc.weaponText0_mc,0.5,easeout,3,,[object Object] level=Match
[info ] FLOW bridge.unhandled fn=HmObjectInterpolator.addInterp
[info ] FLOW bridge fn=HmActionScript.setColor args=_level0.hud_mc.topRight_mc.instance11.ammoBarAnchor_mc.ammoBar_mc,16749363 level=Match
[info ] FLOW bridge.unhandled fn=HmActionScript.setColor
[info ] FLOW bridge fn=HmActionScript.setColor args=_level0.hud_mc.topRight_mc.instance11.ammoBarAnchor_mc.ammoBar_mc,16777215 level=Match
[info ] FLOW bridge.unhandled fn=HmActionScript.setColor
[info ] FLOW bridge fn=HmObjectInterpolator.addInterp args=_level0.hud_mc.topRight_mc.instance11.ammoBarAnchor_mc.ammoBar_mc,0.2,easeout,3,,[object Object] level=Match
[info ] FLOW bridge.unhandled fn=HmObjectInterpolator.addInterp
[info ] FLOW bridge fn=HmObjectInterpolator.addInterp args=_level0.hud_mc.topRight_mc.instance11.currentWeapon_mc.iconAnchor_mc,0.5,easeout,3,,[object Object] level=Match
[info ] FLOW bridge.unhandled fn=HmObjectInterpolator.addInterp
[info ] FLOW bridge fn=HmObjectInterpolator.addInterp args=_level0.hud_mc.topRight_mc.instance11.ammoNumber_txt,0.5,easeout,3,,[object Object] level=Match
[info ] FLOW bridge.unhandled fn=HmObjectInterpolator.addInterp
[info ] FLOW bridge fn=HmObjectInterpolator.addInterp args=_level0.hud_mc.topRight_mc.instance11.ammoBarAnchor_mc.ammoBar_mc,0.5,easeout,3,,[object Object] level=Match
[info ] FLOW bridge.unhandled fn=HmObjectInterpolator.addInterp
[info ] FLOW bridge fn=HmObjectInterpolator.addInterp args=_level0.hud_mc.topRight_mc.instance11.icon_mc,0.2,easeout,3,,[object Object] level=Match
[info ] FLOW bridge.unhandled fn=HmObjectInterpolator.addInterp
[info ] FLOW bridge fn=HmObjectInterpolator.addInterp args=_level0.hud_mc.topRight_mc.instance13,0.5,easeout,3,,[object Object] level=Match
[info ] FLOW bridge.unhandled fn=HmObjectInterpolator.addInterp
[info ] FLOW bridge fn=HmObjectInterpolator.addInterp args=_level0.hud_mc.topLeft_mc.instance5,0.5,easeout,3,,[object Object] level=Match
[info ] FLOW bridge.unhandled fn=HmObjectInterpolator.addInterp
[info ] FLOW bridge fn=HmObjectInterpolator.addInterp args=_level0.hud_mc.topRight_mc.instance15,0.5,easeout,3,,[object Object] level=Match
[info ] FLOW bridge.unhandled fn=HmObjectInterpolator.addInterp
[info ] FLOW bridge fn=HmObjectInterpolator.addInterp args=_level0.hud_mc.topRight_mc.instance12,0.2,easeout,3,,[object Object] level=Match
[info ] FLOW bridge.unhandled fn=HmObjectInterpolator.addInterp
[info ] FLOW bridge fn=HmObjectInterpolator.addInterp args=_level0.hud_mc.bottomLeft_mc.instance8,0.5,easeout,3,,[object Object] level=Match
[info ] FLOW bridge.unhandled fn=HmObjectInterpolator.addInterp
[info ] FLOW bridge fn=HmObjectInterpolator.addInterp args=_level0.hud_mc.bottomLeft_mc.instance8,0.5,easeout,3,,[object Object] level=Match
[info ] FLOW bridge.unhandled fn=HmObjectInterpolator.addInterp
[info ] VISUALCHECK frame 50 path=original black=0.005 flat=0.143 lumaP50=36 colors=559 draws=1915 world=1566 bsp=330 materials=153 noProgram=0 -> PASS
[info ] VISUALCHECK frame 170 path=original black=0.005 flat=0.142 lumaP50=36 colors=568 draws=1925 world=1566 bsp=330 materials=155 noProgram=0 -> PASS
[info ] FLOW gfx.dsCallback movie=UI_GFxPreGameCountdown_p.PreGameCountdown_GFX_1 markup=<CurrentGame:CurrentCountdown> value=9 callback=_level0.instance5.instance8.updateCountdown
[info ] FLOW bridge fn=HmObjectInterpolator.addInterp args=_level0.hud_mc.topCenter_mc.countdown_mc.roundTime_mc,0.5,easeout,3,,[object Object] level=Match
[info ] FLOW bridge.unhandled fn=HmObjectInterpolator.addInterp
[info ] FLOW bridge fn=HmObjectInterpolator.addInterp args=_level0.hud_mc.topCenter_mc.countdown_mc.roundTime_mc.time_txt,0.5,easeout,3,,[object Object] level=Match
[info ] FLOW bridge.unhandled fn=HmObjectInterpolator.addInterp
[info ] FLOW bridge fn=HmActionScript.setColor args=_level0.hud_mc.topCenter_mc.countdown_mc.roundTime_mc,16724787 level=Match
[info ] FLOW bridge.unhandled fn=HmActionScript.setColor
[info ] FLOW bridge fn=HmObjectInterpolator.addInterp args=_level0.hud_mc.topCenter_mc.countdown_mc.roundTime_mc,0.5,easeout,3,,[object Object] level=Match
[info ] FLOW bridge.unhandled fn=HmObjectInterpolator.addInterp
[info ] FLOW bridge fn=HmObjectInterpolator.addInterp args=_level0.hud_mc.topCenter_mc.countdown_mc,0.5,easeout,3,,[object Object] level=Match
[info ] FLOW bridge.unhandled fn=HmObjectInterpolator.addInterp
[info ] FLOW bridge fn=HmObjectInterpolator.addInterp args=_level0.hud_mc.topCenter_mc.countdown_mc.roundTime_mc,0.5,easeout,3,,[object Object] level=Match
[info ] FLOW bridge.unhandled fn=HmObjectInterpolator.addInterp
[info ] FLOW bridge fn=HmObjectInterpolator.addInterp args=_level0.hud_mc.topCenter_mc.countdown_mc.objectiveTime_mc,0.5,easeout,3,,[object Object] level=Match
[info ] FLOW bridge.unhandled fn=HmObjectInterpolator.addInterp
[info ] VISUALCHECK frame 290 path=original black=0.005 flat=0.141 lumaP50=36 colors=610 draws=1927 world=1566 bsp=330 materials=156 noProgram=0 -> PASS
[info ] VISUALCHECK frame 410 path=original black=0.005 flat=0.139 lumaP50=36 colors=600 draws=1927 world=1566 bsp=330 materials=156 noProgram=0 -> PASS
[info ] VISUALCHECK frame 530 path=original black=0.005 flat=0.139 lumaP50=36 colors=588 draws=1927 world=1566 bsp=330 materials=156 noProgram=0 -> PASS
[info ] FLOW gfx.dsCallback movie=UI_GFxPreGameCountdown_p.PreGameCountdown_GFX_1 markup=<CurrentGame:CurrentCountdown> value=8 callback=_level0.instance5.instance8.updateCountdown
[info ] FLOW bridge fn=HmObjectInterpolator.addInterp args=_level0.hud_mc.topCenter_mc.countdown_mc.roundTime_mc,0.5,easeout,3,,[object Object] level=Match
[info ] FLOW bridge.unhandled fn=HmObjectInterpolator.addInterp
[info ] FLOW bridge fn=HmObjectInterpolator.addInterp args=_level0.hud_mc.topCenter_mc.countdown_mc.roundTime_mc.time_txt,0.5,easeout,3,,[object Object] level=Match
[info ] FLOW bridge.unhandled fn=HmObjectInterpolator.addInterp
[info ] FLOW bridge fn=HmActionScript.setColor args=_level0.hud_mc.topCenter_mc.countdown_mc.roundTime_mc,16724787 level=Match
[info ] FLOW bridge.unhandled fn=HmActionScript.setColor
[info ] FLOW bridge fn=HmObjectInterpolator.addInterp args=_level0.hud_mc.topCenter_mc.countdown_mc.roundTime_mc,0.5,easeout,3,,[object Object] level=Match
[info ] FLOW bridge.unhandled fn=HmObjectInterpolator.addInterp
[info ] FLOW bridge fn=HmObjectInterpolator.addInterp args=_level0.hud_mc.topCenter_mc.countdown_mc,0.5,easeout,3,,[object Object] level=Match
[info ] FLOW bridge.unhandled fn=HmObjectInterpolator.addInterp
[info ] FLOW bridge fn=HmObjectInterpolator.addInterp args=_level0.hud_mc.topCenter_mc.countdown_mc.roundTime_mc,0.5,easeout,3,,[object Object] level=Match
[info ] FLOW bridge.unhandled fn=HmObjectInterpolator.addInterp
[info ] FLOW bridge fn=HmObjectInterpolator.addInterp args=_level0.hud_mc.topCenter_mc.countdown_mc.objectiveTime_mc,0.5,easeout,3,,[object Object] level=Match
[info ] FLOW bridge.unhandled fn=HmObjectInterpolator.addInterp
[info ] VISUALCHECK frame 650 path=original black=0.005 flat=0.139 lumaP50=36 colors=607 draws=1927 world=1566 bsp=330 materials=156 noProgram=0 -> PASS
[info ] VISUALCHECK frame 770 path=original black=0.005 flat=0.139 lumaP50=36 colors=613 draws=1939 world=1566 bsp=330 materials=156 noProgram=0 -> PASS
[info ] FLOW gfx.dsCallback movie=UI_GFxPreGameCountdown_p.PreGameCountdown_GFX_1 markup=<CurrentGame:CurrentCountdown> value=7 callback=_level0.instance5.instance8.updateCountdown
[info ] FLOW bridge fn=HmObjectInterpolator.addInterp args=_level0.hud_mc.topCenter_mc.countdown_mc.roundTime_mc,0.5,easeout,3,,[object Object] level=Match
[info ] FLOW bridge.unhandled fn=HmObjectInterpolator.addInterp
[info ] FLOW bridge fn=HmObjectInterpolator.addInterp args=_level0.hud_mc.topCenter_mc.countdown_mc.roundTime_mc.time_txt,0.5,easeout,3,,[object Object] level=Match
[info ] FLOW bridge.unhandled fn=HmObjectInterpolator.addInterp
[info ] FLOW bridge fn=HmActionScript.setColor args=_level0.hud_mc.topCenter_mc.countdown_mc.roundTime_mc,16724787 level=Match
[info ] FLOW bridge.unhandled fn=HmActionScript.setColor
[info ] FLOW bridge fn=HmObjectInterpolator.addInterp args=_level0.hud_mc.topCenter_mc.countdown_mc.roundTime_mc,0.5,easeout,3,,[object Object] level=Match
[info ] FLOW bridge.unhandled fn=HmObjectInterpolator.addInterp
[info ] FLOW bridge fn=HmObjectInterpolator.addInterp args=_level0.hud_mc.topCenter_mc.countdown_mc,0.5,easeout,3,,[object Object] level=Match
[info ] FLOW bridge.unhandled fn=HmObjectInterpolator.addInterp
[info ] FLOW bridge fn=HmObjectInterpolator.addInterp args=_level0.hud_mc.topCenter_mc.countdown_mc.roundTime_mc,0.5,easeout,3,,[object Object] level=Match
[info ] FLOW bridge.unhandled fn=HmObjectInterpolator.addInterp
[info ] FLOW bridge fn=HmObjectInterpolator.addInterp args=_level0.hud_mc.topCenter_mc.countdown_mc.objectiveTime_mc,0.5,easeout,3,,[object Object] level=Match
[info ] FLOW bridge.unhandled fn=HmObjectInterpolator.addInterp
[info ] VISUALCHECK frame 890 path=original black=0.005 flat=0.140 lumaP50=36 colors=621 draws=1937 world=1566 bsp=330 materials=158 noProgram=0 -> PASS
[info ] VISUALCHECK frame 1010 path=original black=0.006 flat=0.140 lumaP50=36 colors=597 draws=1926 world=1566 bsp=330 materials=156 noProgram=0 -> PASS
[info ] FLOW gfx.dsCallback movie=UI_GFxPreGameCountdown_p.PreGameCountdown_GFX_1 markup=<CurrentGame:CurrentCountdown> value=6 callback=_level0.instance5.instance8.updateCountdown
[info ] FLOW bridge fn=HmObjectInterpolator.addInterp args=_level0.hud_mc.topCenter_mc.countdown_mc.roundTime_mc,0.5,easeout,3,,[object Object] level=Match
[info ] FLOW bridge.unhandled fn=HmObjectInterpolator.addInterp
[info ] FLOW bridge fn=HmObjectInterpolator.addInterp args=_level0.hud_mc.topCenter_mc.countdown_mc.roundTime_mc.time_txt,0.5,easeout,3,,[object Object] level=Match
[info ] FLOW bridge.unhandled fn=HmObjectInterpolator.addInterp
[info ] FLOW bridge fn=HmActionScript.setColor args=_level0.hud_mc.topCenter_mc.countdown_mc.roundTime_mc,16724787 level=Match
[info ] FLOW bridge.unhandled fn=HmActionScript.setColor
[info ] FLOW bridge fn=HmObjectInterpolator.addInterp args=_level0.hud_mc.topCenter_mc.countdown_mc.roundTime_mc,0.5,easeout,3,,[object Object] level=Match
[info ] FLOW bridge.unhandled fn=HmObjectInterpolator.addInterp
[info ] FLOW bridge fn=HmObjectInterpolator.addInterp args=_level0.hud_mc.topCenter_mc.countdown_mc,0.5,easeout,3,,[object Object] level=Match
[info ] FLOW bridge.unhandled fn=HmObjectInterpolator.addInterp
[info ] FLOW bridge fn=HmObjectInterpolator.addInterp args=_level0.hud_mc.topCenter_mc.countdown_mc.roundTime_mc,0.5,easeout,3,,[object Object] level=Match
[info ] FLOW bridge.unhandled fn=HmObjectInterpolator.addInterp
[info ] FLOW bridge fn=HmObjectInterpolator.addInterp args=_level0.hud_mc.topCenter_mc.countdown_mc.objectiveTime_mc,0.5,easeout,3,,[object Object] level=Match
[info ] FLOW bridge.unhandled fn=HmObjectInterpolator.addInterp
[info ] VISUALCHECK frame 1130 path=original black=0.006 flat=0.139 lumaP50=36 colors=606 draws=1928 world=1566 bsp=330 materials=157 noProgram=0 -> PASS
[info ] FLOW gfx.dsCallback movie=UI_GFxPreGameCountdown_p.PreGameCountdown_GFX_1 markup=<CurrentGame:CurrentCountdown> value=5 callback=_level0.instance5.instance8.updateCountdown
[info ] FLOW bridge fn=HmObjectInterpolator.addInterp args=_level0.hud_mc.topCenter_mc.countdown_mc.roundTime_mc,0.5,easeout,3,,[object Object] level=Match
[info ] FLOW bridge.unhandled fn=HmObjectInterpolator.addInterp
[info ] FLOW bridge fn=HmObjectInterpolator.addInterp args=_level0.hud_mc.topCenter_mc.countdown_mc.roundTime_mc.time_txt,0.5,easeout,3,,[object Object] level=Match
[info ] FLOW bridge.unhandled fn=HmObjectInterpolator.addInterp
[info ] FLOW bridge fn=HmActionScript.setColor args=_level0.hud_mc.topCenter_mc.countdown_mc.roundTime_mc,16724787 level=Match
[info ] FLOW bridge.unhandled fn=HmActionScript.setColor
[info ] FLOW bridge fn=HmObjectInterpolator.addInterp args=_level0.hud_mc.topCenter_mc.countdown_mc.roundTime_mc,0.5,easeout,3,,[object Object] level=Match
[info ] FLOW bridge.unhandled fn=HmObjectInterpolator.addInterp
[info ] FLOW bridge fn=HmObjectInterpolator.addInterp args=_level0.hud_mc.topCenter_mc.countdown_mc,0.5,easeout,3,,[object Object] level=Match
[info ] FLOW bridge.unhandled fn=HmObjectInterpolator.addInterp
[info ] FLOW bridge fn=HmObjectInterpolator.addInterp args=_level0.hud_mc.topCenter_mc.countdown_mc.roundTime_mc,0.5,easeout,3,,[object Object] level=Match
[info ] FLOW bridge.unhandled fn=HmObjectInterpolator.addInterp
[info ] FLOW bridge fn=HmObjectInterpolator.addInterp args=_level0.hud_mc.topCenter_mc.countdown_mc.objectiveTime_mc,0.5,easeout,3,,[object Object] level=Match
[info ] FLOW bridge.unhandled fn=HmObjectInterpolator.addInterp
[info ] VISUALCHECK frame 1250 path=original black=0.006 flat=0.141 lumaP50=36 colors=641 draws=1940 world=1566 bsp=330 materials=157 noProgram=0 -> PASS
[info ] FLOW bridge fn=HmObjectInterpolator.addInterp args=_level0.hud_mc.topRight_mc.instance11.currentWeapon_mc.textAnchor_mc.weaponText0_mc,0.5,easeout,3,,[object Object] level=Match
[info ] FLOW bridge.unhandled fn=HmObjectInterpolator.addInterp
[info ] VISUALCHECK frame 1370 path=original black=0.006 flat=0.138 lumaP50=36 colors=601 draws=1940 world=1566 bsp=330 materials=157 noProgram=0 -> PASS
[info ] VISUALCHECK frame 1490 path=original black=0.006 flat=0.139 lumaP50=36 colors=611 draws=1928 world=1566 bsp=330 materials=157 noProgram=0 -> PASS
[info ] FLOW gfx.dsCallback movie=UI_GFxPreGameCountdown_p.PreGameCountdown_GFX_1 markup=<CurrentGame:CurrentCountdown> value=4 callback=_level0.instance5.instance8.updateCountdown
[info ] FLOW bridge fn=HmObjectInterpolator.addInterp args=_level0.hud_mc.topCenter_mc.countdown_mc.roundTime_mc,0.5,easeout,3,,[object Object] level=Match
[info ] FLOW bridge.unhandled fn=HmObjectInterpolator.addInterp
[info ] FLOW bridge fn=HmObjectInterpolator.addInterp args=_level0.hud_mc.topCenter_mc.countdown_mc.roundTime_mc.time_txt,0.5,easeout,3,,[object Object] level=Match
[info ] FLOW bridge.unhandled fn=HmObjectInterpolator.addInterp
[info ] FLOW bridge fn=HmActionScript.setColor args=_level0.hud_mc.topCenter_mc.countdown_mc.roundTime_mc,16724787 level=Match
[info ] FLOW bridge.unhandled fn=HmActionScript.setColor
[info ] FLOW bridge fn=HmObjectInterpolator.addInterp args=_level0.hud_mc.topCenter_mc.countdown_mc.roundTime_mc,0.5,easeout,3,,[object Object] level=Match
[info ] FLOW bridge.unhandled fn=HmObjectInterpolator.addInterp
[info ] FLOW bridge fn=HmObjectInterpolator.addInterp args=_level0.hud_mc.topCenter_mc.countdown_mc,0.5,easeout,3,,[object Object] level=Match
[info ] FLOW bridge.unhandled fn=HmObjectInterpolator.addInterp
[info ] FLOW bridge fn=HmObjectInterpolator.addInterp args=_level0.hud_mc.topCenter_mc.countdown_mc.roundTime_mc,0.5,easeout,3,,[object Object] level=Match
[info ] FLOW bridge.unhandled fn=HmObjectInterpolator.addInterp
[info ] FLOW bridge fn=HmObjectInterpolator.addInterp args=_level0.hud_mc.topCenter_mc.countdown_mc.objectiveTime_mc,0.5,easeout,3,,[object Object] level=Match
[info ] FLOW bridge.unhandled fn=HmObjectInterpolator.addInterp
[info ] VISUALCHECK frame 1610 path=original black=0.005 flat=0.139 lumaP50=36 colors=622 draws=1928 world=1566 bsp=330 materials=157 noProgram=0 -> PASS
[info ] VISUALCHECK frame 1730 path=original black=0.005 flat=0.140 lumaP50=36 colors=644 draws=1937 world=1566 bsp=330 materials=158 noProgram=0 -> PASS
[info ] FLOW gfx.dsCallback movie=UI_GFxPreGameCountdown_p.PreGameCountdown_GFX_1 markup=<CurrentGame:CurrentCountdown> value=3 callback=_level0.instance5.instance8.updateCountdown
[info ] FLOW bridge fn=HmObjectInterpolator.addInterp args=_level0.hud_mc.topCenter_mc.countdown_mc.roundTime_mc,0.5,easeout,3,,[object Object] level=Match
[info ] FLOW bridge.unhandled fn=HmObjectInterpolator.addInterp
[info ] FLOW bridge fn=HmObjectInterpolator.addInterp args=_level0.hud_mc.topCenter_mc.countdown_mc.roundTime_mc.time_txt,0.5,easeout,3,,[object Object] level=Match
[info ] FLOW bridge.unhandled fn=HmObjectInterpolator.addInterp
[info ] FLOW bridge fn=HmActionScript.setColor args=_level0.hud_mc.topCenter_mc.countdown_mc.roundTime_mc,16724787 level=Match
[info ] FLOW bridge.unhandled fn=HmActionScript.setColor
[info ] FLOW bridge fn=HmObjectInterpolator.addInterp args=_level0.hud_mc.topCenter_mc.countdown_mc.roundTime_mc,0.5,easeout,3,,[object Object] level=Match
[info ] FLOW bridge.unhandled fn=HmObjectInterpolator.addInterp
[info ] FLOW bridge fn=HmObjectInterpolator.addInterp args=_level0.hud_mc.topCenter_mc.countdown_mc,0.5,easeout,3,,[object Object] level=Match
[info ] FLOW bridge.unhandled fn=HmObjectInterpolator.addInterp
[info ] FLOW bridge fn=HmObjectInterpolator.addInterp args=_level0.hud_mc.topCenter_mc.countdown_mc.roundTime_mc,0.5,easeout,3,,[object Object] level=Match
[info ] FLOW bridge.unhandled fn=HmObjectInterpolator.addInterp
[info ] FLOW bridge fn=HmObjectInterpolator.addInterp args=_level0.hud_mc.topCenter_mc.countdown_mc.objectiveTime_mc,0.5,easeout,3,,[object Object] level=Match
[info ] FLOW bridge.unhandled fn=HmObjectInterpolator.addInterp
[info ] VISUALCHECK frame 1850 path=original black=0.005 flat=0.141 lumaP50=36 colors=623 draws=1926 world=1566 bsp=330 materials=156 noProgram=0 -> PASS
[info ] VISUALCHECK frame 1970 path=original black=0.005 flat=0.142 lumaP50=36 colors=619 draws=1940 world=1566 bsp=330 materials=157 noProgram=0 -> PASS
[info ] FLOW gfx.dsCallback movie=UI_GFxPreGameCountdown_p.PreGameCountdown_GFX_1 markup=<CurrentGame:CurrentCountdown> value=2 callback=_level0.instance5.instance8.updateCountdown
[info ] FLOW bridge fn=HmObjectInterpolator.addInterp args=_level0.hud_mc.topCenter_mc.countdown_mc.roundTime_mc,0.5,easeout,3,,[object Object] level=Match
[info ] FLOW bridge.unhandled fn=HmObjectInterpolator.addInterp
[info ] FLOW bridge fn=HmObjectInterpolator.addInterp args=_level0.hud_mc.topCenter_mc.countdown_mc.roundTime_mc.time_txt,0.5,easeout,3,,[object Object] level=Match
[info ] FLOW bridge.unhandled fn=HmObjectInterpolator.addInterp
[info ] FLOW bridge fn=HmActionScript.setColor args=_level0.hud_mc.topCenter_mc.countdown_mc.roundTime_mc,16724787 level=Match
[info ] FLOW bridge.unhandled fn=HmActionScript.setColor
[info ] FLOW bridge fn=HmObjectInterpolator.addInterp args=_level0.hud_mc.topCenter_mc.countdown_mc.roundTime_mc,0.5,easeout,3,,[object Object] level=Match
[info ] FLOW bridge.unhandled fn=HmObjectInterpolator.addInterp
[info ] FLOW bridge fn=HmObjectInterpolator.addInterp args=_level0.hud_mc.topCenter_mc.countdown_mc,0.5,easeout,3,,[object Object] level=Match
[info ] FLOW bridge.unhandled fn=HmObjectInterpolator.addInterp
[info ] FLOW bridge fn=HmObjectInterpolator.addInterp args=_level0.hud_mc.topCenter_mc.countdown_mc.roundTime_mc,0.5,easeout,3,,[object Object] level=Match
[info ] FLOW bridge.unhandled fn=HmObjectInterpolator.addInterp
[info ] FLOW bridge fn=HmObjectInterpolator.addInterp args=_level0.hud_mc.topCenter_mc.countdown_mc.objectiveTime_mc,0.5,easeout,3,,[object Object] level=Match
[info ] FLOW bridge.unhandled fn=HmObjectInterpolator.addInterp
[info ] VISUALCHECK frame 2090 path=original black=0.005 flat=0.142 lumaP50=36 colors=614 draws=1928 world=1566 bsp=330 materials=157 noProgram=0 -> PASS
[info ] VISUALCHECK frame 2210 path=original black=0.005 flat=0.142 lumaP50=36 colors=613 draws=1928 world=1566 bsp=330 materials=157 noProgram=0 -> PASS
[info ] FLOW gfx.dsCallback movie=UI_GFxPreGameCountdown_p.PreGameCountdown_GFX_1 markup=<CurrentGame:CurrentCountdown> value=1 callback=_level0.instance5.instance8.updateCountdown
[info ] FLOW bridge fn=HmObjectInterpolator.addInterp args=_level0.hud_mc.topCenter_mc.countdown_mc.roundTime_mc,0.5,easeout,3,,[object Object] level=Match
[info ] FLOW bridge.unhandled fn=HmObjectInterpolator.addInterp
[info ] FLOW bridge fn=HmObjectInterpolator.addInterp args=_level0.hud_mc.topCenter_mc.countdown_mc.roundTime_mc.time_txt,0.5,easeout,3,,[object Object] level=Match
[info ] FLOW bridge.unhandled fn=HmObjectInterpolator.addInterp
[info ] FLOW bridge fn=HmActionScript.setColor args=_level0.hud_mc.topCenter_mc.countdown_mc.roundTime_mc,16724787 level=Match
[info ] FLOW bridge.unhandled fn=HmActionScript.setColor
[info ] FLOW bridge fn=HmObjectInterpolator.addInterp args=_level0.hud_mc.topCenter_mc.countdown_mc.roundTime_mc,0.5,easeout,3,,[object Object] level=Match
[info ] FLOW bridge.unhandled fn=HmObjectInterpolator.addInterp
[info ] FLOW bridge fn=HmObjectInterpolator.addInterp args=_level0.hud_mc.topCenter_mc.countdown_mc,0.5,easeout,3,,[object Object] level=Match
[info ] FLOW bridge.unhandled fn=HmObjectInterpolator.addInterp
[info ] FLOW bridge fn=HmObjectInterpolator.addInterp args=_level0.hud_mc.topCenter_mc.countdown_mc.roundTime_mc,0.5,easeout,3,,[object Object] level=Match
[info ] FLOW bridge.unhandled fn=HmObjectInterpolator.addInterp
[info ] FLOW bridge fn=HmObjectInterpolator.addInterp args=_level0.hud_mc.topCenter_mc.countdown_mc.objectiveTime_mc,0.5,easeout,3,,[object Object] level=Match
[info ] FLOW bridge.unhandled fn=HmObjectInterpolator.addInterp
[info ] VISUALCHECK frame 2330 path=original black=0.005 flat=0.142 lumaP50=36 colors=609 draws=1928 world=1566 bsp=330 materials=157 noProgram=0 -> PASS
[info ] sound cues: streamed BL_DX_SWITCHBOARD.SC002657 decoded in 0.8 ms
[info ] match: local player spawned at TnTeamPlayerStart_12481 (TnSpawnCluster_7810 team 0)
[info ] sound cues: streamed BL_LVL_MP_MX.DM_START decoded in 7.8 ms
[info ] FLOW uievent 3 OnBeginGame in WaitingOnGameStart
[info ] FLOW match.started
[info ] FLOW match.spawn player=0 start=TnTeamPlayerStart_12481
[info ] MATCH spawn player=0 team=0 start=TnTeamPlayerStart_12481 pos=106.2,-716.0,-660.5 chassis=Car2
[info ] FLOW uievent 5 OnRespawn in WaitingOnGameStart
[info ] FLOW ui CloseUI UI_GFxPreGameCountdown_p.PreGameCountdown_GFX_1
[info ] FLOW ui.close movie=UI_GFxPreGameCountdown_p.PreGameCountdown_GFX_1
[info ] FLOW uistate WaitingOnGameStart -> InGame (TnUIControllerMultiplayer)
[info ] FLOW ui.hud visible=true
[info ] FLOW ui.state from=WaitingOnGameStart to=InGame controller=TnUIControllerMultiplayer level=Match
[info ] FLOW match.spawn player=1 start=TnTeamPlayerStart_5269
[info ] MATCH spawn player=1 team=1 start=TnTeamPlayerStart_5269 pos=386.4,-705.9,-319.2 chassis=Truck
[info ] MATCH timer remaining_s=900
[info ] FLOW gfx.movieClosed movie=UI_GFxPreGameCountdown_p.PreGameCountdown_GFX_1
[info ] FLOW bridge fn=HmObjectInterpolator.addInterp args=_level0.hud_mc.topCenter_mc.countdown_mc.roundTime_mc,0.5,easeout,3,,[object Object] level=Match
[info ] FLOW bridge.unhandled fn=HmObjectInterpolator.addInterp
[info ] FLOW bridge fn=HmObjectInterpolator.addInterp args=_level0.hud_mc.topCenter_mc.countdown_mc,0.5,easeout,3,,[object Object] level=Match
[info ] FLOW bridge.unhandled fn=HmObjectInterpolator.addInterp
[info ] FLOW bridge fn=HmObjectInterpolator.addInterp args=_level0.hud_mc.topCenter_mc.countdown_mc.roundTime_mc,0.5,easeout,3,,[object Object] level=Match
[info ] FLOW bridge.unhandled fn=HmObjectInterpolator.addInterp
[info ] FLOW bridge fn=HmObjectInterpolator.addInterp args=_level0.hud_mc.topCenter_mc.countdown_mc.objectiveTime_mc,0.5,easeout,3,,[object Object] level=Match
[info ] FLOW bridge.unhandled fn=HmObjectInterpolator.addInterp
[info ] FLOW script.wait cond=ui=InGame
[info ] FLOW hud.visible visible=true
[info ] FLOW bridge fn=HmObjectInterpolator.addInterp args=_level0.hud_mc.topCenter_mc.instance34.announcement_mc,0.4,easeout,3,,[object Object] level=Match
[info ] FLOW bridge.unhandled fn=HmObjectInterpolator.addInterp
[info ] FLOW hud.announcement text=Team Deathmatch
[info ] VISUALCHECK frame 2450 path=original black=0.001 flat=0.071 lumaP50=32 colors=623 draws=2055 world=1641 bsp=357 materials=162 noProgram=0 -> PASS
[info ] VISUALCHECK frame 2570 path=original black=0.000 flat=0.071 lumaP50=32 colors=641 draws=2044 world=1641 bsp=357 materials=161 noProgram=0 -> PASS
[info ] MATCH timer remaining_s=899
[info ] FLOW bridge fn=HmObjectInterpolator.addInterp args=_level0.hud_mc.topCenter_mc.countdown_mc.roundTime_mc,0.5,easeout,3,,[object Object] level=Match
[info ] FLOW bridge.unhandled fn=HmObjectInterpolator.addInterp
[info ] FLOW bridge fn=HmObjectInterpolator.addInterp args=_level0.hud_mc.topCenter_mc.countdown_mc,0.5,easeout,3,,[object Object] level=Match
[info ] FLOW bridge.unhandled fn=HmObjectInterpolator.addInterp
[info ] FLOW bridge fn=HmObjectInterpolator.addInterp args=_level0.hud_mc.topCenter_mc.countdown_mc.roundTime_mc,0.5,easeout,3,,[object Object] level=Match
[info ] FLOW bridge.unhandled fn=HmObjectInterpolator.addInterp
[info ] FLOW bridge fn=HmObjectInterpolator.addInterp args=_level0.hud_mc.topCenter_mc.countdown_mc.objectiveTime_mc,0.5,easeout,3,,[object Object] level=Match
[info ] FLOW bridge.unhandled fn=HmObjectInterpolator.addInterp
[info ] VISUALCHECK frame 2690 path=original black=0.000 flat=0.073 lumaP50=32 colors=637 draws=2033 world=1641 bsp=357 materials=161 noProgram=0 -> PASS
[info ] sound cues: streamed BL_DX_SWITCHBOARD.SC008993 decoded in 0.5 ms
[info ] VISUALCHECK frame 2810 path=original black=0.000 flat=0.073 lumaP50=32 colors=622 draws=2033 world=1641 bsp=357 materials=161 noProgram=0 -> PASS
[info ] MATCH timer remaining_s=898
[info ] FLOW bridge fn=HmObjectInterpolator.addInterp args=_level0.hud_mc.topCenter_mc.countdown_mc.roundTime_mc,0.5,easeout,3,,[object Object] level=Match
[info ] FLOW bridge.unhandled fn=HmObjectInterpolator.addInterp
[info ] FLOW bridge fn=HmObjectInterpolator.addInterp args=_level0.hud_mc.topCenter_mc.countdown_mc,0.5,easeout,3,,[object Object] level=Match
[info ] FLOW bridge.unhandled fn=HmObjectInterpolator.addInterp
[info ] FLOW bridge fn=HmObjectInterpolator.addInterp args=_level0.hud_mc.topCenter_mc.countdown_mc.roundTime_mc,0.5,easeout,3,,[object Object] level=Match
[info ] FLOW bridge.unhandled fn=HmObjectInterpolator.addInterp
[info ] FLOW bridge fn=HmObjectInterpolator.addInterp args=_level0.hud_mc.topCenter_mc.countdown_mc.objectiveTime_mc,0.5,easeout,3,,[object Object] level=Match
[info ] FLOW bridge.unhandled fn=HmObjectInterpolator.addInterp
[info ] VISUALCHECK frame 2930 path=original black=0.000 flat=0.074 lumaP50=32 colors=631 draws=2033 world=1641 bsp=357 materials=161 noProgram=0 -> PASS
[info ] FLOW test.lifecycle.damage victim=opponent
[info ] FLOW match.kill victim=1 killer=0 how=
[info ] MATCH kill killer=0 victim=1 killer_team=0 victim_team=1 weapon=unknown
[info ] MATCH score team=0 score=1
[info ] MATCH death player=1 pos=386.4,-706.3,-319.2
[info ] FLOW bridge fn=HmObjectInterpolator.addInterp args=_level0.hud_mc.bottomLeft_mc.instance8.message0_mc,0.2,easeout,4,,[object Object] level=Match
[info ] FLOW bridge.unhandled fn=HmObjectInterpolator.addInterp
[info ] FLOW hud.killFeed html=<font color='#FFFFFF'>Player</font><font color='#FF9333'> destroyed </font><font color='#F03C3C'>LifecycleOpponent</font>
[info ] VISUALCHECK frame 3050 path=original black=0.000 flat=0.073 lumaP50=32 colors=616 draws=2046 world=1641 bsp=357 materials=161 noProgram=0 -> PASS
[info ] FLOW bridge fn=HmActionScript.setColor args=_level0.hud_mc.topCenter_mc.instance33.scoreboard_mc.allyBar_mc.panel_mc,16777215 level=Match
[info ] FLOW bridge.unhandled fn=HmActionScript.setColor
[info ] FLOW bridge fn=HmObjectInterpolator.addInterp args=_level0.hud_mc.topCenter_mc.instance33.scoreboard_mc.allyBar_mc.panel_mc,0.5,easeout,3,,[object Object] level=Match
[info ] FLOW bridge.unhandled fn=HmObjectInterpolator.addInterp
[info ] FLOW bridge fn=HmObjectInterpolator.addInterp args=_level0.hud_mc.topCenter_mc.instance33.scoreboard_mc.allyBar_mc,0.2,easeout,3,,[object Object] level=Match
[info ] FLOW bridge.unhandled fn=HmObjectInterpolator.addInterp
[info ] MATCH timer remaining_s=897
[info ] FLOW bridge fn=HmObjectInterpolator.addInterp args=_level0.hud_mc.topCenter_mc.countdown_mc.roundTime_mc,0.5,easeout,3,,[object Object] level=Match
[info ] FLOW bridge.unhandled fn=HmObjectInterpolator.addInterp
[info ] FLOW bridge fn=HmObjectInterpolator.addInterp args=_level0.hud_mc.topCenter_mc.countdown_mc,0.5,easeout,3,,[object Object] level=Match
[info ] FLOW bridge.unhandled fn=HmObjectInterpolator.addInterp
[info ] FLOW bridge fn=HmObjectInterpolator.addInterp args=_level0.hud_mc.topCenter_mc.countdown_mc.roundTime_mc,0.5,easeout,3,,[object Object] level=Match
[info ] FLOW bridge.unhandled fn=HmObjectInterpolator.addInterp
[info ] FLOW bridge fn=HmObjectInterpolator.addInterp args=_level0.hud_mc.topCenter_mc.countdown_mc.objectiveTime_mc,0.5,easeout,3,,[object Object] level=Match
[info ] FLOW bridge.unhandled fn=HmObjectInterpolator.addInterp
[info ] VISUALCHECK frame 3170 path=original black=0.000 flat=0.074 lumaP50=32 colors=622 draws=2042 world=1641 bsp=357 materials=162 noProgram=0 -> PASS
[info ] sound cues: streamed BL_DX_SWITCHBOARD.SC010609 decoded in 0.5 ms
[info ] VISUALCHECK frame 3290 path=original black=0.000 flat=0.074 lumaP50=32 colors=605 draws=2033 world=1641 bsp=357 materials=161 noProgram=0 -> PASS
[info ] MATCH timer remaining_s=896
[info ] FLOW bridge fn=HmObjectInterpolator.addInterp args=_level0.hud_mc.topCenter_mc.countdown_mc.roundTime_mc,0.5,easeout,3,,[object Object] level=Match
[info ] FLOW bridge.unhandled fn=HmObjectInterpolator.addInterp
[info ] FLOW bridge fn=HmObjectInterpolator.addInterp args=_level0.hud_mc.topCenter_mc.countdown_mc,0.5,easeout,3,,[object Object] level=Match
[info ] FLOW bridge.unhandled fn=HmObjectInterpolator.addInterp
[info ] FLOW bridge fn=HmObjectInterpolator.addInterp args=_level0.hud_mc.topCenter_mc.countdown_mc.roundTime_mc,0.5,easeout,3,,[object Object] level=Match
[info ] FLOW bridge.unhandled fn=HmObjectInterpolator.addInterp
[info ] FLOW bridge fn=HmObjectInterpolator.addInterp args=_level0.hud_mc.topCenter_mc.countdown_mc.objectiveTime_mc,0.5,easeout,3,,[object Object] level=Match
[info ] FLOW bridge.unhandled fn=HmObjectInterpolator.addInterp
[info ] VISUALCHECK frame 3410 path=original black=0.000 flat=0.074 lumaP50=32 colors=639 draws=2032 world=1641 bsp=357 materials=160 noProgram=0 -> PASS
[info ] FLOW bridge fn=HmObjectInterpolator.addInterp args=_level0.hud_mc.topCenter_mc.instance34.announcement_mc,0.4,easeout,3,,[object Object] level=Match
[info ] FLOW bridge.unhandled fn=HmObjectInterpolator.addInterp
[info ] VISUALCHECK frame 3530 path=original black=0.000 flat=0.075 lumaP50=32 colors=656 draws=2045 world=1641 bsp=357 materials=161 noProgram=0 -> PASS
[info ] MATCH timer remaining_s=895
[info ] FLOW bridge fn=HmObjectInterpolator.addInterp args=_level0.hud_mc.topCenter_mc.countdown_mc.roundTime_mc,0.5,easeout,3,,[object Object] level=Match
[info ] FLOW bridge.unhandled fn=HmObjectInterpolator.addInterp
[info ] FLOW bridge fn=HmObjectInterpolator.addInterp args=_level0.hud_mc.topCenter_mc.countdown_mc,0.5,easeout,3,,[object Object] level=Match
[info ] FLOW bridge.unhandled fn=HmObjectInterpolator.addInterp
[info ] FLOW bridge fn=HmObjectInterpolator.addInterp args=_level0.hud_mc.topCenter_mc.countdown_mc.roundTime_mc,0.5,easeout,3,,[object Object] level=Match
[info ] FLOW bridge.unhandled fn=HmObjectInterpolator.addInterp
[info ] FLOW bridge fn=HmObjectInterpolator.addInterp args=_level0.hud_mc.topCenter_mc.countdown_mc.objectiveTime_mc,0.5,easeout,3,,[object Object] level=Match
[info ] FLOW bridge.unhandled fn=HmObjectInterpolator.addInterp
[info ] VISUALCHECK frame 3650 path=original black=0.000 flat=0.076 lumaP50=32 colors=645 draws=2046 world=1641 bsp=357 materials=161 noProgram=0 -> PASS
[info ] FLOW script.wait cond=t=6
[info ] VISUALCHECK F:/Transformers Rebuild/Rebuild/work/m6b/visual_suite_final/flow_3_match1.bmp -> PASS
[info ] screenshot: F:/Transformers Rebuild/Rebuild/work/m6b/visual_suite_final/flow_3_match1.bmp (1280x720)
[info ] MATCH timer remaining_s=894
[info ] FLOW bridge fn=HmObjectInterpolator.addInterp args=_level0.hud_mc.topCenter_mc.countdown_mc.roundTime_mc,0.5,easeout,3,,[object Object] level=Match
[info ] FLOW bridge.unhandled fn=HmObjectInterpolator.addInterp
[info ] FLOW bridge fn=HmObjectInterpolator.addInterp args=_level0.hud_mc.topCenter_mc.countdown_mc,0.5,easeout,3,,[object Object] level=Match
[info ] FLOW bridge.unhandled fn=HmObjectInterpolator.addInterp
[info ] FLOW bridge fn=HmObjectInterpolator.addInterp args=_level0.hud_mc.topCenter_mc.countdown_mc.roundTime_mc,0.5,easeout,3,,[object Object] level=Match
[info ] FLOW bridge.unhandled fn=HmObjectInterpolator.addInterp
[info ] FLOW bridge fn=HmObjectInterpolator.addInterp args=_level0.hud_mc.topCenter_mc.countdown_mc.objectiveTime_mc,0.5,easeout,3,,[object Object] level=Match
[info ] FLOW bridge.unhandled fn=HmObjectInterpolator.addInterp
[info ] VISUALCHECK frame 3770 path=original black=0.000 flat=0.077 lumaP50=32 colors=614 draws=2033 world=1641 bsp=357 materials=161 noProgram=0 -> PASS
[info ] VISUALCHECK frame 3890 path=original black=0.000 flat=0.076 lumaP50=32 colors=618 draws=2035 world=1641 bsp=357 materials=162 noProgram=0 -> PASS
[info ] MATCH timer remaining_s=893
[info ] FLOW bridge fn=HmObjectInterpolator.addInterp args=_level0.hud_mc.topCenter_mc.countdown_mc.roundTime_mc,0.5,easeout,3,,[object Object] level=Match
[info ] FLOW bridge.unhandled fn=HmObjectInterpolator.addInterp
[info ] FLOW bridge fn=HmObjectInterpolator.addInterp args=_level0.hud_mc.topCenter_mc.countdown_mc,0.5,easeout,3,,[object Object] level=Match
[info ] FLOW bridge.unhandled fn=HmObjectInterpolator.addInterp
[info ] FLOW bridge fn=HmObjectInterpolator.addInterp args=_level0.hud_mc.topCenter_mc.countdown_mc.roundTime_mc,0.5,easeout,3,,[object Object] level=Match
[info ] FLOW bridge.unhandled fn=HmObjectInterpolator.addInterp
[info ] FLOW bridge fn=HmObjectInterpolator.addInterp args=_level0.hud_mc.topCenter_mc.countdown_mc.objectiveTime_mc,0.5,easeout,3,,[object Object] level=Match
[info ] FLOW bridge.unhandled fn=HmObjectInterpolator.addInterp
[info ] VISUALCHECK frame 4010 path=original black=0.000 flat=0.075 lumaP50=32 colors=632 draws=2033 world=1641 bsp=357 materials=161 noProgram=0 -> PASS
[info ] FLOW bridge fn=HmObjectInterpolator.addInterp args=_level0.hud_mc.bottomLeft_mc.instance8.message0_mc,1,easeout,3,,[object Object] level=Match
[info ] FLOW bridge.unhandled fn=HmObjectInterpolator.addInterp
[info ] FLOW test.lifecycle.damage victim=local
[info ] FLOW match.spawn player=1 start=TnTeamPlayerStart_8835
[info ] MATCH spawn player=1 team=1 start=TnTeamPlayerStart_8835 pos=372.7,-705.5,-325.6 chassis=Truck
[info ] MATCH respawn player=1 start=TnTeamPlayerStart_8835 delay_s=4.98
[info ] FLOW bridge fn=HmActionScript.setColor args=_level0.hud_mc.topLeft_mc.instance2.drainedBar0_mc,16777215 level=Match
[info ] FLOW bridge.unhandled fn=HmActionScript.setColor
[info ] FLOW bridge fn=HmObjectInterpolator.addInterp args=_level0.hud_mc.topLeft_mc.instance2.healthBarAnchor_mc.healthSegment0_mc,1,easeout,3,,[object Object] level=Match
[info ] FLOW bridge.unhandled fn=HmObjectInterpolator.addInterp
[info ] FLOW bridge fn=HmObjectInterpolator.addInterp args=_level0.hud_mc.topLeft_mc.instance2.healthBarAnchor_mc.healthSegment1_mc,1,easeout,3,,[object Object] level=Match
[info ] FLOW bridge.unhandled fn=HmObjectInterpolator.addInterp
[info ] FLOW bridge fn=HmObjectInterpolator.addInterp args=_level0.hud_mc.topLeft_mc.instance2.healthBarAnchor_mc.healthSegment2_mc,1,easeout,3,,[object Object] level=Match
[info ] FLOW bridge.unhandled fn=HmObjectInterpolator.addInterp
[info ] FLOW bridge fn=HmObjectInterpolator.addInterp args=_level0.hud_mc.topLeft_mc.instance2.healthBarAnchor_mc.healthSegment3_mc,1,easeout,3,,[object Object] level=Match
[info ] FLOW bridge.unhandled fn=HmObjectInterpolator.addInterp
[info ] FLOW bridge.unhandled fn=Self.ActivatePostProcessChain movie=UI_GFxHud_p.Hud_GFX_1
[info ] FLOW bridge fn=HmObjectInterpolator.addInterp args=_level0.hud_mc.bottomLeft_mc.instance8,0.5,easeout,3,,[object Object] level=Match
[info ] FLOW bridge.unhandled fn=HmObjectInterpolator.addInterp
[info ] FLOW bridge fn=HmObjectInterpolator.addInterp args=_level0.hud_mc.topLeft_mc.instance2.healthBarAnchor_mc.healthSegment0_mc.highlight_mc,0.2,easeout,3,,[object Object] level=Match
[info ] FLOW bridge.unhandled fn=HmObjectInterpolator.addInterp
[info ] FLOW bridge fn=HmObjectInterpolator.addInterp args=_level0.hud_mc.topLeft_mc.instance2.healthBarAnchor_mc.healthSegment0_mc.bar_mc,0.2,easeout,3,,[object Object] level=Match
[info ] FLOW bridge.unhandled fn=HmObjectInterpolator.addInterp
[info ] FLOW bridge fn=HmObjectInterpolator.addInterp args=_level0.hud_mc.topLeft_mc.instance2.healthBarAnchor_mc.healthSegment1_mc.highlight_mc,0.2,easeout,3,,[object Object] level=Match
[info ] FLOW bridge.unhandled fn=HmObjectInterpolator.addInterp
[info ] FLOW bridge fn=HmObjectInterpolator.addInterp args=_level0.hud_mc.topLeft_mc.instance2.healthBarAnchor_mc.healthSegment1_mc.bar_mc,0.2,easeout,3,,[object Object] level=Match
[info ] FLOW bridge.unhandled fn=HmObjectInterpolator.addInterp
[info ] FLOW bridge fn=HmObjectInterpolator.addInterp args=_level0.hud_mc.topLeft_mc.instance2.healthBarAnchor_mc.healthSegment2_mc.highlight_mc,0.2,easeout,3,,[object Object] level=Match
[info ] FLOW bridge.unhandled fn=HmObjectInterpolator.addInterp
[info ] FLOW bridge fn=HmObjectInterpolator.addInterp args=_level0.hud_mc.topLeft_mc.instance2.healthBarAnchor_mc.healthSegment2_mc.bar_mc,0.2,easeout,3,,[object Object] level=Match
[info ] FLOW bridge.unhandled fn=HmObjectInterpolator.addInterp
[info ] FLOW bridge fn=HmObjectInterpolator.addInterp args=_level0.hud_mc.topLeft_mc.instance2.drainedBar0_mc,0.2,easeout,3,,[object Object] level=Match
[info ] FLOW bridge.unhandled fn=HmObjectInterpolator.addInterp
[info ] sound cues: streamed BL_DX_SWITCHBOARD.SC010609 decoded in 0.4 ms
[info ] FLOW match.kill victim=0 killer=1 how=
[info ] MATCH kill killer=1 victim=0 killer_team=1 victim_team=0 weapon=unknown
[info ] MATCH score team=1 score=1
[info ] MATCH death player=0 pos=106.2,-716.8,-660.5
[info ] FLOW bridge fn=HmObjectInterpolator.addInterp args=_level0.hud_mc.bottomLeft_mc.instance8.message1_mc,0.2,easeout,4,,[object Object] level=Match
[info ] FLOW bridge.unhandled fn=HmObjectInterpolator.addInterp
[info ] FLOW bridge fn=HmObjectInterpolator.addInterp args=_level0.hud_mc.bottomLeft_mc.instance8.message0_mc,0.2,easeout,4,,[object Object] level=Match
[info ] FLOW bridge.unhandled fn=HmObjectInterpolator.addInterp
[info ] FLOW hud.killFeed html=<font color='#F03C3C'>LifecycleOpponent</font><font color='#FF9333'> destroyed </font><font color='#FFFFFF'>Player</font>
[info ] VISUALCHECK frame 4130 path=original black=0.014 flat=0.112 lumaP50=31 colors=562 draws=2041 world=1641 bsp=357 materials=158 noProgram=0 -> PASS
[info ] FLOW bridge fn=HmActionScript.setColor args=_level0.hud_mc.topCenter_mc.instance33.scoreboard_mc.enemyBar_mc.panel_mc,16777215 level=Match
[info ] FLOW bridge.unhandled fn=HmActionScript.setColor
[info ] FLOW bridge fn=HmObjectInterpolator.addInterp args=_level0.hud_mc.topCenter_mc.instance33.scoreboard_mc.enemyBar_mc.panel_mc,0.5,easeout,3,,[object Object] level=Match
[info ] FLOW bridge.unhandled fn=HmObjectInterpolator.addInterp
[info ] FLOW bridge fn=HmObjectInterpolator.addInterp args=_level0.hud_mc.topCenter_mc.instance33.scoreboard_mc.enemyBar_mc,0.2,easeout,3,,[object Object] level=Match
[info ] FLOW bridge.unhandled fn=HmObjectInterpolator.addInterp
[info ] FLOW bridge fn=HmObjectInterpolator.addInterp args=_level0.hud_mc.topLeft_mc.instance2.drainedBar0_mc,0.5,easeout,3,,[object Object] level=Match
[info ] FLOW bridge.unhandled fn=HmObjectInterpolator.addInterp
[info ] FLOW bridge fn=HmObjectInterpolator.addInterp args=_level0.hud_mc.topLeft_mc.instance2.healthBarAnchor_mc.emptySegment1_mc,0.5,easeout,3,,[object Object] level=Match
[info ] FLOW bridge.unhandled fn=HmObjectInterpolator.addInterp
[info ] FLOW bridge fn=HmObjectInterpolator.addInterp args=_level0.hud_mc.topLeft_mc.instance2.healthBarAnchor_mc.emptySegment2_mc,0.5,easeout,3,,[object Object] level=Match
[info ] FLOW bridge.unhandled fn=HmObjectInterpolator.addInterp
[info ] FLOW bridge fn=HmObjectInterpolator.addInterp args=_level0.hud_mc.topLeft_mc.instance2.healthBarAnchor_mc.emptySegment3_mc,0.5,easeout,3,,[object Object] level=Match
[info ] FLOW bridge.unhandled fn=HmObjectInterpolator.addInterp
[info ] MATCH timer remaining_s=892
[info ] FLOW bridge fn=HmObjectInterpolator.addInterp args=_level0.hud_mc.topCenter_mc.countdown_mc.roundTime_mc,0.5,easeout,3,,[object Object] level=Match
[info ] FLOW bridge.unhandled fn=HmObjectInterpolator.addInterp
[info ] FLOW bridge fn=HmObjectInterpolator.addInterp args=_level0.hud_mc.topCenter_mc.countdown_mc,0.5,easeout,3,,[object Object] level=Match
[info ] FLOW bridge.unhandled fn=HmObjectInterpolator.addInterp
[info ] FLOW bridge fn=HmObjectInterpolator.addInterp args=_level0.hud_mc.topCenter_mc.countdown_mc.roundTime_mc,0.5,easeout,3,,[object Object] level=Match
[info ] FLOW bridge.unhandled fn=HmObjectInterpolator.addInterp
[info ] FLOW bridge fn=HmObjectInterpolator.addInterp args=_level0.hud_mc.topCenter_mc.countdown_mc.objectiveTime_mc,0.5,easeout,3,,[object Object] level=Match
[info ] FLOW bridge.unhandled fn=HmObjectInterpolator.addInterp
[info ] VISUALCHECK frame 4250 path=original black=0.014 flat=0.112 lumaP50=31 colors=533 draws=2030 world=1641 bsp=357 materials=158 noProgram=0 -> PASS
[info ] VISUALCHECK frame 4370 path=original black=0.015 flat=0.111 lumaP50=31 colors=544 draws=2029 world=1641 bsp=357 materials=158 noProgram=0 -> PASS
[info ] MATCH timer remaining_s=891
[info ] FLOW bridge fn=HmObjectInterpolator.addInterp args=_level0.hud_mc.topCenter_mc.countdown_mc.roundTime_mc,0.5,easeout,3,,[object Object] level=Match
[info ] FLOW bridge.unhandled fn=HmObjectInterpolator.addInterp
[info ] FLOW bridge fn=HmObjectInterpolator.addInterp args=_level0.hud_mc.topCenter_mc.countdown_mc,0.5,easeout,3,,[object Object] level=Match
[info ] FLOW bridge.unhandled fn=HmObjectInterpolator.addInterp
[info ] FLOW bridge fn=HmObjectInterpolator.addInterp args=_level0.hud_mc.topCenter_mc.countdown_mc.roundTime_mc,0.5,easeout,3,,[object Object] level=Match
[info ] FLOW bridge.unhandled fn=HmObjectInterpolator.addInterp
[info ] FLOW bridge fn=HmObjectInterpolator.addInterp args=_level0.hud_mc.topCenter_mc.countdown_mc.objectiveTime_mc,0.5,easeout,3,,[object Object] level=Match
[info ] FLOW bridge.unhandled fn=HmObjectInterpolator.addInterp
[info ] VISUALCHECK frame 4490 path=original black=0.015 flat=0.111 lumaP50=31 colors=542 draws=2029 world=1641 bsp=357 materials=158 noProgram=0 -> PASS
[info ] VISUALCHECK frame 4610 path=original black=0.015 flat=0.111 lumaP50=31 colors=543 draws=2029 world=1641 bsp=357 materials=158 noProgram=0 -> PASS
[info ] MATCH timer remaining_s=890
[info ] FLOW bridge fn=HmObjectInterpolator.addInterp args=_level0.hud_mc.topCenter_mc.countdown_mc.roundTime_mc,0.5,easeout,3,,[object Object] level=Match
[info ] FLOW bridge.unhandled fn=HmObjectInterpolator.addInterp
[info ] FLOW bridge fn=HmObjectInterpolator.addInterp args=_level0.hud_mc.topCenter_mc.countdown_mc,0.5,easeout,3,,[object Object] level=Match
[info ] FLOW bridge.unhandled fn=HmObjectInterpolator.addInterp
[info ] FLOW bridge fn=HmObjectInterpolator.addInterp args=_level0.hud_mc.topCenter_mc.countdown_mc.roundTime_mc,0.5,easeout,3,,[object Object] level=Match
[info ] FLOW bridge.unhandled fn=HmObjectInterpolator.addInterp
[info ] FLOW bridge fn=HmObjectInterpolator.addInterp args=_level0.hud_mc.topCenter_mc.countdown_mc.objectiveTime_mc,0.5,easeout,3,,[object Object] level=Match
[info ] FLOW bridge.unhandled fn=HmObjectInterpolator.addInterp
[info ] VISUALCHECK frame 4730 path=original black=0.015 flat=0.112 lumaP50=31 colors=568 draws=2050 world=1641 bsp=357 materials=159 noProgram=0 -> PASS
[info ] FLOW uievent 4 OnSpectating in InGame
[info ] FLOW ui.hud visible=false
[info ] FLOW uistate InGame -> Spectating (TnUIControllerMultiplayer)
[info ] FLOW ui.hud visible=true
[info ] FLOW ui OpenUI UI_GFxRespawn_p.MultiplayerRespawn_GFX_1
[info ] FLOW ui.open movie=UI_GFxRespawn_p.MultiplayerRespawn_GFX_1 state=Spectating
[info ] FLOW ui.state from=InGame to=Spectating controller=TnUIControllerMultiplayer level=Match
[info ] GFX loaded MultiplayerRespawn_GFX: stage 1120x720 @30 fps, 1 frames, 2 shapes, 21 sprites, 5 texts, 0 fonts, 1 bitmaps, 17 exports
[info ] GFX loaded ButtonIcons_GFX: stage 1120x720 @30 fps, 1 frames, 0 shapes, 0 sprites, 0 texts, 0 fonts, 18 bitmaps, 18 exports
[info ] GFX opened UI_GFxRespawn_p.MultiplayerRespawn_GFX_1 (F:/Transformers Rebuild/ExtractedAssets/content/UI_GFxRespawn_p/MultiplayerRespawn_GFX.gfx)
[info ] FLOW gfx.movie movie=UI_GFxRespawn_p.MultiplayerRespawn_GFX_1 opened=true
[info ] FLOW bridge fn=HmObjectInterpolator.addInterp args=_level0.hud_mc.bottomLeft_mc.instance8,0.5,easeout,3,,[object Object] level=Match
[info ] FLOW bridge.unhandled fn=HmObjectInterpolator.addInterp
[info ] FLOW bridge.unhandled fn=Self.DeactivePostProcessChain movie=UI_GFxHud_p.Hud_GFX_1
[info ] FLOW bridge fn=HmObjectInterpolator.addInterp args=_level0.hud_mc.bottomLeft_mc.instance8,0.5,easeout,3,,[object Object] level=Match
[info ] FLOW bridge.unhandled fn=HmObjectInterpolator.addInterp
[info ] GFX loaded Fonts_EFIGS: stage 800x450 @30 fps, 1 frames, 0 shapes, 0 sprites, 3 texts, 3 fonts, 0 bitmaps, 0 exports
[info ] VISUALCHECK frame 4850 path=original black=0.015 flat=0.112 lumaP50=31 colors=531 draws=2030 world=1641 bsp=357 materials=158 noProgram=0 -> PASS
[info ] MATCH timer remaining_s=889
[info ] FLOW bridge fn=HmObjectInterpolator.addInterp args=_level0.hud_mc.topCenter_mc.countdown_mc.roundTime_mc,0.5,easeout,3,,[object Object] level=Match
[info ] FLOW bridge.unhandled fn=HmObjectInterpolator.addInterp
[info ] FLOW bridge fn=HmObjectInterpolator.addInterp args=_level0.hud_mc.topCenter_mc.countdown_mc,0.5,easeout,3,,[object Object] level=Match
[info ] FLOW bridge.unhandled fn=HmObjectInterpolator.addInterp
[info ] FLOW bridge fn=HmObjectInterpolator.addInterp args=_level0.hud_mc.topCenter_mc.countdown_mc.roundTime_mc,0.5,easeout,3,,[object Object] level=Match
[info ] FLOW bridge.unhandled fn=HmObjectInterpolator.addInterp
[info ] FLOW bridge fn=HmObjectInterpolator.addInterp args=_level0.hud_mc.topCenter_mc.countdown_mc.objectiveTime_mc,0.5,easeout,3,,[object Object] level=Match
[info ] FLOW bridge.unhandled fn=HmObjectInterpolator.addInterp
[info ] VISUALCHECK frame 4970 path=original black=0.016 flat=0.113 lumaP50=31 colors=569 draws=2029 world=1641 bsp=357 materials=158 noProgram=0 -> PASS
[info ] FLOW gfx.dsCallback movie=UI_GFxRespawn_p.MultiplayerRespawn_GFX_1 markup=<PlayerOwner:TimeToRespawn> value=1 callback=_level0.respawnTimer_mc.UpdateCountdown
[info ] VISUALCHECK frame 5090 path=original black=0.016 flat=0.113 lumaP50=31 colors=556 draws=2029 world=1641 bsp=357 materials=158 noProgram=0 -> PASS
[info ] MATCH timer remaining_s=888
[info ] FLOW bridge fn=HmObjectInterpolator.addInterp args=_level0.hud_mc.topCenter_mc.countdown_mc.roundTime_mc,0.5,easeout,3,,[object Object] level=Match
[info ] FLOW bridge.unhandled fn=HmObjectInterpolator.addInterp
[info ] FLOW bridge fn=HmObjectInterpolator.addInterp args=_level0.hud_mc.topCenter_mc.countdown_mc,0.5,easeout,3,,[object Object] level=Match
[info ] FLOW bridge.unhandled fn=HmObjectInterpolator.addInterp
[info ] FLOW bridge fn=HmObjectInterpolator.addInterp args=_level0.hud_mc.topCenter_mc.countdown_mc.roundTime_mc,0.5,easeout,3,,[object Object] level=Match
[info ] FLOW bridge.unhandled fn=HmObjectInterpolator.addInterp
[info ] FLOW bridge fn=HmObjectInterpolator.addInterp args=_level0.hud_mc.topCenter_mc.countdown_mc.objectiveTime_mc,0.5,easeout,3,,[object Object] level=Match
[info ] FLOW bridge.unhandled fn=HmObjectInterpolator.addInterp
[info ] VISUALCHECK frame 5210 path=original black=0.016 flat=0.113 lumaP50=31 colors=563 draws=2029 world=1641 bsp=357 materials=158 noProgram=0 -> PASS
[info ] FLOW bridge fn=HmObjectInterpolator.addInterp args=_level0.hud_mc.bottomLeft_mc.instance8.message1_mc,1,easeout,3,,[object Object] level=Match
[info ] FLOW bridge.unhandled fn=HmObjectInterpolator.addInterp
[info ] match: local player spawned at TnTeamPlayerStart_12584 (TnSpawnCluster_7810 team 0)
[info ] match: EndGame reason "Score" score 2-1 winner team 0 player 0
[info ] FLOW test.lifecycle.damage victim=opponent
[info ] FLOW match.spawn player=0 start=TnTeamPlayerStart_12584
[info ] MATCH spawn player=0 team=0 start=TnTeamPlayerStart_12584 pos=98.6,-716.0,-652.8 chassis=Car2
[info ] MATCH respawn player=0 start=TnTeamPlayerStart_12584 delay_s=4.98
[info ] FLOW uievent 5 OnRespawn in Spectating
[info ] FLOW ui.hud visible=false
[info ] FLOW ui CloseUI UI_GFxRespawn_p.MultiplayerRespawn_GFX_1
[info ] FLOW ui.close movie=UI_GFxRespawn_p.MultiplayerRespawn_GFX_1
[info ] FLOW uistate Spectating -> InGame (TnUIControllerMultiplayer)
[info ] FLOW ui.hud visible=true
[info ] FLOW ui.state from=Spectating to=InGame controller=TnUIControllerMultiplayer level=Match
[info ] FLOW gfx.movieClosed movie=UI_GFxRespawn_p.MultiplayerRespawn_GFX_1
[info ] FLOW bridge fn=HmObjectInterpolator.addInterp args=_level0.hud_mc.topCenter_mc.countdown_mc.roundTime_mc,0.5,easeout,3,,[object Object] level=Match
[info ] FLOW bridge.unhandled fn=HmObjectInterpolator.addInterp
[info ] FLOW bridge fn=HmObjectInterpolator.addInterp args=_level0.hud_mc.topCenter_mc.countdown_mc,0.5,easeout,3,,[object Object] level=Match
[info ] FLOW bridge.unhandled fn=HmObjectInterpolator.addInterp
[info ] FLOW bridge fn=HmObjectInterpolator.addInterp args=_level0.hud_mc.topCenter_mc.countdown_mc.roundTime_mc,0.5,easeout,3,,[object Object] level=Match
[info ] FLOW bridge.unhandled fn=HmObjectInterpolator.addInterp
[info ] FLOW bridge fn=HmObjectInterpolator.addInterp args=_level0.hud_mc.topCenter_mc.countdown_mc.objectiveTime_mc,0.5,easeout,3,,[object Object] level=Match
[info ] FLOW bridge.unhandled fn=HmObjectInterpolator.addInterp
[info ] FLOW bridge fn=HmObjectInterpolator.addInterp args=_level0.hud_mc.topLeft_mc.instance2.healthBarAnchor_mc.healthSegment0_mc,1,easeout,3,,[object Object] level=Match
[info ] FLOW bridge.unhandled fn=HmObjectInterpolator.addInterp
[info ] FLOW bridge fn=HmObjectInterpolator.addInterp args=_level0.hud_mc.topLeft_mc.instance2.healthBarAnchor_mc.healthSegment1_mc,1,easeout,3,,[object Object] level=Match
[info ] FLOW bridge.unhandled fn=HmObjectInterpolator.addInterp
[info ] FLOW bridge fn=HmObjectInterpolator.addInterp args=_level0.hud_mc.topLeft_mc.instance2.healthBarAnchor_mc.healthSegment2_mc,1,easeout,3,,[object Object] level=Match
[info ] FLOW bridge.unhandled fn=HmObjectInterpolator.addInterp
[info ] FLOW bridge fn=HmObjectInterpolator.addInterp args=_level0.hud_mc.topLeft_mc.instance2.healthBarAnchor_mc.healthSegment3_mc,1,easeout,3,,[object Object] level=Match
[info ] FLOW bridge.unhandled fn=HmObjectInterpolator.addInterp
[info ] FLOW bridge.unhandled fn=Self.DeactivePostProcessChain movie=UI_GFxHud_p.Hud_GFX_1
[info ] FLOW bridge fn=HmObjectInterpolator.addInterp args=_level0.hud_mc.bottomLeft_mc.instance8,0.5,easeout,3,,[object Object] level=Match
[info ] FLOW bridge.unhandled fn=HmObjectInterpolator.addInterp
[info ] FLOW bridge fn=HmActionScript.setColor args=_level0.hud_mc.topLeft_mc.instance2.healthBarAnchor_mc.healthSegment0_mc,16777215 level=Match
[info ] FLOW bridge.unhandled fn=HmActionScript.setColor
[info ] FLOW bridge fn=HmObjectInterpolator.addInterp args=_level0.hud_mc.topLeft_mc.instance2.healthBarAnchor_mc.healthSegment0_mc,0.5,easeout,3,,[object Object] level=Match
[info ] FLOW bridge.unhandled fn=HmObjectInterpolator.addInterp
[info ] FLOW bridge fn=HmObjectInterpolator.addInterp args=_level0.hud_mc.topLeft_mc.instance2.healthBarAnchor_mc.healthSegment0_mc.highlight_mc,0.2,easeout,3,,[object Object] level=Match
[info ] FLOW bridge.unhandled fn=HmObjectInterpolator.addInterp
[info ] FLOW bridge fn=HmObjectInterpolator.addInterp args=_level0.hud_mc.topLeft_mc.instance2.healthBarAnchor_mc.healthSegment0_mc.bar_mc,0.2,easeout,3,,[object Object] level=Match
[info ] FLOW bridge.unhandled fn=HmObjectInterpolator.addInterp
[info ] FLOW bridge fn=HmActionScript.setColor args=_level0.hud_mc.topLeft_mc.instance2.healthBarAnchor_mc.healthSegment1_mc,16777215 level=Match
[info ] FLOW bridge.unhandled fn=HmActionScript.setColor
[info ] FLOW bridge fn=HmObjectInterpolator.addInterp args=_level0.hud_mc.topLeft_mc.instance2.healthBarAnchor_mc.healthSegment1_mc,0.5,easeout,3,,[object Object] level=Match
[info ] FLOW bridge.unhandled fn=HmObjectInterpolator.addInterp
[info ] FLOW bridge fn=HmObjectInterpolator.addInterp args=_level0.hud_mc.topLeft_mc.instance2.healthBarAnchor_mc.healthSegment1_mc.highlight_mc,0.2,easeout,3,,[object Object] level=Match
[info ] FLOW bridge.unhandled fn=HmObjectInterpolator.addInterp
[info ] FLOW bridge fn=HmObjectInterpolator.addInterp args=_level0.hud_mc.topLeft_mc.instance2.healthBarAnchor_mc.healthSegment1_mc.bar_mc,0.2,easeout,3,,[object Object] level=Match
[info ] FLOW bridge.unhandled fn=HmObjectInterpolator.addInterp
[info ] FLOW bridge fn=HmActionScript.setColor args=_level0.hud_mc.topLeft_mc.instance2.healthBarAnchor_mc.healthSegment2_mc,16777215 level=Match
[info ] FLOW bridge.unhandled fn=HmActionScript.setColor
[info ] FLOW bridge fn=HmObjectInterpolator.addInterp args=_level0.hud_mc.topLeft_mc.instance2.healthBarAnchor_mc.healthSegment2_mc,0.5,easeout,3,,[object Object] level=Match
[info ] FLOW bridge.unhandled fn=HmObjectInterpolator.addInterp
[info ] FLOW bridge fn=HmObjectInterpolator.addInterp args=_level0.hud_mc.topLeft_mc.instance2.healthBarAnchor_mc.healthSegment2_mc.highlight_mc,0.2,easeout,3,,[object Object] level=Match
[info ] FLOW bridge.unhandled fn=HmObjectInterpolator.addInterp
[info ] FLOW bridge fn=HmObjectInterpolator.addInterp args=_level0.hud_mc.topLeft_mc.instance2.healthBarAnchor_mc.healthSegment2_mc.bar_mc,0.2,easeout,3,,[object Object] level=Match
[info ] FLOW bridge.unhandled fn=HmObjectInterpolator.addInterp
[info ] FLOW bridge fn=HmObjectInterpolator.addInterp args=_level0.hud_mc.bottomLeft_mc.instance8,0.5,easeout,3,,[object Object] level=Match
[info ] FLOW bridge.unhandled fn=HmObjectInterpolator.addInterp
[info ] FLOW bridge fn=HmObjectInterpolator.addInterp args=_level0.hud_mc.bottomLeft_mc.instance8,0.5,easeout,3,,[object Object] level=Match
[info ] FLOW bridge.unhandled fn=HmObjectInterpolator.addInterp
[info ] sound cues: streamed BL_DX_SWITCHBOARD.SC002491 decoded in 0.4 ms
[info ] sound cues: streamed BL_LVL_MP_MX.DM_END_AUTOBOTS_WIN decoded in 8.9 ms
[info ] FLOW match.kill victim=1 killer=0 how=
[info ] MATCH kill killer=0 victim=1 killer_team=0 victim_team=1 weapon=unknown
[info ] MATCH score team=0 score=2
[info ] MATCH death player=1 pos=372.7,-706.3,-325.6
[info ] FLOW match.ended winner=0 reason=Score
[info ] MATCH end reason=score_limit winner=0 t=12 (gameplay reason Score)
[info ] FLOW uievent 9 OnEndGame in InGame
[info ] FLOW ui.hud visible=false
[info ] FLOW uistate InGame -> GameEnded (TnUIControllerMultiplayer)
[info ] FLOW ui.hud visible=false
[info ] FLOW ui OpenUI UI_GFxEndGameStats_p.EndGameStats_GFX_1
[info ] FLOW ui.open movie=UI_GFxEndGameStats_p.EndGameStats_GFX_1 state=GameEnded
[info ] FLOW ui.state from=InGame to=GameEnded controller=TnUIControllerMultiplayer level=Match
[info ] GFX loaded EndGameStats_GFX: stage 1120x720 @30 fps, 10 frames, 8 shapes, 53 sprites, 9 texts, 0 fonts, 1 bitmaps, 22 exports
[info ] GFX loaded SharedComponents_GFX: stage 1120x720 @30 fps, 1 frames, 16 shapes, 59 sprites, 12 texts, 0 fonts, 0 bitmaps, 46 exports
[info ] GFX loaded Fonts_EFIGS: stage 800x450 @30 fps, 1 frames, 0 shapes, 0 sprites, 3 texts, 3 fonts, 0 bitmaps, 0 exports
[info ] GFX loaded SharedIcons_GFX: stage 1120x720 @30 fps, 1 frames, 94 shapes, 103 sprites, 0 texts, 0 fonts, 0 bitmaps, 103 exports
[info ] GFX opened UI_GFxEndGameStats_p.EndGameStats_GFX_1 (F:/Transformers Rebuild/ExtractedAssets/content/UI_GFxEndGameStats_p/EndGameStats_GFX.gfx)
[info ] FLOW gfx.movie movie=UI_GFxEndGameStats_p.EndGameStats_GFX_1 opened=true
[info ] FLOW hud.visible visible=false
[info ] FLOW bridge fn=HmObjectInterpolator.addInterp args=_level0.hud_mc.bottomLeft_mc.instance8.message2_mc,0.2,easeout,4,,[object Object] level=Match
[info ] FLOW bridge.unhandled fn=HmObjectInterpolator.addInterp
[info ] FLOW bridge fn=HmObjectInterpolator.addInterp args=_level0.hud_mc.bottomLeft_mc.instance8.message1_mc,0.2,easeout,4,,[object Object] level=Match
[info ] FLOW bridge.unhandled fn=HmObjectInterpolator.addInterp
[info ] FLOW bridge fn=HmObjectInterpolator.addInterp args=_level0.hud_mc.bottomLeft_mc.instance8.message0_mc,0.2,easeout,4,,[object Object] level=Match
[info ] FLOW bridge.unhandled fn=HmObjectInterpolator.addInterp
[info ] FLOW hud.killFeed html=<font color='#FFFFFF'>Player</font><font color='#FF9333'> destroyed </font><font color='#F03C3C'>LifecycleOpponent</font>
[info ] VISUALCHECK frame 5330 path=original black=0.086 flat=0.144 lumaP50=30 colors=698 draws=2177 world=1750 bsp=379 materials=163 noProgram=0 -> PASS
[info ] GFX loaded PlayerList_GFX: stage 1120x720 @30 fps, 1 frames, 18 shapes, 61 sprites, 5 texts, 0 fonts, 34 bitmaps, 70 exports
[info ] GFX loadClip ../PlayerList/PlayerList.swf -> PlayerList_GFX
[info ] FLOW datastore.unknownHeader markup=<CurrentGame:Players> tag=PlayerLevel
[info ] FLOW datastore.unknownHeader markup=<CurrentGame:Players> tag=PlayerName
[info ] FLOW datastore.unknownHeader markup=<CurrentGame:Players> tag=Score
[info ] FLOW datastore.unknownHeader markup=<CurrentGame:Players> tag=Kills
[info ] FLOW datastore.unknownHeader markup=<CurrentGame:Players> tag=Deaths
[info ] FLOW datastore.unknownHeader markup=<CurrentGame:Players> tag=PlayerLevel
[info ] FLOW datastore.unknownHeader markup=<CurrentGame:Players> tag=PlayerName
[info ] FLOW datastore.unknownHeader markup=<CurrentGame:Players> tag=Score
[info ] FLOW datastore.unknownHeader markup=<CurrentGame:Players> tag=Kills
[info ] FLOW datastore.unknownHeader markup=<CurrentGame:Players> tag=Deaths
[info ] FLOW datastore.unhandled fn=ReadValue markup=<CurrentGame:AttackingTeamIndex>
[info ] FLOW datastore.unhandled fn=ReadValue markup=<CurrentGame:AttackingTeamIndex>
[info ] FLOW datastore.unhandled fn=ReadValue markup=<CurrentGame:AttackingTeamIndex>
[info ] FLOW datastore.unhandled fn=ReadValue markup=<CurrentGame:AttackingTeamIndex>
[info ] FLOW bridge fn=HmActionScript.setColor args=_level0.hud_mc.topCenter_mc.instance33.scoreboard_mc.allyBar_mc.panel_mc,16777215 level=Match
[info ] FLOW bridge.unhandled fn=HmActionScript.setColor
[info ] FLOW bridge fn=HmObjectInterpolator.addInterp args=_level0.hud_mc.topCenter_mc.instance33.scoreboard_mc.allyBar_mc.panel_mc,0.5,easeout,3,,[object Object] level=Match
[info ] FLOW bridge.unhandled fn=HmObjectInterpolator.addInterp
[info ] FLOW bridge fn=HmObjectInterpolator.addInterp args=_level0.hud_mc.topCenter_mc.instance33.scoreboard_mc.allyBar_mc,0.2,easeout,3,,[object Object] level=Match
[info ] FLOW bridge.unhandled fn=HmObjectInterpolator.addInterp
[info ] VISUALCHECK frame 5450 path=original black=0.086 flat=0.143 lumaP50=30 colors=676 draws=2164 world=1750 bsp=379 materials=163 noProgram=0 -> PASS
[info ] VISUALCHECK frame 5570 path=original black=0.086 flat=0.141 lumaP50=30 colors=676 draws=2165 world=1750 bsp=379 materials=163 noProgram=0 -> PASS
[info ] VISUALCHECK frame 5690 path=original black=0.086 flat=0.144 lumaP50=30 colors=700 draws=2164 world=1750 bsp=379 materials=163 noProgram=0 -> PASS
[info ] VISUALCHECK frame 5810 path=original black=0.086 flat=0.142 lumaP50=30 colors=690 draws=2164 world=1750 bsp=379 materials=163 noProgram=0 -> PASS
[info ] VISUALCHECK frame 5930 path=original black=0.086 flat=0.142 lumaP50=30 colors=678 draws=2177 world=1750 bsp=379 materials=163 noProgram=0 -> PASS
[info ] VISUALCHECK frame 6050 path=original black=0.086 flat=0.142 lumaP50=30 colors=699 draws=2164 world=1750 bsp=379 materials=163 noProgram=0 -> PASS
[info ] VISUALCHECK frame 6170 path=original black=0.086 flat=0.142 lumaP50=30 colors=683 draws=2168 world=1750 bsp=379 materials=164 noProgram=0 -> PASS
[info ] VISUALCHECK frame 6290 path=original black=0.086 flat=0.142 lumaP50=30 colors=670 draws=2163 world=1750 bsp=379 materials=162 noProgram=0 -> PASS
[info ] FLOW bridge fn=HmObjectInterpolator.addInterp args=_level0.hud_mc.bottomLeft_mc.instance8.message2_mc,1,easeout,3,,[object Object] level=Match
[info ] FLOW bridge.unhandled fn=HmObjectInterpolator.addInterp
[info ] VISUALCHECK frame 6410 path=original black=0.086 flat=0.143 lumaP50=30 colors=692 draws=2177 world=1750 bsp=379 materials=163 noProgram=0 -> PASS
[info ] VISUALCHECK frame 6530 path=original black=0.086 flat=0.143 lumaP50=30 colors=692 draws=2164 world=1750 bsp=379 materials=163 noProgram=0 -> PASS
[info ] VISUALCHECK frame 6650 path=original black=0.086 flat=0.144 lumaP50=30 colors=687 draws=2164 world=1750 bsp=379 materials=163 noProgram=0 -> PASS
[info ] VISUALCHECK frame 6770 path=original black=0.086 flat=0.143 lumaP50=30 colors=699 draws=2164 world=1750 bsp=379 materials=163 noProgram=0 -> PASS
[info ] VISUALCHECK frame 6890 path=original black=0.086 flat=0.143 lumaP50=30 colors=673 draws=2178 world=1750 bsp=379 materials=163 noProgram=0 -> PASS
[info ] VISUALCHECK frame 7010 path=original black=0.086 flat=0.144 lumaP50=30 colors=673 draws=2164 world=1750 bsp=379 materials=163 noProgram=0 -> PASS
[info ] VISUALCHECK frame 7130 path=original black=0.086 flat=0.143 lumaP50=30 colors=687 draws=2164 world=1750 bsp=379 materials=163 noProgram=0 -> PASS
[info ] VISUALCHECK frame 7250 path=original black=0.086 flat=0.142 lumaP50=30 colors=721 draws=2164 world=1750 bsp=379 materials=163 noProgram=0 -> PASS
[info ] VISUALCHECK frame 7370 path=original black=0.086 flat=0.143 lumaP50=30 colors=727 draws=2177 world=1750 bsp=379 materials=163 noProgram=0 -> PASS
[info ] VISUALCHECK frame 7490 path=original black=0.086 flat=0.143 lumaP50=30 colors=707 draws=2172 world=1750 bsp=379 materials=163 noProgram=0 -> PASS
[info ] VISUALCHECK frame 7610 path=original black=0.086 flat=0.146 lumaP50=30 colors=686 draws=2164 world=1750 bsp=379 materials=163 noProgram=0 -> PASS
[info ] VISUALCHECK frame 7730 path=original black=0.086 flat=0.145 lumaP50=30 colors=674 draws=2164 world=1750 bsp=379 materials=163 noProgram=0 -> PASS
[info ] VISUALCHECK frame 7850 path=original black=0.086 flat=0.145 lumaP50=30 colors=667 draws=2177 world=1750 bsp=379 materials=163 noProgram=0 -> PASS
[info ] VISUALCHECK frame 7970 path=original black=0.086 flat=0.147 lumaP50=30 colors=698 draws=2164 world=1750 bsp=379 materials=163 noProgram=0 -> PASS
[info ] VISUALCHECK frame 8090 path=original black=0.086 flat=0.147 lumaP50=30 colors=681 draws=2164 world=1750 bsp=379 materials=163 noProgram=0 -> PASS
[info ] VISUALCHECK frame 8210 path=original black=0.086 flat=0.144 lumaP50=30 colors=685 draws=2168 world=1750 bsp=379 materials=162 noProgram=0 -> PASS
[info ] match: return to lobby
[info ] FLOW match.return
[info ] FLOW match.returnToLobby url=UI_Lobby_m?Game=TransContent.TnGameLobbyGameTeam?GameModeTag=TDM?GameTeamStatus=3?MaxPlayers=10?IconicMode=0?MapId=508?listen
[info ] FLOW travel url=UI_Lobby_m?Game=TransContent.TnGameLobbyGameTeam?GameModeTag=TDM?GameTeamStatus=3?MaxPlayers=10?IconicMode=0?MapId=508?listen server=true from=Match
[info ] FLOW loading.start kind=GameLobby title= message= bink=TF_LoadingScreen gfx=UI_GFxLoading_p.LoadScreen_GFX tips=3
[info ] FLOW loading.engageText text=If an enemy gets too close for comfort, bash them with a melee attack.
[info ] FLOW loading.engageText text=Remember to reload your weapon after every fire fight.
[info ] FLOW loading.engageText text=Bring on the pain train. In truck form, take out enemies using your Ram ability.
[info ] FLOW movie.open movie=TF_LoadingScreen_INT seconds=4.000000 loop=true
[info ] FLOW movie.firstFrame movie=TF_LoadingScreen_INT w=1280 h=720 t=0.004856
[info ] FLOW gfx.movieClosed movie=UI_GFxEndGameStats_p.EndGameStats_GFX_1
[info ] GFX loaded LoadScreen_GFX: stage 1120x720 @30 fps, 1 frames, 19 shapes, 77 sprites, 4 texts, 2 fonts, 4 bitmaps, 2 exports
[info ] GFX opened UI_GFxLoading_p.LoadScreen_GFX (F:/Transformers Rebuild/ExtractedAssets/content/UI_GFxLoading_p/LoadScreen_GFX.gfx)
[info ] FLOW gfx.loadingMovie movie=UI_GFxLoading_p.LoadScreen_GFX title= message=
[info ] FLOW hud.open open=false
[info ] FLOW audio.unloaded level= instances=0 voices=0 levelCues=0 pcmMB=36.489
[info ] MATCH cleanup
[info ] wfc: released map render data (20 meshes, 265 programs, 476 textures)
[info ] FLOW match.glRelease released=textures=72 buffers=0 framebuffers=0 renderbuffers=0 vertexArrays=0 programs=0
[info ] FLOW settings.gamma GammaSetting=50 DisplayGamma=2.200 owner=IRenderer::setDisplayGamma
[info ] FLOW match.unloaded privateMB=2659.652
[info ] FLOW audio.prefetch level=UI_Lobby_m
[info ] FLOW level.begin level=GameLobby map=UI_Lobby_m url=UI_Lobby_m?Game=TransContent.TnGameLobbyGameTeam?GameModeTag=TDM?GameTeamStatus=3?MaxPlayers=10?IconicMode=0?MapId=508?listen
[info ] FLOW gamelobby.game gameClass=TransContent.TnGameLobbyGameTeam tag=TDM settings=TnOnlineGameSettingsTDMPrivate private=true mapSelectionMethod=1
[info ] FLOW gamelobby.map mapId=508 map=MP_IAC_Streets_Base_m name=Streets hasRequiredAssets=true
[info ] FLOW gamelobby.status lobbyStatus=3 text=Waiting for host to start game
[info ] FLOW uicontroller Initialize TnUIControllerGameLobby
[info ] FLOW uistate NotInGame -> InLobby (TnUIControllerGameLobby)
[info ] FLOW ui OpenUI UI_GFxLobbies_p.GameLobby_GFX_1
[info ] FLOW ui.open movie=UI_GFxLobbies_p.GameLobby_GFX_1 state=InLobby
[info ] FLOW ui.state from=NotInGame to=InLobby controller=TnUIControllerGameLobby level=GameLobby
[info ] FLOW loading.close kind=GameLobby level=GameLobby
[info ] GFX loaded GameLobby_GFX: stage 1120x720 @30 fps, 15 frames, 31 shapes, 116 sprites, 27 texts, 0 fonts, 7 bitmaps, 67 exports
[info ] FLOW fscommand movie=UI_GFxLobbies_p.GameLobby_GFX_1 cmd=backgroundFadeIn arg=
[info ] GFX opened UI_GFxLobbies_p.GameLobby_GFX_1 (F:/Transformers Rebuild/ExtractedAssets/content/UI_GFxLobbies_p/GameLobby_GFX.gfx)
[info ] FLOW gfx.movie movie=UI_GFxLobbies_p.GameLobby_GFX_1 opened=true
[info ] FLOW script.wait cond=level=GameLobby
[info ] FLOW script.wait cond=ui=InLobby
[info ] ambient: UI_Lobby_m: 3 level cues, 0 reverb presets, 0 emitters, 0 zones, 0 pools, 4 Kismet audio ops / 4 links (manifests: Systems)
[info ] FLOW audio.uiLevel level=UI_Lobby_m
[info ] FLOW audio.levelEvent trigger=FsCommand:backgroundFadeIn
[info ] FLOW audio.moviePlaying playing=false
[info ] FLOW scene.enter uiLevel=UI_Lobby_m levels=2
[info ] glb: F:/Transformers Rebuild/ExtractedAssets/VerticalSlice/Maps/UI_CharacterCustomization/world.glb -> 180 verts, 200 tris, bounds [-2422.7 -1946.4 -1464.0]..[806.4 1330.4 1757.1]
[info ] frontend scene UI_CharacterCustomization: world.glb read 0 ms
[info ] wfc: movers: 0 (rotating + Matinee), 0 authored-hidden actors
[info ] wfc: map FX: 0 components (0 active), 0 systems
[info ] wfc: post: bloom 1 scale 1.00, DOF 0 far max 1.00 falloff 2000, CLUT none
[info ] glb: F:\Transformers Rebuild\Rebuild\build\release\bin/../../../work/render/UI_CharacterCustomization/bsp.glb -> 24 verts, 12 tris, bounds [-10.2 -0.6 32.0]..[30.7 0.0 73.0]
[info ] wfc: uploaded mesh 0: 24 verts, 6 submeshes (0 lightmapped, 6 programs, 1 total)
[warn ] glb: no triangles baked from F:\Transformers Rebuild\Rebuild\build\release\bin/../../../work/render/UI_CharacterCustomization/decals.glb
[warn ] wfc: decals.glb missing; static decals not drawn
[info ] wfc: shader path active: 54 materials, 0 lightmapped components, 2 lights, fog off (F:\Transformers Rebuild\Rebuild\build\release\bin/../../../work/render/UI_CharacterCustomization)
[info ] wfc: scene actors: 0 poses, 0 PHYS_Rotating, 0 authored-hidden
[info ] wfc: map props: 0 (energon totems + destructible), totem clip -1
[info ] wfc: map FX mesh emitters loaded: 0
[info ] wfc: uploaded mesh 1: 180 verts, 6 submeshes (0 lightmapped, 5 programs, 7 total)
[info ] frontend scene UI_CharacterCustomization loaded (6 submeshes)
[info ] frontend scene: UI_Lobby presented by the renderer (loadFrontendScene)
[info ] FLOW scene.levels uiLevel=UI_Lobby_m levels=UI_Lobby_m+UI_CharacterCustomization_m drawn=true why=
[info ] wfc: prewarmed 40 material programs in 79 ms
[info ] VISUALCHECK frame 120 path=original black=0.000 flat=0.308 lumaP50=28 colors=33 draws=8 world=5 bsp=3 materials=6 noProgram=0 -> PASS
[info ] VISUALCHECK frame 240 path=original black=0.000 flat=0.309 lumaP50=28 colors=33 draws=8 world=5 bsp=3 materials=6 noProgram=0 -> PASS
[info ] VISUALCHECK frame 360 path=original black=0.000 flat=0.307 lumaP50=28 colors=33 draws=8 world=5 bsp=3 materials=6 noProgram=0 -> PASS
[info ] VISUALCHECK frame 480 path=original black=0.000 flat=0.308 lumaP50=28 colors=33 draws=8 world=5 bsp=3 materials=6 noProgram=0 -> PASS
[info ] GFX loaded SharedComponents_GFX: stage 1120x720 @30 fps, 1 frames, 16 shapes, 59 sprites, 12 texts, 0 fonts, 0 bitmaps, 46 exports
[info ] GFX loaded Fonts_EFIGS: stage 800x450 @30 fps, 1 frames, 0 shapes, 0 sprites, 3 texts, 3 fonts, 0 bitmaps, 0 exports
[info ] VISUALCHECK frame 600 path=original black=0.000 flat=0.310 lumaP50=28 colors=34 draws=8 world=5 bsp=3 materials=6 noProgram=0 -> PASS
[info ] VISUALCHECK frame 720 path=original black=0.000 flat=0.311 lumaP50=28 colors=33 draws=8 world=5 bsp=3 materials=6 noProgram=0 -> PASS
[info ] VISUALCHECK frame 840 path=original black=0.000 flat=0.309 lumaP50=28 colors=33 draws=8 world=5 bsp=3 materials=6 noProgram=0 -> PASS
[info ] VISUALCHECK frame 960 path=original black=0.000 flat=0.310 lumaP50=28 colors=33 draws=8 world=5 bsp=3 materials=6 noProgram=0 -> PASS
[info ] VISUALCHECK frame 1080 path=original black=0.000 flat=0.310 lumaP50=28 colors=34 draws=8 world=5 bsp=3 materials=6 noProgram=0 -> PASS
[info ] VISUALCHECK frame 1200 path=original black=0.000 flat=0.312 lumaP50=28 colors=34 draws=8 world=5 bsp=3 materials=6 noProgram=0 -> PASS
[info ] VISUALCHECK frame 1320 path=original black=0.000 flat=0.308 lumaP50=28 colors=33 draws=8 world=5 bsp=3 materials=6 noProgram=0 -> PASS
[info ] VISUALCHECK frame 1440 path=original black=0.000 flat=0.306 lumaP50=28 colors=33 draws=8 world=5 bsp=3 materials=6 noProgram=0 -> PASS
[info ] FLOW bridge fn=Online.CheckCampaignCompleteMessage args= level=GameLobby
[info ] GFX loaded SharedIcons_GFX: stage 1120x720 @30 fps, 1 frames, 94 shapes, 103 sprites, 0 texts, 0 fonts, 0 bitmaps, 103 exports
[info ] FLOW bridge fn=Online.SetSelectedMapID args=501 level=GameLobby
[info ] FLOW gamelobby.map mapId=501 map=MP_IAC_Seed_Base_m name=Seed Of Corruption hasRequiredAssets=true
[info ] GFX loaded PlayerList_GFX: stage 1120x720 @30 fps, 1 frames, 18 shapes, 61 sprites, 5 texts, 0 fonts, 34 bitmaps, 70 exports
[info ] GFX loadClip ../PlayerList/PlayerList.swf -> PlayerList_GFX
[info ] FLOW datastore.unknownHeader markup=<CurrentGame:Players> tag=PlayerLevel
[info ] FLOW datastore.unknownHeader markup=<CurrentGame:Players> tag=PlayerName
[info ] FLOW datastore.unknownHeader markup=<CurrentGame:Players> tag=Score
[info ] FLOW datastore.unknownHeader markup=<CurrentGame:Players> tag=PlayerLevel
[info ] FLOW datastore.unknownHeader markup=<CurrentGame:Players> tag=PlayerName
[info ] FLOW datastore.unknownHeader markup=<CurrentGame:Players> tag=Score
[info ] FLOW datastore.unknownHeader markup=<CurrentGame:Players> tag=PlayerLevel
[info ] FLOW datastore.unknownHeader markup=<CurrentGame:Players> tag=PlayerName
[info ] FLOW datastore.unknownHeader markup=<CurrentGame:Players> tag=Score
[info ] FLOW datastore.unhandled fn=ReadValue markup=<CurrentGame:AttackingTeamIndex>
[info ] FLOW datastore.unhandled fn=ReadValue markup=<CurrentGame:AttackingTeamIndex>
[info ] FLOW datastore.unhandled fn=ReadValue markup=<CurrentGame:AttackingTeamIndex>
[info ] FLOW datastore.unhandled fn=ReadValue markup=<CurrentGame:AttackingTeamIndex>
[info ] VISUALCHECK frame 1560 path=original black=0.000 flat=0.307 lumaP50=28 colors=33 draws=8 world=5 bsp=3 materials=6 noProgram=0 -> PASS
[info ] VISUALCHECK frame 1680 path=original black=0.000 flat=0.310 lumaP50=28 colors=34 draws=8 world=5 bsp=3 materials=6 noProgram=0 -> PASS
[info ] VISUALCHECK frame 1800 path=original black=0.000 flat=0.308 lumaP50=28 colors=33 draws=8 world=5 bsp=3 materials=6 noProgram=0 -> PASS
[info ] FLOW gfx.externalTexture movie=UI_GFxLobbies_p.GameLobby_GFX_1 resource=MapImage1 texture=UI_LevelThumbnails_p.MP_SeedOfCorruption
[info ] VISUALCHECK frame 1920 path=original black=0.000 flat=0.309 lumaP50=28 colors=33 draws=8 world=5 bsp=3 materials=6 noProgram=0 -> PASS
[info ] FLOW scene.view camera=CameraActor_2082 matinee= playing= pos=784.123,5252.110,234.995 rot=-2.988,-175.605,0.000 fov=70.000 drawn=true
[info ] VISUALCHECK frame 2040 path=original black=0.000 flat=0.305 lumaP50=28 colors=34 draws=8 world=5 bsp=3 materials=6 noProgram=0 -> PASS
[info ] VISUALCHECK frame 2160 path=original black=0.000 flat=0.308 lumaP50=28 colors=33 draws=8 world=5 bsp=3 materials=6 noProgram=0 -> PASS
[info ] VISUALCHECK frame 2280 path=original black=0.000 flat=0.308 lumaP50=28 colors=33 draws=8 world=5 bsp=3 materials=6 noProgram=0 -> PASS
[info ] VISUALCHECK frame 2400 path=original black=0.000 flat=0.310 lumaP50=28 colors=33 draws=8 world=5 bsp=3 materials=6 noProgram=0 -> PASS
[info ] VISUALCHECK frame 2520 path=original black=0.000 flat=0.308 lumaP50=28 colors=33 draws=8 world=5 bsp=3 materials=6 noProgram=0 -> PASS
[info ] VISUALCHECK frame 2640 path=original black=0.000 flat=0.309 lumaP50=28 colors=34 draws=8 world=5 bsp=3 materials=6 noProgram=0 -> PASS
[info ] VISUALCHECK frame 2760 path=original black=0.000 flat=0.306 lumaP50=28 colors=33 draws=8 world=5 bsp=3 materials=6 noProgram=0 -> PASS
[info ] VISUALCHECK frame 2880 path=original black=0.000 flat=0.308 lumaP50=28 colors=33 draws=8 world=5 bsp=3 materials=6 noProgram=0 -> PASS
[info ] VISUALCHECK frame 3000 path=original black=0.000 flat=0.309 lumaP50=28 colors=33 draws=8 world=5 bsp=3 materials=6 noProgram=0 -> PASS
[info ] VISUALCHECK frame 3120 path=original black=0.000 flat=0.309 lumaP50=28 colors=33 draws=8 world=5 bsp=3 materials=6 noProgram=0 -> PASS
[info ] VISUALCHECK frame 3240 path=original black=0.000 flat=0.306 lumaP50=28 colors=33 draws=8 world=5 bsp=3 materials=6 noProgram=0 -> PASS
[info ] FLOW scene.view camera=CameraActor_2082 matinee= playing= pos=784.123,5252.110,234.995 rot=-2.988,-175.605,0.000 fov=70.000 drawn=true
[info ] VISUALCHECK frame 3360 path=original black=0.000 flat=0.303 lumaP50=28 colors=33 draws=8 world=5 bsp=3 materials=6 noProgram=0 -> PASS
[info ] VISUALCHECK frame 3480 path=original black=0.000 flat=0.304 lumaP50=28 colors=33 draws=8 world=5 bsp=3 materials=6 noProgram=0 -> PASS
[info ] VISUALCHECK frame 3600 path=original black=0.000 flat=0.304 lumaP50=28 colors=34 draws=8 world=5 bsp=3 materials=6 noProgram=0 -> PASS
[info ] VISUALCHECK frame 3720 path=original black=0.000 flat=0.304 lumaP50=28 colors=33 draws=8 world=5 bsp=3 materials=6 noProgram=0 -> PASS
[info ] VISUALCHECK frame 3840 path=original black=0.000 flat=0.305 lumaP50=28 colors=33 draws=8 world=5 bsp=3 materials=6 noProgram=0 -> PASS
[info ] FLOW script.wait cond=t=4
[info ] VISUALCHECK F:/Transformers Rebuild/Rebuild/work/m6b/visual_suite_final/flow_4_backlobby.bmp -> PASS
[info ] screenshot: F:/Transformers Rebuild/Rebuild/work/m6b/visual_suite_final/flow_4_backlobby.bmp (1280x720)
[info ] FLOW bridge fn=Online.SetSelectedMapID args=508 level=GameLobby
[info ] FLOW gamelobby.map mapId=508 map=MP_IAC_Streets_Base_m name=Streets hasRequiredAssets=true
[info ] FLOW gfx.externalTexture movie=UI_GFxLobbies_p.GameLobby_GFX_1 resource=MapImage2 texture=UI_LevelThumbnails_p.MP_Streets
[info ] FLOW gfx.dsCallback movie=UI_GFxLobbies_p.GameLobby_GFX_1 markup=<CurrentGame:SelectedMapID> value=508 callback=_level0.lobby_mc.mapDisplay_mc.updateSelectedMap
[info ] VISUALCHECK frame 3960 path=original black=0.000 flat=0.305 lumaP50=28 colors=33 draws=8 world=5 bsp=3 materials=6 noProgram=0 -> PASS
[info ] VISUALCHECK frame 4080 path=original black=0.000 flat=0.308 lumaP50=28 colors=33 draws=8 world=5 bsp=3 materials=6 noProgram=0 -> PASS
[info ] VISUALCHECK frame 4200 path=original black=0.000 flat=0.308 lumaP50=28 colors=34 draws=8 world=5 bsp=3 materials=6 noProgram=0 -> PASS
[info ] VISUALCHECK frame 4320 path=original black=0.000 flat=0.307 lumaP50=28 colors=33 draws=8 world=5 bsp=3 materials=6 noProgram=0 -> PASS
[info ] VISUALCHECK frame 4440 path=original black=0.000 flat=0.307 lumaP50=28 colors=33 draws=8 world=5 bsp=3 materials=6 noProgram=0 -> PASS
[info ] VISUALCHECK frame 4560 path=original black=0.000 flat=0.309 lumaP50=28 colors=33 draws=8 world=5 bsp=3 materials=6 noProgram=0 -> PASS
[info ] VISUALCHECK frame 4680 path=original black=0.000 flat=0.312 lumaP50=28 colors=34 draws=8 world=5 bsp=3 materials=6 noProgram=0 -> PASS
[info ] FLOW scene.view camera=CameraActor_2082 matinee= playing= pos=784.123,5252.110,234.995 rot=-2.988,-175.605,0.000 fov=70.000 drawn=true
[info ] VISUALCHECK frame 4800 path=original black=0.000 flat=0.311 lumaP50=28 colors=33 draws=8 world=5 bsp=3 materials=6 noProgram=0 -> PASS
[info ] VISUALCHECK frame 4920 path=original black=0.000 flat=0.311 lumaP50=28 colors=33 draws=8 world=5 bsp=3 materials=6 noProgram=0 -> PASS
[info ] VISUALCHECK frame 5040 path=original black=0.000 flat=0.313 lumaP50=28 colors=33 draws=8 world=5 bsp=3 materials=6 noProgram=0 -> PASS
[info ] VISUALCHECK frame 5160 path=original black=0.000 flat=0.310 lumaP50=28 colors=34 draws=8 world=5 bsp=3 materials=6 noProgram=0 -> PASS
[info ] VISUALCHECK frame 5280 path=original black=0.000 flat=0.308 lumaP50=28 colors=33 draws=8 world=5 bsp=3 materials=6 noProgram=0 -> PASS
[info ] FLOW script.wait cond=t=2
[info ] FLOW bridge fn=Online.BeginLobbyExitCountdown args= level=GameLobby
[info ] FLOW gamelobby.countdown seconds=10 kind=BeginShortCountdown
[info ] FLOW gfx.dsCallback movie=UI_GFxLobbies_p.GameLobby_GFX_1 markup=<CurrentGame:LobbyStatus> value= callback=_level0.lobby_mc.instance8.instance9.updateLobbyStatus
[info ] FLOW gfx.dsCallback movie=UI_GFxLobbies_p.GameLobby_GFX_1 markup=<CurrentGame:CanHostRequestGameStart> value=0 callback=_level0.lobby_mc.menuAnchor_mc.menu_mc.updateMenu
[info ] FLOW gfx.dsCallback movie=UI_GFxLobbies_p.GameLobby_GFX_1 markup=<CurrentGame:IsCountingDown> value=1 callback=_level0.lobby_mc.menuAnchor_mc.menu_mc.updateMenu
[info ] FLOW gfx.dsCallback movie=UI_GFxLobbies_p.GameLobby_GFX_1 markup=<CurrentGame:CurrentCountdown> value=10 callback=_level0.lobby_mc.instance3.instance24.updateCountdown
[info ] FLOW gfx.dsCallback movie=UI_GFxLobbies_p.GameLobby_GFX_1 markup=<CurrentGame:IsCountingDown> value=1 callback=_level0.lobby_mc.instance3.instance24.showCountdown
[info ] VISUALCHECK frame 5400 path=original black=0.000 flat=0.308 lumaP50=28 colors=33 draws=8 world=5 bsp=3 materials=6 noProgram=0 -> PASS
[info ] VISUALCHECK frame 5520 path=original black=0.000 flat=0.307 lumaP50=28 colors=33 draws=8 world=5 bsp=3 materials=6 noProgram=0 -> PASS
[info ] VISUALCHECK frame 5640 path=original black=0.000 flat=0.308 lumaP50=28 colors=33 draws=8 world=5 bsp=3 materials=6 noProgram=0 -> PASS
[info ] VISUALCHECK frame 5760 path=original black=0.000 flat=0.307 lumaP50=28 colors=33 draws=8 world=5 bsp=3 materials=6 noProgram=0 -> PASS
[info ] VISUALCHECK frame 5880 path=original black=0.000 flat=0.309 lumaP50=28 colors=33 draws=8 world=5 bsp=3 materials=6 noProgram=0 -> PASS
[info ] FLOW gamelobby.countdownTick value=9
[info ] FLOW gfx.dsCallback movie=UI_GFxLobbies_p.GameLobby_GFX_1 markup=<CurrentGame:CurrentCountdown> value=9 callback=_level0.lobby_mc.instance3.instance24.updateCountdown
[info ] VISUALCHECK frame 6000 path=original black=0.000 flat=0.311 lumaP50=28 colors=33 draws=8 world=5 bsp=3 materials=6 noProgram=0 -> PASS
[info ] VISUALCHECK frame 6120 path=original black=0.000 flat=0.310 lumaP50=28 colors=33 draws=8 world=5 bsp=3 materials=6 noProgram=0 -> PASS
[info ] FLOW scene.view camera=CameraActor_2082 matinee= playing= pos=784.123,5252.110,234.995 rot=-2.988,-175.605,0.000 fov=70.000 drawn=true
[info ] VISUALCHECK frame 6240 path=original black=0.000 flat=0.308 lumaP50=28 colors=33 draws=8 world=5 bsp=3 materials=6 noProgram=0 -> PASS
[info ] VISUALCHECK frame 6360 path=original black=0.000 flat=0.309 lumaP50=28 colors=33 draws=8 world=5 bsp=3 materials=6 noProgram=0 -> PASS
[info ] VISUALCHECK frame 6480 path=original black=0.000 flat=0.307 lumaP50=28 colors=33 draws=8 world=5 bsp=3 materials=6 noProgram=0 -> PASS
[info ] VISUALCHECK frame 6600 path=original black=0.000 flat=0.306 lumaP50=28 colors=33 draws=8 world=5 bsp=3 materials=6 noProgram=0 -> PASS
[info ] VISUALCHECK frame 6720 path=original black=0.000 flat=0.308 lumaP50=28 colors=33 draws=8 world=5 bsp=3 materials=6 noProgram=0 -> PASS
[info ] FLOW gamelobby.countdownTick value=8
[info ] FLOW gfx.dsCallback movie=UI_GFxLobbies_p.GameLobby_GFX_1 markup=<CurrentGame:CurrentCountdown> value=8 callback=_level0.lobby_mc.instance3.instance24.updateCountdown
[info ] VISUALCHECK frame 6840 path=original black=0.000 flat=0.308 lumaP50=28 colors=34 draws=8 world=5 bsp=3 materials=6 noProgram=0 -> PASS
[info ] VISUALCHECK frame 6960 path=original black=0.000 flat=0.310 lumaP50=28 colors=33 draws=8 world=5 bsp=3 materials=6 noProgram=0 -> PASS
[info ] VISUALCHECK frame 7080 path=original black=0.000 flat=0.307 lumaP50=28 colors=33 draws=8 world=5 bsp=3 materials=6 noProgram=0 -> PASS
[info ] VISUALCHECK frame 7200 path=original black=0.000 flat=0.310 lumaP50=28 colors=34 draws=8 world=5 bsp=3 materials=6 noProgram=0 -> PASS
[info ] VISUALCHECK frame 7320 path=original black=0.000 flat=0.308 lumaP50=28 colors=33 draws=8 world=5 bsp=3 materials=6 noProgram=0 -> PASS
[info ] VISUALCHECK frame 7440 path=original black=0.000 flat=0.312 lumaP50=28 colors=33 draws=8 world=5 bsp=3 materials=6 noProgram=0 -> PASS
[info ] FLOW gamelobby.countdownTick value=7
[info ] FLOW gfx.dsCallback movie=UI_GFxLobbies_p.GameLobby_GFX_1 markup=<CurrentGame:CurrentCountdown> value=7 callback=_level0.lobby_mc.instance3.instance24.updateCountdown
[info ] VISUALCHECK frame 7560 path=original black=0.000 flat=0.311 lumaP50=28 colors=33 draws=8 world=5 bsp=3 materials=6 noProgram=0 -> PASS
[info ] FLOW scene.view camera=CameraActor_2082 matinee= playing= pos=784.123,5252.110,234.995 rot=-2.988,-175.605,0.000 fov=70.000 drawn=true
[info ] VISUALCHECK frame 7680 path=original black=0.000 flat=0.311 lumaP50=28 colors=34 draws=8 world=5 bsp=3 materials=6 noProgram=0 -> PASS
[info ] VISUALCHECK frame 7800 path=original black=0.000 flat=0.312 lumaP50=28 colors=33 draws=8 world=5 bsp=3 materials=6 noProgram=0 -> PASS
[info ] VISUALCHECK frame 7920 path=original black=0.000 flat=0.306 lumaP50=28 colors=33 draws=8 world=5 bsp=3 materials=6 noProgram=0 -> PASS
[info ] VISUALCHECK frame 8040 path=original black=0.000 flat=0.306 lumaP50=28 colors=33 draws=8 world=5 bsp=3 materials=6 noProgram=0 -> PASS
[info ] VISUALCHECK frame 8160 path=original black=0.000 flat=0.307 lumaP50=28 colors=34 draws=8 world=5 bsp=3 materials=6 noProgram=0 -> PASS
[info ] FLOW gamelobby.countdownTick value=6
[info ] FLOW gfx.dsCallback movie=UI_GFxLobbies_p.GameLobby_GFX_1 markup=<CurrentGame:CurrentCountdown> value=6 callback=_level0.lobby_mc.instance3.instance24.updateCountdown
[info ] VISUALCHECK frame 8280 path=original black=0.000 flat=0.306 lumaP50=28 colors=33 draws=8 world=5 bsp=3 materials=6 noProgram=0 -> PASS
[info ] VISUALCHECK frame 8400 path=original black=0.000 flat=0.307 lumaP50=28 colors=33 draws=8 world=5 bsp=3 materials=6 noProgram=0 -> PASS
[info ] VISUALCHECK frame 8520 path=original black=0.000 flat=0.306 lumaP50=28 colors=34 draws=8 world=5 bsp=3 materials=6 noProgram=0 -> PASS
[info ] VISUALCHECK frame 8640 path=original black=0.000 flat=0.304 lumaP50=28 colors=34 draws=8 world=5 bsp=3 materials=6 noProgram=0 -> PASS
[info ] VISUALCHECK frame 8760 path=original black=0.000 flat=0.306 lumaP50=28 colors=33 draws=8 world=5 bsp=3 materials=6 noProgram=0 -> PASS
[info ] VISUALCHECK frame 8880 path=original black=0.000 flat=0.307 lumaP50=28 colors=33 draws=8 world=5 bsp=3 materials=6 noProgram=0 -> PASS
[info ] FLOW gamelobby.countdownTick value=5
[info ] FLOW gfx.dsCallback movie=UI_GFxLobbies_p.GameLobby_GFX_1 markup=<CurrentGame:CurrentCountdown> value=5 callback=_level0.lobby_mc.instance3.instance24.updateCountdown
[info ] VISUALCHECK frame 9000 path=original black=0.000 flat=0.306 lumaP50=28 colors=34 draws=8 world=5 bsp=3 materials=6 noProgram=0 -> PASS
[info ] VISUALCHECK frame 9120 path=original black=0.000 flat=0.307 lumaP50=28 colors=33 draws=8 world=5 bsp=3 materials=6 noProgram=0 -> PASS
[info ] FLOW scene.view camera=CameraActor_2082 matinee= playing= pos=784.123,5252.110,234.995 rot=-2.988,-175.605,0.000 fov=70.000 drawn=true
[info ] VISUALCHECK frame 9240 path=original black=0.000 flat=0.306 lumaP50=28 colors=33 draws=8 world=5 bsp=3 materials=6 noProgram=0 -> PASS
[info ] VISUALCHECK frame 9360 path=original black=0.000 flat=0.305 lumaP50=28 colors=33 draws=8 world=5 bsp=3 materials=6 noProgram=0 -> PASS
[info ] VISUALCHECK frame 9480 path=original black=0.000 flat=0.303 lumaP50=28 colors=33 draws=8 world=5 bsp=3 materials=6 noProgram=0 -> PASS
[info ] VISUALCHECK frame 9600 path=original black=0.000 flat=0.304 lumaP50=28 colors=33 draws=8 world=5 bsp=3 materials=6 noProgram=0 -> PASS
[info ] VISUALCHECK frame 9720 path=original black=0.000 flat=0.306 lumaP50=28 colors=34 draws=8 world=5 bsp=3 materials=6 noProgram=0 -> PASS
[info ] FLOW gamelobby.countdownTick value=4
[info ] FLOW gfx.dsCallback movie=UI_GFxLobbies_p.GameLobby_GFX_1 markup=<CurrentGame:CurrentCountdown> value=4 callback=_level0.lobby_mc.instance3.instance24.updateCountdown
[info ] VISUALCHECK frame 9840 path=original black=0.000 flat=0.304 lumaP50=28 colors=33 draws=8 world=5 bsp=3 materials=6 noProgram=0 -> PASS
[info ] VISUALCHECK frame 9960 path=original black=0.000 flat=0.305 lumaP50=28 colors=33 draws=8 world=5 bsp=3 materials=6 noProgram=0 -> PASS
[info ] VISUALCHECK frame 10080 path=original black=0.000 flat=0.302 lumaP50=28 colors=33 draws=8 world=5 bsp=3 materials=6 noProgram=0 -> PASS
[info ] VISUALCHECK frame 10200 path=original black=0.000 flat=0.303 lumaP50=28 colors=33 draws=8 world=5 bsp=3 materials=6 noProgram=0 -> PASS
[info ] VISUALCHECK frame 10320 path=original black=0.000 flat=0.304 lumaP50=28 colors=34 draws=8 world=5 bsp=3 materials=6 noProgram=0 -> PASS
[info ] VISUALCHECK frame 10440 path=original black=0.000 flat=0.301 lumaP50=28 colors=33 draws=8 world=5 bsp=3 materials=6 noProgram=0 -> PASS
[info ] FLOW gamelobby.countdownTick value=3
[info ] FLOW gfx.dsCallback movie=UI_GFxLobbies_p.GameLobby_GFX_1 markup=<CurrentGame:CurrentCountdown> value=3 callback=_level0.lobby_mc.instance3.instance24.updateCountdown
[info ] VISUALCHECK frame 10560 path=original black=0.000 flat=0.302 lumaP50=28 colors=33 draws=8 world=5 bsp=3 materials=6 noProgram=0 -> PASS
[info ] FLOW scene.view camera=CameraActor_2082 matinee= playing= pos=784.123,5252.110,234.995 rot=-2.988,-175.605,0.000 fov=70.000 drawn=true
[info ] VISUALCHECK frame 10680 path=original black=0.000 flat=0.296 lumaP50=28 colors=33 draws=8 world=5 bsp=3 materials=6 noProgram=0 -> PASS
[info ] VISUALCHECK frame 10800 path=original black=0.000 flat=0.297 lumaP50=28 colors=33 draws=8 world=5 bsp=3 materials=6 noProgram=0 -> PASS
[info ] VISUALCHECK frame 10920 path=original black=0.000 flat=0.302 lumaP50=28 colors=34 draws=8 world=5 bsp=3 materials=6 noProgram=0 -> PASS
[info ] VISUALCHECK frame 11040 path=original black=0.000 flat=0.303 lumaP50=28 colors=33 draws=8 world=5 bsp=3 materials=6 noProgram=0 -> PASS
[info ] VISUALCHECK frame 11160 path=original black=0.000 flat=0.300 lumaP50=28 colors=33 draws=8 world=5 bsp=3 materials=6 noProgram=0 -> PASS
[info ] FLOW gamelobby.countdownTick value=2
[info ] FLOW gfx.dsCallback movie=UI_GFxLobbies_p.GameLobby_GFX_1 markup=<CurrentGame:CurrentCountdown> value=2 callback=_level0.lobby_mc.instance3.instance24.updateCountdown
[info ] VISUALCHECK frame 11280 path=original black=0.000 flat=0.303 lumaP50=28 colors=33 draws=8 world=5 bsp=3 materials=6 noProgram=0 -> PASS
[info ] VISUALCHECK frame 11400 path=original black=0.000 flat=0.306 lumaP50=28 colors=33 draws=8 world=5 bsp=3 materials=6 noProgram=0 -> PASS
[info ] VISUALCHECK frame 11520 path=original black=0.000 flat=0.302 lumaP50=28 colors=34 draws=8 world=5 bsp=3 materials=6 noProgram=0 -> PASS
[info ] VISUALCHECK frame 11640 path=original black=0.000 flat=0.304 lumaP50=28 colors=33 draws=8 world=5 bsp=3 materials=6 noProgram=0 -> PASS
[info ] VISUALCHECK frame 11760 path=original black=0.000 flat=0.303 lumaP50=28 colors=33 draws=8 world=5 bsp=3 materials=6 noProgram=0 -> PASS
[info ] VISUALCHECK frame 11880 path=original black=0.000 flat=0.305 lumaP50=28 colors=33 draws=8 world=5 bsp=3 materials=6 noProgram=0 -> PASS
[info ] VISUALCHECK frame 12000 path=original black=0.000 flat=0.303 lumaP50=28 colors=33 draws=8 world=5 bsp=3 materials=6 noProgram=0 -> PASS
[info ] FLOW gamelobby.countdownTick value=1
[info ] FLOW gfx.dsCallback movie=UI_GFxLobbies_p.GameLobby_GFX_1 markup=<CurrentGame:CurrentCountdown> value=1 callback=_level0.lobby_mc.instance3.instance24.updateCountdown
[info ] VISUALCHECK frame 12120 path=original black=0.000 flat=0.304 lumaP50=28 colors=33 draws=8 world=5 bsp=3 materials=6 noProgram=0 -> PASS
[info ] FLOW scene.view camera=CameraActor_2082 matinee= playing= pos=784.123,5252.110,234.995 rot=-2.988,-175.605,0.000 fov=70.000 drawn=true
[info ] VISUALCHECK frame 12240 path=original black=0.000 flat=0.305 lumaP50=28 colors=33 draws=8 world=5 bsp=3 materials=6 noProgram=0 -> PASS
[info ] VISUALCHECK frame 12360 path=original black=0.000 flat=0.310 lumaP50=28 colors=33 draws=8 world=5 bsp=3 materials=6 noProgram=0 -> PASS
[info ] VISUALCHECK frame 12480 path=original black=0.000 flat=0.307 lumaP50=28 colors=33 draws=8 world=5 bsp=3 materials=6 noProgram=0 -> PASS
[info ] VISUALCHECK frame 12600 path=original black=0.000 flat=0.307 lumaP50=28 colors=33 draws=8 world=5 bsp=3 materials=6 noProgram=0 -> PASS
[info ] VISUALCHECK frame 12720 path=original black=0.000 flat=0.303 lumaP50=28 colors=33 draws=8 world=5 bsp=3 materials=6 noProgram=0 -> PASS
[info ] VISUALCHECK frame 12840 path=original black=0.000 flat=0.303 lumaP50=28 colors=33 draws=8 world=5 bsp=3 materials=6 noProgram=0 -> PASS
[info ] FLOW gamelobby.countdownTick value=0
[info ] FLOW gamelobby.finalCountdown team=1 teamName=Decepticons
[info ] FLOW gamelobby.startLevel url=MP_IAC_Streets_Base_m?PlaylistId=-1?GamerRegion=0?PointsToWin=40?Game=TransContent.TnVersusGame?GameModeTag=TDM?GameTeamStatus=3?GameRules=?MaxPlayers=10?StatsWriters=?LobbyGameClassName=TransContent.TnGameLobbyGameTeam?IconicMode=0?TimeLimit=900.00?listen?MapId=508
[info ] FLOW travel url=MP_IAC_Streets_Base_m?PlaylistId=-1?GamerRegion=0?PointsToWin=40?Game=TransContent.TnVersusGame?GameModeTag=TDM?GameTeamStatus=3?GameRules=?MaxPlayers=10?StatsWriters=?LobbyGameClassName=TransContent.TnGameLobbyGameTeam?IconicMode=0?TimeLimit=900.00?listen?MapId=508 server=true from=GameLobby
[info ] FLOW loading.start kind=Map title=Team Deathmatch message=in Streets bink=TF_LoadingScreen gfx=UI_GFxLoading_p.LoadScreen_GFX tips=3
[info ] FLOW loading.engageText text=Don't get fooled. Decoy Traps can be destroyed by shooting them.
[info ] FLOW loading.engageText text=Don't get fooled. Decoy Traps can be destroyed by shooting them.
[info ] FLOW loading.engageText text=Don't get fooled. Decoy Traps can be destroyed by shooting them.
[info ] FLOW movie.open movie=TF_LoadingScreen_INT seconds=4.000000 loop=true
[info ] FLOW movie.firstFrame movie=TF_LoadingScreen_INT w=1280 h=720 t=0.001338
[info ] FLOW gfx.movieClosed movie=UI_GFxLobbies_p.GameLobby_GFX_1
[info ] GFX loaded LoadScreen_GFX: stage 1120x720 @30 fps, 1 frames, 19 shapes, 77 sprites, 4 texts, 2 fonts, 4 bitmaps, 2 exports
[info ] GFX opened UI_GFxLoading_p.LoadScreen_GFX (F:/Transformers Rebuild/ExtractedAssets/content/UI_GFxLoading_p/LoadScreen_GFX.gfx)
[info ] FLOW gfx.loadingMovie movie=UI_GFxLoading_p.LoadScreen_GFX title=Team Deathmatch message=in Streets
[info ] FLOW audio.levelChange from=GameLobby
[info ] FLOW audio.moviePlaying playing=true
[info ] FLOW audio.prefetch level=MP_IAC_Streets
[info ] FLOW match.launch url=MP_IAC_Streets_Base_m?PlaylistId=-1?GamerRegion=0?PointsToWin=40?Game=TransContent.TnVersusGame?GameModeTag=TDM?GameTeamStatus=3?GameRules=?MaxPlayers=10?StatsWriters=?LobbyGameClassName=TransContent.TnGameLobbyGameTeam?IconicMode=0?TimeLimit=900.00?listen?MapId=508 map=MP_IAC_Streets_Base_m runtimeDir=MP_IAC_Streets mode=TDM goalScore=40 timeLimit=900 team=1
[info ] FLOW loading match world: map dir MP_IAC_Streets, mode TDM
[info ] wfc: released map render data (2 meshes, 53 programs, 52 textures)
[info ] FLOW scene.release released=renderer unloadFrontendScene
[info ] wfc: movers: 6 (rotating + Matinee), 4 authored-hidden actors
[info ] wfc: map FX: 45 components (35 active), 4 systems
[info ] wfc: LightsVisibilitiesVolume decoded: 744772 bytes: 18153 nodes, 268 lights (GUID table), 17487 corners, 3096 samples, 7679 pairs (pool matches, counts halved), indices ascending, bit7 samples 0, rootHalf 26729.2, finestHalf 512.0, +0x18 = 0x45800000
[info ] wfc: LightsVisibilitiesVolume: 256 of 268 level lights bound by LightGuid (268 table entries)
[info ] wfc: post: bloom 1 scale 0.10, DOF 1 far max 0.60 falloff 40000, CLUT ENV_MPCLUT_p.MP_Streets_CLUT
[info ] glb: F:\Transformers Rebuild\Rebuild\build\release\bin/../../../work/render/MP_IAC_Streets/bsp.glb -> 4238 verts, 2460 tris, bounds [-38.4 -743.7 -696.8]..[576.0 -670.7 -266.2]
[info ] wfc: uploaded mesh 0: 4238 verts, 540 submeshes (180 lightmapped, 540 programs, 23 total)
[info ] glb: F:\Transformers Rebuild\Rebuild\build\release\bin/../../../work/render/MP_IAC_Streets/decals.glb -> 5643 verts, 2105 tris, bounds [93.3 -727.0 -588.7]..[361.0 -702.0 -277.9]
[info ] wfc: uploaded mesh 1: 5643 verts, 25 submeshes (0 lightmapped, 25 programs, 27 total)
[info ] wfc: shader path active: 325 materials, 1975 lightmapped components, 268 lights, fog on (F:\Transformers Rebuild\Rebuild\build\release\bin/../../../work/render/MP_IAC_Streets)
[info ] skinned glb: F:/Transformers Rebuild/ExtractedAssets/content/PROP_NEU_Pickups_p/EnergonTotem/NEU_EnergonTotem_SKEL.gltf -> 1892 verts, 30 joints, 0 clips
[info ] anim gltf: F:/Transformers Rebuild/ExtractedAssets/content/PROP_NEU_Pickups_p/EnergonTotem/NEU_EnergonTotem_ANM.anim.gltf -> 4 clips
[info ] glb: F:/Transformers Rebuild/ExtractedAssets/content/DES_IAC_WallPanelSign_p/Meshes/WallPanelSign_Base_STAT.gltf -> 1032 verts, 800 tris, bounds [-1.0 -0.1 -1.4]..[5.9 7.7 0.9]
[info ] wfc: uploaded mesh 2: 1032 verts, 1 submeshes (1 lightmapped, 1 programs, 28 total)
[info ] glb: F:/Transformers Rebuild/ExtractedAssets/content/DES_IAC_WallPanelSign_p/Meshes/WallPanelSign_Chunk02_STAT.gltf -> 336 verts, 200 tris, bounds [3.6 2.3 -1.4]..[5.9 6.7 0.9]
[info ] wfc: uploaded mesh 3: 336 verts, 1 submeshes (0 lightmapped, 1 programs, 30 total)
[info ] glb: F:/Transformers Rebuild/ExtractedAssets/content/FX_Mesh_p/Mesh/pTorus1_STAT.gltf -> 410 verts, 640 tris, bounds [-21.0 -1.4 -21.0]..[21.0 1.4 21.0]
[info ] wfc: uploaded mesh 4: 410 verts, 1 submeshes (0 lightmapped, 1 programs, 31 total)
[info ] wfc: map props: 9 (energon totems + destructible), totem clip 1
[info ] glb: F:/Transformers Rebuild/ExtractedAssets/content/PROP_NEU_EnergonCube_p/PROP_NEU_EnergonCube_STAT.gltf -> 252 verts, 120 tris, bounds [-0.7 -0.7 -0.7]..[0.7 0.7 0.7]
[info ] wfc: uploaded mesh 5: 252 verts, 1 submeshes (0 lightmapped, 1 programs, 32 total)
[info ] glb: F:/Transformers Rebuild/ExtractedAssets/content/PROP_NEU_Pickups_p/OvershieldPickup/PROP_NEU_Overshield_STAT.gltf -> 218 verts, 222 tris, bounds [-0.8 -1.0 -0.3]..[0.8 1.0 0.3]
[info ] wfc: uploaded mesh 6: 218 verts, 1 submeshes (0 lightmapped, 1 programs, 34 total)
[info ] glb: F:/Transformers Rebuild/ExtractedAssets/content/FX_Pickups_p/Mesh/LightBeam_WepPickup_STAT.gltf -> 324 verts, 480 tris, bounds [-0.9 -0.9 0.0]..[0.9 0.9 0.8]
[info ] wfc: uploaded mesh 7: 324 verts, 1 submeshes (0 lightmapped, 1 programs, 35 total)
[info ] wfc: map FX mesh emitters loaded: 6
[info ] glb: F:/Transformers Rebuild/ExtractedAssets/VerticalSlice/Maps/MP_IAC_Streets/world.glb -> 2076144 verts, 1983988 tris, bounds [-4813.1 -3295.6 -4745.4]..[4135.4 5645.6 4171.8]
[info ] skinned glb: F:/Transformers Rebuild/ExtractedAssets/VerticalSlice/Characters/Optimus/robot.glb -> 10424 verts, 106 joints, 75 clips
[info ] skinned glb: F:/Transformers Rebuild/ExtractedAssets/VerticalSlice/Characters/Optimus/vehicle.glb -> 10219 verts, 69 joints, 13 clips
[info ] skinned glb: F:/Transformers Rebuild/ExtractedAssets/VerticalSlice/../content/TR_Optimus_ROBO_p/CP_OptimusArm_SKEL.gltf -> 1548 verts, 30 joints, 0 clips
[info ] anim gltf: F:/Transformers Rebuild/ExtractedAssets/VerticalSlice/../content/TR_HeavyMedium_ANM_p/OptimusArm_ROBO_ANIM.anim.gltf -> 2 clips
[info ] arm clip ARM_Equip 0.80 s
[info ] arm clip ARM_Unequip 0.80 s
[info ] textures: 27 loaded, 0 failed, 27 unique
[info ] lightmaps: 2081/2249 submeshes bound to atlases
[info ] load: 614 ms without a presented frame, ending at 'Render: load step'
[info ] wfc: uploaded mesh 8: 2076144 verts, 2249 submeshes (2106 lightmapped, 2239 programs, 195 total)
[info ] weapon fx: 9/9 original FX textures loaded
[info ] glb: F:/Transformers Rebuild/ExtractedAssets/VerticalSlice/../content/FX_GrenadeLauncher_p/GrenadeAmmo_STAT.gltf -> 50 verts, 60 tris, bounds [-0.1 -0.1 -0.1]..[0.1 0.1 0.1]
[info ] wfc: uploaded mesh 9: 50 verts, 1 submeshes (0 lightmapped, 1 programs, 197 total)
[info ] glb: F:/Transformers Rebuild/ExtractedAssets/VerticalSlice/../content/FX_IonBlaster_p/IonBlaster_Mag_STAT.gltf -> 84 verts, 100 tris, bounds [-0.2 -0.1 -0.0]..[0.2 0.1 0.0]
[info ] wfc: uploaded mesh 10: 84 verts, 1 submeshes (0 lightmapped, 1 programs, 199 total)
[info ] weapon fx: 2/2 mesh-particle meshes loaded
[info ] glb: F:/Transformers Rebuild/ExtractedAssets/VerticalSlice/../content/FX_Navigation_p/Boostermesh_02_STATMESH.gltf -> 327 verts, 600 tris, bounds [-0.0 -0.0 -0.0]..[0.5 0.0 0.0]
[info ] wfc: uploaded mesh 11: 327 verts, 1 submeshes (0 lightmapped, 1 programs, 200 total)
[info ] glb: F:/Transformers Rebuild/ExtractedAssets/VerticalSlice/../content/FX_Navigation_p/bulletshape_fx_STAT.gltf -> 181 verts, 340 tris, bounds [0.0 -0.0 -0.0]..[0.0 0.0 0.0]
[info ] wfc: uploaded mesh 12: 181 verts, 1 submeshes (0 lightmapped, 1 programs, 201 total)
[info ] glb: F:/Transformers Rebuild/ExtractedAssets/VerticalSlice/../content/FX_Navigation_p/Boostermesh_03.gltf -> 327 verts, 600 tris, bounds [-0.0 -0.0 -0.0]..[0.5 0.0 0.0]
[info ] wfc: uploaded mesh 13: 327 verts, 1 submeshes (0 lightmapped, 1 programs, 202 total)
[info ] glb: F:/Transformers Rebuild/ExtractedAssets/VerticalSlice/../content/FX_Navigation_p/Boost_Circuit_STAT.gltf -> 327 verts, 600 tris, bounds [-0.0 -0.0 -0.0]..[0.5 0.0 0.0]
[info ] wfc: uploaded mesh 14: 327 verts, 1 submeshes (0 lightmapped, 1 programs, 203 total)
[info ] glb: F:/Transformers Rebuild/ExtractedAssets/VerticalSlice/../content/FX_Mesh_p/Light_Cylinder_STAT.gltf -> 82 verts, 80 tris, bounds [-1.0 -0.0 -1.0]..[1.0 11.4 1.0]
[info ] wfc: uploaded mesh 15: 82 verts, 1 submeshes (0 lightmapped, 1 programs, 204 total)
[info ] glb: F:/Transformers Rebuild/ExtractedAssets/VerticalSlice/../content/FX_Mesh_p/Mesh/Ram_STAT.gltf -> 251 verts, 420 tris, bounds [-2.7 0.0 -1.3]..[2.2 2.1 1.3]
[info ] wfc: uploaded mesh 16: 251 verts, 1 submeshes (0 lightmapped, 1 programs, 205 total)
[info ] vehicle fx: 6/6 meshes, 5/5 sprite textures (boost/hover/jump: 5/7/12 emitters)
[info ] skinned glb: F:/Transformers Rebuild/ExtractedAssets/VerticalSlice/Weapons/IonBlaster/weapon.glb -> 2727 verts, 34 joints, 8 clips
[info ] weapon mesh: 8 clips idle=3 fire=2 reload=7 muzzleNode=32
[info ] weapon: Ion Blaster loaded, socket bone R_Arm03_Elbow_XB node=42
[info ] mapstate: MP_IAC_Streets rotating movers 3 (yaw), 0 rotating about another axis (render only)
[info ] mapstate: mode TDM, 6 movers, 15 objectives, 4 mode-dependent actors (0 visible), Matinee 9.0022 s
[info ] mapstate: 12 objective volumes
[info ] glb: F:/Transformers Rebuild/ExtractedAssets/VerticalSlice/Maps/MP_IAC_Streets/collision_pawn.glb -> 75742 verts, 101519 tris, bounds [-163.8 -769.2 -771.0]..[590.7 -405.4 -125.0]
[info ] collision: 101279 tris, grid 378x323 (cell 2.0m), bounds Y [-769.2..-405.4]
[info ] glb: F:/Transformers Rebuild/ExtractedAssets/VerticalSlice/Maps/MP_IAC_Streets/collision_weapon.glb -> 74034 verts, 100959 tris, bounds [-56.4 -769.2 -771.0]..[590.7 -405.4 -125.0]
[info ] collision: 100719 tris, grid 324x323 (cell 2.0m), bounds Y [-769.2..-405.4]
[info ] mapstate: 4 movers carry moving collision
[info ] collision: movement collision_pawn.glb, weapon collision_weapon.glb
[info ] World: KillZ -750.0 m (MP_IAC_Streets)
[info ] World: TDM spawn at 107.5, -725.6, -475.6 facing yaw -1.57
[info ] starts: 84 player starts
[info ] vehicle mesh: actor 1.22 m above origin, top 2.44 m
[info ] pickups: 24 factories (ammo crate 14, health 9, overshield 1) from F:/Transformers Rebuild/ExtractedAssets/VerticalSlice/Maps/MP_IAC_Streets/gameplay.json
[info ] glb: F:/Transformers Rebuild/ExtractedAssets/VerticalSlice/../content/DES_IAC_WallPanelSign_p/Meshes/WallPanelSign_Base_STAT.gltf -> 1032 verts, 800 tris, bounds [-1.0 -0.1 -1.4]..[5.9 7.7 0.9]
[info ] glb: F:/Transformers Rebuild/ExtractedAssets/VerticalSlice/../content/DES_IAC_WallPanelSign_p/Meshes/WallPanelSign_Base_STAT.gltf -> 1032 verts, 800 tris, bounds [-1.0 -0.1 -1.4]..[5.9 7.7 0.9]
[info ] glb: F:/Transformers Rebuild/ExtractedAssets/VerticalSlice/../content/DES_IAC_WallPanelSign_p/Meshes/WallPanelSign_Chunk02_STAT.gltf -> 336 verts, 200 tris, bounds [3.6 2.3 -1.4]..[5.9 6.7 0.9]
[info ] destructible: MP_IAC_Streets_ART_m.TheWorld.PersistentLevel.TnStaticDestructibleActor_14465 at authored 8.96 -3.52 899.68 (state 0, health 20)
[info ] World: loaded vertical slice from F:/Transformers Rebuild/ExtractedAssets/VerticalSlice
[info ] sound cues: 63 cues, 292/292 waves loaded
[info ] sound cues: FSB loop regions 7/7 applied (whole sample; no header LOOP flag)
[info ] FLOW audio.baseline instances=0 voices=0 levelCues=0 pcmMB=36.489
[info ] ambient: MP_IAC_Streets: 189 level cues, 10 reverb presets, 70 emitters, 9 zones, 11 pools, 0 Kismet audio ops / 0 links (manifests: AssetTools Systems)
[info ] FLOW audio.loaded level=MP_IAC_Streets instances=0 voices=0 levelCues=189 pcmMB=97.179
[info ] FLOW test.lifecycle goalScore=2 provenance=TEST ONLY
[info ] mapstate: mode -> TDM
[info ] match: 84 player starts, 12 spawn clusters
[info ] match: TDM begin (goal 2, time limit 900 s, countdown 10 s)
[info ] match: launched MP_IAC_Streets TDM (goal 2, time 900 s)
[info ] FLOW match.gameplay map=MP_IAC_Streets mode=TDM goalScore=2 timeLimit=900
[info ] MATCH restart
[info ] MATCH init mode=TDM rules=TransGame.TnGameRules_ScoreKillsTDM,TransGame.TnGameRules_TrackKillsMP,TransGame.TnGameRules_ReportGameProgressTime,TransGame.TnGameRules_ReportGameProgressKills teams=2 time_limit_s=900 score_limit=2
[info ] FLOW match.loaded map=MP_IAC_Streets mode=TDM seconds=3.805 privateMB=2853.441 loadingFrames=103 maxFrameGapMs=614.402 maxGapAt=Render: load step
[info ] FLOW level.begin level=Match map=MP_IAC_Streets_Base_m url=MP_IAC_Streets_Base_m?PlaylistId=-1?GamerRegion=0?PointsToWin=40?Game=TransContent.TnVersusGame?GameModeTag=TDM?GameTeamStatus=3?GameRules=?MaxPlayers=10?StatsWriters=?LobbyGameClassName=TransContent.TnGameLobbyGameTeam?IconicMode=0?TimeLimit=900.00?listen?MapId=508
[info ] FLOW uicontroller Initialize TnUIControllerMultiplayer
[info ] FLOW uistate NotInGame -> WaitingOnGameStart (TnUIControllerMultiplayer)
[info ] FLOW ui.state from=NotInGame to=WaitingOnGameStart controller=TnUIControllerMultiplayer level=Match
[info ] FLOW ui OpenUI UI_GFxCustomize_p.CustomTransformers_GFX_1
[info ] FLOW ui.open movie=UI_GFxCustomize_p.CustomTransformers_GFX_1 state=WaitingOnGameStart
[info ] FLOW loading.close kind=Map level=Match
[info ] FLOW character.selected name=Scout type=0 specialty=Scout autobot=Car2 decepticon=Car4
[info ] FLOW ui CloseUI UI_GFxCustomize_p.CustomTransformers_GFX_1
[info ] FLOW ui.close movie=UI_GFxCustomize_p.CustomTransformers_GFX_1
[info ] FLOW ui OpenUI UI_GFxPreGameCountdown_p.PreGameCountdown_GFX_1
[info ] FLOW ui.open movie=UI_GFxPreGameCountdown_p.PreGameCountdown_GFX_1 state=WaitingOnGameStart
[info ] GFX loaded PreGameCountdown_GFX: stage 1120x720 @30 fps, 1 frames, 5 shapes, 32 sprites, 4 texts, 0 fonts, 0 bitmaps, 17 exports
[info ] GFX loaded SharedComponents_GFX: stage 1120x720 @30 fps, 1 frames, 16 shapes, 59 sprites, 12 texts, 0 fonts, 0 bitmaps, 46 exports
[info ] GFX loaded SharedIcons_GFX: stage 1120x720 @30 fps, 1 frames, 94 shapes, 103 sprites, 0 texts, 0 fonts, 0 bitmaps, 103 exports
[info ] GFX loaded Fonts_EFIGS: stage 800x450 @30 fps, 1 frames, 0 shapes, 0 sprites, 3 texts, 3 fonts, 0 bitmaps, 0 exports
[info ] GFX opened UI_GFxPreGameCountdown_p.PreGameCountdown_GFX_1 (F:/Transformers Rebuild/ExtractedAssets/content/UI_GFxPreGameCountdown_p/PreGameCountdown_GFX.gfx)
[info ] FLOW gfx.movie movie=UI_GFxPreGameCountdown_p.PreGameCountdown_GFX_1 opened=true
[info ] FLOW script.wait cond=level=Match
[info ] GFX loaded Hud_GFX: stage 1120x720 @30 fps, 1 frames, 100 shapes, 322 sprites, 73 texts, 1 fonts, 165 bitmaps, 216 exports
[info ] FLOW bridge.unhandled fn=Self.DeactivePostProcessChain movie=UI_GFxHud_p.Hud_GFX_1
[info ] GFX loaded Fonts_EFIGS: stage 800x450 @30 fps, 1 frames, 0 shapes, 0 sprites, 3 texts, 3 fonts, 0 bitmaps, 0 exports
[info ] FLOW bridge fn=HmActionScript.setColor args=_level0.hud_mc.topLeft_mc.instance2.overshieldBar_mc.highlight_mc,300799 level=Match
[info ] FLOW bridge.unhandled fn=HmActionScript.setColor
[info ] FLOW bridge fn=HmActionScript.setColor args=_level0.hud_mc.topLeft_mc.instance2.overshieldBar_mc.bar_mc,300799 level=Match
[info ] FLOW bridge.unhandled fn=HmActionScript.setColor
[info ] FLOW bridge fn=HmActionScript.setColor args=_level0.hud_mc.topLeft_mc.instance5.ability_mc.background_mc,6710886 level=Match
[info ] FLOW bridge.unhandled fn=HmActionScript.setColor
[info ] FLOW bridge fn=HmActionScript.setColor args=_level0.hud_mc.topRight_mc.instance13.ability_mc.background_mc,6710886 level=Match
[info ] FLOW bridge.unhandled fn=HmActionScript.setColor
[info ] FLOW bridge fn=HmActionScript.setColor args=_level0.hud_mc.topRight_mc.instance15.ability_mc.background_mc,6710886 level=Match
[info ] FLOW bridge.unhandled fn=HmActionScript.setColor
[info ] FLOW datastore.unhandled fn=ReadValue markup=<CurrentGame:_CurrentWave>
[info ] FLOW bridge fn=HmActionScript.setColor args=_level0.hud_mc.topCenter_mc.countdown_mc.roundTime_mc,5289429 level=Match
[info ] FLOW bridge.unhandled fn=HmActionScript.setColor
[info ] FLOW datastore.unhandled fn=ReadValue markup=<CurrentGame:CurrentObjectiveCountdown>
[info ] FLOW bridge fn=HmObjectInterpolator.addInterp args=_level0.hud_mc.topCenter_mc.countdown_mc.objectiveTime_mc,0.5,easeout,3,,[object Object] level=Match
[info ] FLOW bridge.unhandled fn=HmObjectInterpolator.addInterp
[info ] FLOW bridge fn=HmObjectInterpolator.addInterp args=_level0.hud_mc.topCenter_mc.countdown_mc,0.5,easeout,3,,[object Object] level=Match
[info ] FLOW bridge.unhandled fn=HmObjectInterpolator.addInterp
[info ] FLOW bridge fn=HmObjectInterpolator.addInterp args=_level0.hud_mc.topCenter_mc.countdown_mc.roundTime_mc,0.5,easeout,3,,[object Object] level=Match
[info ] FLOW bridge.unhandled fn=HmObjectInterpolator.addInterp
[info ] FLOW bridge fn=HmObjectInterpolator.addInterp args=_level0.hud_mc.topCenter_mc.countdown_mc.objectiveTime_mc,0.5,easeout,3,,[object Object] level=Match
[info ] FLOW bridge.unhandled fn=HmObjectInterpolator.addInterp
[info ] FLOW bridge fn=HmObjectInterpolator.addInterp args=_level0.hud_mc.topCenter_mc.countdown_mc.roundTime_mc,0.5,easeout,3,,[object Object] level=Match
[info ] FLOW bridge.unhandled fn=HmObjectInterpolator.addInterp
[info ] FLOW bridge fn=HmObjectInterpolator.addInterp args=_level0.hud_mc.topCenter_mc.countdown_mc,0.5,easeout,3,,[object Object] level=Match
[info ] FLOW bridge.unhandled fn=HmObjectInterpolator.addInterp
[info ] FLOW bridge fn=HmObjectInterpolator.addInterp args=_level0.hud_mc.topCenter_mc.countdown_mc.roundTime_mc,0.5,easeout,3,,[object Object] level=Match
[info ] FLOW bridge.unhandled fn=HmObjectInterpolator.addInterp
[info ] FLOW bridge fn=HmObjectInterpolator.addInterp args=_level0.hud_mc.topCenter_mc.countdown_mc.objectiveTime_mc,0.5,easeout,3,,[object Object] level=Match
[info ] FLOW bridge.unhandled fn=HmObjectInterpolator.addInterp
[info ] FLOW datastore.unhandled fn=ReadBoolValue markup=<CurrentGame:CompetitiveScoreEnabled>
[info ] FLOW datastore.unhandled fn=ReadValue markup=<CurrentGame:_NextWaveTime>
[info ] GFX loaded ButtonIcons_GFX: stage 1120x720 @30 fps, 1 frames, 0 shapes, 0 sprites, 0 texts, 0 fonts, 18 bitmaps, 18 exports
[info ] FLOW datastore.unhandled fn=ReadValue markup=<CurrentGame:GoalScore>
[info ] FLOW bridge fn=HmObjectInterpolator.addInterp args=_level0.hud_mc.topCenter_mc.instance33.scoreboard_mc.allyBar_mc.panel_mc,0.2,easeout,3,,[object Object] level=Match
[info ] FLOW bridge.unhandled fn=HmObjectInterpolator.addInterp
[info ] FLOW bridge fn=HmObjectInterpolator.addInterp args=_level0.hud_mc.topCenter_mc.instance33.scoreboard_mc.enemyBar_mc.panel_mc,0.2,easeout,3,,[object Object] level=Match
[info ] FLOW bridge.unhandled fn=HmObjectInterpolator.addInterp
[info ] FLOW bridge fn=HmActionScript.setColor args=_level0.hud_mc.topCenter_mc.instance33.scoreboard_mc.enemyBar_mc.panel_mc,16777215 level=Match
[info ] FLOW bridge.unhandled fn=HmActionScript.setColor
[info ] FLOW bridge fn=HmObjectInterpolator.addInterp args=_level0.hud_mc.topCenter_mc.instance33.scoreboard_mc.enemyBar_mc.panel_mc,0.5,easeout,3,,[object Object] level=Match
[info ] FLOW bridge.unhandled fn=HmObjectInterpolator.addInterp
[info ] FLOW bridge fn=HmObjectInterpolator.addInterp args=_level0.hud_mc.topCenter_mc.instance33.scoreboard_mc.enemyBar_mc,0.2,easeout,3,,[object Object] level=Match
[info ] FLOW bridge.unhandled fn=HmObjectInterpolator.addInterp
[info ] FLOW bridge fn=HmActionScript.setColor args=_level0.hud_mc.topCenter_mc.instance33.scoreboard_mc.allyBar_mc.panel_mc,16777215 level=Match
[info ] FLOW bridge.unhandled fn=HmActionScript.setColor
[info ] FLOW bridge fn=HmObjectInterpolator.addInterp args=_level0.hud_mc.topCenter_mc.instance33.scoreboard_mc.allyBar_mc.panel_mc,0.5,easeout,3,,[object Object] level=Match
[info ] FLOW bridge.unhandled fn=HmObjectInterpolator.addInterp
[info ] FLOW bridge fn=HmObjectInterpolator.addInterp args=_level0.hud_mc.topCenter_mc.instance33.scoreboard_mc.allyBar_mc,0.2,easeout,3,,[object Object] level=Match
[info ] FLOW bridge.unhandled fn=HmObjectInterpolator.addInterp
[info ] GFX opened UI_GFxHud_p.Hud_GFX_1 (F:/Transformers Rebuild/ExtractedAssets/content/UI_GFxHud_p/Hud_GFX.gfx)
[info ] FLOW gfx.movie movie=UI_GFxHud_p.Hud_GFX_1 opened=true
[info ] FLOW hud.open open=true
[info ] glb: F:/Transformers Rebuild/ExtractedAssets/content/PROP_NEU_Pickups_p/AmmoPickup/PROP_NEU_AmmoPickup_STAT.gltf -> 808 verts, 676 tris, bounds [-0.3 1.2 -0.6]..[0.3 2.1 0.6]
[info ] wfc: uploaded mesh 17: 808 verts, 1 submeshes (0 lightmapped, 1 programs, 207 total)
[info ] glb: F:/Transformers Rebuild/ExtractedAssets/content/WEP_CodeOfPower_p/WEP_CodeOfPower2H_SKEL.gltf -> 725 verts, 812 tris, bounds [-0.9 -1.4 -0.3]..[0.9 3.1 0.3]
[info ] wfc: uploaded mesh 18: 725 verts, 2 submeshes (0 lightmapped, 2 programs, 209 total)
[info ] glb: F:/Transformers Rebuild/ExtractedAssets/content/PROP_NEU_Pickups_p/MPBomb/NEU_MPBomb_SKEL.gltf -> 2227 verts, 1472 tris, bounds [-1.1 -2.5 -0.6]..[1.1 0.6 0.6]
[info ] wfc: uploaded mesh 19: 2227 verts, 2 submeshes (0 lightmapped, 2 programs, 211 total)
[info ] GFX loaded PlayerList_GFX: stage 1120x720 @30 fps, 1 frames, 18 shapes, 61 sprites, 5 texts, 0 fonts, 34 bitmaps, 70 exports
[info ] GFX loadClip ../PlayerList/PlayerList.swf -> PlayerList_GFX
[info ] FLOW datastore.unknownHeader markup=<CurrentGame:Players> tag=PlayerLevel
[info ] FLOW datastore.unknownHeader markup=<CurrentGame:Players> tag=PlayerName
[info ] FLOW datastore.unknownHeader markup=<CurrentGame:Players> tag=Score
[info ] FLOW datastore.unknownHeader markup=<CurrentGame:Players> tag=Kills
[info ] FLOW datastore.unknownHeader markup=<CurrentGame:Players> tag=Deaths
[info ] FLOW datastore.unknownHeader markup=<CurrentGame:Players> tag=PlayerLevel
[info ] FLOW datastore.unknownHeader markup=<CurrentGame:Players> tag=PlayerName
[info ] FLOW datastore.unknownHeader markup=<CurrentGame:Players> tag=Score
[info ] FLOW datastore.unknownHeader markup=<CurrentGame:Players> tag=Kills
[info ] FLOW datastore.unknownHeader markup=<CurrentGame:Players> tag=Deaths
[info ] FLOW datastore.unhandled fn=ReadValue markup=<CurrentGame:AttackingTeamIndex>
[info ] FLOW datastore.unhandled fn=ReadValue markup=<CurrentGame:AttackingTeamIndex>
[info ] FLOW datastore.unhandled fn=ReadValue markup=<CurrentGame:AttackingTeamIndex>
[info ] FLOW datastore.unhandled fn=ReadValue markup=<CurrentGame:AttackingTeamIndex>
[info ] aim rig: Default aim profile baked for 11 bones
[info ] aim rig: Shooting_Aim_F_C barrel dir (model space) 1.00 -0.06 -0.02
[info ] ambient: entered zone ENTER_AUTO_ROOM_01 (from None; preset REVERB_TRANS_MP_STREETS_AUTO_ROOM_01, priority 216; mixer [REVERB_TRANS_MP_STREETS_AUTO_ROOM_01(1),Default(1)])
[info ] FLOW match.characterSelected name=Scout type=0 specialty=Scout chassis=Car2
[info ] wfc: prewarmed 43 material programs in 58 ms
[info ] FLOW gfx.dsCallback movie=UI_GFxPreGameCountdown_p.PreGameCountdown_GFX_1 markup=<CurrentGame:CurrentCountdown> value=10 callback=_level0.instance5.instance8.updateCountdown
[info ] FLOW gfx.dsCallback movie=UI_GFxPreGameCountdown_p.PreGameCountdown_GFX_1 markup=<CurrentGame:IsCountingDown> value=1 callback=_level0.instance5.instance8.showCountdown
[info ] FLOW bridge fn=HmObjectInterpolator.addInterp args=_level0.hud_mc.topCenter_mc.countdown_mc.roundTime_mc,0.5,easeout,3,,[object Object] level=Match
[info ] FLOW bridge.unhandled fn=HmObjectInterpolator.addInterp
[info ] FLOW bridge fn=HmObjectInterpolator.addInterp args=_level0.hud_mc.topCenter_mc.countdown_mc,0.5,easeout,3,,[object Object] level=Match
[info ] FLOW bridge.unhandled fn=HmObjectInterpolator.addInterp
[info ] FLOW bridge fn=HmObjectInterpolator.addInterp args=_level0.hud_mc.topCenter_mc.countdown_mc.roundTime_mc,0.5,easeout,3,,[object Object] level=Match
[info ] FLOW bridge.unhandled fn=HmObjectInterpolator.addInterp
[info ] FLOW bridge fn=HmObjectInterpolator.addInterp args=_level0.hud_mc.topCenter_mc.countdown_mc.objectiveTime_mc,0.5,easeout,3,,[object Object] level=Match
[info ] FLOW bridge.unhandled fn=HmObjectInterpolator.addInterp
[info ] FLOW bridge fn=HmObjectInterpolator.addInterp args=_level0.hud_mc.topCenter_mc.countdown_mc.roundTime_mc,0.5,easeout,3,,[object Object] level=Match
[info ] FLOW bridge.unhandled fn=HmObjectInterpolator.addInterp
[info ] FLOW bridge fn=HmObjectInterpolator.addInterp args=_level0.hud_mc.topCenter_mc.countdown_mc.roundTime_mc.time_txt,0.5,easeout,3,,[object Object] level=Match
[info ] FLOW bridge.unhandled fn=HmObjectInterpolator.addInterp
[info ] FLOW bridge fn=HmActionScript.setColor args=_level0.hud_mc.topCenter_mc.countdown_mc.roundTime_mc,16724787 level=Match
[info ] FLOW bridge.unhandled fn=HmActionScript.setColor
[info ] FLOW bridge fn=HmObjectInterpolator.addInterp args=_level0.hud_mc.topCenter_mc.countdown_mc.roundTime_mc,0.5,easeout,3,,[object Object] level=Match
[info ] FLOW bridge.unhandled fn=HmObjectInterpolator.addInterp
[info ] FLOW bridge fn=HmObjectInterpolator.addInterp args=_level0.hud_mc.topCenter_mc.countdown_mc,0.5,easeout,3,,[object Object] level=Match
[info ] FLOW bridge.unhandled fn=HmObjectInterpolator.addInterp
[info ] FLOW bridge fn=HmObjectInterpolator.addInterp args=_level0.hud_mc.topCenter_mc.countdown_mc.roundTime_mc,0.5,easeout,3,,[object Object] level=Match
[info ] FLOW bridge.unhandled fn=HmObjectInterpolator.addInterp
[info ] FLOW bridge fn=HmObjectInterpolator.addInterp args=_level0.hud_mc.topCenter_mc.countdown_mc.objectiveTime_mc,0.5,easeout,3,,[object Object] level=Match
[info ] FLOW bridge.unhandled fn=HmObjectInterpolator.addInterp
[info ] FLOW bridge fn=HmObjectInterpolator.addInterp args=_level0.hud_mc.midCenter_mc.instance23.crosshairAnchor_mc.crosshair0_mc,0.3,easeout,3,,[object Object] level=Match
[info ] FLOW bridge.unhandled fn=HmObjectInterpolator.addInterp
[info ] FLOW bridge fn=HmActionScript.setColor args=_level0.hud_mc.topLeft_mc.instance2.healthBarAnchor_mc.healthSegment0_mc,16777215 level=Match
[info ] FLOW bridge.unhandled fn=HmActionScript.setColor
[info ] FLOW bridge fn=HmObjectInterpolator.addInterp args=_level0.hud_mc.topLeft_mc.instance2.healthBarAnchor_mc.healthSegment0_mc,0.5,easeout,3,,[object Object] level=Match
[info ] FLOW bridge.unhandled fn=HmObjectInterpolator.addInterp
[info ] FLOW bridge fn=HmObjectInterpolator.addInterp args=_level0.hud_mc.topLeft_mc.instance2.healthBarAnchor_mc.healthSegment0_mc.highlight_mc,0.2,easeout,3,,[object Object] level=Match
[info ] FLOW bridge.unhandled fn=HmObjectInterpolator.addInterp
[info ] FLOW bridge fn=HmObjectInterpolator.addInterp args=_level0.hud_mc.topLeft_mc.instance2.healthBarAnchor_mc.healthSegment0_mc.bar_mc,0.2,easeout,3,,[object Object] level=Match
[info ] FLOW bridge.unhandled fn=HmObjectInterpolator.addInterp
[info ] FLOW bridge fn=HmObjectInterpolator.addInterp args=_level0.hud_mc.topLeft_mc.instance2.healthBarAnchor_mc.healthSegment0_mc,1,easeout,3,,[object Object] level=Match
[info ] FLOW bridge.unhandled fn=HmObjectInterpolator.addInterp
[info ] FLOW bridge fn=HmActionScript.setColor args=_level0.hud_mc.topLeft_mc.instance2.healthBarAnchor_mc.healthSegment1_mc,16777215 level=Match
[info ] FLOW bridge.unhandled fn=HmActionScript.setColor
[info ] FLOW bridge fn=HmObjectInterpolator.addInterp args=_level0.hud_mc.topLeft_mc.instance2.healthBarAnchor_mc.healthSegment1_mc,0.5,easeout,3,,[object Object] level=Match
[info ] FLOW bridge.unhandled fn=HmObjectInterpolator.addInterp
[info ] FLOW bridge fn=HmObjectInterpolator.addInterp args=_level0.hud_mc.topLeft_mc.instance2.healthBarAnchor_mc.healthSegment1_mc.highlight_mc,0.2,easeout,3,,[object Object] level=Match
[info ] FLOW bridge.unhandled fn=HmObjectInterpolator.addInterp
[info ] FLOW bridge fn=HmObjectInterpolator.addInterp args=_level0.hud_mc.topLeft_mc.instance2.healthBarAnchor_mc.healthSegment1_mc.bar_mc,0.2,easeout,3,,[object Object] level=Match
[info ] FLOW bridge.unhandled fn=HmObjectInterpolator.addInterp
[info ] FLOW bridge fn=HmObjectInterpolator.addInterp args=_level0.hud_mc.topLeft_mc.instance2.healthBarAnchor_mc.healthSegment1_mc,1,easeout,3,,[object Object] level=Match
[info ] FLOW bridge.unhandled fn=HmObjectInterpolator.addInterp
[info ] FLOW bridge fn=HmActionScript.setColor args=_level0.hud_mc.topLeft_mc.instance2.healthBarAnchor_mc.healthSegment2_mc,16777215 level=Match
[info ] FLOW bridge.unhandled fn=HmActionScript.setColor
[info ] FLOW bridge fn=HmObjectInterpolator.addInterp args=_level0.hud_mc.topLeft_mc.instance2.healthBarAnchor_mc.healthSegment2_mc,0.5,easeout,3,,[object Object] level=Match
[info ] FLOW bridge.unhandled fn=HmObjectInterpolator.addInterp
[info ] FLOW bridge fn=HmObjectInterpolator.addInterp args=_level0.hud_mc.topLeft_mc.instance2.healthBarAnchor_mc.healthSegment2_mc.highlight_mc,0.2,easeout,3,,[object Object] level=Match
[info ] FLOW bridge.unhandled fn=HmObjectInterpolator.addInterp
[info ] FLOW bridge fn=HmObjectInterpolator.addInterp args=_level0.hud_mc.topLeft_mc.instance2.healthBarAnchor_mc.healthSegment2_mc.bar_mc,0.2,easeout,3,,[object Object] level=Match
[info ] FLOW bridge.unhandled fn=HmObjectInterpolator.addInterp
[info ] FLOW bridge fn=HmObjectInterpolator.addInterp args=_level0.hud_mc.topLeft_mc.instance2.healthBarAnchor_mc.healthSegment2_mc,1,easeout,3,,[object Object] level=Match
[info ] FLOW bridge.unhandled fn=HmObjectInterpolator.addInterp
[info ] FLOW bridge fn=HmObjectInterpolator.addInterp args=_level0.hud_mc.topLeft_mc.instance2.healthBarAnchor_mc.healthSegment3_mc,1,easeout,3,,[object Object] level=Match
[info ] FLOW bridge.unhandled fn=HmObjectInterpolator.addInterp
[info ] FLOW bridge fn=HmObjectInterpolator.addInterp args=_level0.hud_mc.topLeft_mc.instance2.overshieldBar_mc.bar_mc,0.2,easeout,3,,[object Object] level=Match
[info ] FLOW bridge.unhandled fn=HmObjectInterpolator.addInterp
[info ] FLOW bridge fn=HmObjectInterpolator.addInterp args=_level0.hud_mc.topLeft_mc.instance2.overshieldBar_mc.highlight_mc,0.2,easeout,3,,[object Object] level=Match
[info ] FLOW bridge.unhandled fn=HmObjectInterpolator.addInterp
[info ] FLOW bridge fn=HmActionScript.setColor args=_level0.hud_mc.topLeft_mc.instance2.overshieldBar_mc.bar_mc,16777215 level=Match
[info ] FLOW bridge.unhandled fn=HmActionScript.setColor
[info ] FLOW bridge fn=HmObjectInterpolator.addInterp args=_level0.hud_mc.topLeft_mc.instance2.overshieldBar_mc.bar_mc,0.5,easeout,3,,[object Object] level=Match
[info ] FLOW bridge.unhandled fn=HmObjectInterpolator.addInterp
[info ] FLOW bridge fn=HmObjectInterpolator.addInterp args=_level0.hud_mc.topLeft_mc.instance2.overshieldBar_mc.bar_mc,0.5,easeout,3,,[object Object] level=Match
[info ] FLOW bridge.unhandled fn=HmObjectInterpolator.addInterp
[info ] FLOW bridge fn=HmObjectInterpolator.addInterp args=_level0.hud_mc.midCenter_mc.instance23.crosshairAnchor_mc.crosshair1_mc,0.3,easeout,3,,[object Object] level=Match
[info ] FLOW bridge.unhandled fn=HmObjectInterpolator.addInterp
[info ] GFX loaded SharedIcons_GFX: stage 1120x720 @30 fps, 1 frames, 94 shapes, 103 sprites, 0 texts, 0 fonts, 0 bitmaps, 103 exports
[info ] FLOW bridge fn=HmObjectInterpolator.addInterp args=_level0.hud_mc.topRight_mc.instance11.currentWeapon_mc.iconAnchor_mc.weaponIcon0_mc,0.5,easeout,3,,[object Object] level=Match
[info ] FLOW bridge.unhandled fn=HmObjectInterpolator.addInterp
[info ] FLOW bridge fn=HmObjectInterpolator.addInterp args=_level0.hud_mc.topRight_mc.instance11.currentWeapon_mc.textAnchor_mc.weaponText0_mc,0.5,easeout,3,,[object Object] level=Match
[info ] FLOW bridge.unhandled fn=HmObjectInterpolator.addInterp
[info ] FLOW bridge fn=HmActionScript.setColor args=_level0.hud_mc.topRight_mc.instance11.ammoBarAnchor_mc.ammoBar_mc,16749363 level=Match
[info ] FLOW bridge.unhandled fn=HmActionScript.setColor
[info ] FLOW bridge fn=HmActionScript.setColor args=_level0.hud_mc.topRight_mc.instance11.ammoBarAnchor_mc.ammoBar_mc,16777215 level=Match
[info ] FLOW bridge.unhandled fn=HmActionScript.setColor
[info ] FLOW bridge fn=HmObjectInterpolator.addInterp args=_level0.hud_mc.topRight_mc.instance11.ammoBarAnchor_mc.ammoBar_mc,0.2,easeout,3,,[object Object] level=Match
[info ] FLOW bridge.unhandled fn=HmObjectInterpolator.addInterp
[info ] FLOW bridge fn=HmObjectInterpolator.addInterp args=_level0.hud_mc.topRight_mc.instance11.currentWeapon_mc.iconAnchor_mc,0.5,easeout,3,,[object Object] level=Match
[info ] FLOW bridge.unhandled fn=HmObjectInterpolator.addInterp
[info ] FLOW bridge fn=HmObjectInterpolator.addInterp args=_level0.hud_mc.topRight_mc.instance11.ammoNumber_txt,0.5,easeout,3,,[object Object] level=Match
[info ] FLOW bridge.unhandled fn=HmObjectInterpolator.addInterp
[info ] FLOW bridge fn=HmObjectInterpolator.addInterp args=_level0.hud_mc.topRight_mc.instance11.ammoBarAnchor_mc.ammoBar_mc,0.5,easeout,3,,[object Object] level=Match
[info ] FLOW bridge.unhandled fn=HmObjectInterpolator.addInterp
[info ] FLOW bridge fn=HmObjectInterpolator.addInterp args=_level0.hud_mc.topRight_mc.instance11.icon_mc,0.2,easeout,3,,[object Object] level=Match
[info ] FLOW bridge.unhandled fn=HmObjectInterpolator.addInterp
[info ] FLOW bridge fn=HmObjectInterpolator.addInterp args=_level0.hud_mc.topRight_mc.instance13,0.5,easeout,3,,[object Object] level=Match
[info ] FLOW bridge.unhandled fn=HmObjectInterpolator.addInterp
[info ] FLOW bridge fn=HmObjectInterpolator.addInterp args=_level0.hud_mc.topLeft_mc.instance5,0.5,easeout,3,,[object Object] level=Match
[info ] FLOW bridge.unhandled fn=HmObjectInterpolator.addInterp
[info ] FLOW bridge fn=HmObjectInterpolator.addInterp args=_level0.hud_mc.topRight_mc.instance15,0.5,easeout,3,,[object Object] level=Match
[info ] FLOW bridge.unhandled fn=HmObjectInterpolator.addInterp
[info ] FLOW bridge fn=HmObjectInterpolator.addInterp args=_level0.hud_mc.topRight_mc.instance12,0.2,easeout,3,,[object Object] level=Match
[info ] FLOW bridge.unhandled fn=HmObjectInterpolator.addInterp
[info ] FLOW bridge fn=HmObjectInterpolator.addInterp args=_level0.hud_mc.bottomLeft_mc.instance8,0.5,easeout,3,,[object Object] level=Match
[info ] FLOW bridge.unhandled fn=HmObjectInterpolator.addInterp
[info ] FLOW bridge fn=HmObjectInterpolator.addInterp args=_level0.hud_mc.bottomLeft_mc.instance8,0.5,easeout,3,,[object Object] level=Match
[info ] FLOW bridge.unhandled fn=HmObjectInterpolator.addInterp
[info ] VISUALCHECK frame 46 path=original black=0.004 flat=0.145 lumaP50=33 colors=586 draws=1915 world=1566 bsp=330 materials=153 noProgram=0 -> PASS
[info ] FLOW bridge fn=HmObjectInterpolator.addInterp args=_level0.hud_mc.topCenter_mc.instance33.scoreboard_mc.allyBar_mc.panel_mc,0.2,easeout,3,,[object Object] level=Match
[info ] FLOW bridge.unhandled fn=HmObjectInterpolator.addInterp
[info ] FLOW bridge fn=HmObjectInterpolator.addInterp args=_level0.hud_mc.topCenter_mc.instance33.scoreboard_mc.enemyBar_mc.panel_mc,0.2,easeout,3,,[object Object] level=Match
[info ] FLOW bridge.unhandled fn=HmObjectInterpolator.addInterp
[info ] VISUALCHECK frame 166 path=original black=0.004 flat=0.146 lumaP50=33 colors=604 draws=1925 world=1566 bsp=330 materials=155 noProgram=0 -> PASS
[info ] FLOW gfx.dsCallback movie=UI_GFxPreGameCountdown_p.PreGameCountdown_GFX_1 markup=<CurrentGame:CurrentCountdown> value=9 callback=_level0.instance5.instance8.updateCountdown
[info ] FLOW bridge fn=HmObjectInterpolator.addInterp args=_level0.hud_mc.topCenter_mc.countdown_mc.roundTime_mc,0.5,easeout,3,,[object Object] level=Match
[info ] FLOW bridge.unhandled fn=HmObjectInterpolator.addInterp
[info ] FLOW bridge fn=HmObjectInterpolator.addInterp args=_level0.hud_mc.topCenter_mc.countdown_mc.roundTime_mc.time_txt,0.5,easeout,3,,[object Object] level=Match
[info ] FLOW bridge.unhandled fn=HmObjectInterpolator.addInterp
[info ] FLOW bridge fn=HmActionScript.setColor args=_level0.hud_mc.topCenter_mc.countdown_mc.roundTime_mc,16724787 level=Match
[info ] FLOW bridge.unhandled fn=HmActionScript.setColor
[info ] FLOW bridge fn=HmObjectInterpolator.addInterp args=_level0.hud_mc.topCenter_mc.countdown_mc.roundTime_mc,0.5,easeout,3,,[object Object] level=Match
[info ] FLOW bridge.unhandled fn=HmObjectInterpolator.addInterp
[info ] FLOW bridge fn=HmObjectInterpolator.addInterp args=_level0.hud_mc.topCenter_mc.countdown_mc,0.5,easeout,3,,[object Object] level=Match
[info ] FLOW bridge.unhandled fn=HmObjectInterpolator.addInterp
[info ] FLOW bridge fn=HmObjectInterpolator.addInterp args=_level0.hud_mc.topCenter_mc.countdown_mc.roundTime_mc,0.5,easeout,3,,[object Object] level=Match
[info ] FLOW bridge.unhandled fn=HmObjectInterpolator.addInterp
[info ] FLOW bridge fn=HmObjectInterpolator.addInterp args=_level0.hud_mc.topCenter_mc.countdown_mc.objectiveTime_mc,0.5,easeout,3,,[object Object] level=Match
[info ] FLOW bridge.unhandled fn=HmObjectInterpolator.addInterp
[info ] VISUALCHECK frame 286 path=original black=0.004 flat=0.144 lumaP50=33 colors=641 draws=1927 world=1566 bsp=330 materials=156 noProgram=0 -> PASS
[info ] VISUALCHECK frame 406 path=original black=0.004 flat=0.145 lumaP50=33 colors=618 draws=1927 world=1566 bsp=330 materials=156 noProgram=0 -> PASS
[info ] VISUALCHECK frame 526 path=original black=0.004 flat=0.144 lumaP50=33 colors=602 draws=1927 world=1566 bsp=330 materials=156 noProgram=0 -> PASS
[info ] FLOW gfx.dsCallback movie=UI_GFxPreGameCountdown_p.PreGameCountdown_GFX_1 markup=<CurrentGame:CurrentCountdown> value=8 callback=_level0.instance5.instance8.updateCountdown
[info ] FLOW bridge fn=HmObjectInterpolator.addInterp args=_level0.hud_mc.topCenter_mc.countdown_mc.roundTime_mc,0.5,easeout,3,,[object Object] level=Match
[info ] FLOW bridge.unhandled fn=HmObjectInterpolator.addInterp
[info ] FLOW bridge fn=HmObjectInterpolator.addInterp args=_level0.hud_mc.topCenter_mc.countdown_mc.roundTime_mc.time_txt,0.5,easeout,3,,[object Object] level=Match
[info ] FLOW bridge.unhandled fn=HmObjectInterpolator.addInterp
[info ] FLOW bridge fn=HmActionScript.setColor args=_level0.hud_mc.topCenter_mc.countdown_mc.roundTime_mc,16724787 level=Match
[info ] FLOW bridge.unhandled fn=HmActionScript.setColor
[info ] FLOW bridge fn=HmObjectInterpolator.addInterp args=_level0.hud_mc.topCenter_mc.countdown_mc.roundTime_mc,0.5,easeout,3,,[object Object] level=Match
[info ] FLOW bridge.unhandled fn=HmObjectInterpolator.addInterp
[info ] FLOW bridge fn=HmObjectInterpolator.addInterp args=_level0.hud_mc.topCenter_mc.countdown_mc,0.5,easeout,3,,[object Object] level=Match
[info ] FLOW bridge.unhandled fn=HmObjectInterpolator.addInterp
[info ] FLOW bridge fn=HmObjectInterpolator.addInterp args=_level0.hud_mc.topCenter_mc.countdown_mc.roundTime_mc,0.5,easeout,3,,[object Object] level=Match
[info ] FLOW bridge.unhandled fn=HmObjectInterpolator.addInterp
[info ] FLOW bridge fn=HmObjectInterpolator.addInterp args=_level0.hud_mc.topCenter_mc.countdown_mc.objectiveTime_mc,0.5,easeout,3,,[object Object] level=Match
[info ] FLOW bridge.unhandled fn=HmObjectInterpolator.addInterp
[info ] VISUALCHECK frame 646 path=original black=0.003 flat=0.143 lumaP50=33 colors=630 draws=1927 world=1566 bsp=330 materials=156 noProgram=0 -> PASS
[info ] VISUALCHECK frame 766 path=original black=0.004 flat=0.142 lumaP50=33 colors=646 draws=1939 world=1566 bsp=330 materials=156 noProgram=0 -> PASS
[info ] FLOW gfx.dsCallback movie=UI_GFxPreGameCountdown_p.PreGameCountdown_GFX_1 markup=<CurrentGame:CurrentCountdown> value=7 callback=_level0.instance5.instance8.updateCountdown
[info ] FLOW bridge fn=HmObjectInterpolator.addInterp args=_level0.hud_mc.topCenter_mc.countdown_mc.roundTime_mc,0.5,easeout,3,,[object Object] level=Match
[info ] FLOW bridge.unhandled fn=HmObjectInterpolator.addInterp
[info ] FLOW bridge fn=HmObjectInterpolator.addInterp args=_level0.hud_mc.topCenter_mc.countdown_mc.roundTime_mc.time_txt,0.5,easeout,3,,[object Object] level=Match
[info ] FLOW bridge.unhandled fn=HmObjectInterpolator.addInterp
[info ] FLOW bridge fn=HmActionScript.setColor args=_level0.hud_mc.topCenter_mc.countdown_mc.roundTime_mc,16724787 level=Match
[info ] FLOW bridge.unhandled fn=HmActionScript.setColor
[info ] FLOW bridge fn=HmObjectInterpolator.addInterp args=_level0.hud_mc.topCenter_mc.countdown_mc.roundTime_mc,0.5,easeout,3,,[object Object] level=Match
[info ] FLOW bridge.unhandled fn=HmObjectInterpolator.addInterp
[info ] FLOW bridge fn=HmObjectInterpolator.addInterp args=_level0.hud_mc.topCenter_mc.countdown_mc,0.5,easeout,3,,[object Object] level=Match
[info ] FLOW bridge.unhandled fn=HmObjectInterpolator.addInterp
[info ] FLOW bridge fn=HmObjectInterpolator.addInterp args=_level0.hud_mc.topCenter_mc.countdown_mc.roundTime_mc,0.5,easeout,3,,[object Object] level=Match
[info ] FLOW bridge.unhandled fn=HmObjectInterpolator.addInterp
[info ] FLOW bridge fn=HmObjectInterpolator.addInterp args=_level0.hud_mc.topCenter_mc.countdown_mc.objectiveTime_mc,0.5,easeout,3,,[object Object] level=Match
[info ] FLOW bridge.unhandled fn=HmObjectInterpolator.addInterp
[info ] VISUALCHECK frame 886 path=original black=0.003 flat=0.142 lumaP50=33 colors=645 draws=1937 world=1566 bsp=330 materials=158 noProgram=0 -> PASS
[info ] FLOW gfx.dsCallback movie=UI_GFxPreGameCountdown_p.PreGameCountdown_GFX_1 markup=<CurrentGame:CurrentCountdown> value=6 callback=_level0.instance5.instance8.updateCountdown
[info ] FLOW bridge fn=HmObjectInterpolator.addInterp args=_level0.hud_mc.topCenter_mc.countdown_mc.roundTime_mc,0.5,easeout,3,,[object Object] level=Match
[info ] FLOW bridge.unhandled fn=HmObjectInterpolator.addInterp
[info ] FLOW bridge fn=HmObjectInterpolator.addInterp args=_level0.hud_mc.topCenter_mc.countdown_mc.roundTime_mc.time_txt,0.5,easeout,3,,[object Object] level=Match
[info ] FLOW bridge.unhandled fn=HmObjectInterpolator.addInterp
[info ] FLOW bridge fn=HmActionScript.setColor args=_level0.hud_mc.topCenter_mc.countdown_mc.roundTime_mc,16724787 level=Match
[info ] FLOW bridge.unhandled fn=HmActionScript.setColor
[info ] FLOW bridge fn=HmObjectInterpolator.addInterp args=_level0.hud_mc.topCenter_mc.countdown_mc.roundTime_mc,0.5,easeout,3,,[object Object] level=Match
[info ] FLOW bridge.unhandled fn=HmObjectInterpolator.addInterp
[info ] FLOW bridge fn=HmObjectInterpolator.addInterp args=_level0.hud_mc.topCenter_mc.countdown_mc,0.5,easeout,3,,[object Object] level=Match
[info ] FLOW bridge.unhandled fn=HmObjectInterpolator.addInterp
[info ] FLOW bridge fn=HmObjectInterpolator.addInterp args=_level0.hud_mc.topCenter_mc.countdown_mc.roundTime_mc,0.5,easeout,3,,[object Object] level=Match
[info ] FLOW bridge.unhandled fn=HmObjectInterpolator.addInterp
[info ] FLOW bridge fn=HmObjectInterpolator.addInterp args=_level0.hud_mc.topCenter_mc.countdown_mc.objectiveTime_mc,0.5,easeout,3,,[object Object] level=Match
[info ] FLOW bridge.unhandled fn=HmObjectInterpolator.addInterp
[info ] VISUALCHECK frame 1006 path=original black=0.004 flat=0.142 lumaP50=33 colors=628 draws=1928 world=1566 bsp=330 materials=157 noProgram=0 -> PASS
[info ] VISUALCHECK frame 1126 path=original black=0.004 flat=0.142 lumaP50=33 colors=631 draws=1928 world=1566 bsp=330 materials=157 noProgram=0 -> PASS
[info ] FLOW gfx.dsCallback movie=UI_GFxPreGameCountdown_p.PreGameCountdown_GFX_1 markup=<CurrentGame:CurrentCountdown> value=5 callback=_level0.instance5.instance8.updateCountdown
[info ] FLOW bridge fn=HmObjectInterpolator.addInterp args=_level0.hud_mc.topCenter_mc.countdown_mc.roundTime_mc,0.5,easeout,3,,[object Object] level=Match
[info ] FLOW bridge.unhandled fn=HmObjectInterpolator.addInterp
[info ] FLOW bridge fn=HmObjectInterpolator.addInterp args=_level0.hud_mc.topCenter_mc.countdown_mc.roundTime_mc.time_txt,0.5,easeout,3,,[object Object] level=Match
[info ] FLOW bridge.unhandled fn=HmObjectInterpolator.addInterp
[info ] FLOW bridge fn=HmActionScript.setColor args=_level0.hud_mc.topCenter_mc.countdown_mc.roundTime_mc,16724787 level=Match
[info ] FLOW bridge.unhandled fn=HmActionScript.setColor
[info ] FLOW bridge fn=HmObjectInterpolator.addInterp args=_level0.hud_mc.topCenter_mc.countdown_mc.roundTime_mc,0.5,easeout,3,,[object Object] level=Match
[info ] FLOW bridge.unhandled fn=HmObjectInterpolator.addInterp
[info ] FLOW bridge fn=HmObjectInterpolator.addInterp args=_level0.hud_mc.topCenter_mc.countdown_mc,0.5,easeout,3,,[object Object] level=Match
[info ] FLOW bridge.unhandled fn=HmObjectInterpolator.addInterp
[info ] FLOW bridge fn=HmObjectInterpolator.addInterp args=_level0.hud_mc.topCenter_mc.countdown_mc.roundTime_mc,0.5,easeout,3,,[object Object] level=Match
[info ] FLOW bridge.unhandled fn=HmObjectInterpolator.addInterp
[info ] FLOW bridge fn=HmObjectInterpolator.addInterp args=_level0.hud_mc.topCenter_mc.countdown_mc.objectiveTime_mc,0.5,easeout,3,,[object Object] level=Match
[info ] FLOW bridge.unhandled fn=HmObjectInterpolator.addInterp
[info ] FLOW bridge fn=HmObjectInterpolator.addInterp args=_level0.hud_mc.topRight_mc.instance11.currentWeapon_mc.textAnchor_mc.weaponText0_mc,0.5,easeout,3,,[object Object] level=Match
[info ] FLOW bridge.unhandled fn=HmObjectInterpolator.addInterp
[info ] VISUALCHECK frame 1246 path=original black=0.004 flat=0.142 lumaP50=33 colors=653 draws=1940 world=1566 bsp=330 materials=157 noProgram=0 -> PASS
[info ] VISUALCHECK frame 1366 path=original black=0.004 flat=0.142 lumaP50=33 colors=645 draws=1928 world=1566 bsp=330 materials=157 noProgram=0 -> PASS
[info ] FLOW gfx.dsCallback movie=UI_GFxPreGameCountdown_p.PreGameCountdown_GFX_1 markup=<CurrentGame:CurrentCountdown> value=4 callback=_level0.instance5.instance8.updateCountdown
[info ] FLOW bridge fn=HmObjectInterpolator.addInterp args=_level0.hud_mc.topCenter_mc.countdown_mc.roundTime_mc,0.5,easeout,3,,[object Object] level=Match
[info ] FLOW bridge.unhandled fn=HmObjectInterpolator.addInterp
[info ] FLOW bridge fn=HmObjectInterpolator.addInterp args=_level0.hud_mc.topCenter_mc.countdown_mc.roundTime_mc.time_txt,0.5,easeout,3,,[object Object] level=Match
[info ] FLOW bridge.unhandled fn=HmObjectInterpolator.addInterp
[info ] FLOW bridge fn=HmActionScript.setColor args=_level0.hud_mc.topCenter_mc.countdown_mc.roundTime_mc,16724787 level=Match
[info ] FLOW bridge.unhandled fn=HmActionScript.setColor
[info ] FLOW bridge fn=HmObjectInterpolator.addInterp args=_level0.hud_mc.topCenter_mc.countdown_mc.roundTime_mc,0.5,easeout,3,,[object Object] level=Match
[info ] FLOW bridge.unhandled fn=HmObjectInterpolator.addInterp
[info ] FLOW bridge fn=HmObjectInterpolator.addInterp args=_level0.hud_mc.topCenter_mc.countdown_mc,0.5,easeout,3,,[object Object] level=Match
[info ] FLOW bridge.unhandled fn=HmObjectInterpolator.addInterp
[info ] FLOW bridge fn=HmObjectInterpolator.addInterp args=_level0.hud_mc.topCenter_mc.countdown_mc.roundTime_mc,0.5,easeout,3,,[object Object] level=Match
[info ] FLOW bridge.unhandled fn=HmObjectInterpolator.addInterp
[info ] FLOW bridge fn=HmObjectInterpolator.addInterp args=_level0.hud_mc.topCenter_mc.countdown_mc.objectiveTime_mc,0.5,easeout,3,,[object Object] level=Match
[info ] FLOW bridge.unhandled fn=HmObjectInterpolator.addInterp
[info ] VISUALCHECK frame 1486 path=original black=0.004 flat=0.141 lumaP50=33 colors=632 draws=1928 world=1566 bsp=330 materials=157 noProgram=0 -> PASS
[info ] VISUALCHECK frame 1606 path=original black=0.004 flat=0.141 lumaP50=33 colors=640 draws=1935 world=1566 bsp=330 materials=158 noProgram=0 -> PASS
[info ] FLOW gfx.dsCallback movie=UI_GFxPreGameCountdown_p.PreGameCountdown_GFX_1 markup=<CurrentGame:CurrentCountdown> value=3 callback=_level0.instance5.instance8.updateCountdown
[info ] FLOW bridge fn=HmObjectInterpolator.addInterp args=_level0.hud_mc.topCenter_mc.countdown_mc.roundTime_mc,0.5,easeout,3,,[object Object] level=Match
[info ] FLOW bridge.unhandled fn=HmObjectInterpolator.addInterp
[info ] FLOW bridge fn=HmObjectInterpolator.addInterp args=_level0.hud_mc.topCenter_mc.countdown_mc.roundTime_mc.time_txt,0.5,easeout,3,,[object Object] level=Match
[info ] FLOW bridge.unhandled fn=HmObjectInterpolator.addInterp
[info ] FLOW bridge fn=HmActionScript.setColor args=_level0.hud_mc.topCenter_mc.countdown_mc.roundTime_mc,16724787 level=Match
[info ] FLOW bridge.unhandled fn=HmActionScript.setColor
[info ] FLOW bridge fn=HmObjectInterpolator.addInterp args=_level0.hud_mc.topCenter_mc.countdown_mc.roundTime_mc,0.5,easeout,3,,[object Object] level=Match
[info ] FLOW bridge.unhandled fn=HmObjectInterpolator.addInterp
[info ] FLOW bridge fn=HmObjectInterpolator.addInterp args=_level0.hud_mc.topCenter_mc.countdown_mc,0.5,easeout,3,,[object Object] level=Match
[info ] FLOW bridge.unhandled fn=HmObjectInterpolator.addInterp
[info ] FLOW bridge fn=HmObjectInterpolator.addInterp args=_level0.hud_mc.topCenter_mc.countdown_mc.roundTime_mc,0.5,easeout,3,,[object Object] level=Match
[info ] FLOW bridge.unhandled fn=HmObjectInterpolator.addInterp
[info ] FLOW bridge fn=HmObjectInterpolator.addInterp args=_level0.hud_mc.topCenter_mc.countdown_mc.objectiveTime_mc,0.5,easeout,3,,[object Object] level=Match
[info ] FLOW bridge.unhandled fn=HmObjectInterpolator.addInterp
[info ] VISUALCHECK frame 1726 path=original black=0.004 flat=0.142 lumaP50=33 colors=626 draws=1926 world=1566 bsp=330 materials=156 noProgram=0 -> PASS
[info ] VISUALCHECK frame 1846 path=original black=0.004 flat=0.142 lumaP50=33 colors=616 draws=1940 world=1566 bsp=330 materials=157 noProgram=0 -> PASS
[info ] FLOW gfx.dsCallback movie=UI_GFxPreGameCountdown_p.PreGameCountdown_GFX_1 markup=<CurrentGame:CurrentCountdown> value=2 callback=_level0.instance5.instance8.updateCountdown
[info ] FLOW bridge fn=HmObjectInterpolator.addInterp args=_level0.hud_mc.topCenter_mc.countdown_mc.roundTime_mc,0.5,easeout,3,,[object Object] level=Match
[info ] FLOW bridge.unhandled fn=HmObjectInterpolator.addInterp
[info ] FLOW bridge fn=HmObjectInterpolator.addInterp args=_level0.hud_mc.topCenter_mc.countdown_mc.roundTime_mc.time_txt,0.5,easeout,3,,[object Object] level=Match
[info ] FLOW bridge.unhandled fn=HmObjectInterpolator.addInterp
[info ] FLOW bridge fn=HmActionScript.setColor args=_level0.hud_mc.topCenter_mc.countdown_mc.roundTime_mc,16724787 level=Match
[info ] FLOW bridge.unhandled fn=HmActionScript.setColor
[info ] FLOW bridge fn=HmObjectInterpolator.addInterp args=_level0.hud_mc.topCenter_mc.countdown_mc.roundTime_mc,0.5,easeout,3,,[object Object] level=Match
[info ] FLOW bridge.unhandled fn=HmObjectInterpolator.addInterp
[info ] FLOW bridge fn=HmObjectInterpolator.addInterp args=_level0.hud_mc.topCenter_mc.countdown_mc,0.5,easeout,3,,[object Object] level=Match
[info ] FLOW bridge.unhandled fn=HmObjectInterpolator.addInterp
[info ] FLOW bridge fn=HmObjectInterpolator.addInterp args=_level0.hud_mc.topCenter_mc.countdown_mc.roundTime_mc,0.5,easeout,3,,[object Object] level=Match
[info ] FLOW bridge.unhandled fn=HmObjectInterpolator.addInterp
[info ] FLOW bridge fn=HmObjectInterpolator.addInterp args=_level0.hud_mc.topCenter_mc.countdown_mc.objectiveTime_mc,0.5,easeout,3,,[object Object] level=Match
[info ] FLOW bridge.unhandled fn=HmObjectInterpolator.addInterp
[info ] VISUALCHECK frame 1966 path=original black=0.004 flat=0.142 lumaP50=34 colors=638 draws=1928 world=1566 bsp=330 materials=157 noProgram=0 -> PASS
[info ] VISUALCHECK frame 2086 path=original black=0.004 flat=0.142 lumaP50=34 colors=645 draws=1928 world=1566 bsp=330 materials=157 noProgram=0 -> PASS
[info ] FLOW gfx.dsCallback movie=UI_GFxPreGameCountdown_p.PreGameCountdown_GFX_1 markup=<CurrentGame:CurrentCountdown> value=1 callback=_level0.instance5.instance8.updateCountdown
[info ] FLOW bridge fn=HmObjectInterpolator.addInterp args=_level0.hud_mc.topCenter_mc.countdown_mc.roundTime_mc,0.5,easeout,3,,[object Object] level=Match
[info ] FLOW bridge.unhandled fn=HmObjectInterpolator.addInterp
[info ] FLOW bridge fn=HmObjectInterpolator.addInterp args=_level0.hud_mc.topCenter_mc.countdown_mc.roundTime_mc.time_txt,0.5,easeout,3,,[object Object] level=Match
[info ] FLOW bridge.unhandled fn=HmObjectInterpolator.addInterp
[info ] FLOW bridge fn=HmActionScript.setColor args=_level0.hud_mc.topCenter_mc.countdown_mc.roundTime_mc,16724787 level=Match
[info ] FLOW bridge.unhandled fn=HmActionScript.setColor
[info ] FLOW bridge fn=HmObjectInterpolator.addInterp args=_level0.hud_mc.topCenter_mc.countdown_mc.roundTime_mc,0.5,easeout,3,,[object Object] level=Match
[info ] FLOW bridge.unhandled fn=HmObjectInterpolator.addInterp
[info ] FLOW bridge fn=HmObjectInterpolator.addInterp args=_level0.hud_mc.topCenter_mc.countdown_mc,0.5,easeout,3,,[object Object] level=Match
[info ] FLOW bridge.unhandled fn=HmObjectInterpolator.addInterp
[info ] FLOW bridge fn=HmObjectInterpolator.addInterp args=_level0.hud_mc.topCenter_mc.countdown_mc.roundTime_mc,0.5,easeout,3,,[object Object] level=Match
[info ] FLOW bridge.unhandled fn=HmObjectInterpolator.addInterp
[info ] FLOW bridge fn=HmObjectInterpolator.addInterp args=_level0.hud_mc.topCenter_mc.countdown_mc.objectiveTime_mc,0.5,easeout,3,,[object Object] level=Match
[info ] FLOW bridge.unhandled fn=HmObjectInterpolator.addInterp
[info ] VISUALCHECK frame 2206 path=original black=0.004 flat=0.142 lumaP50=34 colors=658 draws=1928 world=1566 bsp=330 materials=157 noProgram=0 -> PASS
[info ] VISUALCHECK frame 2326 path=original black=0.004 flat=0.142 lumaP50=34 colors=662 draws=1928 world=1566 bsp=330 materials=157 noProgram=0 -> PASS
[info ] sound cues: streamed BL_DX_SWITCHBOARD.SC002657 decoded in 0.6 ms
[info ] match: local player spawned at TnTeamPlayerStart_12481 (TnSpawnCluster_7810 team 0)
[info ] sound cues: streamed BL_LVL_MP_MX.DM_START decoded in 7.4 ms
[info ] FLOW uievent 3 OnBeginGame in WaitingOnGameStart
[info ] FLOW match.started
[info ] FLOW match.spawn player=0 start=TnTeamPlayerStart_12481
[info ] MATCH spawn player=0 team=0 start=TnTeamPlayerStart_12481 pos=106.2,-716.0,-660.5 chassis=Car2
[info ] FLOW uievent 5 OnRespawn in WaitingOnGameStart
[info ] FLOW ui CloseUI UI_GFxPreGameCountdown_p.PreGameCountdown_GFX_1
[info ] FLOW ui.close movie=UI_GFxPreGameCountdown_p.PreGameCountdown_GFX_1
[info ] FLOW uistate WaitingOnGameStart -> InGame (TnUIControllerMultiplayer)
[info ] FLOW ui.hud visible=true
[info ] FLOW ui.state from=WaitingOnGameStart to=InGame controller=TnUIControllerMultiplayer level=Match
[info ] FLOW match.spawn player=1 start=TnTeamPlayerStart_5269
[info ] MATCH spawn player=1 team=1 start=TnTeamPlayerStart_5269 pos=386.4,-705.9,-319.2 chassis=Truck
[info ] MATCH timer remaining_s=900
[info ] FLOW gfx.movieClosed movie=UI_GFxPreGameCountdown_p.PreGameCountdown_GFX_1
[info ] FLOW bridge fn=HmObjectInterpolator.addInterp args=_level0.hud_mc.topCenter_mc.countdown_mc.roundTime_mc,0.5,easeout,3,,[object Object] level=Match
[info ] FLOW bridge.unhandled fn=HmObjectInterpolator.addInterp
[info ] FLOW bridge fn=HmObjectInterpolator.addInterp args=_level0.hud_mc.topCenter_mc.countdown_mc,0.5,easeout,3,,[object Object] level=Match
[info ] FLOW bridge.unhandled fn=HmObjectInterpolator.addInterp
[info ] FLOW bridge fn=HmObjectInterpolator.addInterp args=_level0.hud_mc.topCenter_mc.countdown_mc.roundTime_mc,0.5,easeout,3,,[object Object] level=Match
[info ] FLOW bridge.unhandled fn=HmObjectInterpolator.addInterp
[info ] FLOW bridge fn=HmObjectInterpolator.addInterp args=_level0.hud_mc.topCenter_mc.countdown_mc.objectiveTime_mc,0.5,easeout,3,,[object Object] level=Match
[info ] FLOW bridge.unhandled fn=HmObjectInterpolator.addInterp
[info ] FLOW script.wait cond=ui=InGame
[info ] FLOW hud.visible visible=true
[info ] FLOW bridge fn=HmObjectInterpolator.addInterp args=_level0.hud_mc.topCenter_mc.instance34.announcement_mc,0.4,easeout,3,,[object Object] level=Match
[info ] FLOW bridge.unhandled fn=HmObjectInterpolator.addInterp
[info ] FLOW hud.announcement text=Team Deathmatch
[info ] VISUALCHECK frame 2446 path=original black=0.003 flat=0.071 lumaP50=32 colors=662 draws=2053 world=1641 bsp=357 materials=161 noProgram=0 -> PASS
[info ] VISUALCHECK frame 2566 path=original black=0.003 flat=0.070 lumaP50=32 colors=668 draws=2032 world=1641 bsp=357 materials=160 noProgram=0 -> PASS
[info ] MATCH timer remaining_s=899
[info ] FLOW bridge fn=HmObjectInterpolator.addInterp args=_level0.hud_mc.topCenter_mc.countdown_mc.roundTime_mc,0.5,easeout,3,,[object Object] level=Match
[info ] FLOW bridge.unhandled fn=HmObjectInterpolator.addInterp
[info ] FLOW bridge fn=HmObjectInterpolator.addInterp args=_level0.hud_mc.topCenter_mc.countdown_mc,0.5,easeout,3,,[object Object] level=Match
[info ] FLOW bridge.unhandled fn=HmObjectInterpolator.addInterp
[info ] FLOW bridge fn=HmObjectInterpolator.addInterp args=_level0.hud_mc.topCenter_mc.countdown_mc.roundTime_mc,0.5,easeout,3,,[object Object] level=Match
[info ] FLOW bridge.unhandled fn=HmObjectInterpolator.addInterp
[info ] FLOW bridge fn=HmObjectInterpolator.addInterp args=_level0.hud_mc.topCenter_mc.countdown_mc.objectiveTime_mc,0.5,easeout,3,,[object Object] level=Match
[info ] FLOW bridge.unhandled fn=HmObjectInterpolator.addInterp
[info ] VISUALCHECK frame 2686 path=original black=0.003 flat=0.071 lumaP50=32 colors=672 draws=2033 world=1641 bsp=357 materials=161 noProgram=0 -> PASS
[info ] sound cues: streamed BL_DX_SWITCHBOARD.SC008993 decoded in 0.6 ms
[info ] VISUALCHECK frame 2806 path=original black=0.003 flat=0.072 lumaP50=32 colors=656 draws=2033 world=1641 bsp=357 materials=161 noProgram=0 -> PASS
[info ] MATCH timer remaining_s=898
[info ] FLOW bridge fn=HmObjectInterpolator.addInterp args=_level0.hud_mc.topCenter_mc.countdown_mc.roundTime_mc,0.5,easeout,3,,[object Object] level=Match
[info ] FLOW bridge.unhandled fn=HmObjectInterpolator.addInterp
[info ] FLOW bridge fn=HmObjectInterpolator.addInterp args=_level0.hud_mc.topCenter_mc.countdown_mc,0.5,easeout,3,,[object Object] level=Match
[info ] FLOW bridge.unhandled fn=HmObjectInterpolator.addInterp
[info ] FLOW bridge fn=HmObjectInterpolator.addInterp args=_level0.hud_mc.topCenter_mc.countdown_mc.roundTime_mc,0.5,easeout,3,,[object Object] level=Match
[info ] FLOW bridge.unhandled fn=HmObjectInterpolator.addInterp
[info ] FLOW bridge fn=HmObjectInterpolator.addInterp args=_level0.hud_mc.topCenter_mc.countdown_mc.objectiveTime_mc,0.5,easeout,3,,[object Object] level=Match
[info ] FLOW bridge.unhandled fn=HmObjectInterpolator.addInterp
[info ] VISUALCHECK frame 2926 path=original black=0.003 flat=0.073 lumaP50=32 colors=668 draws=2033 world=1641 bsp=357 materials=161 noProgram=0 -> PASS
[info ] FLOW test.lifecycle.damage victim=opponent
[info ] FLOW match.kill victim=1 killer=0 how=
[info ] MATCH kill killer=0 victim=1 killer_team=0 victim_team=1 weapon=unknown
[info ] MATCH score team=0 score=1
[info ] MATCH death player=1 pos=386.4,-706.3,-319.2
[info ] FLOW bridge fn=HmObjectInterpolator.addInterp args=_level0.hud_mc.bottomLeft_mc.instance8.message0_mc,0.2,easeout,4,,[object Object] level=Match
[info ] FLOW bridge.unhandled fn=HmObjectInterpolator.addInterp
[info ] FLOW hud.killFeed html=<font color='#FFFFFF'>Player</font><font color='#FF9333'> destroyed </font><font color='#F03C3C'>LifecycleOpponent</font>
[info ] VISUALCHECK frame 3046 path=original black=0.003 flat=0.071 lumaP50=32 colors=648 draws=2046 world=1641 bsp=357 materials=161 noProgram=0 -> PASS
[info ] FLOW bridge fn=HmActionScript.setColor args=_level0.hud_mc.topCenter_mc.instance33.scoreboard_mc.allyBar_mc.panel_mc,16777215 level=Match
[info ] FLOW bridge.unhandled fn=HmActionScript.setColor
[info ] FLOW bridge fn=HmObjectInterpolator.addInterp args=_level0.hud_mc.topCenter_mc.instance33.scoreboard_mc.allyBar_mc.panel_mc,0.5,easeout,3,,[object Object] level=Match
[info ] FLOW bridge.unhandled fn=HmObjectInterpolator.addInterp
[info ] FLOW bridge fn=HmObjectInterpolator.addInterp args=_level0.hud_mc.topCenter_mc.instance33.scoreboard_mc.allyBar_mc,0.2,easeout,3,,[object Object] level=Match
[info ] FLOW bridge.unhandled fn=HmObjectInterpolator.addInterp
[info ] MATCH timer remaining_s=897
[info ] FLOW bridge fn=HmObjectInterpolator.addInterp args=_level0.hud_mc.topCenter_mc.countdown_mc.roundTime_mc,0.5,easeout,3,,[object Object] level=Match
[info ] FLOW bridge.unhandled fn=HmObjectInterpolator.addInterp
[info ] FLOW bridge fn=HmObjectInterpolator.addInterp args=_level0.hud_mc.topCenter_mc.countdown_mc,0.5,easeout,3,,[object Object] level=Match
[info ] FLOW bridge.unhandled fn=HmObjectInterpolator.addInterp
[info ] FLOW bridge fn=HmObjectInterpolator.addInterp args=_level0.hud_mc.topCenter_mc.countdown_mc.roundTime_mc,0.5,easeout,3,,[object Object] level=Match
[info ] FLOW bridge.unhandled fn=HmObjectInterpolator.addInterp
[info ] FLOW bridge fn=HmObjectInterpolator.addInterp args=_level0.hud_mc.topCenter_mc.countdown_mc.objectiveTime_mc,0.5,easeout,3,,[object Object] level=Match
[info ] FLOW bridge.unhandled fn=HmObjectInterpolator.addInterp
[info ] VISUALCHECK frame 3166 path=original black=0.003 flat=0.070 lumaP50=32 colors=650 draws=2040 world=1641 bsp=357 materials=162 noProgram=0 -> PASS
[info ] sound cues: streamed BL_DX_SWITCHBOARD.SC010609 decoded in 0.4 ms
[info ] VISUALCHECK frame 3286 path=original black=0.003 flat=0.070 lumaP50=32 colors=630 draws=2033 world=1641 bsp=357 materials=161 noProgram=0 -> PASS
[info ] MATCH timer remaining_s=896
[info ] FLOW bridge fn=HmObjectInterpolator.addInterp args=_level0.hud_mc.topCenter_mc.countdown_mc.roundTime_mc,0.5,easeout,3,,[object Object] level=Match
[info ] FLOW bridge.unhandled fn=HmObjectInterpolator.addInterp
[info ] FLOW bridge fn=HmObjectInterpolator.addInterp args=_level0.hud_mc.topCenter_mc.countdown_mc,0.5,easeout,3,,[object Object] level=Match
[info ] FLOW bridge.unhandled fn=HmObjectInterpolator.addInterp
[info ] FLOW bridge fn=HmObjectInterpolator.addInterp args=_level0.hud_mc.topCenter_mc.countdown_mc.roundTime_mc,0.5,easeout,3,,[object Object] level=Match
[info ] FLOW bridge.unhandled fn=HmObjectInterpolator.addInterp
[info ] FLOW bridge fn=HmObjectInterpolator.addInterp args=_level0.hud_mc.topCenter_mc.countdown_mc.objectiveTime_mc,0.5,easeout,3,,[object Object] level=Match
[info ] FLOW bridge.unhandled fn=HmObjectInterpolator.addInterp
[info ] VISUALCHECK frame 3406 path=original black=0.002 flat=0.070 lumaP50=32 colors=629 draws=2033 world=1641 bsp=357 materials=161 noProgram=0 -> PASS
[info ] FLOW bridge fn=HmObjectInterpolator.addInterp args=_level0.hud_mc.topCenter_mc.instance34.announcement_mc,0.4,easeout,3,,[object Object] level=Match
[info ] FLOW bridge.unhandled fn=HmObjectInterpolator.addInterp
[info ] VISUALCHECK frame 3526 path=original black=0.002 flat=0.071 lumaP50=32 colors=647 draws=2033 world=1641 bsp=357 materials=161 noProgram=0 -> PASS
[info ] MATCH timer remaining_s=895
[info ] FLOW bridge fn=HmObjectInterpolator.addInterp args=_level0.hud_mc.topCenter_mc.countdown_mc.roundTime_mc,0.5,easeout,3,,[object Object] level=Match
[info ] FLOW bridge.unhandled fn=HmObjectInterpolator.addInterp
[info ] FLOW bridge fn=HmObjectInterpolator.addInterp args=_level0.hud_mc.topCenter_mc.countdown_mc,0.5,easeout,3,,[object Object] level=Match
[info ] FLOW bridge.unhandled fn=HmObjectInterpolator.addInterp
[info ] FLOW bridge fn=HmObjectInterpolator.addInterp args=_level0.hud_mc.topCenter_mc.countdown_mc.roundTime_mc,0.5,easeout,3,,[object Object] level=Match
[info ] FLOW bridge.unhandled fn=HmObjectInterpolator.addInterp
[info ] FLOW bridge fn=HmObjectInterpolator.addInterp args=_level0.hud_mc.topCenter_mc.countdown_mc.objectiveTime_mc,0.5,easeout,3,,[object Object] level=Match
[info ] FLOW bridge.unhandled fn=HmObjectInterpolator.addInterp
[info ] VISUALCHECK frame 3646 path=original black=0.002 flat=0.071 lumaP50=32 colors=648 draws=2046 world=1641 bsp=357 materials=161 noProgram=0 -> PASS
[info ] VISUALCHECK frame 3766 path=original black=0.002 flat=0.072 lumaP50=32 colors=667 draws=2033 world=1641 bsp=357 materials=161 noProgram=0 -> PASS
[info ] FLOW script.wait cond=t=6
[info ] VISUALCHECK F:/Transformers Rebuild/Rebuild/work/m6b/visual_suite_final/flow_5_match2.bmp -> PASS
[info ] screenshot: F:/Transformers Rebuild/Rebuild/work/m6b/visual_suite_final/flow_5_match2.bmp (1280x720)
[info ] MATCH timer remaining_s=894
[info ] FLOW bridge fn=HmObjectInterpolator.addInterp args=_level0.hud_mc.topCenter_mc.countdown_mc.roundTime_mc,0.5,easeout,3,,[object Object] level=Match
[info ] FLOW bridge.unhandled fn=HmObjectInterpolator.addInterp
[info ] FLOW bridge fn=HmObjectInterpolator.addInterp args=_level0.hud_mc.topCenter_mc.countdown_mc,0.5,easeout,3,,[object Object] level=Match
[info ] FLOW bridge.unhandled fn=HmObjectInterpolator.addInterp
[info ] FLOW bridge fn=HmObjectInterpolator.addInterp args=_level0.hud_mc.topCenter_mc.countdown_mc.roundTime_mc,0.5,easeout,3,,[object Object] level=Match
[info ] FLOW bridge.unhandled fn=HmObjectInterpolator.addInterp
[info ] FLOW bridge fn=HmObjectInterpolator.addInterp args=_level0.hud_mc.topCenter_mc.countdown_mc.objectiveTime_mc,0.5,easeout,3,,[object Object] level=Match
[info ] FLOW bridge.unhandled fn=HmObjectInterpolator.addInterp
[info ] VISUALCHECK frame 3886 path=original black=0.002 flat=0.070 lumaP50=32 colors=647 draws=2033 world=1641 bsp=357 materials=161 noProgram=0 -> PASS
[info ] FLOW script.wait cond=t=1
[info ] Shutdown complete
