"run","scenario","start","verdict","distance_m","max_speed","crossings","first_frame","first_h","actor","at","actors","end_x","end_y","end_z","min_y","last3s_m","hard_stops","wall_stops","ramp_stops","open_stops","visible_blocking","visible_passable"
"boost_cycle_s0","boost_cycle","0","FAIL passed_through","147.8","19.95","3","567","1.6","StaticMeshCollectionActor_7270","201.88,-721.75,-552.8","StaticMeshCollectionActor_7270","193.52","-722.23","-556.73","-726.4","7.83","2","2","","","",""
"boost_cycle_s1","boost_cycle","1","PASS","41.3","17.13","0","","","","","","115.04","-716.06","-660.49","-716.8","15.71","2","2","","","",""
"boost_cycle_s10","boost_cycle","10","INFO stuck","132.1","20.35","0","","","","","","251.62","-723.71","-349.43","-724.48","0","1","1","","","",""
"boost_cycle_s11","boost_cycle","11","PASS","84.2","19.25","0","","","","","","122.64","-722.91","-437.45","-722.94","22.92","2","2","","","","StaticMeshCollectionActor_16332.7;StaticMeshCollectionActor_16332.4"
"boost_cycle_s12","boost_cycle","12","PASS","148.4","19.67","0","","","","","","185.65","-720.04","-563.12","-726.4","17.2","5","5","","","",""
"boost_cycle_s13","boost_cycle","13","PASS","107.3","19.69","0","","","","","","169.01","-722.27","-528.95","-726.4","3.85","3","2","","","",""
"boost_cycle_s14","boost_cycle","14","PASS","115.1","20.02","0","","","","","","83.67","-706.21","-364.36","-706.56","7.44","4","4","","","StaticMeshCollectionActor_11907.2;StaticMeshCollectionActor_11907.1","StaticMeshCollectionActor_16332.11;StaticMeshCollectionActor_16332.2;StaticMeshCollectionActor_12785.1;StaticMeshCollectionActor_16332.9"
"boost_cycle_s15","boost_cycle","15","PASS","151.6","19.52","0","","","","","","353.4","-723.78","-365.23","-724.48","38.3","2","2","","","","StaticMeshCollectionActor_12785.6;StaticMeshCollectionActor_12785.5"
"boost_cycle_s16","boost_cycle","16","INFO stuck","82","19.67","0","","","","","","302.26","-705.78","-325.63","-706.56","0.01","1","1","","","StaticMeshCollectionActor_4868.4","StaticMeshCollectionActor_13351.7"
"boost_cycle_s17","boost_cycle","17","PASS","170.5","19.66","0","","","","","","8.95","-721.35","-620","-721.7","28.04","2","2","","","StaticMeshCollectionActor_4549.1;StaticMeshCollectionActor_4549.3;StaticMeshCollectionActor_4549.0;StaticMeshCollectionActor_4549.2;StaticMeshCollectionActor_12216.5;StaticMeshCollectionActor_12216.7;StaticMeshCollectionActor_2895.1","StaticMeshCollectionActor_13351.11"
"boost_cycle_s18","boost_cycle","18","PASS","73","19.66","0","","","","","","232.02","-724.4","-462.71","-724.48","0.8","1","1","","","",""
"boost_cycle_s19","boost_cycle","19","PASS","190.6","19.66","0","","","","","","88.09","-726.31","-366.14","-727.04","36.69","2","2","","","StaticMeshCollectionActor_3034.3","StaticMeshCollectionActor_12785.2;StaticMeshCollectionActor_13351.5;StaticMeshCollectionActor_13351.6;StaticMeshCollectionActor_9567.10"
"boost_cycle_s2","boost_cycle","2","FAIL ramp_hard_stop","175.3","19.85","0","","","","","","191.92","-714.93","-617.11","-721.7","26.66","3","2","boost_cycle_s2@f198 (83.3,-719.3,-575.4) from 17.7 m/s rise 2.45","","StaticMeshCollectionActor_4549.4","StaticMeshCollectionActor_13351.10;StaticMeshCollectionActor_12785.10;StaticMeshCollectionActor_12785.11"
"boost_cycle_s20","boost_cycle","20","PASS","68.9","17.96","0","","","","","","138.56","-716.46","-437.02","-716.8","7.91","2","2","","","","StaticMeshCollectionActor_16332.7;StaticMeshCollectionActor_16332.4"
"boost_cycle_s21","boost_cycle","21","PASS","84","19.66","0","","","","","","325.22","-724.31","-326.07","-724.48","2.88","2","2","","","",""
"boost_cycle_s22","boost_cycle","22","PASS","112.2","19.66","0","","","","","","87.26","-705.82","-338.76","-706.56","13.21","3","3","","","StaticMeshCollectionActor_11907.2;StaticMeshCollectionActor_11907.1","StaticMeshCollectionActor_16332.11"
"boost_cycle_s23","boost_cycle","23","INFO stuck","83.3","19.66","0","","","","","","76.11","-720.97","-564.29","-721.7","0.38","1","1","","","StaticMeshCollectionActor_4549.2;StaticMeshCollectionActor_4549.0","StaticMeshCollectionActor_13351.10"
"boost_cycle_s24","boost_cycle","24","PASS","164.2","22.7","0","","","","","","185.85","-722.4","-555.63","-726.4","34.39","2","2","","","",""
"boost_cycle_s25","boost_cycle","25","PASS","99.6","19.66","0","","","","","","87.21","-705.85","-338.78","-706.56","13.47","3","3","","","StaticMeshCollectionActor_11907.2;StaticMeshCollectionActor_11907.1","StaticMeshCollectionActor_16332.11;StaticMeshCollectionActor_16332.2"
"boost_cycle_s26","boost_cycle","26","PASS","62.3","19.64","0","","","","","","138.25","-716.46","-437.03","-717.02","7.77","2","2","","","","StaticMeshCollectionActor_16332.7;StaticMeshCollectionActor_16332.4"
"boost_cycle_s27","boost_cycle","27","PASS","156.1","19.67","0","","","","","","364.55","-723.7","-364.18","-724.48","15.07","2","2","","","","StaticMeshCollectionActor_12785.6;StaticMeshCollectionActor_12785.5"
"boost_cycle_s28","boost_cycle","28","PASS","109.2","19.5","0","","","","","","88.57","-705.79","-337.52","-706.56","7.43","2","2","","","StaticMeshCollectionActor_11907.2;StaticMeshCollectionActor_11907.1","StaticMeshCollectionActor_16332.11"
"boost_cycle_s29","boost_cycle","29","PASS","180.9","19.83","0","","","","","","351.27","-724.13","-330.59","-724.48","17.66","1","1","","","","StaticMeshCollectionActor_12785.6;StaticMeshCollectionActor_12785.5;StaticMeshCollectionActor_12785.4"
"boost_cycle_s3","boost_cycle","3","PASS","119.3","20.92","0","","","","","","251.31","-724.34","-349.34","-724.48","0.79","2","2","","","StaticMeshCollectionActor_2691.1",""
"boost_cycle_s30","boost_cycle","30","PASS","161.2","19.66","0","","","","","","7.55","-721.35","-619.47","-721.7","18.87","1","1","","","StaticMeshCollectionActor_4549.1;StaticMeshCollectionActor_4549.0;StaticMeshCollectionActor_2895.1;StaticMeshCollectionActor_12216.7","StaticMeshCollectionActor_13351.11;StaticMeshCollectionActor_13351.10"
"boost_cycle_s31","boost_cycle","31","PASS","82","19.66","0","","","","","","73.15","-720.95","-572.29","-721.7","8.28","0","0","","","StaticMeshCollectionActor_4549.2","StaticMeshCollectionActor_13351.10"
"boost_cycle_s32","boost_cycle","32","INFO stuck","47.7","19.66","0","","","","","","139.59","-716.03","-626.91","-716.8","0.01","1","1","","","",""
"boost_cycle_s33","boost_cycle","33","PASS","190.3","19.66","0","","","","","","83.23","-726.33","-369.43","-727.04","32.84","3","3","","","StaticMeshCollectionActor_3034.3","StaticMeshCollectionActor_13351.5;StaticMeshCollectionActor_13351.6;StaticMeshCollectionActor_9567.10"
"boost_cycle_s34","boost_cycle","34","PASS","157.5","19.53","0","","","","","","318.73","-724.13","-414.53","-724.48","46.8","2","2","","","StaticMeshCollectionActor_67.7","StaticMeshCollectionActor_12785.7"
"boost_cycle_s35","boost_cycle","35","INFO stuck","146.7","19.67","0","","","","","","250.89","-723.71","-348.74","-724.48","0","2","2","","","StaticMeshCollectionActor_4868.4","StaticMeshCollectionActor_13351.7"
"boost_cycle_s36","boost_cycle","36","PASS","82.5","19.66","0","","","","","","231.95","-724.38","-462.6","-724.48","0.72","1","1","","","",""
"boost_cycle_s37","boost_cycle","37","INFO stuck","54.3","19.66","0","","","","","","140.13","-716.03","-627.07","-716.8","0","0","0","","","",""
"boost_cycle_s38","boost_cycle","38","PASS","70.2","19.66","0","","","","","","325.65","-723.7","-326.06","-724.48","3.08","2","2","","","",""
"boost_cycle_s39","boost_cycle","39","FAIL ramp_hard_stop","176.7","19.67","0","","","","","","182.26","-714.71","-615.56","-721.7","1.09","2","1","boost_cycle_s39@f243 (83.7,-719.1,-580.2) from 14.3 m/s rise 1.91","","StaticMeshCollectionActor_4549.4","StaticMeshCollectionActor_13351.10;StaticMeshCollectionActor_12785.10;StaticMeshCollectionActor_12785.11"
"boost_cycle_s4","boost_cycle","4","PASS","53.4","19.66","0","","","","","","115.19","-716.06","-660.49","-716.8","17.45","2","2","","","",""
"boost_cycle_s40","boost_cycle","40","PASS","182.5","19.77","0","","","","","","93.7","-726.69","-371.2","-727.04","31.68","2","1","","","","StaticMeshCollectionActor_12785.2;StaticMeshCollectionActor_13351.5;StaticMeshCollectionActor_13351.6;StaticMeshCollectionActor_9567.10"
"boost_cycle_s41","boost_cycle","41","PASS","160.6","19.84","0","","","","","","188.24","-722.07","-557.09","-726.4","13.45","2","2","","","",""
"boost_cycle_s42","boost_cycle","42","INFO stuck","123.8","21.14","0","","","","","","251.85","-724.29","-349.67","-724.48","0","2","2","","","",""
"boost_cycle_s43","boost_cycle","43","PASS","143.6","19.66","0","","","","","","139.84","-716.22","-626.79","-721.7","10.65","5","5","","","StaticMeshCollectionActor_4549.4","StaticMeshCollectionActor_13351.10;StaticMeshCollectionActor_12785.10"
"boost_cycle_s44","boost_cycle","44","PASS","122.8","20.34","0","","","","","","250.64","-724.34","-349.05","-724.48","0.81","2","2","","","StaticMeshCollectionActor_2691.1",""
"boost_cycle_s45","boost_cycle","45","INFO stuck","115.4","19.51","0","","","","","","251.2","-723.73","-349.34","-724.48","0.36","2","2","","","",""
"boost_cycle_s46","boost_cycle","46","PASS","87.9","19.34","0","","","","","","320.31","-705.79","-319.33","-706.56","6.49","3","2","","boost_cycle_s46@f360 (319.9,-706.2,-322.3) from 14.2 m/s rise -0.71","","StaticMeshCollectionActor_13351.7"
"boost_cycle_s47","boost_cycle","47","PASS","98.7","19.66","0","","","","","","267.76","-723.82","-456.86","-724.48","34.25","1","1","","","StaticMeshCollectionActor_5261.10",""
"boost_cycle_s48","boost_cycle","48","FAIL passed_through","180.3","19.75","2","341","1.2","StaticMeshCollectionActor_15307","196.46,-704.96,-354.39","StaticMeshCollectionActor_15307","86.75","-726.27","-381.6","-727.04","25.65","3","2","","boost_cycle_s48@f90 (223.1,-706.4,-324.8) from 14.4 m/s rise -0.8","StaticMeshCollectionActor_3034.3","StaticMeshCollectionActor_13351.5;StaticMeshCollectionActor_13351.6;StaticMeshCollectionActor_9567.10"
"boost_cycle_s49","boost_cycle","49","PASS","105","19.66","0","","","","","","87.31","-705.82","-338.75","-706.56","12.98","3","3","","","StaticMeshCollectionActor_11907.2;StaticMeshCollectionActor_11907.1","StaticMeshCollectionActor_16332.11"
"boost_cycle_s5","boost_cycle","5","INFO stuck","61.7","19.66","0","","","","","","140.01","-716.21","-627.06","-716.8","0","0","0","","","",""
"boost_cycle_s50","boost_cycle","50","PASS","162.9","19.66","0","","","","","","8.04","-721.35","-619.96","-721.7","18.46","1","1","","","StaticMeshCollectionActor_4549.1;StaticMeshCollectionActor_4549.0;StaticMeshCollectionActor_2895.1;StaticMeshCollectionActor_12216.7","StaticMeshCollectionActor_13351.11;StaticMeshCollectionActor_13351.10"
"boost_cycle_s51","boost_cycle","51","PASS","74.7","21.76","0","","","","","","121.75","-723.37","-436.31","-723.44","23.17","1","1","","","","StaticMeshCollectionActor_16332.7;StaticMeshCollectionActor_16332.4"
"boost_cycle_s52","boost_cycle","52","PASS","78.1","19.84","0","","","","","","320.3","-705.77","-319.5","-706.55","6.51","2","2","","","StaticMeshCollectionActor_4868.4",""
"boost_cycle_s53","boost_cycle","53","PASS","61.3","15.01","0","","","","","","138.37","-716.47","-437.05","-717.89","8.28","1","1","","","","StaticMeshCollectionActor_16332.7;StaticMeshCollectionActor_16332.4"
"boost_cycle_s54","boost_cycle","54","PASS","175.2","19.66","0","","","","","","93.25","-726.69","-372.54","-727.04","31.75","3","3","","","","StaticMeshCollectionActor_13351.5;StaticMeshCollectionActor_13351.6;StaticMeshCollectionActor_9567.10"
"boost_cycle_s55","boost_cycle","55","INFO stuck","139.8","19.96","0","","","","","","250.2","-723.75","-349.27","-724.48","0.16","1","1","","","StaticMeshCollectionActor_4868.4",""
"boost_cycle_s56","boost_cycle","56","PASS","30.3","20.28","0","","","","","","366.68","-723.74","-320.69","-724.48","0.75","2","1","","","",""
"boost_cycle_s57","boost_cycle","57","INFO stuck","62.9","19.67","0","","","","","","353.17","-724.32","-325.71","-724.48","0","0","0","","","",""
"boost_cycle_s58","boost_cycle","58","PASS","160","19.67","0","","","","","","1.73","-721.35","-613.79","-721.7","25.46","1","1","","","StaticMeshCollectionActor_4549.1;StaticMeshCollectionActor_4549.0;StaticMeshCollectionActor_2895.1;StaticMeshCollectionActor_12216.7","StaticMeshCollectionActor_13351.11;StaticMeshCollectionActor_13351.10"
"boost_cycle_s59","boost_cycle","59","PASS","157.2","19.51","0","","","","","","320.96","-724.13","-409.64","-724.48","48.74","2","2","","","","StaticMeshCollectionActor_12785.7"
"boost_cycle_s6","boost_cycle","6","PASS","184.1","19.68","0","","","","","","320.9","-724.13","-345.07","-724.48","36.44","3","3","","","","StaticMeshCollectionActor_12785.6;StaticMeshCollectionActor_12785.7;StaticMeshCollectionActor_12785.5;StaticMeshCollectionActor_12785.4"
"boost_cycle_s60","boost_cycle","60","PASS","44.8","15.89","0","","","","","","340.74","-723.73","-331.02","-724.48","21.1","2","2","","","","StaticMeshCollectionActor_12785.4"
"boost_cycle_s61","boost_cycle","61","INFO stuck","68.5","20.16","0","","","","","","273.57","-719.54","-330.4","-724.4","0","1","1","","","","StaticMeshCollectionActor_12785.7"
"boost_cycle_s62","boost_cycle","62","PASS","89.2","19.76","0","","","","","","87","-721.76","-338.95","-727.04","14.1","2","2","","","StaticMeshCollectionActor_11907.2","StaticMeshCollectionActor_16332.2"
"boost_cycle_s63","boost_cycle","63","PASS","77.5","19.66","0","","","","","","201.39","-724.38","-549.57","-726.4","11.49","2","2","","","",""
"boost_cycle_s64","boost_cycle","64","PASS","119.3","19.66","0","","","","","","199.08","-716.04","-604.9","-716.8","6.93","2","2","","","StaticMeshCollectionActor_1325.6","StaticMeshCollectionActor_12785.11"
"boost_cycle_s65","boost_cycle","65","PASS","146.6","20.54","0","","","","","","185.18","-721.96","-556.81","-726.4","11.86","2","2","","","",""
"boost_cycle_s66","boost_cycle","66","PASS","148.6","19.67","0","","","","","","104.77","-726.69","-370.33","-727.04","29.79","1","1","","","","StaticMeshCollectionActor_12785.2;StaticMeshCollectionActor_9567.10"
"boost_cycle_s67","boost_cycle","67","PASS","166.1","19.66","0","","","","","","159.76","-723.88","-428.99","-724.48","24.85","2","2","","","",""
"boost_cycle_s68","boost_cycle","68","PASS","88.7","19.18","0","","","","","","119.71","-724.12","-438.97","-724.12","26.28","1","1","","","","StaticMeshCollectionActor_16332.7;StaticMeshCollectionActor_16332.4"
"boost_cycle_s69","boost_cycle","69","INFO stuck","51.9","19.66","0","","","","","","140.18","-716.03","-626.95","-716.8","0","0","0","","","",""
"boost_cycle_s7","boost_cycle","7","PASS","176.1","19.66","0","","","","","","8.39","-721.35","-619.82","-721.7","25.49","2","2","","","StaticMeshCollectionActor_4549.1;StaticMeshCollectionActor_4549.3;StaticMeshCollectionActor_4549.2;StaticMeshCollectionActor_4549.0;StaticMeshCollectionActor_12216.5;StaticMeshCollectionActor_12216.7;StaticMeshCollectionActor_2895.1","StaticMeshCollectionActor_13351.11"
"boost_cycle_s70","boost_cycle","70","PASS","132.8","19.75","0","","","","","","120.36","-716.45","-648.21","-716.8","49.3","1","1","","","",""
"boost_cycle_s71","boost_cycle","71","PASS","171.1","19.68","0","","","","","","182.49","-714.72","-615.52","-721.7","0.99","2","2","","","StaticMeshCollectionActor_4549.4","StaticMeshCollectionActor_13351.10;StaticMeshCollectionActor_12785.10;StaticMeshCollectionActor_12785.11"
"boost_cycle_s72","boost_cycle","72","INFO stuck","86.5","19.66","0","","","","","","300.61","-705.64","-326.64","-706.56","0.23","2","2","","","StaticMeshCollectionActor_4868.4",""
"boost_cycle_s73","boost_cycle","73","PASS","213.6","19.66","0","","","","","","366.17","-723.61","-379.33","-724.48","38.57","1","1","","","StaticMeshCollectionActor_4868.5;StaticMeshCollectionActor_2691.0","StaticMeshCollectionActor_12785.7"
"boost_cycle_s74","boost_cycle","74","PASS","177.3","19.66","0","","","","","","94.02","-726.69","-373.8","-727.04","34.28","3","2","","boost_cycle_s74@f90 (223.6,-706.4,-326.8) from 17.7 m/s rise -0.8","","StaticMeshCollectionActor_13351.5;StaticMeshCollectionActor_13351.6;StaticMeshCollectionActor_9567.10"
"boost_cycle_s75","boost_cycle","75","PASS","166.1","19.66","0","","","","","","6.77","-721.35","-618.46","-721.7","18.04","2","2","","","StaticMeshCollectionActor_4549.1;StaticMeshCollectionActor_4549.3;StaticMeshCollectionActor_4549.2;StaticMeshCollectionActor_4549.0;StaticMeshCollectionActor_12216.5;StaticMeshCollectionActor_12216.7;StaticMeshCollectionActor_2895.1","StaticMeshCollectionActor_13351.11"
"boost_cycle_s76","boost_cycle","76","INFO stuck","129.2","19.67","0","","","","","","251.45","-723.73","-349.47","-724.48","0.2","4","3","","boost_cycle_s76@f270 (298.0,-706.5,-407.4) from 13.4 m/s rise -0.87","StaticMeshCollectionActor_2691.1",""
"boost_cycle_s77","boost_cycle","77","PASS","125.6","19.66","0","","","","","","83.58","-705.83","-363.78","-706.56","10.27","2","2","","","StaticMeshCollectionActor_11907.2;StaticMeshCollectionActor_11907.1","StaticMeshCollectionActor_16332.11;StaticMeshCollectionActor_16332.2;StaticMeshCollectionActor_12785.1;StaticMeshCollectionActor_16332.9"
"boost_cycle_s78","boost_cycle","78","PASS","166.2","19.66","0","","","","","","228.79","-723.88","-365.07","-724.48","0.7","2","2","","","",""
"boost_cycle_s79","boost_cycle","79","PASS","181.8","20.03","0","","","","","","185.06","-717.75","-568.23","-726.4","33.1","1","1","","","StaticMeshCollectionActor_7201.7",""
"boost_cycle_s8","boost_cycle","8","PASS","206.3","20.28","0","","","","","","367.31","-723.82","-322.04","-724.48","22.49","2","2","","","","StaticMeshCollectionActor_12785.6;StaticMeshCollectionActor_12785.5;StaticMeshCollectionActor_12785.4"
"boost_cycle_s80","boost_cycle","80","PASS","53.1","15.54","0","","","","","","344.33","-723.74","-449.15","-724.48","10.32","1","1","","","","StaticMeshCollectionActor_12785.6"
"boost_cycle_s81","boost_cycle","81","PASS","108.7","19.66","0","","","","","","267.63","-724","-458.17","-724.48","35.37","1","1","","","",""
"boost_cycle_s82","boost_cycle","82","PASS","86.7","19.33","0","","","","","","145.59","-716.09","-434.75","-716.8","1.59","2","2","","","","StaticMeshCollectionActor_12785.0;StaticMeshCollectionActor_16332.10;StaticMeshCollectionActor_16332.7;StaticMeshCollectionActor_16332.4"
"boost_cycle_s83","boost_cycle","83","PASS","63.1","18.11","0","","","","","","106.88","-726.33","-394.1","-727.04","20.46","3","3","","","StaticMeshCollectionActor_3034.3",""
"boost_cycle_s9","boost_cycle","9","PASS","150.9","19.82","0","","","","","","246.22","-709.75","-330.35","-724.48","3.3","3","3","","","","StaticMeshCollectionActor_12785.7"
"boost_left_s0","boost_left","0","PASS","175.9","27.85","0","","","","","","240.87","-724.48","-387.28","-726.4","68.31","2","2","","","",""
"boost_left_s1","boost_left","1","PASS","210.4","29.64","0","","","","","","173.05","-726.4","-460.34","-726.4","84.87","0","0","","","","StaticMeshCollectionActor_12785.11"
"boost_left_s10","boost_left","10","PASS","84.2","25.83","0","","","","","","294.14","-705.93","-467.07","-706.56","6.88","2","2","","","",""
"boost_left_s11","boost_left","11","PASS","55.9","21.85","0","","","","","","143.7","-716.5","-405.66","-716.8","6.44","2","2","","","","StaticMeshCollectionActor_16332.7;StaticMeshCollectionActor_16332.4"
"boost_left_s12","boost_left","12","PASS","160.4","27.66","0","","","","","","235.83","-724.48","-394.27","-726.4","54.12","2","2","","","",""
"boost_left_s13","boost_left","13","PASS","148.9","29.35","0","","","","","","194.94","-724.48","-405.35","-726.4","52.23","1","1","","","",""
"boost_left_s14","boost_left","14","PASS","127","27.54","0","","","","","","211.55","-724.1","-383.5","-724.48","34.99","2","2","","","StaticMeshCollectionActor_11907.2",""
"boost_left_s15","boost_left","15","PASS","69.4","23.42","0","","","","","","363.84","-720.77","-492.06","-724.48","31.78","1","1","","","StaticMeshCollectionActor_6420.10",""
"boost_left_s16","boost_left","16","PASS","234.2","29.64","0","","","","","","182.66","-724.51","-441.7","-724.51","78.54","0","0","","","StaticMeshCollectionActor_12115.7","StaticMeshCollectionActor_13351.7"
"boost_left_s17","boost_left","17","PASS","88.6","27.62","0","","","","","","76.23","-721.15","-544.82","-721.7","12.63","2","2","","","StaticMeshCollectionActor_4549.3;StaticMeshCollectionActor_4549.1;StaticMeshCollectionActor_4549.0","StaticMeshCollectionActor_13351.11"
"boost_left_s18","boost_left","18","PASS","102.3","24.46","0","","","","","","212.9","-723.54","-492.74","-724.48","23.31","2","2","","","","StaticMeshCollectionActor_13351.4"
"boost_left_s19","boost_left","19","PASS","111.2","22.59","0","","","","","","293.25","-724.4","-340.85","-724.48","42.62","1","1","","","","StaticMeshCollectionActor_12785.2"
"boost_left_s2","boost_left","2","PASS","150.7","27.69","0","","","","","","18.21","-721.7","-500.47","-721.7","53.39","2","2","","","StaticMeshCollectionActor_4549.2;StaticMeshCollectionActor_4549.0;StaticMeshCollectionActor_4549.1;StaticMeshCollectionActor_4549.3","StaticMeshCollectionActor_13351.10;StaticMeshCollectionActor_13351.11"
"boost_left_s20","boost_left","20","PASS","75.8","24.88","0","","","","","","135.1","-716.38","-405.44","-716.8","14.23","1","1","","","","StaticMeshCollectionActor_16332.7;StaticMeshCollectionActor_16332.4"
"boost_left_s21","boost_left","21","PASS","163.3","29.85","0","","","","","","251.05","-724.48","-368.54","-724.48","30.97","1","1","","","","StaticMeshCollectionActor_12785.7"
"boost_left_s22","boost_left","22","PASS","135.9","28.23","0","","","","","","211.52","-723.78","-383.48","-724.48","39.94","2","2","","","StaticMeshCollectionActor_11907.2",""
"boost_left_s23","boost_left","23","PASS","112.6","25.97","0","","","","","","56.07","-721.5","-519.96","-721.7","17.94","2","2","","","StaticMeshCollectionActor_4549.2;StaticMeshCollectionActor_4549.0;StaticMeshCollectionActor_4549.1;StaticMeshCollectionActor_4549.3","StaticMeshCollectionActor_13351.10"
"boost_left_s24","boost_left","24","PASS","148.4","29.22","0","","","","","","193.19","-724.48","-396.59","-726.4","46.78","1","1","","","",""
"boost_left_s25","boost_left","25","PASS","127.4","27.41","0","","","","","","211.15","-724.01","-373.43","-724.48","53.12","3","3","","","StaticMeshCollectionActor_11907.2",""
"boost_left_s26","boost_left","26","PASS","85.5","24.94","0","","","","","","137.58","-715.87","-405.38","-716.8","11.27","1","1","","","","StaticMeshCollectionActor_16332.7;StaticMeshCollectionActor_16332.4;StaticMeshCollectionActor_12785.8"
"boost_left_s27","boost_left","27","PASS","67.7","24.01","0","","","","","","333.32","-723.85","-480.03","-724.48","11.93","2","2","","","StaticMeshCollectionActor_6420.0",""
"boost_left_s28","boost_left","28","PASS","148.9","28.62","0","","","","","","201.03","-724.48","-405.03","-725.26","52.73","1","1","","","StaticMeshCollectionActor_11907.2",""
"boost_left_s29","boost_left","29","PASS","171.7","28.46","0","","","","","","228.88","-723.93","-379.83","-724.48","39.57","1","1","","","StaticMeshCollectionActor_6420.10;StaticMeshCollectionActor_2691.1","StaticMeshCollectionActor_12785.6;StaticMeshCollectionActor_12785.7"
"boost_left_s3","boost_left","3","PASS","83.4","25.06","0","","","","","","293.9","-705.69","-467.16","-706.64","4.76","2","2","","","",""
"boost_left_s30","boost_left","30","PASS","107.2","28.57","0","","","","","","72.51","-721.7","-532.46","-721.7","28.48","2","2","","","StaticMeshCollectionActor_4549.1;StaticMeshCollectionActor_4549.3;StaticMeshCollectionActor_4549.0","StaticMeshCollectionActor_13351.11"
"boost_left_s31","boost_left","31","PASS","121.2","27.62","0","","","","","","65","-720.93","-520.86","-721.7","9.76","2","2","","","StaticMeshCollectionActor_4549.2;StaticMeshCollectionActor_4549.0;StaticMeshCollectionActor_4549.1;StaticMeshCollectionActor_4549.3","StaticMeshCollectionActor_13351.10"
"boost_left_s32","boost_left","32","PASS","186","28.53","0","","","","","","202.76","-724.83","-501.92","-726.4","60.68","1","1","","","StaticMeshCollectionActor_6653.11","StaticMeshCollectionActor_12785.11"
"boost_left_s33","boost_left","33","PASS","89.5","25.48","0","","","","","","282.68","-722.8","-338.12","-722.8","39.54","1","1","","","",""
"boost_left_s34","boost_left","34","PASS","79.5","24.75","0","","","","","","211.82","-724.34","-480.95","-724.48","15.45","0","0","","","",""
"boost_left_s35","boost_left","35","FAIL ramp_hard_stop","150.1","27.27","0","","","","","","341.55","-705.83","-433.44","-706.56","50.13","2","1","boost_left_s35@f285 (324.4,-701.8,-383.2) from 12.2 m/s rise 4.81","","","StaticMeshCollectionActor_13351.7"
"boost_left_s36","boost_left","36","PASS","88.7","28.08","0","","","","","","212.63","-723.55","-492.89","-724.48","21.94","2","2","","","",""
"boost_left_s37","boost_left","37","PASS","142.5","27.42","0","","","","","","105.22","-716.43","-546.58","-716.8","50.75","1","1","","","",""
"boost_left_s38","boost_left","38","PASS","158","29.78","0","","","","","","249.6","-724.08","-374.87","-724.48","35.49","1","1","","","","StaticMeshCollectionActor_12785.7"
"boost_left_s39","boost_left","39","PASS","144","28.57","0","","","","","","35.81","-721.7","-511.81","-721.7","34.73","2","2","","","StaticMeshCollectionActor_4549.2;StaticMeshCollectionActor_4549.0;StaticMeshCollectionActor_4549.1;StaticMeshCollectionActor_4549.3","StaticMeshCollectionActor_13351.10;StaticMeshCollectionActor_13351.11"
"boost_left_s4","boost_left","4","PASS","196.3","28.15","0","","","","","","173.58","-726.4","-489.35","-726.4","67.12","0","0","","","","StaticMeshCollectionActor_12785.11"
"boost_left_s40","boost_left","40","PASS","115.1","27.28","0","","","","","","291.81","-723.61","-363.89","-724.48","43.59","1","1","","","","StaticMeshCollectionActor_12785.2"
"boost_left_s41","boost_left","41","PASS","147.8","29.12","0","","","","","","194.35","-724.48","-397.56","-726.4","56.59","1","1","","","",""
"boost_left_s42","boost_left","42","PASS","79.2","24.42","0","","","","","","296.77","-705.92","-466.87","-706.56","10.06","2","2","","","",""
"boost_left_s43","boost_left","43","PASS","135.7","28.57","0","","","","","","34.97","-721.7","-509.24","-721.7","37.32","2","2","","","StaticMeshCollectionActor_4549.2;StaticMeshCollectionActor_4549.0;StaticMeshCollectionActor_4549.1;StaticMeshCollectionActor_4549.3","StaticMeshCollectionActor_13351.10;StaticMeshCollectionActor_13351.11"
"boost_left_s44","boost_left","44","PASS","88.9","25.83","0","","","","","","291.7","-705.85","-466.85","-706.64","1.95","2","2","","","",""
"boost_left_s45","boost_left","45","PASS","81.3","22.77","0","","","","","","312.26","-706.02","-463.38","-706.56","18.79","2","2","","","",""
"boost_left_s46","boost_left","46","PASS","127.2","29.18","0","","","","","","300.13","-706.3","-376.67","-706.56","27.16","2","2","","","StaticMeshCollectionActor_4868.4","StaticMeshCollectionActor_13351.7"
"boost_left_s47","boost_left","47","PASS","92.1","25.36","0","","","","","","213.3","-723.72","-493.57","-724.48","21.08","2","2","","","","StaticMeshCollectionActor_13351.4"
"boost_left_s48","boost_left","48","PASS","95.2","22.8","0","","","","","","284.06","-723.29","-336.17","-723.29","38.54","2","1","","","",""
"boost_left_s49","boost_left","49","PASS","131.7","28.14","0","","","","","","206.67","-724.48","-372.53","-724.48","52.46","2","2","","","StaticMeshCollectionActor_11907.2",""
"boost_left_s5","boost_left","5","PASS","134.1","29.65","0","","","","","","157.88","-721.5","-557.74","-721.5","24.76","1","1","","","StaticMeshCollectionActor_2691.3","StaticMeshCollectionActor_12785.11"
"boost_left_s50","boost_left","50","PASS","88.3","27.66","0","","","","","","75.86","-720.89","-563.47","-721.7","3.32","0","0","","","StaticMeshCollectionActor_4549.3;StaticMeshCollectionActor_4549.1;StaticMeshCollectionActor_4549.0","StaticMeshCollectionActor_13351.11"
"boost_left_s51","boost_left","51","FAIL ramp_hard_stop","46.7","19.9","0","","","","","","145.92","-716.01","-406.3","-716.8","3.33","3","2","boost_left_s51@f35 (111.3,-706.2,-419.3) from 8.4 m/s rise -0.42","","","StaticMeshCollectionActor_16332.7;StaticMeshCollectionActor_16332.4"
"boost_left_s52","boost_left","52","PASS","118.6","28.81","0","","","","","","302.45","-706.56","-379.57","-706.56","23.87","2","2","","","StaticMeshCollectionActor_4868.4",""
"boost_left_s53","boost_left","53","PASS","70.3","23.22","0","","","","","","140.19","-715.96","-405.24","-716.8","7.16","1","1","","","","StaticMeshCollectionActor_16332.7;StaticMeshCollectionActor_16332.4;StaticMeshCollectionActor_12785.8"
"boost_left_s54","boost_left","54","PASS","111.3","26.4","0","","","","","","293.74","-723.7","-367.25","-724.48","43.25","1","1","","","",""
"boost_left_s55","boost_left","55","PASS","142.3","28.87","0","","","","","","353.7","-705.84","-433.87","-706.56","49.03","1","1","","","",""
"boost_left_s56","boost_left","56","PASS","202.8","29.55","0","","","","","","225.01","-724.48","-417.18","-724.48","52.35","1","1","","","","StaticMeshCollectionActor_12785.7;StaticMeshCollectionActor_12785.4"
"boost_left_s57","boost_left","57","PASS","193.1","29.28","0","","","","","","242.74","-724.48","-398.42","-724.48","37.27","1","1","","","","StaticMeshCollectionActor_12785.7"
"boost_left_s58","boost_left","58","PASS","77.3","26.03","0","","","","","","76.25","-721.7","-559.68","-721.7","2.44","0","0","","","StaticMeshCollectionActor_4549.3;StaticMeshCollectionActor_4549.1;StaticMeshCollectionActor_4549.0","StaticMeshCollectionActor_13351.11"
"boost_left_s59","boost_left","59","PASS","79","24.54","0","","","","","","212.02","-724.48","-470.74","-724.48","3.16","0","0","","","",""
"boost_left_s6","boost_left","6","PASS","53.5","21.08","0","","","","","","342.42","-724.48","-483.13","-724.48","8.41","1","1","","","StaticMeshCollectionActor_6420.10",""
"boost_left_s60","boost_left","60","PASS","64","20.53","0","","","","","","393.29","-724.48","-338.36","-724.48","17.02","2","2","","","StaticMeshCollectionActor_10416.11;StaticMeshCollectionActor_14438.3;StaticMeshCollectionActor_7184.2","StaticMeshCollectionActor_12785.4"
"boost_left_s61","boost_left","61","PASS","163","27.47","0","","","","","","232.43","-723.86","-434.29","-724.48","54.84","1","1","","","","StaticMeshCollectionActor_12785.7"
"boost_left_s62","boost_left","62","PASS","198.6","29.69","0","","","","","","127.99","-726.4","-475.35","-727.04","50.12","1","1","","","StaticMeshCollectionActor_11907.2;StaticMeshCollectionActor_3034.0","StaticMeshCollectionActor_16332.2;StaticMeshCollectionActor_16332.9;StaticMeshCollectionActor_16332.3"
"boost_left_s63","boost_left","63","PASS","262.8","29.99","0","","","","","","197.5","-720.56","-338.96","-726.4","89.41","0","0","","","",""
"boost_left_s64","boost_left","64","PASS","175.3","28.37","0","","","","","","145.2","-725.3","-451.63","-726.4","53","2","2","","","","StaticMeshCollectionActor_13351.0"
"boost_left_s65","boost_left","65","PASS","124.2","29.35","0","","","","","","185.12","-724.48","-435.35","-726.4","34.13","1","1","","","",""
"boost_left_s66","boost_left","66","PASS","140","28.93","0","","","","","","202.89","-723.7","-409.28","-724.48","20.96","1","1","","","","StaticMeshCollectionActor_12785.2"
"boost_left_s67","boost_left","67","PASS","129.9","27.71","0","","","","","","332.1","-724.48","-424.18","-724.48","37.89","1","1","","","StaticMeshCollectionActor_2691.1;StaticMeshCollectionActor_6817.7","StaticMeshCollectionActor_12785.7"
"boost_left_s68","boost_left","68","FAIL ramp_hard_stop","59.1","21.52","0","","","","","","146.35","-715.89","-406.62","-716.8","2.84","3","2","boost_left_s68@f76 (111.3,-706.2,-419.8) from 19.9 m/s rise 0.35","","","StaticMeshCollectionActor_16332.7;StaticMeshCollectionActor_16332.4"
"boost_left_s69","boost_left","69","PASS","134.8","26.85","0","","","","","","119.68","-716.74","-566.48","-716.8","36.42","1","1","","","","StaticMeshCollectionActor_12785.11"
"boost_left_s7","boost_left","7","PASS","103","28.57","0","","","","","","76.32","-720.87","-544.91","-721.7","17.28","2","2","","","StaticMeshCollectionActor_4549.3;StaticMeshCollectionActor_4549.1;StaticMeshCollectionActor_4549.0","StaticMeshCollectionActor_13351.11"
"boost_left_s70","boost_left","70","PASS","121.4","27.05","0","","","","","","197.7","-726.4","-515.75","-726.4","11.51","1","1","","","","StaticMeshCollectionActor_13351.0"
"boost_left_s71","boost_left","71","PASS","130","28.34","0","","","","","","39.11","-721.7","-512.56","-721.7","32.62","2","2","","","StaticMeshCollectionActor_4549.2;StaticMeshCollectionActor_4549.0;StaticMeshCollectionActor_4549.1;StaticMeshCollectionActor_4549.3","StaticMeshCollectionActor_13351.10;StaticMeshCollectionActor_13351.11"
"boost_left_s72","boost_left","72","PASS","267.5","29.98","0","","","","","","130.69","-726.4","-479.05","-726.4","89.28","0","0","","","",""
"boost_left_s73","boost_left","73","PASS","108.5","29","0","","","","","","227.81","-723.8","-366.65","-724.48","1.38","1","1","","","StaticMeshCollectionActor_4868.5;StaticMeshCollectionActor_2691.0",""
"boost_left_s74","boost_left","74","PASS","88.7","26.74","0","","","","","","271.83","-717.96","-331.4","-717.96","37.75","1","1","","","",""
"boost_left_s75","boost_left","75","PASS","89","28.2","0","","","","","","76.19","-721.03","-544.77","-721.7","11.3","2","2","","","StaticMeshCollectionActor_4549.1;StaticMeshCollectionActor_4549.3;StaticMeshCollectionActor_4549.0","StaticMeshCollectionActor_13351.11"
"boost_left_s76","boost_left","76","PASS","87.4","25.83","0","","","","","","306.03","-706.11","-465.03","-706.56","11.43","2","2","","","",""
"boost_left_s77","boost_left","77","PASS","145.2","28.42","0","","","","","","213.18","-724.48","-391.17","-724.48","48.44","2","2","","","StaticMeshCollectionActor_11907.2",""
"boost_left_s78","boost_left","78","PASS","240.2","30","0","","","","","","101.64","-706.18","-452.64","-706.54","60.26","1","1","","","",""
"boost_left_s79","boost_left","79","PASS","239.9","30","0","","","","","","342.82","-705.34","-457.44","-706.54","59.73","1","1","","","",""
"boost_left_s8","boost_left","8","PASS","60","24.67","0","","","","","","335.2","-723.63","-479.81","-724.48","18.43","2","2","","","StaticMeshCollectionActor_6420.10",""
"boost_left_s80","boost_left","80","PASS","157.1","28.91","0","","","","","","293.16","-724.4","-332.92","-724.48","32.16","2","2","","","","StaticMeshCollectionActor_12785.6;StaticMeshCollectionActor_12785.5;StaticMeshCollectionActor_12785.4;StaticMeshCollectionActor_12785.7"
"boost_left_s81","boost_left","81","PASS","101","26.56","0","","","","","","211.64","-723.67","-490.37","-724.48","26.72","2","2","","","",""
"boost_left_s82","boost_left","82","PASS","70","23.94","0","","","","","","89.89","-706.05","-352.56","-706.56","24.71","2","2","","","","StaticMeshCollectionActor_16332.9;StaticMeshCollectionActor_12785.1;StaticMeshCollectionActor_16332.2"
"boost_left_s83","boost_left","83","PASS","71.7","25.6","0","","","","","","112.26","-726.16","-444.15","-727.04","36.71","2","2","","","StaticMeshCollectionActor_3034.3;StaticMeshCollectionActor_3034.0",""
"boost_left_s9","boost_left","9","PASS","41.5","26.57","0","","","","","","350.7","-723.81","-354.35","-724.48","1.2","1","1","","","","StaticMeshCollectionActor_12785.4"
"boost_right_s0","boost_right","0","PASS","84.5","26.22","0","","","","","","154","-725.73","-509.4","-726.4","1.87","2","2","","","",""
"boost_right_s1","boost_right","1","PASS","119.4","28.22","0","","","","","","199.53","-716.36","-604.7","-716.8","6.88","2","2","","","","StaticMeshCollectionActor_12785.11"
"boost_right_s10","boost_right","10","PASS","102.1","25.83","0","","","","","","321.18","-706.51","-373.65","-706.71","28.49","2","2","","","",""
"boost_right_s11","boost_right","11","PASS","80.2","21.85","0","","","","","","133.08","-717.67","-438.17","-717.67","17.12","1","1","","","StaticMeshCollectionActor_1212.8","StaticMeshCollectionActor_16332.7;StaticMeshCollectionActor_16332.4;StaticMeshCollectionActor_12785.8"
"boost_right_s12","boost_right","12","PASS","74.8","24.68","0","","","","","","148.9","-726.08","-509.36","-726.4","5.7","3","3","","","",""
"boost_right_s13","boost_right","13","PASS","113.4","29.35","0","","","","","","187.28","-726.4","-493.37","-726.4","22.39","1","1","","","",""
"boost_right_s14","boost_right","14","PASS","111.6","27.54","0","","","","","","88.6","-705.53","-335.75","-706.56","35.58","3","3","","","StaticMeshCollectionActor_11907.2;StaticMeshCollectionActor_11907.1","StaticMeshCollectionActor_16332.11"
"boost_right_s15","boost_right","15","PASS","134.6","29.09","0","","","","","","336.89","-724.48","-380.24","-724.48","73.24","2","2","","","StaticMeshCollectionActor_6420.10","StaticMeshCollectionActor_12785.6;StaticMeshCollectionActor_12785.5"
"boost_right_s16","boost_right","16","PASS","174","29.64","0","","","","","","227.96","-723.6","-379.73","-724.48","14.71","2","2","","","","StaticMeshCollectionActor_13351.7"
"boost_right_s17","boost_right","17","PASS","150.5","27.62","0","","","","","","22.98","-721.27","-618.93","-721.7","52.95","2","2","","","StaticMeshCollectionActor_4549.3;StaticMeshCollectionActor_4549.1;StaticMeshCollectionActor_4549.0;StaticMeshCollectionActor_4549.2","StaticMeshCollectionActor_13351.11;StaticMeshCollectionActor_13351.10"
"boost_right_s18","boost_right","18","PASS","70.4","23.11","0","","","","","","219.74","-724.48","-463.25","-724.48","8.49","0","0","","","","StaticMeshCollectionActor_13351.4"
"boost_right_s19","boost_right","19","PASS","165.5","29.58","0","","","","","","101.74","-706.56","-345.95","-706.72","81.84","2","2","","","StaticMeshCollectionActor_11907.1","StaticMeshCollectionActor_12785.2;StaticMeshCollectionActor_13351.5;StaticMeshCollectionActor_13351.6;StaticMeshCollectionActor_16332.11"
"boost_right_s2","boost_right","2","PASS","89.1","27.62","0","","","","","","76.19","-721.19","-564.32","-721.7","13.26","2","2","","","StaticMeshCollectionActor_4549.2;StaticMeshCollectionActor_4549.0;StaticMeshCollectionActor_4549.1","StaticMeshCollectionActor_13351.10"
"boost_right_s20","boost_right","20","PASS","87.3","24.88","0","","","","","","131.08","-717.06","-438.12","-717.06","18.74","1","1","","","","StaticMeshCollectionActor_16332.7;StaticMeshCollectionActor_16332.4;StaticMeshCollectionActor_12785.8"
"boost_right_s21","boost_right","21","PASS","138.8","29.85","0","","","","","","265.48","-716.95","-332.26","-724.48","4.81","1","1","","","","StaticMeshCollectionActor_12785.7"
"boost_right_s22","boost_right","22","PASS","118.8","28.23","0","","","","","","88.69","-705.63","-336.72","-706.56","36.11","3","3","","","StaticMeshCollectionActor_11907.2;StaticMeshCollectionActor_11907.1","StaticMeshCollectionActor_16332.11;StaticMeshCollectionActor_16332.2"
"boost_right_s23","boost_right","23","INFO stuck","75.7","25.97","0","","","","","","75.96","-721.7","-547.47","-721.7","0.23","0","0","","","StaticMeshCollectionActor_4549.2;StaticMeshCollectionActor_4549.0;StaticMeshCollectionActor_4549.1","StaticMeshCollectionActor_13351.10"
"boost_right_s24","boost_right","24","PASS","120.6","29.22","0","","","","","","185.73","-726.4","-498.79","-726.4","28.38","2","2","","","",""
"boost_right_s25","boost_right","25","PASS","101.6","27.41","0","","","","","","88.66","-706.21","-338.6","-706.56","32.54","3","3","","","StaticMeshCollectionActor_11907.2;StaticMeshCollectionActor_11907.1","StaticMeshCollectionActor_16332.11"
"boost_right_s26","boost_right","26","PASS","66.3","24.94","0","","","","","","143.76","-716.43","-435.19","-716.8","6.5","1","1","","","","StaticMeshCollectionActor_16332.7;StaticMeshCollectionActor_16332.4"
"boost_right_s27","boost_right","27","PASS","150.9","28.85","0","","","","","","313.52","-724.07","-363.52","-724.48","33.77","2","2","","","","StaticMeshCollectionActor_12785.6;StaticMeshCollectionActor_12785.7;StaticMeshCollectionActor_12785.5"
"boost_right_s28","boost_right","28","PASS","102.9","28.62","0","","","","","","140.24","-725.62","-389.87","-725.62","6.73","1","1","","","StaticMeshCollectionActor_11907.2",""
"boost_right_s29","boost_right","29","PASS","135.9","27.77","0","","","","","","299","-724.21","-363.38","-724.48","1.35","2","2","","","StaticMeshCollectionActor_6420.10","StaticMeshCollectionActor_12785.6;StaticMeshCollectionActor_12785.7;StaticMeshCollectionActor_12785.5"
"boost_right_s3","boost_right","3","PASS","118.1","27.74","0","","","","","","289.11","-723.59","-334.85","-724.48","50.38","3","3","","","",""
"boost_right_s30","boost_right","30","PASS","142.9","28.57","0","","","","","","28.22","-721.7","-603.68","-721.7","43.21","2","2","","","StaticMeshCollectionActor_4549.1;StaticMeshCollectionActor_4549.3;StaticMeshCollectionActor_4549.0;StaticMeshCollectionActor_4549.2","StaticMeshCollectionActor_13351.11;StaticMeshCollectionActor_13351.10"
"boost_right_s31","boost_right","31","PASS","88.3","27.62","0","","","","","","75.82","-721.14","-545.18","-721.7","4.56","0","0","","","StaticMeshCollectionActor_4549.2;StaticMeshCollectionActor_4549.0;StaticMeshCollectionActor_4549.1","StaticMeshCollectionActor_13351.10"
"boost_right_s32","boost_right","32","PASS","136.2","28.53","0","","","","","","200.25","-721.33","-559.8","-721.33","9.33","0","0","","","StaticMeshCollectionActor_6653.11","StaticMeshCollectionActor_12785.11"
"boost_right_s33","boost_right","33","PASS","111.2","25.48","0","","","","","","150.22","-724.68","-364.07","-724.68","26.94","2","2","","","","StaticMeshCollectionActor_13351.5;StaticMeshCollectionActor_13351.6"
"boost_right_s34","boost_right","34","PASS","77.1","25.92","0","","","","","","231.24","-723.66","-462.36","-724.48","7.17","2","2","","","",""
"boost_right_s35","boost_right","35","PASS","212.4","29.68","0","","","","","","204.15","-724.48","-422.44","-724.48","47.25","1","1","","","","StaticMeshCollectionActor_13351.7"
"boost_right_s36","boost_right","36","PASS","115.8","28.08","0","","","","","","267.56","-724.11","-464.72","-724.48","47.18","2","2","","","",""
"boost_right_s37","boost_right","37","PASS","148.9","28.82","0","","","","","","200.47","-723.13","-554.4","-723.13","16.01","0","0","","","","StaticMeshCollectionActor_12785.11"
"boost_right_s38","boost_right","38","PASS","126.5","29.78","0","","","","","","266.05","-716.09","-332.43","-724.48","3.6","1","1","","","","StaticMeshCollectionActor_12785.7"
"boost_right_s39","boost_right","39","PASS","103.6","28.57","0","","","","","","76.34","-720.85","-564.24","-721.7","17.36","2","2","","","StaticMeshCollectionActor_4549.2;StaticMeshCollectionActor_4549.0;StaticMeshCollectionActor_4549.1","StaticMeshCollectionActor_13351.10"
"boost_right_s4","boost_right","4","PASS","152.7","28.73","0","","","","","","200.78","-722.57","-556.13","-722.57","15.39","0","0","","","","StaticMeshCollectionActor_12785.11"
"boost_right_s40","boost_right","40","PASS","154.8","29.03","0","","","","","","120.7","-706.56","-343.58","-706.72","73.37","1","1","","","","StaticMeshCollectionActor_12785.2;StaticMeshCollectionActor_13351.5;StaticMeshCollectionActor_13351.6;StaticMeshCollectionActor_16332.11"
"boost_right_s41","boost_right","41","PASS","111.7","29.12","0","","","","","","184.59","-726.4","-500.08","-726.4","29.62","1","1","","","",""
"boost_right_s42","boost_right","42","PASS","101.5","24.52","0","","","","","","327.13","-706.56","-369.76","-706.71","35.55","2","2","","","",""
"boost_right_s43","boost_right","43","PASS","104.2","28.57","0","","","","","","72.79","-721.7","-573.6","-721.7","25.51","2","2","","","StaticMeshCollectionActor_4549.2;StaticMeshCollectionActor_4549.0;StaticMeshCollectionActor_4549.1","StaticMeshCollectionActor_13351.10"
"boost_right_s44","boost_right","44","PASS","125.2","27.74","0","","","","","","288.88","-723.75","-335.42","-724.48","51.12","3","3","","","",""
"boost_right_s45","boost_right","45","PASS","118.2","25.07","0","","","","","","291.53","-723.47","-334.46","-724.48","26.99","3","3","","","",""
"boost_right_s46","boost_right","46","PASS","91.8","29.18","0","","","","","","302.44","-705.86","-325.64","-706.56","1.41","2","2","","","StaticMeshCollectionActor_4868.4","StaticMeshCollectionActor_13351.7"
"boost_right_s47","boost_right","47","PASS","63.1","21.53","0","","","","","","217.28","-724.48","-463.22","-724.48","8.5","0","0","","","","StaticMeshCollectionActor_13351.4"
"boost_right_s48","boost_right","48","PASS","138","23.82","0","","","","","","125.16","-726.31","-367.16","-727.04","36.84","3","3","","","","StaticMeshCollectionActor_13351.5;StaticMeshCollectionActor_13351.6"
"boost_right_s49","boost_right","49","PASS","110.3","28.14","0","","","","","","88.75","-705.54","-338.75","-706.56","34.23","3","3","","","StaticMeshCollectionActor_11907.2;StaticMeshCollectionActor_11907.1","StaticMeshCollectionActor_16332.11"
"boost_right_s5","boost_right","5","FAIL passed_through","136.7","29.65","1","403","1.2","StaticMeshCollectionActor_8404","176.35,-715.6,-577.69","StaticMeshCollectionActor_8404","198.77","-715.93","-574.48","-716.8","17.58","3","3","","","StaticMeshCollectionActor_2691.3;StaticMeshCollectionActor_1325.6","StaticMeshCollectionActor_12785.11"
"boost_right_s50","boost_right","50","PASS","121.2","27.66","0","","","","","","63.15","-720.78","-588.82","-721.7","10.96","2","2","","","StaticMeshCollectionActor_4549.1;StaticMeshCollectionActor_4549.3;StaticMeshCollectionActor_4549.0;StaticMeshCollectionActor_4549.2","StaticMeshCollectionActor_13351.11"
"boost_right_s51","boost_right","51","FAIL ramp_hard_stop","59.9","23.59","0","","","","","","133.16","-718.04","-438.33","-719.28","16.13","2","1","boost_right_s51@f35 (111.3,-706.2,-419.3) from 8.4 m/s rise -0.42","","","StaticMeshCollectionActor_16332.7;StaticMeshCollectionActor_16332.4"
"boost_right_s52","boost_right","52","PASS","81.3","28.81","0","","","","","","304.17","-706.13","-325","-706.56","3.13","2","2","","","StaticMeshCollectionActor_4868.4",""
"boost_right_s53","boost_right","53","PASS","75.1","23.22","0","","","","","","126.06","-718.8","-438","-718.8","23.69","1","1","","","","StaticMeshCollectionActor_16332.7;StaticMeshCollectionActor_16332.4"
"boost_right_s54","boost_right","54","PASS","155.4","29.27","0","","","","","","112.47","-706.56","-342.82","-706.72","77.15","1","1","","","","StaticMeshCollectionActor_13351.5;StaticMeshCollectionActor_13351.6;StaticMeshCollectionActor_16332.11"
"boost_right_s55","boost_right","55","PASS","195.5","28.87","0","","","","","","219.67","-724.48","-428.9","-724.48","56.1","1","1","","","",""
"boost_right_s56","boost_right","56","PASS","128.7","26.46","0","","","","","","266.03","-717.05","-330.79","-724.48","20.17","0","0","","","","StaticMeshCollectionActor_12785.7"
"boost_right_s57","boost_right","57","PASS","143.1","29.28","0","","","","","","266.39","-716.71","-331.47","-724.48","2.57","1","1","","","","StaticMeshCollectionActor_12785.7"
"boost_right_s58","boost_right","58","PASS","111.5","26.03","0","","","","","","57.58","-721.7","-589.97","-721.7","16.78","2","2","","","StaticMeshCollectionActor_4549.1;StaticMeshCollectionActor_4549.3;StaticMeshCollectionActor_4549.0;StaticMeshCollectionActor_4549.2","StaticMeshCollectionActor_13351.11"
"boost_right_s59","boost_right","59","PASS","109","25.98","0","","","","","","252.28","-723.43","-463.24","-724.48","35.73","1","1","","","StaticMeshCollectionActor_5261.10",""
"boost_right_s6","boost_right","6","PASS","164.3","29.38","0","","","","","","326.66","-723.58","-361.69","-724.48","75.46","0","0","","","StaticMeshCollectionActor_6420.10","StaticMeshCollectionActor_12785.6;StaticMeshCollectionActor_12785.5"
"boost_right_s60","boost_right","60","PASS","114.1","26.8","0","","","","","","263.8","-715.75","-332.77","-724.48","38.44","2","2","","","","StaticMeshCollectionActor_12785.4;StaticMeshCollectionActor_12785.7"
"boost_right_s61","boost_right","61","PASS","68.7","26.03","0","","","","","","270.25","-718.57","-331.79","-724.48","3.78","1","1","","","","StaticMeshCollectionActor_12785.7"
"boost_right_s62","boost_right","62","PASS","150.9","29.69","0","","","","","","93.88","-726.74","-439.09","-727.04","2.94","2","2","","","StaticMeshCollectionActor_11907.2","StaticMeshCollectionActor_16332.2;StaticMeshCollectionActor_16332.9"
"boost_right_s63","boost_right","63","PASS","262.8","29.99","0","","","","","","197.5","-720.56","-338.96","-726.4","89.41","0","0","","","",""
"boost_right_s64","boost_right","64","PASS","152.1","28.37","0","","","","","","202.02","-724.84","-501.71","-726.4","7.39","1","1","","","","StaticMeshCollectionActor_13351.0"
"boost_right_s65","boost_right","65","PASS","130.4","29.35","0","","","","","","192.35","-726.4","-515.06","-726.4","42.45","1","1","","","",""
"boost_right_s66","boost_right","66","PASS","136.1","28.93","0","","","","","","161.26","-723.62","-414.72","-724.48","19.6","2","2","","","","StaticMeshCollectionActor_12785.2"
"boost_right_s67","boost_right","67","PASS","155.7","27.75","0","","","","","","188.53","-724.1","-429.7","-724.48","58.58","2","2","","","",""
"boost_right_s68","boost_right","68","FAIL ramp_hard_stop","63.7","23.66","0","","","","","","141.24","-716.23","-435.37","-719.42","7.59","2","1","boost_right_s68@f76 (111.3,-706.2,-419.8) from 19.9 m/s rise 0.35","","","StaticMeshCollectionActor_16332.7;StaticMeshCollectionActor_16332.4"
"boost_right_s69","boost_right","69","PASS","142","28.67","0","","","","","","200.08","-721.76","-558.54","-721.76","10.19","0","0","","","","StaticMeshCollectionActor_12785.11"
"boost_right_s7","boost_right","7","PASS","158.8","28.57","0","","","","","","28.88","-721.7","-616.38","-721.7","48.73","2","2","","","StaticMeshCollectionActor_4549.3;StaticMeshCollectionActor_4549.1;StaticMeshCollectionActor_4549.0;StaticMeshCollectionActor_4549.2","StaticMeshCollectionActor_13351.11;StaticMeshCollectionActor_13351.10"
"boost_right_s70","boost_right","70","PASS","123.4","27.05","0","","","","","","189.32","-717.69","-570.16","-723.85","17.27","2","2","","","","StaticMeshCollectionActor_13351.0"
"boost_right_s71","boost_right","71","PASS","92","28.34","0","","","","","","76.15","-721.03","-564.39","-721.7","11.3","2","2","","","StaticMeshCollectionActor_4549.2;StaticMeshCollectionActor_4549.0;StaticMeshCollectionActor_4549.1","StaticMeshCollectionActor_13351.10"
"boost_right_s72","boost_right","72","PASS","267.5","29.98","0","","","","","","130.69","-726.4","-479.05","-726.4","89.28","0","0","","","",""
"boost_right_s73","boost_right","73","PASS","109.7","29","0","","","","","","229.88","-723.58","-365.84","-724.48","1.34","1","1","","","StaticMeshCollectionActor_4868.5;StaticMeshCollectionActor_2691.0",""
"boost_right_s74","boost_right","74","PASS","146.4","29.01","0","","","","","","125.2","-706.1","-328.34","-706.72","72.17","1","1","","","","StaticMeshCollectionActor_13351.5;StaticMeshCollectionActor_13351.6;StaticMeshCollectionActor_16332.11"
"boost_right_s75","boost_right","75","PASS","148.9","28.2","0","","","","","","26.36","-721.7","-620.66","-721.7","52.87","2","2","","","StaticMeshCollectionActor_4549.1;StaticMeshCollectionActor_4549.3;StaticMeshCollectionActor_4549.0;StaticMeshCollectionActor_4549.2","StaticMeshCollectionActor_13351.11;StaticMeshCollectionActor_13351.10"
"boost_right_s76","boost_right","76","PASS","117.1","26.97","0","","","","","","328.76","-706.56","-354.28","-706.56","46.81","2","2","","","",""
"boost_right_s77","boost_right","77","PASS","116.7","28.42","0","","","","","","89.43","-705.66","-339.92","-706.56","35.56","3","3","","","StaticMeshCollectionActor_11907.2;StaticMeshCollectionActor_11907.1","StaticMeshCollectionActor_16332.11"
"boost_right_s78","boost_right","78","PASS","241.1","30","0","","","","","","101.22","-705.62","-451.38","-706.54","60.71","1","1","","","",""
"boost_right_s79","boost_right","79","PASS","239.9","30","0","","","","","","342.82","-705.34","-459.04","-706.54","59.73","1","1","","","",""
"boost_right_s8","boost_right","8","PASS","114.2","24.67","0","","","","","","342.63","-724.41","-386.52","-724.48","38.04","2","2","","","StaticMeshCollectionActor_6420.10","StaticMeshCollectionActor_12785.6;StaticMeshCollectionActor_12785.5"
"boost_right_s80","boost_right","80","PASS","90.8","25.77","0","","","","","","347.79","-723.54","-384.07","-724.48","20.36","2","2","","","","StaticMeshCollectionActor_12785.6;StaticMeshCollectionActor_12785.5"
"boost_right_s81","boost_right","81","PASS","86.7","24.14","0","","","","","","269.5","-724.48","-449.2","-724.48","22.98","2","2","","","","StaticMeshCollectionActor_13351.4"
"boost_right_s82","boost_right","82","PASS","83.9","22.77","0","","","","","","111.1","-725.21","-439.26","-725.55","21.23","3","2","","boost_right_s82@f326 (114.9,-706.2,-415.7) from 18.5 m/s rise -0.42","StaticMeshCollectionActor_3034.1","StaticMeshCollectionActor_12785.0;StaticMeshCollectionActor_16332.10;StaticMeshCollectionActor_16332.6"
"boost_right_s83","boost_right","83","PASS","65.7","23.75","0","","","","","","113.58","-726.05","-398.28","-727.04","30.92","3","3","","","StaticMeshCollectionActor_3034.3",""
"boost_right_s9","boost_right","9","PASS","81.2","26.57","0","","","","","","319.64","-723.72","-326.87","-724.48","23.72","2","2","","","","StaticMeshCollectionActor_12785.4"
"boost_s0","boost","0","INFO stuck","87.5","26.22","0","","","","","","193.36","-725.55","-471.64","-726.4","0","2","2","","","","StaticMeshCollectionActor_11239.11"
"boost_s1","boost","1","PASS","153.4","24.86","0","","","","","","201.32","-726.12","-543.55","-726.24","36.41","1","1","","","StaticMeshCollectionActor_2691.3","StaticMeshCollectionActor_12785.11"
"boost_s10","boost","10","INFO stuck","33.1","25.83","0","","","","","","303.74","-706.05","-430.84","-706.56","0","1","1","","","",""
"boost_s11","boost","11","PASS","46.4","21.85","0","","","","","","150.79","-716.51","-417.23","-716.8","0.56","1","1","","","","StaticMeshCollectionActor_16332.7;StaticMeshCollectionActor_16332.4"
"boost_s12","boost","12","INFO stuck","80.4","27.52","0","","","","","","194.45","-725.78","-470.69","-726.4","0","3","3","","","",""
"boost_s13","boost","13","INFO stuck","85.9","29.35","0","","","","","","193.36","-726.09","-467.89","-726.4","0","1","1","","","",""
"boost_s14","boost","14","PASS","88.7","27.54","0","","","","","","150.73","-724.42","-390.26","-725.18","35.25","2","2","","","StaticMeshCollectionActor_11907.2",""
"boost_s15","boost","15","INFO stuck","36.2","23.42","0","","","","","","334.51","-723.98","-479.13","-724.48","0.22","1","1","","","StaticMeshCollectionActor_6420.10",""
"boost_s16","boost","16","PASS","202.4","29.64","0","","","","","","204.3","-723.52","-408.64","-724.48","42.25","0","0","","","","StaticMeshCollectionActor_13351.7"
"boost_s17","boost","17","INFO stuck","69.4","27.62","0","","","","","","75.74","-721.36","-564.12","-721.7","0.29","1","1","","","StaticMeshCollectionActor_4549.3;StaticMeshCollectionActor_4549.1;StaticMeshCollectionActor_4549.0","StaticMeshCollectionActor_13351.11"
"boost_s18","boost","18","INFO stuck","73.3","23.11","0","","","","","","214.88","-723.59","-462.51","-724.48","0.03","1","1","","","","StaticMeshCollectionActor_13351.4"
"boost_s19","boost","19","INFO stuck","45.8","22.54","0","","","","","","224.92","-706.18","-346.99","-706.72","0.06","1","1","","","","StaticMeshCollectionActor_12785.2;StaticMeshCollectionActor_13351.5"
"boost_s2","boost","2","INFO stuck","69.9","27.62","0","","","","","","75.84","-721.4","-544.98","-721.7","0.29","1","1","","","StaticMeshCollectionActor_4549.2;StaticMeshCollectionActor_4549.0;StaticMeshCollectionActor_4549.1","StaticMeshCollectionActor_13351.10"
"boost_s20","boost","20","INFO stuck","52.8","24.88","0","","","","","","150.04","-716.33","-418.05","-716.8","0.11","1","1","","","","StaticMeshCollectionActor_16332.7;StaticMeshCollectionActor_16332.4"
"boost_s21","boost","21","INFO stuck","130.8","29.85","0","","","","","","264.02","-716.01","-338.65","-724.48","0.02","1","1","","","","StaticMeshCollectionActor_12785.7"
"boost_s22","boost","22","PASS","97.6","28.23","0","","","","","","150.65","-724.8","-390.22","-725.18","36.7","2","2","","","StaticMeshCollectionActor_11907.2",""
"boost_s23","boost","23","INFO stuck","71.2","25.97","0","","","","","","75.14","-720.85","-544.82","-721.7","0.24","1","1","","","StaticMeshCollectionActor_4549.2;StaticMeshCollectionActor_4549.0;StaticMeshCollectionActor_4549.1","StaticMeshCollectionActor_13351.10"
"boost_s24","boost","24","INFO stuck","80.1","29.22","0","","","","","","191.44","-725.88","-461.49","-726.4","0","1","1","","","",""
"boost_s25","boost","25","PASS","49.3","27.41","0","","","","","","136.51","-705.68","-352.05","-706.56","0.9","1","1","","","StaticMeshCollectionActor_11907.2",""
"boost_s26","boost","26","PASS","56.2","24.94","0","","","","","","150.83","-716.46","-425.4","-716.8","1.11","1","1","","","","StaticMeshCollectionActor_16332.7;StaticMeshCollectionActor_16332.4"
"boost_s27","boost","27","INFO stuck","48.6","24.01","0","","","","","","330.5","-723.63","-457.25","-724.48","0.06","1","1","","","",""
"boost_s28","boost","28","INFO stuck","95.9","28.62","0","","","","","","146.08","-724.58","-393.19","-725.41","0","1","1","","","StaticMeshCollectionActor_11907.2",""
"boost_s29","boost","29","PASS","83.6","26.4","0","","","","","","306.16","-723.58","-412.72","-724.48","1.46","1","1","","","StaticMeshCollectionActor_6420.10","StaticMeshCollectionActor_12785.6;StaticMeshCollectionActor_12785.7"
"boost_s3","boost","3","INFO stuck","25.5","24.42","0","","","","","","303.74","-705.67","-421.88","-706.56","0","1","1","","","",""
"boost_s30","boost","30","INFO stuck","74.6","28.57","0","","","","","","74.48","-721.42","-565.04","-721.7","0.26","1","1","","","StaticMeshCollectionActor_4549.1;StaticMeshCollectionActor_4549.3;StaticMeshCollectionActor_4549.0","StaticMeshCollectionActor_13351.11"
"boost_s31","boost","31","INFO stuck","85.8","27.62","0","","","","","","75.49","-721.6","-545.04","-721.7","0.28","1","1","","","StaticMeshCollectionActor_4549.2;StaticMeshCollectionActor_4549.0;StaticMeshCollectionActor_4549.1","StaticMeshCollectionActor_13351.10"
"boost_s32","boost","32","PASS","157.9","28.53","0","","","","","","202.42","-725.18","-532.28","-725.6","14.61","1","1","","","StaticMeshCollectionActor_6653.11","StaticMeshCollectionActor_12785.11"
"boost_s33","boost","33","INFO stuck","30.7","25.48","0","","","","","","226.04","-706.15","-346.84","-706.72","0","1","1","","","",""
"boost_s34","boost","34","INFO stuck","58.2","26.04","0","","","","","","213.59","-723.77","-465.15","-724.48","0","1","1","","","",""
"boost_s35","boost","35","PASS","225.2","29.61","0","","","","","","238.07","-723.97","-479.27","-724.48","57.36","0","0","","","","StaticMeshCollectionActor_13351.7"
"boost_s36","boost","36","INFO stuck","61","28.08","0","","","","","","213.56","-723.75","-465.12","-724.48","0","1","1","","","",""
"boost_s37","boost","37","PASS","160.7","27.33","0","","","","","","201.48","-726.11","-543.58","-726.17","36.13","1","1","","","StaticMeshCollectionActor_2691.3","StaticMeshCollectionActor_12785.11"
"boost_s38","boost","38","INFO stuck","118.5","29.78","0","","","","","","264.1","-716.13","-338.2","-724.48","0.02","1","1","","","","StaticMeshCollectionActor_12785.7"
"boost_s39","boost","39","INFO stuck","84.4","28.57","0","","","","","","75.76","-720.9","-545.04","-721.7","0.26","1","1","","","StaticMeshCollectionActor_4549.2;StaticMeshCollectionActor_4549.0;StaticMeshCollectionActor_4549.1","StaticMeshCollectionActor_13351.10"
"boost_s4","boost","4","PASS","161","27.37","0","","","","","","201.64","-725.7","-543.24","-725.99","25.64","1","1","","","","StaticMeshCollectionActor_12785.11"
"boost_s40","boost","40","INFO stuck","44.8","27.28","0","","","","","","229.88","-705.88","-346.84","-706.72","0","1","1","","","","StaticMeshCollectionActor_12785.2"
"boost_s41","boost","41","INFO stuck","76.9","29.12","0","","","","","","193.36","-725.71","-467.89","-726.4","0","1","1","","","",""
"boost_s42","boost","42","INFO stuck","25.5","24.42","0","","","","","","303.74","-705.67","-430.84","-706.56","0","1","1","","","",""
"boost_s43","boost","43","INFO stuck","74.9","28.57","0","","","","","","74.55","-721.42","-544.27","-721.7","0.28","1","1","","","StaticMeshCollectionActor_4549.2;StaticMeshCollectionActor_4549.0;StaticMeshCollectionActor_4549.1","StaticMeshCollectionActor_13351.10"
"boost_s44","boost","44","INFO stuck","33.1","25.83","0","","","","","","303.74","-706.05","-421.88","-706.56","0","1","1","","","",""
"boost_s45","boost","45","INFO stuck","19.1","22.77","0","","","","","","303.74","-706.13","-427","-706.56","0","1","1","","","",""
"boost_s46","boost","46","INFO stuck","82.6","29.18","0","","","","","","303.74","-706.11","-333.15","-706.56","0","1","1","","","StaticMeshCollectionActor_4868.4","StaticMeshCollectionActor_13351.7"
"boost_s47","boost","47","INFO stuck","63.1","22.5","0","","","","","","214.88","-724.03","-462.64","-724.48","0.02","1","1","","","","StaticMeshCollectionActor_13351.4"
"boost_s48","boost","48","INFO stuck","37.3","22.36","0","","","","","","222.69","-705.85","-346.84","-706.72","0","1","1","","","","StaticMeshCollectionActor_13351.5"
"boost_s49","boost","49","PASS","58.2","28.14","0","","","","","","136.44","-706.08","-352.03","-706.56","0.93","1","1","","","StaticMeshCollectionActor_11907.2",""
"boost_s5","boost","5","PASS","123","29.65","0","","","","","","185.86","-716.8","-574.27","-716.8","13.93","1","1","","","StaticMeshCollectionActor_2691.3","StaticMeshCollectionActor_12785.11"
"boost_s50","boost","50","INFO stuck","85.6","27.66","0","","","","","","75.25","-721.51","-564.2","-721.7","0.21","1","1","","","StaticMeshCollectionActor_4549.1;StaticMeshCollectionActor_4549.3;StaticMeshCollectionActor_4549.0","StaticMeshCollectionActor_13351.11"
"boost_s51","boost","51","FAIL ramp_hard_stop","52.8","20.79","0","","","","","","151.6","-716.25","-416.26","-716.8","2.86","1","0","boost_s51@f35 (111.3,-706.2,-419.3) from 8.4 m/s rise -0.42","","","StaticMeshCollectionActor_16332.7;StaticMeshCollectionActor_16332.4;StaticMeshCollectionActor_12785.8"
"boost_s52","boost","52","INFO stuck","70.3","28.81","0","","","","","","303.74","-705.67","-333.15","-706.56","0","1","1","","","StaticMeshCollectionActor_4868.4",""
"boost_s53","boost","53","INFO stuck","43.8","23.22","0","","","","","","150.09","-716.02","-424.69","-716.8","0.09","1","1","","","","StaticMeshCollectionActor_16332.7;StaticMeshCollectionActor_16332.4"
"boost_s54","boost","54","INFO stuck","37.1","26.4","0","","","","","","229.88","-706.42","-346.84","-706.72","0","1","1","","","",""
"boost_s55","boost","55","PASS","169.3","28.87","0","","","","","","250.82","-724.48","-433.28","-724.48","46.02","1","1","","","",""
"boost_s56","boost","56","INFO stuck","128.5","29.15","0","","","","","","264.09","-716.18","-338.56","-724.48","0.11","1","1","","","","StaticMeshCollectionActor_12785.7"
"boost_s57","boost","57","PASS","141.1","29.28","0","","","","","","263.48","-716.47","-342.6","-724.48","1.87","1","1","","","","StaticMeshCollectionActor_12785.7"
"boost_s58","boost","58","INFO stuck","70.9","26.03","0","","","","","","75.06","-720.88","-564.49","-721.7","0.06","1","1","","","StaticMeshCollectionActor_4549.1;StaticMeshCollectionActor_4549.3;StaticMeshCollectionActor_4549.0","StaticMeshCollectionActor_13351.11"
"boost_s59","boost","59","INFO stuck","67.8","25.86","0","","","","","","213.63","-724.29","-465.38","-724.48","0.07","1","1","","","",""
"boost_s6","boost","6","INFO stuck","53","21.08","0","","","","","","331.94","-723.7","-469.17","-724.48","0.49","0","0","","","StaticMeshCollectionActor_6420.10",""
"boost_s60","boost","60","INFO stuck","21.5","20.37","0","","","","","","355.16","-723.59","-352.7","-724.48","0.04","1","1","","","","StaticMeshCollectionActor_12785.4"
"boost_s61","boost","61","PASS","62.5","26.03","0","","","","","","263.73","-716.19","-338.25","-724.48","1.56","1","1","","","","StaticMeshCollectionActor_12785.7"
"boost_s62","boost","62","INFO stuck","148.6","29.69","0","","","","","","95.4","-726.17","-437.18","-727.04","0.39","1","1","","","StaticMeshCollectionActor_11907.2","StaticMeshCollectionActor_16332.2;StaticMeshCollectionActor_16332.9"
"boost_s63","boost","63","PASS","262.8","29.99","0","","","","","","197.5","-720.56","-338.96","-726.4","89.41","0","0","","","",""
"boost_s64","boost","64","PASS","171.6","28.37","0","","","","","","194.34","-725.97","-468.34","-726.4","53.66","2","2","","","","StaticMeshCollectionActor_13351.0"
"boost_s65","boost","65","INFO stuck","85.8","29.35","0","","","","","","193.36","-726.09","-471.04","-726.4","0","1","1","","","",""
"boost_s66","boost","66","INFO stuck","114.8","28.93","0","","","","","","179.93","-721.13","-407.86","-724.48","0.01","1","1","","","","StaticMeshCollectionActor_12785.2"
"boost_s67","boost","67","PASS","169.9","28.95","0","","","","","","267.66","-723.58","-515.37","-724.48","42.56","1","1","","","StaticMeshCollectionActor_2691.1","StaticMeshCollectionActor_13351.4"
"boost_s68","boost","68","FAIL ramp_hard_stop","58.5","21.52","0","","","","","","150.7","-716.5","-417.12","-716.8","1.08","2","1","boost_s68@f76 (111.3,-706.2,-419.8) from 19.9 m/s rise 0.35","","","StaticMeshCollectionActor_16332.7;StaticMeshCollectionActor_16332.4"
"boost_s69","boost","69","PASS","151.9","26.85","0","","","","","","201.8","-725.51","-543.25","-725.84","18.74","1","1","","","StaticMeshCollectionActor_2691.3","StaticMeshCollectionActor_12785.11"
"boost_s7","boost","7","INFO stuck","83.8","28.57","0","","","","","","75.8","-720.85","-564.09","-721.7","0.23","1","1","","","StaticMeshCollectionActor_4549.3;StaticMeshCollectionActor_4549.1;StaticMeshCollectionActor_4549.0","StaticMeshCollectionActor_13351.11"
"boost_s70","boost","70","INFO stuck","102.9","27.05","0","","","","","","199.79","-725.76","-542.29","-726.4","0","1","1","","","","StaticMeshCollectionActor_13351.0"
"boost_s71","boost","71","INFO stuck","72.9","28.34","0","","","","","","75.36","-721.58","-544.99","-721.7","0.04","1","1","","","StaticMeshCollectionActor_4549.2;StaticMeshCollectionActor_4549.0;StaticMeshCollectionActor_4549.1","StaticMeshCollectionActor_13351.10"
"boost_s72","boost","72","PASS","267.5","29.98","0","","","","","","130.69","-726.4","-479.05","-726.4","89.28","0","0","","","",""
"boost_s73","boost","73","INFO stuck","106.8","29","0","","","","","","228.43","-724.35","-365.62","-724.48","0","1","1","","","StaticMeshCollectionActor_4868.5;StaticMeshCollectionActor_2691.0",""
"boost_s74","boost","74","INFO stuck","43.1","26.74","0","","","","","","230.13","-705.97","-347.94","-706.72","0.09","1","1","","","",""
"boost_s75","boost","75","INFO stuck","69.6","28.2","0","","","","","","75.01","-721.27","-564.37","-721.7","0.14","1","1","","","StaticMeshCollectionActor_4549.1;StaticMeshCollectionActor_4549.3;StaticMeshCollectionActor_4549.0","StaticMeshCollectionActor_13351.11"
"boost_s76","boost","76","PASS","34.7","25.83","0","","","","","","303.36","-706.05","-429.32","-706.56","0.53","1","1","","","",""
"boost_s77","boost","77","PASS","63.1","28.42","0","","","","","","143.24","-705.75","-352.57","-706.56","1.75","1","1","","","StaticMeshCollectionActor_11907.2",""
"boost_s78","boost","78","PASS","240.3","30","0","","","","","","101.57","-706.18","-452.06","-706.54","60.34","1","1","","","",""
"boost_s79","boost","79","PASS","238.8","30","0","","","","","","342.3","-706.16","-458.24","-706.54","59.2","1","1","","","",""
"boost_s8","boost","8","INFO stuck","38.6","24.67","0","","","","","","329.97","-724.07","-458.8","-724.48","0.17","1","1","","","StaticMeshCollectionActor_6420.10",""
"boost_s80","boost","80","PASS","146.9","28.59","0","","","","","","323.87","-724.02","-328.53","-724.48","32.31","3","3","","","","StaticMeshCollectionActor_12785.6;StaticMeshCollectionActor_12785.5;StaticMeshCollectionActor_12785.4"
"boost_s81","boost","81","INFO stuck","77.4","24.14","0","","","","","","214.71","-723.7","-462.79","-724.48","0.01","2","2","","","",""
"boost_s82","boost","82","INFO stuck","19.1","22.77","0","","","","","","109.98","-706.06","-385.28","-706.56","0","1","1","","","",""
"boost_s83","boost","83","INFO stuck","30.5","23.75","0","","","","","","83.3","-726.14","-415.59","-727.04","0.01","2","2","","","StaticMeshCollectionActor_3034.3",""
"boost_s9","boost","9","INFO stuck","39.1","26.57","0","","","","","","348.5","-724.45","-353.53","-724.48","0","1","1","","","","StaticMeshCollectionActor_12785.4"
"drive_s0","drive","0","PASS","88","15.99","0","","","","","","193.49","-725.16","-468.3","-725.62","11.51","2","2","","","",""
"drive_s1","drive","1","PASS","130.1","15.08","0","","","","","","198.74","-720.83","-557.41","-720.83","37.64","1","1","","","StaticMeshCollectionActor_2691.3","StaticMeshCollectionActor_12785.11"
"drive_s10","drive","10","INFO stuck","33.2","15","0","","","","","","303.67","-705.33","-430.84","-705.78","0","1","1","","","",""
"drive_s11","drive","11","PASS","46","15.09","0","","","","","","150.84","-715.56","-416.73","-716.41","0.83","1","1","","","","StaticMeshCollectionActor_16332.7;StaticMeshCollectionActor_16332.4"
"drive_s12","drive","12","PASS","79","15.99","0","","","","","","193.49","-725.16","-468.3","-725.62","2.51","2","2","","","",""
"drive_s13","drive","13","INFO stuck","86","15","0","","","","","","193.49","-725.16","-467.89","-725.62","0","1","1","","","",""
"drive_s14","drive","14","PASS","60.7","15.01","0","","","","","","147.44","-705.22","-362.5","-705.78","10.52","1","1","","","StaticMeshCollectionActor_11907.2",""
"drive_s15","drive","15","INFO stuck","34.5","15.05","0","","","","","","334.55","-723.24","-479.08","-723.67","0.08","1","1","","","",""
"drive_s16","drive","16","PASS","142.6","15.03","0","","","","","","247.95","-723.24","-379.56","-724.14","40.85","0","0","","","StaticMeshCollectionActor_4868.4","StaticMeshCollectionActor_13351.7"
"drive_s17","drive","17","INFO stuck","68.9","15","0","","","","","","76.38","-720.46","-563.91","-720.92","0","1","1","","","StaticMeshCollectionActor_4549.3;StaticMeshCollectionActor_4549.1;StaticMeshCollectionActor_4549.0","StaticMeshCollectionActor_13351.11"
"drive_s18","drive","18","INFO stuck","68","15","0","","","","","","214.7","-723.24","-462.48","-723.7","0","1","1","","","",""
"drive_s19","drive","19","INFO stuck","44.8","15","0","","","","","","221.14","-705.49","-346.84","-705.94","0","1","1","","","","StaticMeshCollectionActor_12785.2;StaticMeshCollectionActor_13351.5"
"drive_s2","drive","2","INFO stuck","69.4","15","0","","","","","","76.39","-720.46","-545.25","-720.92","0","1","1","","","StaticMeshCollectionActor_4549.2;StaticMeshCollectionActor_4549.0;StaticMeshCollectionActor_4549.1","StaticMeshCollectionActor_13351.10"
"drive_s20","drive","20","INFO stuck","50.8","15.08","0","","","","","","149.87","-715.56","-416.38","-716.41","0.35","1","1","","","","StaticMeshCollectionActor_16332.7;StaticMeshCollectionActor_16332.4"
"drive_s21","drive","21","PASS","139.6","15.01","0","","","","","","254.42","-711.73","-338.65","-723.7","37.95","1","0","","","","StaticMeshCollectionActor_12785.7"
"drive_s22","drive","22","PASS","61.8","15.01","0","","","","","","146.23","-705.43","-354.9","-705.78","3.51","1","1","","","StaticMeshCollectionActor_11907.2",""
"drive_s23","drive","23","INFO stuck","64.7","15.01","0","","","","","","75.23","-720.46","-544.91","-720.92","0.06","1","1","","","StaticMeshCollectionActor_4549.0;StaticMeshCollectionActor_4549.2;StaticMeshCollectionActor_4549.1","StaticMeshCollectionActor_13351.10"
"drive_s24","drive","24","INFO stuck","80.2","15","0","","","","","","191.57","-725.16","-461.49","-725.62","0","1","1","","","",""
"drive_s25","drive","25","PASS","52.8","15.01","0","","","","","","136.26","-705.42","-353.04","-705.78","1.02","0","0","","","StaticMeshCollectionActor_11907.2",""
"drive_s26","drive","26","INFO stuck","51.8","15.57","0","","","","","","150.2","-715.56","-423.99","-716.08","0.23","1","1","","","","StaticMeshCollectionActor_16332.7;StaticMeshCollectionActor_16332.4"
"drive_s27","drive","27","INFO stuck","45.8","15.04","0","","","","","","329.22","-723.24","-459.16","-723.67","0","1","1","","","",""
"drive_s28","drive","28","PASS","94.1","15.02","0","","","","","","146.47","-724","-391.4","-724.96","2.25","1","1","","","StaticMeshCollectionActor_11907.2",""
"drive_s29","drive","29","PASS","144.2","15.01","0","","","","","","254.46","-723.31","-375.54","-723.51","44.73","0","0","","","StaticMeshCollectionActor_2691.1","StaticMeshCollectionActor_12785.6;StaticMeshCollectionActor_12785.7"
"drive_s3","drive","3","INFO stuck","25.5","15","0","","","","","","303.67","-705.33","-421.88","-705.78","0","1","1","","","",""
"drive_s30","drive","30","INFO stuck","72.8","15","0","","","","","","76.09","-720.46","-563.72","-720.92","0","1","1","","","StaticMeshCollectionActor_4549.1;StaticMeshCollectionActor_4549.3;StaticMeshCollectionActor_4549.0","StaticMeshCollectionActor_13351.11"
"drive_s31","drive","31","INFO stuck","79.2","15.01","0","","","","","","75.23","-720.46","-544.91","-720.92","0.21","1","1","","","StaticMeshCollectionActor_4549.0;StaticMeshCollectionActor_4549.2;StaticMeshCollectionActor_4549.1","StaticMeshCollectionActor_13351.10"
"drive_s32","drive","32","PASS","137.6","15.14","0","","","","","","200.78","-724.06","-547.53","-724.06","38.66","0","0","","","StaticMeshCollectionActor_2691.3;StaticMeshCollectionActor_1325.6","StaticMeshCollectionActor_12785.11"
"drive_s33","drive","33","INFO stuck","30.7","15","0","","","","","","226.04","-705.49","-346.84","-705.94","0","1","1","","","",""
"drive_s34","drive","34","INFO stuck","54.9","15","0","","","","","","213.52","-723.24","-465.44","-723.7","0","1","1","","","",""
"drive_s35","drive","35","PASS","144.6","15.28","0","","","","","","285.02","-710.4","-421.93","-710.4","44","0","0","","","","StaticMeshCollectionActor_13351.7"
"drive_s36","drive","36","INFO stuck","63.9","15","0","","","","","","214.59","-723.24","-463.53","-724.13","0.38","1","1","","","",""
"drive_s37","drive","37","PASS","138.4","15.06","0","","","","","","199.78","-721.88","-554.1","-721.88","39.45","0","0","","","StaticMeshCollectionActor_2691.3","StaticMeshCollectionActor_12785.11"
"drive_s38","drive","38","PASS","138.9","15.01","0","","","","","","242.7","-707.64","-338.2","-723.7","37.56","1","0","","","","StaticMeshCollectionActor_12785.7"
"drive_s39","drive","39","INFO stuck","83.9","15","0","","","","","","76.39","-720.46","-545.25","-720.92","0","1","1","","","StaticMeshCollectionActor_4549.2;StaticMeshCollectionActor_4549.0;StaticMeshCollectionActor_4549.1","StaticMeshCollectionActor_13351.10"
"drive_s4","drive","4","PASS","131.8","15.07","0","","","","","","191.24","-718.4","-564.81","-718.4","38.13","1","1","","","StaticMeshCollectionActor_2691.3","StaticMeshCollectionActor_12785.11"
"drive_s40","drive","40","INFO stuck","44.8","15","0","","","","","","229.88","-705.49","-346.84","-705.94","0","1","1","","","","StaticMeshCollectionActor_12785.2"
"drive_s41","drive","41","INFO stuck","77","15","0","","","","","","193.49","-725.16","-467.89","-725.62","0","1","1","","","",""
"drive_s42","drive","42","INFO stuck","25.5","15","0","","","","","","303.67","-705.33","-430.84","-705.78","0","1","1","","","",""
"drive_s43","drive","43","INFO stuck","73.3","15","0","","","","","","76.15","-720.46","-545.46","-720.92","0","1","1","","","StaticMeshCollectionActor_4549.2;StaticMeshCollectionActor_4549.0;StaticMeshCollectionActor_4549.1","StaticMeshCollectionActor_13351.10"
"drive_s44","drive","44","INFO stuck","33.2","15","0","","","","","","303.67","-705.33","-421.88","-705.78","0","1","1","","","",""
"drive_s45","drive","45","INFO stuck","19.1","15","0","","","","","","303.67","-705.33","-427","-705.78","0","1","1","","","",""
"drive_s46","drive","46","INFO stuck","82.7","15.01","0","","","","","","303.67","-705.33","-333.19","-705.51","0","1","1","","","StaticMeshCollectionActor_4868.4","StaticMeshCollectionActor_13351.7"
"drive_s47","drive","47","INFO stuck","59.1","15","0","","","","","","214.7","-723.24","-462.48","-723.7","0","1","1","","","",""
"drive_s48","drive","48","INFO stuck","37.1","15","0","","","","","","221.19","-705.49","-346.84","-705.94","0","1","1","","","","StaticMeshCollectionActor_13351.5"
"drive_s49","drive","49","PASS","61.7","15.01","0","","","","","","136.36","-705.43","-353.04","-705.78","1.2","0","0","","","StaticMeshCollectionActor_11907.2",""
"drive_s5","drive","5","PASS","105.5","15","0","","","","","","173.01","-715.56","-578.42","-716.02","3.62","1","1","","","StaticMeshCollectionActor_2691.3","StaticMeshCollectionActor_12785.11"
"drive_s50","drive","50","INFO stuck","78.8","15","0","","","","","","75","-720.46","-564.31","-720.92","0","1","1","","","StaticMeshCollectionActor_4549.1;StaticMeshCollectionActor_4549.3;StaticMeshCollectionActor_4549.0","StaticMeshCollectionActor_13351.11"
"drive_s51","drive","51","INFO stuck","42.5","15.68","0","","","","","","150.15","-715.56","-418.09","-716.01","0.23","1","1","","","","StaticMeshCollectionActor_16332.7;StaticMeshCollectionActor_16332.4"
"drive_s52","drive","52","INFO stuck","70.3","15.02","0","","","","","","303.67","-705.33","-333.17","-705.6","0","1","1","","","StaticMeshCollectionActor_4868.4",""
"drive_s53","drive","53","INFO stuck","42.3","15.84","0","","","","","","149.95","-715.56","-425.79","-716.85","0.47","1","1","","","","StaticMeshCollectionActor_16332.7;StaticMeshCollectionActor_16332.4"
"drive_s54","drive","54","INFO stuck","37.1","15","0","","","","","","229.88","-705.49","-346.84","-705.94","0","1","1","","","",""
"drive_s55","drive","55","INFO stuck","77.5","15.01","0","","","","","","322.06","-702.05","-382.51","-705.56","0","0","0","","","",""
"drive_s56","drive","56","PASS","135.2","15.02","0","","","","","","255.32","-712.01","-333.82","-723.39","38","1","0","","","StaticMeshCollectionActor_6817.2","StaticMeshCollectionActor_12785.7"
"drive_s57","drive","57","PASS","138.8","15.03","0","","","","","","260.52","-713.53","-334.04","-723.32","38.49","1","0","","","StaticMeshCollectionActor_6817.2","StaticMeshCollectionActor_12785.7"
"drive_s58","drive","58","INFO stuck","64.3","15","0","","","","","","75","-720.46","-564.31","-720.92","0","1","1","","","StaticMeshCollectionActor_4549.1;StaticMeshCollectionActor_4549.3;StaticMeshCollectionActor_4549.0","StaticMeshCollectionActor_13351.11"
"drive_s59","drive","59","INFO stuck","63.9","15","0","","","","","","213.5","-723.24","-465.45","-723.7","0","1","1","","","",""
"drive_s6","drive","6","INFO stuck","43.1","15.04","0","","","","","","334.71","-723.24","-479.33","-723.7","0.02","1","1","","","",""
"drive_s60","drive","60","INFO stuck","14.6","15","0","","","","","","356.12","-723.24","-353.09","-723.7","0","1","1","","","","StaticMeshCollectionActor_12785.4"
"drive_s61","drive","61","PASS","133.2","15.02","0","","","","","","188.32","-705.31","-344.29","-723.7","44.74","2","0","","","","StaticMeshCollectionActor_12785.7;StaticMeshCollectionActor_13351.5;StaticMeshCollectionActor_13351.6"
"drive_s62","drive","62","PASS","144.2","15.05","0","","","","","","95.56","-725.8","-434.76","-726.43","44.75","0","0","","","StaticMeshCollectionActor_11907.2","StaticMeshCollectionActor_16332.2;StaticMeshCollectionActor_16332.9"
"drive_s63","drive","63","PASS","144.9","15.05","0","","","","","","193.88","-724.84","-456.75","-725.73","44.76","0","0","","","",""
"drive_s64","drive","64","PASS","138.1","15.05","0","","","","","","193.13","-725.16","-500.92","-725.72","44.02","1","1","","","StaticMeshCollectionActor_2691.4","StaticMeshCollectionActor_13351.0"
"drive_s65","drive","65","INFO stuck","86","15.04","0","","","","","","193.49","-725.16","-471.11","-725.62","0","1","1","","","",""
"drive_s66","drive","66","FAIL ramp_hard_stop","135.1","15.69","0","","","","","","179.56","-718.55","-425.8","-723.81","33.18","1","0","drive_s66@f485 (180.0,-720.3,-407.9) from 15.4 m/s rise 2.95","","StaticMeshCollectionActor_2691.6","StaticMeshCollectionActor_12785.2"
"drive_s67","drive","67","PASS","82.6","16.39","0","","","","","","274.23","-724.12","-433.92","-724.25","42.34","1","1","","","",""
"drive_s68","drive","68","INFO stuck","55.5","15.64","0","","","","","","150.16","-715.56","-418.3","-715.97","0.23","1","1","","","","StaticMeshCollectionActor_16332.7;StaticMeshCollectionActor_16332.4"
"drive_s69","drive","69","PASS","135.9","15.01","0","","","","","","199.81","-721.65","-554.77","-721.65","40.32","0","0","","","StaticMeshCollectionActor_2691.3","StaticMeshCollectionActor_12785.11"
"drive_s7","drive","7","INFO stuck","83.4","15","0","","","","","","76.38","-720.46","-563.91","-720.92","0","1","1","","","StaticMeshCollectionActor_4549.3;StaticMeshCollectionActor_4549.1;StaticMeshCollectionActor_4549.0","StaticMeshCollectionActor_13351.11"
"drive_s70","drive","70","PASS","106.6","15.04","0","","","","","","201.13","-724.78","-543.72","-724.88","8.08","1","1","","","","StaticMeshCollectionActor_13351.0"
"drive_s71","drive","71","INFO stuck","72.4","15","0","","","","","","76.2","-720.46","-545.22","-720.92","0","1","1","","","StaticMeshCollectionActor_4549.2;StaticMeshCollectionActor_4549.0;StaticMeshCollectionActor_4549.1","StaticMeshCollectionActor_13351.10"
"drive_s72","drive","72","PASS","123.4","15.01","0","","","","","","268.52","-721.54","-412.84","-724.14","22.14","1","1","","","StaticMeshCollectionActor_4868.4",""
"drive_s73","drive","73","PASS","106.7","15.15","0","","","","","","228.4","-723.22","-365.62","-724.19","11.15","1","1","","","StaticMeshCollectionActor_4868.5;StaticMeshCollectionActor_2691.0",""
"drive_s74","drive","74","INFO stuck","43.1","15","0","","","","","","230.05","-705.49","-348.02","-705.94","0.16","1","1","","","",""
"drive_s75","drive","75","INFO stuck","68.5","15","0","","","","","","76.29","-720.46","-563.65","-720.92","0","1","1","","","StaticMeshCollectionActor_4549.1;StaticMeshCollectionActor_4549.3;StaticMeshCollectionActor_4549.0","StaticMeshCollectionActor_13351.11"
"drive_s76","drive","76","INFO stuck","34","15","0","","","","","","303.67","-705.33","-428.86","-705.78","0.41","1","1","","","",""
"drive_s77","drive","77","INFO stuck","60.4","15.01","0","","","","","","140.94","-705.17","-351.73","-705.78","0.31","1","1","","","StaticMeshCollectionActor_11907.2",""
"drive_s78","drive","78","PASS","146.4","15","0","","","","","","195.14","-705.3","-454.26","-705.75","44.75","0","0","","","",""
"drive_s79","drive","79","PASS","146.4","15","0","","","","","","249.85","-705.3","-458.24","-705.75","44.75","0","0","","","",""
"drive_s8","drive","8","INFO stuck","38.5","15","0","","","","","","329.37","-723.24","-459.04","-723.44","0.03","1","1","","","",""
"drive_s80","drive","80","PASS","107.6","15.03","0","","","","","","344.57","-723.24","-365.65","-723.7","11.87","2","2","","","StaticMeshCollectionActor_2413.11","StaticMeshCollectionActor_12785.6;StaticMeshCollectionActor_12785.5"
"drive_s81","drive","81","INFO stuck","75.4","15","0","","","","","","214.7","-723.24","-462.43","-723.7","0.08","2","2","","","",""
"drive_s82","drive","82","INFO stuck","19.1","15","0","","","","","","110","-705.32","-385.28","-705.78","0","1","1","","","",""
"drive_s83","drive","83","INFO stuck","29.7","15","0","","","","","","82.98","-725.72","-414.77","-726.26","0.05","1","1","","","StaticMeshCollectionActor_3034.3",""
"drive_s9","drive","9","INFO stuck","39","15","0","","","","","","348.55","-723.22","-353.44","-723.45","0","1","1","","","","StaticMeshCollectionActor_12785.4"
"nitro_s0","nitro","0","INFO stuck","89","30.21","0","","","","","","194.45","-725.55","-470.58","-726.4","0","2","2","","","",""
"nitro_s1","nitro","1","PASS","150.1","25.81","0","","","","","","201.45","-726.16","-543.52","-726.18","43.03","2","2","","","StaticMeshCollectionActor_2691.3","StaticMeshCollectionActor_12785.11"
"nitro_s10","nitro","10","INFO stuck","33.1","29.3","0","","","","","","303.74","-705.68","-430.84","-706.56","0","1","1","","","",""
"nitro_s11","nitro","11","PASS","46.5","25.11","0","","","","","","150.73","-716.41","-417.46","-716.8","0.53","1","1","","","","StaticMeshCollectionActor_16332.7;StaticMeshCollectionActor_16332.4"
"nitro_s12","nitro","12","INFO stuck","78.6","26.47","0","","","","","","193.35","-726.21","-471.48","-726.4","0","2","2","","","","StaticMeshCollectionActor_11239.11"
"nitro_s13","nitro","13","INFO stuck","85.9","39.85","0","","","","","","193.36","-726.11","-467.89","-726.4","0","1","1","","","",""
"nitro_s14","nitro","14","PASS","88.7","33.41","0","","","","","","150.74","-724.27","-390.27","-725.18","34.56","2","2","","","StaticMeshCollectionActor_11907.2",""
"nitro_s15","nitro","15","INFO stuck","36.7","27.68","0","","","","","","334.29","-724.2","-479.49","-724.48","0.11","1","1","","","StaticMeshCollectionActor_6420.10",""
"nitro_s16","nitro","16","PASS","222.3","40.47","0","","","","","","188.43","-723.62","-421.1","-724.48","45.44","1","0","","nitro_s16@f331 (229.5,-724.3,-387.3) from 14.5 m/s rise -3.53","","StaticMeshCollectionActor_13351.7"
"nitro_s17","nitro","17","INFO stuck","70.7","33.97","0","","","","","","75","-721.27","-565.23","-721.7","0.14","1","1","","","StaticMeshCollectionActor_4549.3;StaticMeshCollectionActor_4549.1;StaticMeshCollectionActor_4549.0","StaticMeshCollectionActor_13351.11"
"nitro_s18","nitro","18","INFO stuck","68.1","30","0","","","","","","214.76","-723.59","-462.72","-724.48","0.02","1","1","","","",""
"nitro_s19","nitro","19","INFO stuck","44.9","30","0","","","","","","221.86","-706.62","-346.84","-706.72","0","1","1","","","","StaticMeshCollectionActor_12785.2;StaticMeshCollectionActor_13351.5"
"nitro_s2","nitro","2","PASS","72.4","33.83","0","","","","","","74.67","-720.98","-542.81","-721.7","1.25","1","1","","","StaticMeshCollectionActor_4549.2;StaticMeshCollectionActor_4549.0;StaticMeshCollectionActor_4549.1;StaticMeshCollectionActor_4549.3","StaticMeshCollectionActor_13351.10"
"nitro_s20","nitro","20","PASS","58.7","28.25","0","","","","","","151.4","-715.91","-422.94","-716.8","3.24","2","2","","","","StaticMeshCollectionActor_16332.7;StaticMeshCollectionActor_16332.4;StaticMeshCollectionActor_12785.8"
"nitro_s21","nitro","21","INFO stuck","130.9","42.71","0","","","","","","264.02","-715.72","-338.65","-724.48","0.01","1","1","","","","StaticMeshCollectionActor_12785.7"
"nitro_s22","nitro","22","PASS","68.8","35.5","0","","","","","","152.08","-705.6","-358.15","-706.56","9.9","1","1","","","StaticMeshCollectionActor_11907.2",""
"nitro_s23","nitro","23","INFO stuck","74.1","29.67","0","","","","","","74.86","-721.39","-543.77","-721.7","0.12","1","1","","","StaticMeshCollectionActor_4549.2;StaticMeshCollectionActor_4549.0;StaticMeshCollectionActor_4549.1;StaticMeshCollectionActor_4549.3","StaticMeshCollectionActor_13351.10"
"nitro_s24","nitro","24","INFO stuck","80.1","39.21","0","","","","","","191.44","-725.95","-461.49","-726.4","0","1","1","","","",""
"nitro_s25","nitro","25","PASS","49","33.41","0","","","","","","136.28","-706.04","-351.98","-706.56","0.84","1","1","","","StaticMeshCollectionActor_11907.2",""
"nitro_s26","nitro","26","PASS","57.5","28.34","0","","","","","","151.03","-716.37","-425.67","-716.8","0.73","1","1","","","","StaticMeshCollectionActor_16332.7;StaticMeshCollectionActor_16332.4;StaticMeshCollectionActor_12785.8"
"nitro_s27","nitro","27","PASS","47.5","28.56","0","","","","","","330.44","-723.86","-457.97","-724.48","0.51","1","1","","","",""
"nitro_s28","nitro","28","INFO stuck","94.3","36.93","0","","","","","","147.76","-724.86","-393.2","-725.26","0.02","1","1","","","StaticMeshCollectionActor_11907.2",""
"nitro_s29","nitro","29","PASS","159.1","31.05","0","","","","","","273.7","-724.11","-349.81","-724.48","29.58","1","1","","","StaticMeshCollectionActor_6420.10","StaticMeshCollectionActor_12785.6;StaticMeshCollectionActor_12785.7;StaticMeshCollectionActor_12785.5"
"nitro_s3","nitro","3","INFO stuck","25.5","26.03","0","","","","","","303.74","-706.2","-421.88","-706.56","0","1","1","","","",""
"nitro_s30","nitro","30","PASS","106.8","36.83","0","","","","","","88.98","-716.83","-588.51","-721.7","0.68","2","2","","","StaticMeshCollectionActor_4549.1;StaticMeshCollectionActor_4549.3;StaticMeshCollectionActor_4549.0;StaticMeshCollectionActor_4549.2","StaticMeshCollectionActor_13351.11;StaticMeshCollectionActor_12785.10"
"nitro_s31","nitro","31","INFO stuck","88.6","33.97","0","","","","","","75.68","-721.29","-544.82","-721.7","0.29","1","1","","","StaticMeshCollectionActor_4549.2;StaticMeshCollectionActor_4549.0;StaticMeshCollectionActor_4549.1","StaticMeshCollectionActor_13351.10"
"nitro_s32","nitro","32","PASS","152.3","36.62","0","","","","","","201.52","-725.85","-541.77","-726.16","5.59","1","1","","","StaticMeshCollectionActor_6653.11","StaticMeshCollectionActor_12785.11"
"nitro_s33","nitro","33","INFO stuck","30.7","28.34","0","","","","","","226.04","-705.97","-346.84","-706.72","0","1","1","","","",""
"nitro_s34","nitro","34","INFO stuck","56.3","30","0","","","","","","213.6","-723.76","-465.12","-724.48","0.06","1","1","","","",""
"nitro_s35","nitro","35","PASS","186.2","29.68","0","","","","","","249.38","-723.81","-435.78","-724.48","12.35","1","1","","","","StaticMeshCollectionActor_13351.7"
"nitro_s36","nitro","36","INFO stuck","61","35.26","0","","","","","","213.59","-724.13","-465.15","-724.48","0","1","1","","","",""
"nitro_s37","nitro","37","PASS","158.4","33.12","0","","","","","","201.72","-725.9","-543.55","-725.95","42.29","2","2","","","StaticMeshCollectionActor_2691.3","StaticMeshCollectionActor_12785.11"
"nitro_s38","nitro","38","INFO stuck","141.9","42.17","0","","","","","","240.64","-707.7","-338.2","-724.48","0.08","2","2","","","","StaticMeshCollectionActor_12785.7"
"nitro_s39","nitro","39","INFO stuck","84.3","36.83","0","","","","","","75.39","-721.36","-544.95","-721.7","0.29","1","1","","","StaticMeshCollectionActor_4549.2;StaticMeshCollectionActor_4549.0;StaticMeshCollectionActor_4549.1","StaticMeshCollectionActor_13351.10"
"nitro_s4","nitro","4","PASS","167","33.12","0","","","","","","201.36","-726.07","-543.46","-726.25","33.31","1","1","","","StaticMeshCollectionActor_2691.3","StaticMeshCollectionActor_12785.11"
"nitro_s40","nitro","40","INFO stuck","44.8","32.98","0","","","","","","229.88","-706.11","-346.84","-706.72","0","1","1","","","","StaticMeshCollectionActor_12785.2"
"nitro_s41","nitro","41","INFO stuck","76.9","38.83","0","","","","","","193.36","-725.73","-467.89","-726.4","0","1","1","","","",""
"nitro_s42","nitro","42","INFO stuck","25.5","26.03","0","","","","","","303.74","-706.2","-430.84","-706.56","0","1","1","","","",""
"nitro_s43","nitro","43","PASS","168.1","36.83","0","","","","","","137.24","-726.4","-484.24","-726.4","57.99","2","2","","","StaticMeshCollectionActor_4549.2;StaticMeshCollectionActor_4549.0;StaticMeshCollectionActor_4549.1;StaticMeshCollectionActor_4549.3;StaticMeshCollectionActor_4549.5","StaticMeshCollectionActor_13351.10;StaticMeshCollectionActor_12785.9"
"nitro_s44","nitro","44","INFO stuck","33.1","29.3","0","","","","","","303.74","-705.68","-421.88","-706.56","0","1","1","","","",""
"nitro_s45","nitro","45","INFO stuck","19.1","22.77","0","","","","","","303.74","-705.73","-427","-706.56","0","1","1","","","",""
"nitro_s46","nitro","46","INFO stuck","82.6","39.15","0","","","","","","303.74","-706.13","-333.15","-706.56","0","1","1","","","StaticMeshCollectionActor_4868.4","StaticMeshCollectionActor_13351.7"
"nitro_s47","nitro","47","INFO stuck","60.8","30","0","","","","","","214.8","-724.01","-462.77","-724.48","0.04","1","1","","","",""
"nitro_s48","nitro","48","INFO stuck","37.3","26.82","0","","","","","","222.69","-706.32","-346.84","-706.72","0","1","1","","","","StaticMeshCollectionActor_13351.5"
"nitro_s49","nitro","49","PASS","57.8","35.62","0","","","","","","136.12","-705.52","-351.91","-706.56","0.76","1","1","","","StaticMeshCollectionActor_11907.2",""
"nitro_s5","nitro","5","PASS","183.8","41.32","0","","","","","","201.81","-725.05","-514.34","-726.4","51.37","2","2","","","StaticMeshCollectionActor_2691.3","StaticMeshCollectionActor_12785.11"
"nitro_s50","nitro","50","INFO stuck","89.5","34.11","0","","","","","","74.68","-720.81","-564.94","-721.7","0.1","1","1","","","StaticMeshCollectionActor_4549.3;StaticMeshCollectionActor_4549.1;StaticMeshCollectionActor_4549.0","StaticMeshCollectionActor_13351.11"
"nitro_s51","nitro","51","FAIL ramp_hard_stop","55.3","24.6","0","","","","","","151.87","-716.62","-415.91","-716.8","0.11","1","0","nitro_s51@f35 (111.3,-706.2,-419.3) from 8.4 m/s rise -0.42","","","StaticMeshCollectionActor_16332.7;StaticMeshCollectionActor_16332.4;StaticMeshCollectionActor_12785.8"
"nitro_s52","nitro","52","INFO stuck","70.3","37.53","0","","","","","","303.74","-706.23","-333.15","-706.56","0","1","1","","","StaticMeshCollectionActor_4868.4",""
"nitro_s53","nitro","53","INFO stuck","46.2","26.56","0","","","","","","150.45","-716.79","-423.66","-716.8","0.47","1","1","","","","StaticMeshCollectionActor_16332.7;StaticMeshCollectionActor_16332.4"
"nitro_s54","nitro","54","INFO stuck","37.1","30.74","0","","","","","","229.88","-706.39","-346.84","-706.72","0","1","1","","","",""
"nitro_s55","nitro","55","PASS","166.6","37.9","0","","","","","","254.06","-724.48","-430.68","-724.48","31.42","1","1","","","",""
"nitro_s56","nitro","56","INFO stuck","131.7","31","0","","","","","","263.9","-716.06","-333.79","-724.48","0.36","1","1","","","","StaticMeshCollectionActor_12785.7"
"nitro_s57","nitro","57","INFO stuck","154","39.5","0","","","","","","252.08","-724.07","-352.58","-724.48","0","1","1","","","","StaticMeshCollectionActor_12785.7"
"nitro_s58","nitro","58","PASS","102.2","29.67","0","","","","","","88.74","-717.52","-587.98","-721.7","23.42","2","2","","","StaticMeshCollectionActor_4549.1;StaticMeshCollectionActor_4549.3;StaticMeshCollectionActor_4549.0;StaticMeshCollectionActor_4549.2;StaticMeshCollectionActor_14848.10","StaticMeshCollectionActor_13351.11;StaticMeshCollectionActor_12785.10"
"nitro_s59","nitro","59","INFO stuck","64.3","30","0","","","","","","213.7","-723.76","-465.21","-724.48","0.06","1","1","","","",""
"nitro_s6","nitro","6","PASS","53","23.67","0","","","","","","331.88","-724.18","-469.03","-724.48","0.61","1","1","","","StaticMeshCollectionActor_6420.10",""
"nitro_s60","nitro","60","INFO stuck","17.3","30","0","","","","","","354.77","-722.25","-353.25","-724.48","0.01","1","1","","","","StaticMeshCollectionActor_12785.4"
"nitro_s61","nitro","61","PASS","62.2","29.67","0","","","","","","263.56","-715.77","-335.55","-724.48","1.34","1","1","","","","StaticMeshCollectionActor_12785.7"
"nitro_s62","nitro","62","PASS","149.6","37.85","0","","","","","","94.87","-726.74","-437.18","-727.04","0.72","1","1","","","StaticMeshCollectionActor_11907.2","StaticMeshCollectionActor_16332.2;StaticMeshCollectionActor_16332.9"
"nitro_s63","nitro","63","PASS","278.8","39.11","0","","","","","","189.21","-716.21","-325.9","-726.4","79.55","0","0","","","",""
"nitro_s64","nitro","64","PASS","203.8","36.19","0","","","","","","195.74","-723.46","-435.73","-726.4","71.72","0","0","","","","StaticMeshCollectionActor_13351.0"
"nitro_s65","nitro","65","INFO stuck","85.8","39.85","0","","","","","","193.36","-726.11","-471.04","-726.4","0","1","1","","","",""
"nitro_s66","nitro","66","INFO stuck","114.9","35.4","0","","","","","","179.91","-721.1","-407.9","-724.48","0.01","1","1","","","","StaticMeshCollectionActor_12785.2"
"nitro_s67","nitro","67","PASS","86.5","27.66","0","","","","","","271.93","-723.94","-438.18","-724.48","50.99","2","2","","","",""
"nitro_s68","nitro","68","FAIL ramp_hard_stop","57.3","29.99","0","","","","","","150.02","-716.43","-416.56","-716.8","0.02","2","1","nitro_s68@f76 (111.3,-706.2,-419.8) from 19.9 m/s rise 0.35","","","StaticMeshCollectionActor_16332.7;StaticMeshCollectionActor_16332.4"
"nitro_s69","nitro","69","PASS","158.2","31.74","0","","","","","","201.29","-726.18","-543.24","-726.3","30.68","1","1","","","StaticMeshCollectionActor_2691.3","StaticMeshCollectionActor_12785.11"
"nitro_s7","nitro","7","INFO stuck","83.9","36.83","0","","","","","","75.23","-721.33","-564.27","-721.7","0.29","1","1","","","StaticMeshCollectionActor_4549.3;StaticMeshCollectionActor_4549.1;StaticMeshCollectionActor_4549.0","StaticMeshCollectionActor_13351.11"
"nitro_s70","nitro","70","INFO stuck","104.6","32.37","0","","","","","","199.87","-726.01","-538.25","-726.4","0","1","1","","","","StaticMeshCollectionActor_13351.0"
"nitro_s71","nitro","71","PASS","167.7","36.08","0","","","","","","136.59","-726.4","-487.33","-726.4","57.18","2","2","","","StaticMeshCollectionActor_4549.2;StaticMeshCollectionActor_4549.0;StaticMeshCollectionActor_4549.1;StaticMeshCollectionActor_4549.3;StaticMeshCollectionActor_4549.5","StaticMeshCollectionActor_13351.10;StaticMeshCollectionActor_12785.9"
"nitro_s72","nitro","72","PASS","279","38.98","0","","","","","","122.86","-726.03","-486.24","-726.4","62.62","1","1","","","",""
"nitro_s73","nitro","73","INFO stuck","106.8","37.96","0","","","","","","228.34","-723.96","-365.62","-724.48","0","1","1","","","StaticMeshCollectionActor_4868.5;StaticMeshCollectionActor_2691.0",""
"nitro_s74","nitro","74","INFO stuck","43.1","31.58","0","","","","","","230.21","-706.35","-347.61","-706.72","0.05","1","1","","","",""
"nitro_s75","nitro","75","INFO stuck","101.4","35.74","0","","","","","","88.63","-717.3","-588.17","-721.7","0.37","2","2","","","StaticMeshCollectionActor_4549.1;StaticMeshCollectionActor_4549.3;StaticMeshCollectionActor_4549.0;StaticMeshCollectionActor_4549.2","StaticMeshCollectionActor_13351.11;StaticMeshCollectionActor_12785.10"
"nitro_s76","nitro","76","INFO stuck","34.7","29.3","0","","","","","","303.4","-705.68","-429.33","-706.56","0.48","1","1","","","",""
"nitro_s77","nitro","77","PASS","65","35.85","0","","","","","","144.77","-706.45","-353.68","-706.56","3.13","1","1","","","StaticMeshCollectionActor_11907.2",""
"nitro_s78","nitro","78","PASS","241.1","42.74","0","","","","","","101.2","-705.7","-451.49","-706.54","24.06","1","1","","","",""
"nitro_s79","nitro","79","PASS","238.8","42.74","0","","","","","","342.3","-705.68","-458.24","-706.54","22.52","1","1","","","",""
"nitro_s8","nitro","8","INFO stuck","40","28.11","0","","","","","","330.39","-724.17","-457.64","-724.48","0.14","2","2","","","StaticMeshCollectionActor_6420.10",""
"nitro_s80","nitro","80","PASS","147.6","29.11","0","","","","","","321.88","-724.09","-328.88","-724.48","31.53","3","3","","","","StaticMeshCollectionActor_12785.6;StaticMeshCollectionActor_12785.5;StaticMeshCollectionActor_12785.4"
"nitro_s81","nitro","81","INFO stuck","76.2","25.36","0","","","","","","214.59","-724.14","-462.93","-724.48","0.01","2","2","","","",""
"nitro_s82","nitro","82","INFO stuck","19.1","22.77","0","","","","","","109.98","-705.69","-385.28","-706.56","0","1","1","","","",""
"nitro_s83","nitro","83","INFO stuck","30.1","24.43","0","","","","","","83.3","-726.64","-414.82","-727.04","0","2","2","","","StaticMeshCollectionActor_3034.3",""
"nitro_s9","nitro","9","INFO stuck","39.1","31.25","0","","","","","","348.5","-724.17","-353.54","-724.48","0","1","1","","","","StaticMeshCollectionActor_12785.4"
"reverse_s0","reverse","0","PASS","39.6","15.05","0","","","","","","105.02","-725.02","-444.73","-726.09","13.75","2","2","","","","StaticMeshCollectionActor_16332.3"
"reverse_s1","reverse","1","PASS","30.7","15","0","","","","","","94.43","-715.56","-653.39","-716.02","3.29","1","1","","","",""
"reverse_s10","reverse","10","INFO stuck","25.2","15","0","","","","","","361.54","-705.73","-435.06","-706.03","0.44","1","1","","","StaticMeshCollectionActor_12707.8",""
"reverse_s11","reverse","11","PASS","62.5","15","0","","","","","","112.6","-705.32","-370.76","-705.78","37.09","2","2","","","","StaticMeshCollectionActor_16332.10;StaticMeshCollectionActor_12785.0"
"reverse_s12","reverse","12","PASS","94.2","15.06","0","","","","","","114.37","-725.71","-398.76","-725.92","42.05","1","1","","","StaticMeshCollectionActor_3034.0","StaticMeshCollectionActor_16332.3"
"reverse_s13","reverse","13","PASS","66.4","15.72","0","","","","","","115.78","-725.74","-412.5","-725.99","43.07","2","2","","","StaticMeshCollectionActor_3034.0","StaticMeshCollectionActor_16332.3"
"reverse_s14","reverse","14","PASS","45.5","15","0","","","","","","167.86","-709.39","-302.52","-709.48","27.65","2","2","","","","StaticMeshCollectionActor_12785.3"
"reverse_s15","reverse","15","PASS","29","14.96","0","","","","","","378.7","-718.78","-492.81","-720.6","3.25","2","2","","","",""
"reverse_s16","reverse","16","PASS","38.9","15","0","","","","","","385.53","-705.16","-337.2","-705.94","11.72","2","2","","","",""
"reverse_s17","reverse","17","PASS","39.5","15.43","0","","","","","","26.84","-720.46","-479.21","-721.37","2.9","1","1","","","StaticMeshCollectionActor_2895.6;StaticMeshCollectionActor_2895.4",""
"reverse_s18","reverse","18","PASS","59.5","15.14","0","","","","","","231.83","-723.28","-506","-723.7","32.3","1","1","","","","StaticMeshCollectionActor_13351.3"
"reverse_s19","reverse","19","PASS","36.3","15.46","0","","","","","","238.11","-705.51","-303.23","-706.56","11.29","3","2","","reverse_s19@f210 (231.4,-706.5,-294.8) from 9.6 m/s rise -3.41","",""
"reverse_s2","reverse","2","PASS","54.5","15.6","0","","","","","","-0.37","-720.46","-602.79","-721.37","6.04","1","1","","","StaticMeshCollectionActor_2895.1",""
"reverse_s20","reverse","20","PASS","46.2","15","0","","","","","","109.81","-705.32","-383.08","-705.78","34.63","1","1","","","","StaticMeshCollectionActor_16332.10;StaticMeshCollectionActor_12785.0"
"reverse_s21","reverse","21","PASS","30.5","15","0","","","","","","390.71","-721.59","-346.1","-723.7","10.05","1","1","","","",""
"reverse_s22","reverse","22","PASS","37.8","15","0","","","","","","167.9","-709.4","-302.35","-709.49","28.45","1","1","","","","StaticMeshCollectionActor_12785.3"
"reverse_s23","reverse","23","PASS","40.6","15.56","0","","","","","","-0.21","-720.46","-602.83","-721.37","3.62","1","1","","","StaticMeshCollectionActor_2895.1;StaticMeshCollectionActor_12216.10",""
"reverse_s24","reverse","24","PASS","69","15.02","0","","","","","","112.9","-725.8","-406.8","-725.93","37.83","2","2","","","StaticMeshCollectionActor_3034.0","StaticMeshCollectionActor_16332.3"
"reverse_s25","reverse","25","PASS","40.4","15","0","","","","","","155.97","-707.42","-298.26","-707.42","18.1","0","0","","","","StaticMeshCollectionActor_12785.3"
"reverse_s26","reverse","26","PASS","51.2","15","0","","","","","","107.82","-705.33","-385.48","-705.78","32.5","2","2","","","","StaticMeshCollectionActor_16332.10;StaticMeshCollectionActor_12785.0"
"reverse_s27","reverse","27","PASS","51.7","14.87","0","","","","","","345.99","-723.72","-491.85","-723.79","30.5","1","1","","","",""
"reverse_s28","reverse","28","PASS","64.3","18.39","0","","","","","","201.36","-709.16","-297.58","-709.21","17.63","2","2","","","","StaticMeshCollectionActor_12785.3"
"reverse_s29","reverse","29","PASS","46","14.94","0","","","","","","342.31","-723.24","-490.94","-723.97","14.69","2","2","","","",""
"reverse_s3","reverse","3","PASS","46","15","0","","","","","","348.71","-705.35","-435.29","-706.03","11.84","1","1","","","StaticMeshCollectionActor_12707.8",""
"reverse_s30","reverse","30","PASS","42.7","15.72","0","","","","","","26.91","-720.46","-479.26","-721.37","5.38","1","1","","","StaticMeshCollectionActor_2895.6",""
"reverse_s31","reverse","31","PASS","32.7","15.55","0","","","","","","-0.32","-720.47","-602.77","-721.37","5.62","1","1","","","StaticMeshCollectionActor_2895.1",""
"reverse_s32","reverse","32","INFO stuck","17.2","15","0","","","","","","93.84","-715.56","-653.23","-716.02","0.25","1","1","","","",""
"reverse_s33","reverse","33","PASS","44.2","15","0","","","","","","238.29","-705.26","-304.97","-705.94","15.13","1","1","","","","StaticMeshCollectionActor_12785.2"
"reverse_s34","reverse","34","PASS","61.7","15.16","0","","","","","","234.52","-723.7","-508.93","-723.86","27","0","0","","","","StaticMeshCollectionActor_13351.3"
"reverse_s35","reverse","35","PASS","36.8","13.55","0","","","","","","393.9","-703.15","-339.3","-705.54","7.58","1","1","","","",""
"reverse_s36","reverse","36","PASS","55.4","15.27","0","","","","","","237.03","-723.57","-509.69","-724","24.31","0","0","","","","StaticMeshCollectionActor_13351.3"
"reverse_s37","reverse","37","PASS","17.7","15","0","","","","","","94.56","-715.64","-653.5","-716.02","2.59","1","1","","","",""
"reverse_s38","reverse","38","PASS","39.5","15","0","","","","","","390.61","-721.57","-346.09","-723.7","9.82","1","1","","","",""
"reverse_s39","reverse","39","PASS","48.1","15.55","0","","","","","","-0.38","-720.46","-602.71","-721.37","6.63","1","1","","","StaticMeshCollectionActor_2895.1",""
"reverse_s4","reverse","4","PASS","19.5","14.86","0","","","","","","94.36","-715.56","-653.51","-716.02","3.31","2","2","","","",""
"reverse_s40","reverse","40","PASS","42.6","15","0","","","","","","238.44","-705.42","-307.36","-706.29","14.04","1","1","","","","StaticMeshCollectionActor_12785.2"
"reverse_s41","reverse","41","PASS","68.9","16.02","0","","","","","","113.64","-725.7","-415.7","-725.94","41.48","1","1","","","StaticMeshCollectionActor_3034.0","StaticMeshCollectionActor_16332.3"
"reverse_s42","reverse","42","FAIL passed_through","42.8","15","2","142","1.6","StaticMeshCollectionActor_4707","358.24,-702.96,-434.94","StaticMeshCollectionActor_4707","349.48","-705.22","-435.53","-705.78","10.99","1","1","","","StaticMeshCollectionActor_12707.8",""
"reverse_s43","reverse","43","PASS","44.2","15.47","0","","","","","","-0.29","-720.46","-602.75","-721.37","6.01","1","1","","","StaticMeshCollectionActor_2895.1",""
"reverse_s44","reverse","44","PASS","40.4","15","0","","","","","","350.68","-705.5","-434.97","-705.78","11.55","1","1","","","StaticMeshCollectionActor_12707.8",""
"reverse_s45","reverse","45","FAIL passed_through","49.9","15","3","181","1.6","StaticMeshCollectionActor_4707","358.73,-702.81,-434.91","StaticMeshCollectionActor_4707","349.62","-704.71","-435.43","-705.78","10.85","1","1","","","StaticMeshCollectionActor_12707.8",""
"reverse_s46","reverse","46","PASS","34.5","15.04","0","","","","","","376.85","-704.29","-340.39","-706.11","17.33","2","2","","","",""
"reverse_s47","reverse","47","PASS","68.3","15.21","0","","","","","","229.96","-723.37","-503.71","-723.7","33.54","1","1","","","","StaticMeshCollectionActor_13351.3"
"reverse_s48","reverse","48","PASS","47","15","0","","","","","","238.36","-705.39","-307.17","-705.94","15.15","2","2","","","","StaticMeshCollectionActor_12785.2"
"reverse_s49","reverse","49","PASS","30","15","0","","","","","","152.78","-706.29","-295.57","-706.29","14.33","1","1","","","",""
"reverse_s5","reverse","5","PASS","7.4","14.86","0","","","","","","94.73","-716.05","-653.44","-716.33","1.71","1","1","","","",""
"reverse_s50","reverse","50","PASS","46.7","15.89","0","","","","","","27.01","-720.46","-479.17","-721.36","6.08","1","1","","","StaticMeshCollectionActor_2895.6",""
"reverse_s51","reverse","51","PASS","56.1","15","0","","","","","","109.6","-705.32","-383.49","-705.78","34.32","0","0","","","","StaticMeshCollectionActor_16332.10;StaticMeshCollectionActor_12785.0"
"reverse_s52","reverse","52","PASS","38.9","15.01","0","","","","","","381.07","-703.24","-341.03","-705.6","13.3","1","1","","","","StaticMeshCollectionActor_13351.7"
"reverse_s53","reverse","53","PASS","60.3","15","0","","","","","","107.47","-705.32","-386.66","-705.78","31.38","1","1","","","","StaticMeshCollectionActor_16332.10;StaticMeshCollectionActor_12785.0"
"reverse_s54","reverse","54","PASS","42.7","15","0","","","","","","238.42","-705.54","-306","-706.27","10.24","2","2","","","","StaticMeshCollectionActor_12785.2"
"reverse_s55","reverse","55","PASS","45.2","15.01","0","","","","","","394.11","-703.16","-339.15","-705.56","5.5","2","2","","","","StaticMeshCollectionActor_13351.7"
"reverse_s56","reverse","56","PASS","51.2","15.01","0","","","","","","390.42","-720.93","-346.67","-724.49","4.26","2","2","","","",""
"reverse_s57","reverse","57","PASS","31.1","15.04","0","","","","","","390.58","-721.63","-346.3","-723.82","9.88","1","1","","","",""
"reverse_s58","reverse","58","PASS","53.2","15.6","0","","","","","","26.94","-720.46","-479.24","-721.37","5.52","1","1","","","StaticMeshCollectionActor_2895.6",""
"reverse_s59","reverse","59","PASS","51.8","15.19","0","","","","","","234.57","-723.53","-508.14","-723.82","26.55","1","1","","","","StaticMeshCollectionActor_13351.3"
"reverse_s6","reverse","6","PASS","24.2","14.98","0","","","","","","369.08","-719.68","-492.84","-719.68","12.61","1","1","","","",""
"reverse_s60","reverse","60","PASS","73.1","15.01","0","","","","","","403.88","-723.38","-340.94","-723.7","19.11","1","1","","","",""
"reverse_s61","reverse","61","PASS","57.6","15.02","0","","","","","","353.24","-722.37","-355.37","-723.7","10.78","0","0","","","","StaticMeshCollectionActor_12785.4"
"reverse_s62","reverse","62","PASS","35.4","15","0","","","","","","119.73","-708.32","-297.16","-713.46","22.85","1","1","","","StaticMeshCollectionActor_11907.1",""
"reverse_s63","reverse","63","INFO stuck","34.6","15","0","","","","","","168.71","-715.06","-613.2","-716.02","0.34","2","2","","","",""
"reverse_s64","reverse","64","PASS","10.6","9.99","0","","","","","","101","-715.57","-604.83","-716.02","1.21","1","1","","","",""
"reverse_s65","reverse","65","PASS","62.6","21.03","0","","","","","","119.38","-724.92","-423.75","-726.44","37.37","2","2","","","StaticMeshCollectionActor_3034.0;StaticMeshCollectionActor_3034.1","StaticMeshCollectionActor_16332.3;StaticMeshCollectionActor_16332.6"
"reverse_s66","reverse","66","PASS","40.9","15.1","0","","","","","","201.54","-709.16","-297.38","-709.79","5.85","3","3","","","",""
"reverse_s67","reverse","67","PASS","83.4","15.08","0","","","","","","332.39","-723.25","-349.92","-723.7","34.48","2","2","","","","StaticMeshCollectionActor_12785.7;StaticMeshCollectionActor_12785.4"
"reverse_s68","reverse","68","PASS","43.8","15.01","0","","","","","","107.56","-705.33","-386.12","-705.78","31.61","1","1","","","","StaticMeshCollectionActor_16332.10;StaticMeshCollectionActor_12785.0"
"reverse_s69","reverse","69","PASS","20.3","15","0","","","","","","94.54","-715.7","-653.53","-716.02","2.34","1","1","","","",""
"reverse_s7","reverse","7","PASS","31.3","15.89","0","","","","","","26.91","-720.47","-479.24","-721.36","5.03","1","1","","","StaticMeshCollectionActor_2895.6",""
"reverse_s70","reverse","70","PASS","26.3","15.56","0","","","","","","108.75","-715.84","-541.07","-716.01","13.58","2","2","","","StaticMeshCollectionActor_13723.2",""
"reverse_s71","reverse","71","PASS","44.5","15.81","0","","","","","","-0.39","-720.47","-602.91","-721.37","5.62","1","1","","","StaticMeshCollectionActor_2895.1",""
"reverse_s72","reverse","72","PASS","51.6","15","0","","","","","","389.59","-706.05","-338.77","-706.05","7.37","1","1","","","","StaticMeshCollectionActor_13351.7"
"reverse_s73","reverse","73","PASS","27.7","15","0","","","","","","215.4","-705.21","-467.11","-705.74","13.7","2","2","","","StaticMeshCollectionActor_2691.0;StaticMeshCollectionActor_4868.5",""
"reverse_s74","reverse","74","PASS","38","15","0","","","","","","238.24","-705.39","-304.2","-705.94","14.88","1","1","","","","StaticMeshCollectionActor_12785.2"
"reverse_s75","reverse","75","PASS","43","15.63","0","","","","","","26.93","-720.46","-479.24","-721.37","4.6","1","1","","","StaticMeshCollectionActor_2895.6",""
"reverse_s76","reverse","76","PASS","25.9","15","0","","","","","","361.31","-706.6","-434.51","-706.6","0.91","1","1","","","StaticMeshCollectionActor_12707.8",""
"reverse_s77","reverse","77","PASS","30.3","15","0","","","","","","159.58","-708.72","-299.58","-708.72","21.6","1","1","","","","StaticMeshCollectionActor_12785.3"
"reverse_s78","reverse","78","PASS","23.2","10.39","0","","","","","","332.3","-705.33","-468.23","-705.75","12.78","1","1","","","StaticMeshCollectionActor_2691.7",""
"reverse_s79","reverse","79","PASS","86.8","15.01","0","","","","","","111.29","-705.32","-379.15","-705.75","43.27","1","1","","","StaticMeshCollectionActor_9316.11","StaticMeshCollectionActor_16332.3;StaticMeshCollectionActor_16332.10;StaticMeshCollectionActor_12785.0"
"reverse_s8","reverse","8","PASS","40.4","14.5","0","","","","","","342.73","-723.65","-488.78","-723.93","13.64","1","1","","","",""
"reverse_s80","reverse","80","INFO stuck","22.4","15","0","","","","","","341","-723.38","-489.54","-723.73","0.01","1","1","","","",""
"reverse_s81","reverse","81","PASS","52.5","15.5","0","","","","","","232.78","-723.34","-503.33","-723.7","33.09","1","1","","","","StaticMeshCollectionActor_13351.3"
"reverse_s82","reverse","82","PASS","48.9","15","0","","","","","","97.5","-705.32","-346.28","-705.78","22.37","2","2","","","","StaticMeshCollectionActor_12785.1;StaticMeshCollectionActor_16332.2"
"reverse_s83","reverse","83","PASS","31.8","15","0","","","","","","102.36","-725.8","-429.9","-726.26","23.13","1","1","","","",""
"reverse_s9","reverse","9","PASS","60.3","15","0","","","","","","399.32","-723.25","-344.99","-723.62","21.92","1","1","","","",""
"robot_jump_s0","robot_jump","0","PASS","65.3","14.18","0","","","","","","140.09","-726.11","-448.97","-726.4","10.5","2","2","","","","StaticMeshCollectionActor_112.6"
"robot_jump_s1","robot_jump","1","PASS","136.5","14.34","0","","","","","","62.39","-717.54","-579.04","-721.7","39.92","0","0","","","StaticMeshCollectionActor_4549.4","StaticMeshCollectionActor_12785.10"
"robot_jump_s10","robot_jump","10","PASS","90.4","14.82","0","","","","","","312.81","-698.86","-468.05","-706.56","24.26","1","1","","","",""
"robot_jump_s11","robot_jump","11","PASS","59.5","15.38","0","","","","","","119.57","-708.04","-403.93","-716.8","23.35","1","0","","","","StaticMeshCollectionActor_16332.7;StaticMeshCollectionActor_16332.4"
"robot_jump_s12","robot_jump","12","PASS","100.8","14.18","0","","","","","","160.53","-720.29","-407.47","-726.4","3.73","1","1","","","",""
"robot_jump_s13","robot_jump","13","PASS","53.8","14.18","0","","","","","","140.19","-726.11","-448.56","-726.4","7.02","2","2","","","",""
"robot_jump_s14","robot_jump","14","PASS","103.3","14.55","0","","","","","","200.66","-714.4","-340.17","-724.48","16.46","2","2","","","StaticMeshCollectionActor_11907.2",""
"robot_jump_s15","robot_jump","15","PASS","43.7","14.22","0","","","","","","344.26","-724.19","-491.33","-724.48","5.56","2","2","","","",""
"robot_jump_s16","robot_jump","16","PASS","97.6","14.18","0","","","","","","366.86","-717.3","-399.71","-719.03","11.79","2","2","","","StaticMeshCollectionActor_14438.9","StaticMeshCollectionActor_13351.7"
"robot_jump_s17","robot_jump","17","PASS","98.2","14.18","0","","","","","","119.62","-716.57","-494.94","-721.92","1.56","2","2","","","StaticMeshCollectionActor_4549.5","StaticMeshCollectionActor_13351.11;StaticMeshCollectionActor_12785.9"
"robot_jump_s18","robot_jump","18","PASS","129.8","14.21","0","","","","","","196.97","-720.65","-560.15","-726.4","39.78","1","1","","","StaticMeshCollectionActor_67.7","StaticMeshCollectionActor_13351.2"
"robot_jump_s19","robot_jump","19","PASS","115.5","14.31","0","","","","","","302.74","-724.11","-334.28","-724.48","19.43","1","1","","","","StaticMeshCollectionActor_12785.2"
"robot_jump_s2","robot_jump","2","PASS","71.9","14.2","0","","","","","","36.96","-717.54","-541.98","-721.7","0.7","1","1","","","StaticMeshCollectionActor_8763.3;StaticMeshCollectionActor_4549.0;StaticMeshCollectionActor_4549.1","StaticMeshCollectionActor_13351.10"
"robot_jump_s20","robot_jump","20","PASS","64.4","14.4","0","","","","","","126.54","-723.78","-393.17","-724.06","18.63","2","2","","","","StaticMeshCollectionActor_16332.7;StaticMeshCollectionActor_16332.4"
"robot_jump_s21","robot_jump","21","PASS","61.1","14.99","0","","","","","","366.63","-720.32","-354.09","-724.48","13.88","0","0","","","","StaticMeshCollectionActor_12785.4"
"robot_jump_s22","robot_jump","22","PASS","136.5","14.25","0","","","","","","233.52","-705.55","-312.72","-706.72","38.4","1","1","","","StaticMeshCollectionActor_11907.2","StaticMeshCollectionActor_13351.6;StaticMeshCollectionActor_13351.5"
"robot_jump_s23","robot_jump","23","PASS","106.4","14.18","0","","","","","","8.3","-720.78","-507.34","-721.7","9.58","1","1","","","StaticMeshCollectionActor_4549.0;StaticMeshCollectionActor_4549.1","StaticMeshCollectionActor_13351.10;StaticMeshCollectionActor_13351.11"
"robot_jump_s24","robot_jump","24","FAIL passed_through","46.3","14.82","4","151","1.2","StaticMeshCollectionActor_112","143.2,-724.84,-451.72","StaticMeshCollectionActor_112","140.64","-726.11","-448.54","-726.4","6.47","2","2","","","","StaticMeshCollectionActor_16332.3;StaticMeshCollectionActor_112.5"
"robot_jump_s25","robot_jump","25","PASS","109","14.55","0","","","","","","200.74","-713.85","-339.78","-724.48","14.02","3","3","","","StaticMeshCollectionActor_11907.2","StaticMeshCollectionActor_8369.5"
"robot_jump_s26","robot_jump","26","PASS","73.8","15.24","0","","","","","","120.58","-708.54","-403.93","-716.8","24.05","1","0","","","","StaticMeshCollectionActor_16332.7;StaticMeshCollectionActor_16332.4"
"robot_jump_s27","robot_jump","27","FAIL passed_through","43.9","14.19","6","488","1.6","StaticMeshCollectionActor_6420","335.1,-717.78,-485.29","StaticMeshCollectionActor_6420","339.3","-719.97","-489.78","-724.48","9.3","3","3","","","StaticMeshCollectionActor_6420.3",""
"robot_jump_s28","robot_jump","28","PASS","104.7","14.78","0","","","","","","200.75","-714.65","-340.34","-724.48","15.63","3","3","","","StaticMeshCollectionActor_11907.2",""
"robot_jump_s29","robot_jump","29","PASS","50.7","14.52","0","","","","","","334.25","-720.32","-481.54","-724.48","20.13","2","2","","","StaticMeshCollectionActor_6420.10",""
"robot_jump_s3","robot_jump","3","PASS","90.6","14.62","0","","","","","","318.33","-691.98","-471.52","-706.64","20.44","4","4","","","StaticMeshCollectionActor_12724.2;StaticMeshCollectionActor_2691.7",""
"robot_jump_s30","robot_jump","30","PASS","127.6","14.79","0","","","","","","109.68","-707.61","-475.51","-721.73","29.05","1","1","","","StaticMeshCollectionActor_4549.5","StaticMeshCollectionActor_13351.11;StaticMeshCollectionActor_12785.9"
"robot_jump_s31","robot_jump","31","FAIL passed_through","55","14.96","6","588","0.8","StaticMeshCollectionActor_12216","18.06,-715.81,-591.69","StaticMeshCollectionActor_12216","16.01","-717.54","-593.75","-721.7","24.87","1","1","","","","StaticMeshCollectionActor_13351.10"
"robot_jump_s32","robot_jump","32","PASS","52.5","15.32","0","","","","","","101.26","-716.51","-641.51","-716.8","25.15","1","1","","","",""
"robot_jump_s33","robot_jump","33","PASS","94.9","14.4","0","","","","","","294.08","-715.68","-329.59","-721.95","24.06","2","2","","","",""
"robot_jump_s34","robot_jump","34","PASS","80.1","14.18","0","","","","","","208.1","-724.19","-517.33","-724.48","18.12","3","3","","","","StaticMeshCollectionActor_13351.2"
"robot_jump_s35","robot_jump","35","FAIL passed_through","50.8","14.36","2","470","1.6","StaticMeshCollectionActor_11477","380.38,-699.6,-336.44","StaticMeshCollectionActor_11477","394.53","-702.17","-331.93","-706.38","22.91","3","3","","","","StaticMeshCollectionActor_13351.7"
"robot_jump_s36","robot_jump","36","PASS","109.6","16","0","","","","","","201.46","-722.83","-554.48","-726.4","39.61","2","2","","","","StaticMeshCollectionActor_13351.3;StaticMeshCollectionActor_13351.2"
"robot_jump_s37","robot_jump","37","PASS","59.7","14.83","0","","","","","","100.58","-716.51","-642.19","-716.8","25.38","1","1","","","",""
"robot_jump_s38","robot_jump","38","PASS","64.5","14.96","0","","","","","","367.22","-720.32","-353.82","-724.48","20.72","1","1","","","","StaticMeshCollectionActor_12785.4"
"robot_jump_s39","robot_jump","39","PASS","76.6","14.18","0","","","","","","36.45","-717.54","-542.18","-721.7","0.89","1","1","","","StaticMeshCollectionActor_4549.0;StaticMeshCollectionActor_4549.1","StaticMeshCollectionActor_13351.10"
"robot_jump_s4","robot_jump","4","PASS","67.1","14.9","0","","","","","","100.93","-716.51","-641.84","-716.8","24.88","2","2","","","",""
"robot_jump_s40","robot_jump","40","PASS","130.1","14.47","0","","","","","","317.76","-724.19","-327.4","-724.48","33.31","1","1","","","","StaticMeshCollectionActor_12785.2;StaticMeshCollectionActor_12785.7"
"robot_jump_s41","robot_jump","41","PASS","54.2","14.53","0","","","","","","139.39","-719.5","-448.4","-726.4","10.95","3","3","","","",""
"robot_jump_s42","robot_jump","42","PASS","81.7","14.18","0","","","","","","312.73","-700.93","-466.69","-707.28","20.98","2","2","","","StaticMeshCollectionActor_12724.2",""
"robot_jump_s43","robot_jump","43","PASS","105.7","16.92","0","","","","","","11.84","-717.54","-512.09","-721.7","9.87","1","1","","","StaticMeshCollectionActor_4549.0;StaticMeshCollectionActor_4549.1","StaticMeshCollectionActor_13351.10;StaticMeshCollectionActor_13351.11"
"robot_jump_s44","robot_jump","44","PASS","92.6","14.62","0","","","","","","312.75","-699.22","-467.81","-706.64","20.17","1","1","","","StaticMeshCollectionActor_12724.2",""
"robot_jump_s45","robot_jump","45","PASS","79.2","14.68","0","","","","","","313.31","-697.9","-468.77","-706.64","20.11","2","2","","","StaticMeshCollectionActor_12724.2",""
"robot_jump_s46","robot_jump","46","PASS","137.1","14.77","0","","","","","","364.88","-702.4","-426.82","-706.56","37.95","0","0","","","","StaticMeshCollectionActor_13351.7;StaticMeshCollectionActor_112.9"
"robot_jump_s47","robot_jump","47","PASS","64.6","14.18","0","","","","","","208.82","-720.32","-517.65","-724.48","0.69","2","2","","","","StaticMeshCollectionActor_13351.2"
"robot_jump_s48","robot_jump","48","PASS","106","14.72","0","","","","","","295.25","-716.02","-329.68","-723.19","23.09","3","3","","","","StaticMeshCollectionActor_16332.1"
"robot_jump_s49","robot_jump","49","PASS","137.2","14.19","0","","","","","","225.94","-702.56","-311.89","-706.72","39.93","0","0","","","StaticMeshCollectionActor_11907.2","StaticMeshCollectionActor_13351.6;StaticMeshCollectionActor_13351.5"
"robot_jump_s5","robot_jump","5","FAIL passed_through","32.4","14","1","269","1.6","StaticMeshCollectionActor_2508","113.66,-709.31,-630.9","StaticMeshCollectionActor_2508","109.59","-711.18","-630.4","-716.8","2.22","2","2","","","StaticMeshCollectionActor_2508.0",""
"robot_jump_s50","robot_jump","50","PASS","61.7","14.18","0","","","","","","74.1","-717.54","-520.37","-721.7","0.54","1","1","","","","StaticMeshCollectionActor_13351.11"
"robot_jump_s51","robot_jump","51","PASS","68","15.03","0","","","","","","123.15","-709.83","-403.73","-716.8","24.62","2","2","","","","StaticMeshCollectionActor_16332.7;StaticMeshCollectionActor_16332.4"
"robot_jump_s52","robot_jump","52","PASS","129.4","14.18","0","","","","","","349.71","-700.56","-420.73","-706.56","31.52","1","1","","","",""
"robot_jump_s53","robot_jump","53","PASS","83.4","15.52","0","","","","","","119.09","-707.8","-403.29","-719.23","30.04","2","2","","","","StaticMeshCollectionActor_16332.7;StaticMeshCollectionActor_16332.4;StaticMeshCollectionActor_12785.8"
"robot_jump_s54","robot_jump","54","PASS","124.2","14.32","0","","","","","","319.03","-724.19","-327.79","-724.48","29.48","1","1","","","","StaticMeshCollectionActor_12785.7"
"robot_jump_s55","robot_jump","55","INFO stuck","47.7","14.18","0","","","","","","363.69","-701.89","-363.79","-706.56","0.16","2","2","","","",""
"robot_jump_s56","robot_jump","56","PASS","77","14.96","0","","","","","","367.06","-720.32","-353.92","-724.48","20.52","1","1","","","","StaticMeshCollectionActor_12785.4"
"robot_jump_s57","robot_jump","57","PASS","63.6","14.86","0","","","","","","365.35","-720.32","-354.73","-724.48","10.43","2","2","","","","StaticMeshCollectionActor_12785.4"
"robot_jump_s58","robot_jump","58","PASS","137.4","14.18","0","","","","","","107.9","-704.77","-465.99","-721.92","40.8","0","0","","","StaticMeshCollectionActor_4549.5","StaticMeshCollectionActor_13351.11;StaticMeshCollectionActor_12785.9"
"robot_jump_s59","robot_jump","59","PASS","117.3","16.01","0","","","","","","201.53","-722.83","-554.48","-726.4","40.01","2","2","","","","StaticMeshCollectionActor_13351.2"
"robot_jump_s6","robot_jump","6","INFO stuck","30.5","14","0","","","","","","345.9","-720.32","-493.52","-724.48","0","1","1","","","",""
"robot_jump_s60","robot_jump","60","PASS","58.9","14.28","0","","","","","","395.51","-720.32","-329.82","-724.48","37.98","1","1","","","","StaticMeshCollectionActor_12785.4"
"robot_jump_s61","robot_jump","61","PASS","136.1","14.19","0","","","","","","307.15","-720.24","-427.84","-724.48","36.95","0","0","","","StaticMeshCollectionActor_2691.1","StaticMeshCollectionActor_12785.7"
"robot_jump_s62","robot_jump","62","FAIL passed_through","54.7","15.12","3","561","1.6","StaticMeshCollectionActor_4229","106.08,-709.77,-314.31","StaticMeshCollectionActor_4229","106.09","-709.56","-313.95","-717.93","14.24","2","2","","","StaticMeshCollectionActor_11907.2;StaticMeshCollectionActor_11907.1",""
"robot_jump_s63","robot_jump","63","PASS","96.9","15.14","0","","","","","","139.19","-716.42","-549.92","-721.92","8.08","1","1","","","StaticMeshCollectionActor_2691.4;StaticMeshCollectionActor_6173.2","StaticMeshCollectionActor_13351.0"
"robot_jump_s64","robot_jump","64","INFO stuck","56","14","0","","","","","","96.19","-712.59","-567.19","-716.8","0.34","1","1","","","",""
"robot_jump_s65","robot_jump","65","PASS","60.1","15.33","0","","","","","","139.98","-722.24","-448.44","-726.4","9.96","3","3","","","",""
"robot_jump_s66","robot_jump","66","INFO stuck","50.4","14.32","0","","","","","","199.11","-715.7","-336.81","-720.13","0.34","0","0","","","","StaticMeshCollectionActor_12785.2"
"robot_jump_s67","robot_jump","67","PASS","123.9","14.19","0","","","","","","336.81","-720.32","-368.7","-724.48","39.18","2","1","","","StaticMeshCollectionActor_2691.1","StaticMeshCollectionActor_12785.7;StaticMeshCollectionActor_12785.5"
"robot_jump_s68","robot_jump","68","PASS","95.7","14.33","0","","","","","","125.67","-726.75","-359.33","-727.04","13.76","2","2","","","","StaticMeshCollectionActor_16332.7"
"robot_jump_s69","robot_jump","69","PASS","61.2","15.31","0","","","","","","102.31","-716.51","-640.47","-716.8","24.91","2","2","","","",""
"robot_jump_s7","robot_jump","7","PASS","137.6","15.03","0","","","","","","106.78","-706.25","-465.98","-721.92","39.28","0","0","","","StaticMeshCollectionActor_2895.5;StaticMeshCollectionActor_4549.5","StaticMeshCollectionActor_13351.11;StaticMeshCollectionActor_12785.9"
"robot_jump_s70","robot_jump","70","PASS","47","14.18","0","","","","","","123.71","-711.57","-543.23","-716.8","10.29","1","1","","","",""
"robot_jump_s71","robot_jump","71","PASS","106.5","15.67","0","","","","","","12.82","-717.54","-512.84","-721.7","10.35","1","1","","","StaticMeshCollectionActor_4549.0;StaticMeshCollectionActor_4549.1","StaticMeshCollectionActor_13351.10;StaticMeshCollectionActor_13351.11"
"robot_jump_s72","robot_jump","72","PASS","112.7","14.33","0","","","","","","366.82","-702.4","-424.2","-707.78","15.85","1","1","","","","StaticMeshCollectionActor_112.9"
"robot_jump_s73","robot_jump","73","PASS","105.6","14.33","0","","","","","","157.77","-709.87","-435.36","-724.48","10.5","2","2","","","StaticMeshCollectionActor_4868.5;StaticMeshCollectionActor_2691.0;StaticMeshCollectionActor_2691.6",""
"robot_jump_s74","robot_jump","74","PASS","125.5","14.32","0","","","","","","317.85","-724.19","-327.22","-724.48","30.39","1","1","","","","StaticMeshCollectionActor_12785.7"
"robot_jump_s75","robot_jump","75","PASS","137.5","14.18","0","","","","","","109.09","-706.25","-458.55","-721.92","40.04","0","0","","","StaticMeshCollectionActor_4549.5","StaticMeshCollectionActor_13351.11;StaticMeshCollectionActor_12785.9"
"robot_jump_s76","robot_jump","76","PASS","89.4","14.18","0","","","","","","313.52","-699.84","-467.54","-706.56","22.12","1","1","","","",""
"robot_jump_s77","robot_jump","77","PASS","49.8","14.18","0","","","","","","159.99","-694.66","-329.4","-706.56","1.91","1","1","","","StaticMeshCollectionActor_11907.2;StaticMeshCollectionActor_15042.4",""
"robot_jump_s78","robot_jump","78","PASS","59","14.65","0","","","","","","308.41","-681.77","-476.75","-706.54","9.57","2","2","","","",""
"robot_jump_s79","robot_jump","79","FAIL passed_through","48.7","14.18","2","576","1.6","StaticMeshCollectionActor_7201","132.41,-700.1,-447.44","StaticMeshCollectionActor_7201","131.23","-702.38","-447.33","-706.54","8.89","3","3","","","StaticMeshCollectionActor_7201.5","StaticMeshCollectionActor_16332.3"
"robot_jump_s8","robot_jump","8","FAIL passed_through","49.9","14.48","10","486","1.2","StaticMeshCollectionActor_6420","335.03,-718.15,-485.35","StaticMeshCollectionActor_6420","338.77","-720.43","-490.71","-724.48","18.75","3","3","","","StaticMeshCollectionActor_6420.10;StaticMeshCollectionActor_6420.3",""
"robot_jump_s80","robot_jump","80","PASS","137.3","14.18","0","","","","","","250.75","-720.32","-452.64","-724.48","39.94","0","0","","","","StaticMeshCollectionActor_12785.6;StaticMeshCollectionActor_12785.7"
"robot_jump_s81","robot_jump","81","PASS","134.8","14.18","0","","","","","","193.54","-719.93","-562.38","-726.4","39.93","0","0","","","","StaticMeshCollectionActor_13351.2"
"robot_jump_s82","robot_jump","82","PASS","62.4","14.11","0","","","","","","125.37","-726.75","-358.82","-727.04","8.06","3","3","","","StaticMeshCollectionActor_11907.0","StaticMeshCollectionActor_16332.8"
"robot_jump_s83","robot_jump","83","PASS","52.9","14.18","0","","","","","","103.77","-722.88","-426.46","-727.04","20.67","2","2","","","StaticMeshCollectionActor_3034.3",""
"robot_jump_s9","robot_jump","9","PASS","59.2","15.1","0","","","","","","383.3","-720.32","-340.23","-724.48","23.07","2","2","","","","StaticMeshCollectionActor_12785.4"
"robot_turn_s0","robot_turn","0","PASS","84.9","14","0","","","","","","129.05","-721.84","-536.49","-726.4","0.53","2","2","","","",""
"robot_turn_s1","robot_turn","1","PASS","59.6","15.21","0","","","","","","99.02","-716.8","-662.09","-716.8","24.42","2","2","","","",""
"robot_turn_s10","robot_turn","10","PASS","135.4","15.81","0","","","","","","363.7","-706.06","-364.19","-706.56","37.29","1","1","","","StaticMeshCollectionActor_14438.9",""
"robot_turn_s11","robot_turn","11","PASS","103.4","15.6","0","","","","","","84.34","-727.04","-429.36","-727.04","37.73","2","2","","","StaticMeshCollectionActor_12153.5;StaticMeshCollectionActor_3034.1;StaticMeshCollectionActor_3034.3","StaticMeshCollectionActor_16332.7;StaticMeshCollectionActor_16332.4;StaticMeshCollectionActor_16332.6"
"robot_turn_s12","robot_turn","12","PASS","62.2","14","0","","","","","","145.79","-726.4","-504.64","-726.4","5.53","2","2","","","",""
"robot_turn_s13","robot_turn","13","PASS","138.7","14.03","0","","","","","","79.89","-721.68","-524.3","-726.4","39.33","0","0","","","StaticMeshCollectionActor_4549.5",""
"robot_turn_s14","robot_turn","14","PASS","127.9","14.71","0","","","","","","100.19","-714.24","-284.04","-715.24","37.31","2","2","","","StaticMeshCollectionActor_11907.2;StaticMeshCollectionActor_11907.1","StaticMeshCollectionActor_16332.11"
"robot_turn_s15","robot_turn","15","PASS","75.8","14","0","","","","","","339.49","-724.48","-426.99","-724.48","2.43","2","2","","","StaticMeshCollectionActor_6420.10","StaticMeshCollectionActor_12785.6"
"robot_turn_s16","robot_turn","16","PASS","47.7","14.1","0","","","","","","368.81","-706.18","-319.08","-706.56","15.11","2","2","","","StaticMeshCollectionActor_8254.0","StaticMeshCollectionActor_13351.7"
"robot_turn_s17","robot_turn","17","PASS","82","15.11","0","","","","","","36.43","-721.7","-541.43","-721.7","21.11","2","2","","","StaticMeshCollectionActor_4549.1;StaticMeshCollectionActor_4549.0","StaticMeshCollectionActor_13351.11"
"robot_turn_s18","robot_turn","18","PASS","90.3","14.51","0","","","","","","273.8","-718.2","-476.73","-724.48","27.91","1","1","","","","StaticMeshCollectionActor_13351.4"
"robot_turn_s19","robot_turn","19","PASS","40","15.22","0","","","","","","218.99","-705.31","-291.07","-706.72","10.56","2","2","","","StaticMeshCollectionActor_15505.1;StaticMeshCollectionActor_15505.2","StaticMeshCollectionActor_12785.2"
"robot_turn_s2","robot_turn","2","PASS","71.8","15.62","0","","","","","","26.49","-721.7","-614.95","-721.7","31.11","2","0","","robot_turn_s2@f112 (62.5,-721.7,-589.5) from 11.7 m/s rise 0 | robot_turn_s2@f557 (28.1,-721.7,-616.2) from 14.0 m/s rise 0","StaticMeshCollectionActor_12216.5;StaticMeshCollectionActor_12216.7","StaticMeshCollectionActor_13351.10"
"robot_turn_s20","robot_turn","20","PASS","97.7","15.37","0","","","","","","82.12","-726.92","-430.51","-727.04","37.54","2","2","","","StaticMeshCollectionActor_12153.5;StaticMeshCollectionActor_3034.1;StaticMeshCollectionActor_3034.3","StaticMeshCollectionActor_16332.7;StaticMeshCollectionActor_16332.6"
"robot_turn_s21","robot_turn","21","PASS","44.5","14","0","","","","","","368.85","-724.48","-321.61","-724.48","2.09","2","2","","","",""
"robot_turn_s22","robot_turn","22","FAIL passed_through","69.5","14.76","2","544","1.2","StaticMeshCollectionActor_13239","116.29,-704.62,-311.46","StaticMeshCollectionActor_13239","117.83","-705.83","-310.7","-706.56","7.33","3","3","","","StaticMeshCollectionActor_11907.2;StaticMeshCollectionActor_5286.1;StaticMeshCollectionActor_13239.10","StaticMeshCollectionActor_16332.11"
"robot_turn_s23","robot_turn","23","PASS","88","15.25","0","","","","","","58.12","-721.7","-589.44","-721.7","27.31","1","1","","","","StaticMeshCollectionActor_13351.10;StaticMeshCollectionActor_12785.10"
"robot_turn_s24","robot_turn","24","PASS","138.5","14","0","","","","","","83.86","-721.68","-520.56","-726.4","38.98","0","0","","","StaticMeshCollectionActor_4549.5",""
"robot_turn_s25","robot_turn","25","FAIL passed_through","61.7","14.92","2","543","1.6","StaticMeshCollectionActor_13239","116.03,-704.23,-311.59","StaticMeshCollectionActor_13239","117.83","-705.83","-310.7","-706.56","8.06","4","4","","","StaticMeshCollectionActor_11907.2;StaticMeshCollectionActor_13239.10","StaticMeshCollectionActor_16332.11"
"robot_turn_s26","robot_turn","26","PASS","88.7","15.44","0","","","","","","82.22","-726.92","-430.51","-727.04","35.83","3","3","","","StaticMeshCollectionActor_3034.1;StaticMeshCollectionActor_3034.3","StaticMeshCollectionActor_16332.7;StaticMeshCollectionActor_16332.6"
"robot_turn_s27","robot_turn","27","PASS","65.7","14.91","0","","","","","","357.77","-722.96","-480.85","-724.48","22.61","2","2","","","StaticMeshCollectionActor_6420.10",""
"robot_turn_s28","robot_turn","28","FAIL passed_through","76.2","15.13","2","545","1.2","StaticMeshCollectionActor_13239","116.3,-704.62,-311.46","StaticMeshCollectionActor_13239","117.84","-705.83","-310.7","-706.56","6.45","4","4","","","StaticMeshCollectionActor_11907.2;StaticMeshCollectionActor_5286.1;StaticMeshCollectionActor_13239.10","StaticMeshCollectionActor_16332.11"
"robot_turn_s29","robot_turn","29","PASS","63.3","14.98","0","","","","","","358.55","-722.51","-490.86","-724.48","27.94","2","2","","","StaticMeshCollectionActor_6420.10",""
"robot_turn_s3","robot_turn","3","PASS","137","14","0","","","","","","355.44","-705.98","-362.01","-706.86","37.59","1","1","","","",""
"robot_turn_s30","robot_turn","30","PASS","88.3","17.8","0","","","","","","36.21","-721.7","-541.66","-721.7","25.96","2","2","","","StaticMeshCollectionActor_4549.1;StaticMeshCollectionActor_4549.0","StaticMeshCollectionActor_13351.11"
"robot_turn_s31","robot_turn","31","PASS","81","15.02","0","","","","","","28.41","-721.7","-616.89","-721.7","23.59","2","1","","robot_turn_s31@f518 (31.0,-721.7,-618.5) from 14.0 m/s rise 0","","StaticMeshCollectionActor_13351.10"
"robot_turn_s32","robot_turn","32","PASS","79.3","14.17","0","","","","","","97.88","-716.8","-657.85","-716.8","39.36","1","1","","","","StaticMeshCollectionActor_9567.9"
"robot_turn_s33","robot_turn","33","PASS","110.2","14.84","0","","","","","","172.34","-713.35","-317.34","-715.86","16.57","1","1","","","","StaticMeshCollectionActor_13351.5;StaticMeshCollectionActor_13351.6"
"robot_turn_s34","robot_turn","34","PASS","86.7","14.49","0","","","","","","273.8","-718.2","-484.45","-724.48","28.48","2","2","","","","StaticMeshCollectionActor_13351.4"
"robot_turn_s35","robot_turn","35","PASS","61","14.36","0","","","","","","368.5","-706.22","-319.53","-706.56","16.59","3","3","","","StaticMeshCollectionActor_8254.0","StaticMeshCollectionActor_13351.7"
"robot_turn_s36","robot_turn","36","PASS","83.7","14.49","0","","","","","","273.8","-718.2","-500.23","-724.48","28.62","2","2","","","","StaticMeshCollectionActor_13351.4"
"robot_turn_s37","robot_turn","37","PASS","68.1","15.09","0","","","","","","99.02","-716.8","-662.09","-716.8","23.12","2","2","","","",""
"robot_turn_s38","robot_turn","38","PASS","45.9","14.15","0","","","","","","363.38","-724.48","-333.12","-724.48","12.42","1","1","","","",""
"robot_turn_s39","robot_turn","39","PASS","65","15.28","0","","","","","","29.06","-721.7","-617.54","-721.7","19.36","2","2","","","StaticMeshCollectionActor_12216.7","StaticMeshCollectionActor_13351.10"
"robot_turn_s4","robot_turn","4","PASS","72.7","16.02","0","","","","","","99.02","-716.8","-662.09","-716.8","24.33","2","2","","","",""
"robot_turn_s40","robot_turn","40","PASS","108.9","15.11","0","","","","","","167.17","-710.69","-309.35","-717.78","10.22","1","1","","","","StaticMeshCollectionActor_12785.2;StaticMeshCollectionActor_13351.5;StaticMeshCollectionActor_13351.6"
"robot_turn_s41","robot_turn","41","PASS","68.8","14","0","","","","","","145.79","-726.4","-504.52","-726.4","5.48","2","2","","","",""
"robot_turn_s42","robot_turn","42","PASS","85.1","14.91","0","","","","","","319.02","-706.55","-389.65","-706.85","21.93","2","2","","","",""
"robot_turn_s43","robot_turn","43","PASS","79.6","14.93","0","","","","","","26.84","-721.7","-615.32","-721.7","29.73","2","1","","robot_turn_s43@f549 (28.8,-721.7,-616.7) from 14.0 m/s rise 0","StaticMeshCollectionActor_12216.5;StaticMeshCollectionActor_12216.7","StaticMeshCollectionActor_13351.10"
"robot_turn_s44","robot_turn","44","PASS","136.8","14","0","","","","","","363.43","-706.01","-363.02","-706.56","37.66","1","1","","","",""
"robot_turn_s45","robot_turn","45","PASS","86.5","15.26","0","","","","","","320.19","-706.51","-380.84","-706.82","11.01","2","2","","","",""
"robot_turn_s46","robot_turn","46","PASS","73.6","15.08","0","","","","","","392.57","-706.3","-320.43","-706.51","18.7","2","2","","","","StaticMeshCollectionActor_13351.7"
"robot_turn_s47","robot_turn","47","PASS","89.6","14.46","0","","","","","","273.8","-718.2","-478.09","-724.48","28.5","2","2","","","","StaticMeshCollectionActor_13351.4"
"robot_turn_s48","robot_turn","48","PASS","38","15.07","0","","","","","","218.99","-705.31","-291.07","-706.72","10.81","3","3","","","StaticMeshCollectionActor_15505.1;StaticMeshCollectionActor_15505.2","StaticMeshCollectionActor_12785.2"
"robot_turn_s49","robot_turn","49","FAIL passed_through","61.1","14.93","1","545","1.6","StaticMeshCollectionActor_13239","115.94,-704.23,-311.61","StaticMeshCollectionActor_13239","115.96","-705.83","-311.58","-706.56","7.36","5","5","","","StaticMeshCollectionActor_11907.2","StaticMeshCollectionActor_16332.11"
"robot_turn_s5","robot_turn","5","PASS","76","15.08","0","","","","","","99.02","-716.8","-662.09","-716.8","23.03","2","2","","","",""
"robot_turn_s50","robot_turn","50","PASS","62.5","15.17","0","","","","","","13.2","-721.7","-508.38","-721.7","18.02","2","2","","","","StaticMeshCollectionActor_13351.11"
"robot_turn_s51","robot_turn","51","PASS","95.2","15.23","0","","","","","","85.43","-727.04","-428.31","-727.04","38.6","3","3","","","StaticMeshCollectionActor_12153.5;StaticMeshCollectionActor_3034.1;StaticMeshCollectionActor_3034.3","StaticMeshCollectionActor_16332.7;StaticMeshCollectionActor_16332.6"
"robot_turn_s52","robot_turn","52","PASS","43.6","14.07","0","","","","","","368.54","-706.23","-319.71","-706.56","7.92","2","2","","","StaticMeshCollectionActor_8254.0",""
"robot_turn_s53","robot_turn","53","PASS","85","15.32","0","","","","","","84.76","-726.92","-428.93","-727.04","38.14","2","2","","","StaticMeshCollectionActor_12153.5;StaticMeshCollectionActor_3034.1;StaticMeshCollectionActor_3034.3","StaticMeshCollectionActor_16332.7;StaticMeshCollectionActor_16332.6"
"robot_turn_s54","robot_turn","54","PASS","120.9","14","0","","","","","","178.1","-710.4","-301.23","-717.22","30.61","1","1","","","","StaticMeshCollectionActor_13351.5;StaticMeshCollectionActor_13351.6;StaticMeshCollectionActor_12785.2"
"robot_turn_s55","robot_turn","55","PASS","65.7","14","0","","","","","","321.92","-706.56","-319.68","-706.56","3.14","2","2","","","",""
"robot_turn_s56","robot_turn","56","PASS","33.6","14","0","","","","","","368.86","-724.48","-321.44","-724.48","2.13","3","3","","","",""
"robot_turn_s57","robot_turn","57","INFO stuck","42.5","15.07","0","","","","","","380.26","-720.32","-309.1","-724.48","0.15","2","2","","","",""
"robot_turn_s58","robot_turn","58","PASS","78.2","16.93","0","","","","","","36.21","-721.7","-541.63","-721.7","26","2","2","","","StaticMeshCollectionActor_4549.1;StaticMeshCollectionActor_4549.0","StaticMeshCollectionActor_13351.11"
"robot_turn_s59","robot_turn","59","PASS","95.9","14.49","0","","","","","","273.8","-718.2","-480.61","-724.48","28.45","1","1","","","","StaticMeshCollectionActor_13351.4"
"robot_turn_s6","robot_turn","6","PASS","77.1","15.33","0","","","","","","344.39","-724.48","-434.27","-724.48","2.68","1","1","","","StaticMeshCollectionActor_6420.10","StaticMeshCollectionActor_12785.6"
"robot_turn_s60","robot_turn","60","PASS","52.9","14.3","0","","","","","","331.08","-724.48","-328.48","-724.48","2.75","3","3","","","","StaticMeshCollectionActor_12785.4"
"robot_turn_s61","robot_turn","61","PASS","65.2","14.47","0","","","","","","321.69","-724.48","-344.93","-724.48","29.2","1","1","","","","StaticMeshCollectionActor_12785.7"
"robot_turn_s62","robot_turn","62","PASS","72.8","14.28","0","","","","","","99.48","-714.24","-282.35","-714.63","33.49","3","3","","","StaticMeshCollectionActor_11907.2",""
"robot_turn_s63","robot_turn","63","PASS","65.6","15.2","0","","","","","","196.52","-716.8","-606.79","-716.8","17.59","1","1","","","",""
"robot_turn_s64","robot_turn","64","PASS","69.8","14.14","0","","","","","","155.44","-716.8","-612.21","-716.8","6.45","2","2","","","StaticMeshCollectionActor_7270.5","StaticMeshCollectionActor_12785.11"
"robot_turn_s65","robot_turn","65","PASS","136.6","14.68","0","","","","","","80.32","-721.68","-523.76","-726.4","39.16","1","1","","","StaticMeshCollectionActor_4549.5",""
"robot_turn_s66","robot_turn","66","PASS","47.8","14.23","0","","","","","","167.23","-710.67","-309.29","-714.34","5.06","3","3","","","","StaticMeshCollectionActor_12785.2"
"robot_turn_s67","robot_turn","67","FAIL passed_through","81.7","15.15","4","419","1.6","StaticMeshCollectionActor_7072","226.69,-722.84,-384.02","StaticMeshCollectionActor_7072","231.64","-724.48","-364.24","-724.48","19.78","3","3","","","","StaticMeshCollectionActor_7072.9"
"robot_turn_s68","robot_turn","68","PASS","84.6","15.22","0","","","","","","88.01","-727.04","-432.72","-727.04","27.78","2","2","","","StaticMeshCollectionActor_3034.1;StaticMeshCollectionActor_3034.3","StaticMeshCollectionActor_16332.7;StaticMeshCollectionActor_16332.6"
"robot_turn_s69","robot_turn","69","PASS","67.4","15.06","0","","","","","","98.37","-716.8","-661.69","-716.8","23.69","2","2","","","",""
"robot_turn_s7","robot_turn","7","PASS","86.5","17.47","0","","","","","","36.46","-721.7","-541.33","-721.7","20.05","2","2","","","StaticMeshCollectionActor_4549.1","StaticMeshCollectionActor_13351.11"
"robot_turn_s70","robot_turn","70","PASS","84.8","14","0","","","","","","125.64","-716.74","-613.64","-716.8","3.21","1","1","","","StaticMeshCollectionActor_1212.0",""
"robot_turn_s71","robot_turn","71","PASS","79.9","14.98","0","","","","","","26.24","-721.7","-614.77","-721.7","30.15","2","1","","robot_turn_s71@f553 (28.2,-721.7,-616.2) from 14.0 m/s rise 0","StaticMeshCollectionActor_12216.5;StaticMeshCollectionActor_12216.7","StaticMeshCollectionActor_13351.10"
"robot_turn_s72","robot_turn","72","PASS","71.4","15.08","0","","","","","","321.77","-706.56","-319.14","-706.56","10.55","2","2","","","",""
"robot_turn_s73","robot_turn","73","PASS","80.7","14.4","0","","","","","","266.44","-724.48","-446.4","-724.48","13.66","3","3","","","StaticMeshCollectionActor_4868.5;StaticMeshCollectionActor_2691.0",""
"robot_turn_s74","robot_turn","74","PASS","113.8","14","0","","","","","","175.87","-710.4","-307.09","-717.41","25.58","1","1","","","","StaticMeshCollectionActor_13351.5;StaticMeshCollectionActor_13351.6"
"robot_turn_s75","robot_turn","75","PASS","86.5","15.28","0","","","","","","36.22","-721.7","-541.72","-721.7","25.65","2","2","","","StaticMeshCollectionActor_4549.1;StaticMeshCollectionActor_4549.0","StaticMeshCollectionActor_13351.11"
"robot_turn_s76","robot_turn","76","PASS","136.2","15.9","0","","","","","","363.63","-706.05","-364.15","-706.56","37.97","1","1","","","StaticMeshCollectionActor_14438.9",""
"robot_turn_s77","robot_turn","77","FAIL passed_through","64.3","14.42","2","548","1.2","StaticMeshCollectionActor_13239","116.3,-704.62,-311.46","StaticMeshCollectionActor_13239","117.84","-705.83","-310.72","-706.56","8.15","3","3","","","StaticMeshCollectionActor_11907.2;StaticMeshCollectionActor_13239.10","StaticMeshCollectionActor_16332.11"
"robot_turn_s78","robot_turn","78","PASS","89.4","14","0","","","","","","320.17","-706.51","-396.34","-706.55","3.42","0","0","","","StaticMeshCollectionActor_2691.7",""
"robot_turn_s79","robot_turn","79","PASS","64.3","16.53","0","","","","","","115.19","-706.54","-458.17","-706.54","12.54","2","2","","","StaticMeshCollectionActor_10652.10;StaticMeshCollectionActor_10652.11",""
"robot_turn_s8","robot_turn","8","PASS","71.8","14.92","0","","","","","","358.56","-722.51","-490.9","-724.48","27.81","2","2","","","StaticMeshCollectionActor_6420.10",""
"robot_turn_s80","robot_turn","80","PASS","54.6","14.93","0","","","","","","355.52","-723.35","-491.78","-724.48","15.01","3","3","","","StaticMeshCollectionActor_6420.10",""
"robot_turn_s81","robot_turn","81","PASS","88.9","14.44","0","","","","","","273.78","-718.35","-484.05","-724.48","27.83","1","1","","","","StaticMeshCollectionActor_13351.4"
"robot_turn_s82","robot_turn","82","FAIL passed_through","54.6","15","1","322","1.2","StaticMeshCollectionActor_5367","116.8,-706.73,-420.52","StaticMeshCollectionActor_5367","115.57","-707.31","-420.54","-708.44","0.73","2","2","","","StaticMeshCollectionActor_5367.1;StaticMeshCollectionActor_12153.2","StaticMeshCollectionActor_12785.0;StaticMeshCollectionActor_16332.10"
"robot_turn_s83","robot_turn","83","PASS","57.7","14.1","0","","","","","","106.96","-727.04","-391.67","-727.04","6.54","2","2","","","StaticMeshCollectionActor_3034.3",""
"robot_turn_s9","robot_turn","9","PASS","59.2","14.82","0","","","","","","326.97","-724.48","-326.42","-724.48","1.57","0","0","","","",""
"robot_walk_s0","robot_walk","0","PASS","38.8","14","0","","","","","","144.7","-726.4","-473.86","-726.4","0.69","1","1","","","",""
"robot_walk_s1","robot_walk","1","PASS","101.9","14.98","0","","","","","","177.84","-716.8","-575.6","-716.8","27.74","2","2","","","StaticMeshCollectionActor_1212.0;StaticMeshCollectionActor_2691.3;StaticMeshCollectionActor_1325.6","StaticMeshCollectionActor_12785.11"
"robot_walk_s10","robot_walk","10","INFO stuck","34.8","14","0","","","","","","302.08","-706.56","-430.84","-706.56","0","1","1","","","",""
"robot_walk_s11","robot_walk","11","PASS","44","14","0","","","","","","150.54","-716.8","-414.08","-716.8","1.04","1","1","","","","StaticMeshCollectionActor_16332.7;StaticMeshCollectionActor_16332.4"
"robot_walk_s12","robot_walk","12","PASS","30","14","0","","","","","","144.71","-726.4","-473.71","-726.4","0.69","1","1","","","",""
"robot_walk_s13","robot_walk","13","INFO stuck","87.7","14","0","","","","","","195.27","-726.4","-467.89","-726.4","0","1","1","","","",""
"robot_walk_s14","robot_walk","14","INFO stuck","49.1","14","0","","","","","","142.72","-706.39","-353.24","-706.56","0","1","1","","","StaticMeshCollectionActor_11907.2",""
"robot_walk_s15","robot_walk","15","PASS","35.1","14","0","","","","","","334.54","-724.48","-479.11","-724.48","0.65","1","1","","","StaticMeshCollectionActor_6420.10",""
"robot_walk_s16","robot_walk","16","INFO stuck","86.7","14","0","","","","","","298.98","-707.18","-357.84","-707.18","0","1","1","","","","StaticMeshCollectionActor_13351.7"
"robot_walk_s17","robot_walk","17","INFO stuck","70.5","14","0","","","","","","76.36","-721.7","-565.32","-721.7","0","1","1","","","StaticMeshCollectionActor_4549.3;StaticMeshCollectionActor_4549.1;StaticMeshCollectionActor_4549.0","StaticMeshCollectionActor_13351.11"
"robot_walk_s18","robot_walk","18","INFO stuck","70.5","14.61","0","","","","","","212.81","-724.48","-462.63","-724.48","0","2","2","","","",""
"robot_walk_s19","robot_walk","19","INFO stuck","46.1","14.08","0","","","","","","221.07","-706.72","-348.22","-706.72","0","1","1","","","","StaticMeshCollectionActor_12785.2;StaticMeshCollectionActor_13351.5"
"robot_walk_s2","robot_walk","2","INFO stuck","71","14","0","","","","","","76.36","-721.7","-543.84","-721.7","0","1","1","","","StaticMeshCollectionActor_4549.2;StaticMeshCollectionActor_4549.0;StaticMeshCollectionActor_4549.1","StaticMeshCollectionActor_13351.10"
"robot_walk_s20","robot_walk","20","PASS","53.4","14","0","","","","","","151.2","-716.8","-417.69","-716.8","1.05","1","1","","","","StaticMeshCollectionActor_16332.7;StaticMeshCollectionActor_16332.4;StaticMeshCollectionActor_12785.8"
"robot_walk_s21","robot_walk","21","PASS","139.2","14","0","","","","","","254.82","-713.36","-338.65","-724.48","41.77","0","0","","","","StaticMeshCollectionActor_12785.7"
"robot_walk_s22","robot_walk","22","INFO stuck","58.1","14","0","","","","","","142.72","-706.39","-353.24","-706.56","0","1","1","","","StaticMeshCollectionActor_11907.2",""
"robot_walk_s23","robot_walk","23","INFO stuck","66","14.51","0","","","","","","76.16","-721.7","-543.77","-721.7","0","2","2","","","StaticMeshCollectionActor_4549.0;StaticMeshCollectionActor_4549.2;StaticMeshCollectionActor_4549.1","StaticMeshCollectionActor_13351.10"
"robot_walk_s24","robot_walk","24","INFO stuck","82","14","0","","","","","","193.35","-726.4","-461.49","-726.4","0","1","1","","","",""
"robot_walk_s25","robot_walk","25","INFO stuck","49.6","14","0","","","","","","135.23","-706.56","-353.3","-706.56","0.01","1","1","","","StaticMeshCollectionActor_11907.2",""
"robot_walk_s26","robot_walk","26","INFO stuck","52.2","14","0","","","","","","151.05","-716.8","-424.91","-719.25","0","1","1","","","","StaticMeshCollectionActor_16332.7;StaticMeshCollectionActor_16332.4;StaticMeshCollectionActor_12785.8"
"robot_walk_s27","robot_walk","27","PASS","48.3","14.02","0","","","","","","329.39","-724.48","-457.63","-724.48","3.13","2","2","","","",""
"robot_walk_s28","robot_walk","28","INFO stuck","95.5","14","0","","","","","","147.84","-725.24","-394.53","-725.39","0","1","1","","","StaticMeshCollectionActor_11907.2",""
"robot_walk_s29","robot_walk","29","PASS","136.5","14.13","0","","","","","","259.77","-724.47","-381.02","-724.48","41.76","0","0","","","StaticMeshCollectionActor_6420.10;StaticMeshCollectionActor_2691.1","StaticMeshCollectionActor_12785.6;StaticMeshCollectionActor_12785.7"
"robot_walk_s3","robot_walk","3","INFO stuck","27.1","14","0","","","","","","302.08","-706.56","-421.88","-706.56","0","1","1","","","",""
"robot_walk_s30","robot_walk","30","INFO stuck","74.7","14","0","","","","","","76.36","-721.7","-565.32","-721.7","0","1","1","","","StaticMeshCollectionActor_4549.1;StaticMeshCollectionActor_4549.3;StaticMeshCollectionActor_4549.0","StaticMeshCollectionActor_13351.11"
"robot_walk_s31","robot_walk","31","INFO stuck","80.7","14.52","0","","","","","","76.22","-721.7","-543.79","-721.7","0","2","2","","","StaticMeshCollectionActor_4549.0;StaticMeshCollectionActor_4549.2;StaticMeshCollectionActor_4549.1","StaticMeshCollectionActor_13351.10"
"robot_walk_s32","robot_walk","32","INFO stuck","94.4","14","0","","","","","","173.42","-716.8","-576.73","-716.8","0","1","1","","","StaticMeshCollectionActor_6653.11;StaticMeshCollectionActor_2122.9;StaticMeshCollectionActor_2691.3","StaticMeshCollectionActor_12785.11"
"robot_walk_s33","robot_walk","33","INFO stuck","32.1","14","0","","","","","","226.04","-706.72","-348.22","-706.72","0","1","1","","","","StaticMeshCollectionActor_13351.5"
"robot_walk_s34","robot_walk","34","INFO stuck","56.9","14.52","0","","","","","","212.04","-724.48","-464","-724.48","0","2","2","","","StaticMeshCollectionActor_67.7",""
"robot_walk_s35","robot_walk","35","PASS","139.1","14.39","0","","","","","","287.55","-709.51","-416.88","-709.51","41.71","0","0","","","","StaticMeshCollectionActor_13351.7"
"robot_walk_s36","robot_walk","36","INFO stuck","62.9","14","0","","","","","","211.09","-723","-464","-724.48","0","1","1","","","",""
"robot_walk_s37","robot_walk","37","PASS","127.3","14.08","0","","","","","","194.46","-719.76","-564.57","-719.76","38.67","1","1","","","StaticMeshCollectionActor_1212.0;StaticMeshCollectionActor_2691.3;StaticMeshCollectionActor_1325.6","StaticMeshCollectionActor_12785.11"
"robot_walk_s38","robot_walk","38","PASS","139.2","14","0","","","","","","242.48","-708.95","-338.2","-724.48","41.76","0","0","","","","StaticMeshCollectionActor_12785.7"
"robot_walk_s39","robot_walk","39","INFO stuck","85.4","14","0","","","","","","76.37","-721.7","-543.84","-721.7","0","1","1","","","StaticMeshCollectionActor_4549.2;StaticMeshCollectionActor_4549.0;StaticMeshCollectionActor_4549.1","StaticMeshCollectionActor_13351.10"
"robot_walk_s4","robot_walk","4","PASS","112.5","14.15","0","","","","","","177.04","-716.8","-577.37","-716.8","41.51","1","1","","","StaticMeshCollectionActor_6653.11;StaticMeshCollectionActor_1212.0;StaticMeshCollectionActor_2691.3;StaticMeshCollectionActor_1325.6","StaticMeshCollectionActor_12785.11"
"robot_walk_s40","robot_walk","40","INFO stuck","46.1","14","0","","","","","","229.88","-706.72","-348.22","-706.72","0","1","1","","","","StaticMeshCollectionActor_12785.2"
"robot_walk_s41","robot_walk","41","INFO stuck","78.8","14","0","","","","","","195.27","-726.4","-467.89","-726.4","0","1","1","","","",""
"robot_walk_s42","robot_walk","42","INFO stuck","27.1","14","0","","","","","","302.08","-706.56","-430.84","-706.56","0","1","1","","","",""
"robot_walk_s43","robot_walk","43","INFO stuck","75.2","14","0","","","","","","76.36","-721.7","-543.84","-721.7","0","1","1","","","StaticMeshCollectionActor_4549.2;StaticMeshCollectionActor_4549.0;StaticMeshCollectionActor_4549.1","StaticMeshCollectionActor_13351.10"
"robot_walk_s44","robot_walk","44","INFO stuck","34.8","14","0","","","","","","302.08","-706.56","-421.88","-706.56","0","1","1","","","",""
"robot_walk_s45","robot_walk","45","INFO stuck","20.7","14","0","","","","","","302.08","-706.56","-427","-706.56","0","1","1","","","",""
"robot_walk_s46","robot_walk","46","INFO stuck","84.3","14","0","","","","","","302.08","-706.56","-333.15","-706.56","0","1","1","","","","StaticMeshCollectionActor_13351.7"
"robot_walk_s47","robot_walk","47","INFO stuck","61.7","14.68","0","","","","","","212.81","-724.48","-462.63","-724.48","0","1","1","","","",""
"robot_walk_s48","robot_walk","48","INFO stuck","38.5","14.07","0","","","","","","221.06","-706.72","-348.22","-706.72","0","1","1","","","","StaticMeshCollectionActor_13351.5"
"robot_walk_s49","robot_walk","49","INFO stuck","58.6","14","0","","","","","","135.23","-706.56","-353.39","-706.56","0.01","1","1","","","StaticMeshCollectionActor_11907.2",""
"robot_walk_s5","robot_walk","5","PASS","107.2","14","0","","","","","","173.49","-716.8","-576.88","-716.8","9.3","1","1","","","StaticMeshCollectionActor_2691.3","StaticMeshCollectionActor_12785.11"
"robot_walk_s50","robot_walk","50","INFO stuck","80.1","14.52","0","","","","","","76.11","-721.7","-565.41","-721.7","0","1","1","","","StaticMeshCollectionActor_4549.1;StaticMeshCollectionActor_4549.3;StaticMeshCollectionActor_4549.0","StaticMeshCollectionActor_13351.11"
"robot_walk_s51","robot_walk","51","INFO stuck","43.5","14","0","","","","","","151.09","-716.8","-417.31","-716.8","0","1","1","","","","StaticMeshCollectionActor_16332.7;StaticMeshCollectionActor_16332.4;StaticMeshCollectionActor_12785.8"
"robot_walk_s52","robot_walk","52","INFO stuck","71.9","14","0","","","","","","302.08","-706.56","-333.15","-706.56","0","1","1","","","",""
"robot_walk_s53","robot_walk","53","PASS","44.6","14","0","","","","","","151.15","-716.8","-424.57","-718.97","1.05","1","1","","","","StaticMeshCollectionActor_16332.7;StaticMeshCollectionActor_16332.4;StaticMeshCollectionActor_12785.8"
"robot_walk_s54","robot_walk","54","INFO stuck","38.5","14","0","","","","","","229.88","-706.72","-348.22","-706.72","0","1","1","","","",""
"robot_walk_s55","robot_walk","55","PASS","138.9","14","0","","","","","","274.56","-724.48","-423.78","-724.48","41.49","0","0","","","",""
"robot_walk_s56","robot_walk","56","PASS","128.1","14.42","0","","","","","","262.89","-716.26","-333.86","-724.48","41.77","1","1","","","StaticMeshCollectionActor_6817.2","StaticMeshCollectionActor_12785.7"
"robot_walk_s57","robot_walk","57","PASS","138.2","14.09","0","","","","","","261.18","-715.64","-333.83","-724.48","41.76","0","0","","","StaticMeshCollectionActor_6817.2","StaticMeshCollectionActor_12785.7"
"robot_walk_s58","robot_walk","58","INFO stuck","65.6","14.52","0","","","","","","76.11","-721.7","-565.41","-721.7","0","1","1","","","StaticMeshCollectionActor_4549.1;StaticMeshCollectionActor_4549.3;StaticMeshCollectionActor_4549.0","StaticMeshCollectionActor_13351.11"
"robot_walk_s59","robot_walk","59","INFO stuck","66.1","14.49","0","","","","","","211.94","-724.48","-463.92","-724.48","0","2","2","","","StaticMeshCollectionActor_67.7",""
"robot_walk_s6","robot_walk","6","INFO stuck","37.3","14","0","","","","","","337.17","-724.48","-486.1","-724.48","0","1","1","","","StaticMeshCollectionActor_6420.10",""
"robot_walk_s60","robot_walk","60","INFO stuck","15.1","14","0","","","","","","355.75","-724.48","-354.2","-724.48","0","1","1","","","","StaticMeshCollectionActor_12785.4"
"robot_walk_s61","robot_walk","61","PASS","139.2","14","0","","","","","","182.2","-706.55","-345.18","-724.48","41.76","0","0","","","","StaticMeshCollectionActor_12785.7;StaticMeshCollectionActor_13351.5;StaticMeshCollectionActor_13351.6"
"robot_walk_s62","robot_walk","62","PASS","139.2","14","0","","","","","","95.57","-727.04","-429.72","-727.04","41.77","0","0","","","StaticMeshCollectionActor_11907.2","StaticMeshCollectionActor_16332.2;StaticMeshCollectionActor_16332.9;StaticMeshCollectionActor_9567.11"
"robot_walk_s63","robot_walk","63","PASS","139.2","14","0","","","","","","193.71","-726.4","-462.51","-726.4","41.77","0","0","","","",""
"robot_walk_s64","robot_walk","64","PASS","63.3","14","0","","","","","","145.47","-716.8","-559.17","-716.8","0.5","1","1","","","",""
"robot_walk_s65","robot_walk","65","INFO stuck","87.7","14","0","","","","","","195.27","-726.4","-471.04","-726.4","0","1","1","","","",""
"robot_walk_s66","robot_walk","66","PASS","139.2","14","0","","","","","","179.62","-722.92","-432.26","-724.48","41.76","0","0","","","StaticMeshCollectionActor_2691.6","StaticMeshCollectionActor_12785.2"
"robot_walk_s67","robot_walk","67","INFO stuck","30.2","14","0","","","","","","260.48","-724.13","-386.41","-724.48","0.43","1","1","","","",""
"robot_walk_s68","robot_walk","68","INFO stuck","56.7","14","0","","","","","","151.09","-716.8","-417.31","-716.8","0","1","1","","","","StaticMeshCollectionActor_16332.7;StaticMeshCollectionActor_16332.4;StaticMeshCollectionActor_12785.8"
"robot_walk_s69","robot_walk","69","PASS","110.3","14.11","0","","","","","","184.04","-716.8","-575.03","-716.8","40.52","1","1","","","StaticMeshCollectionActor_1212.0;StaticMeshCollectionActor_2691.3","StaticMeshCollectionActor_12785.11"
"robot_walk_s7","robot_walk","7","INFO stuck","85","14","0","","","","","","76.36","-721.7","-565.32","-721.7","0","1","1","","","StaticMeshCollectionActor_4549.3;StaticMeshCollectionActor_4549.1;StaticMeshCollectionActor_4549.0","StaticMeshCollectionActor_13351.11"
"robot_walk_s70","robot_walk","70","INFO stuck","73.6","14","0","","","","","","173.47","-721.92","-552.89","-721.92","0","1","1","","","StaticMeshCollectionActor_6173.2","StaticMeshCollectionActor_13351.0"
"robot_walk_s71","robot_walk","71","PASS","74","14","0","","","","","","76.25","-721.7","-543.8","-721.7","0.85","0","0","","","StaticMeshCollectionActor_4549.2;StaticMeshCollectionActor_4549.0;StaticMeshCollectionActor_4549.1","StaticMeshCollectionActor_13351.10"
"robot_walk_s72","robot_walk","72","PASS","104.8","14","0","","","","","","270.18","-724.02","-392.95","-724.48","6.61","1","1","","","",""
"robot_walk_s73","robot_walk","73","PASS","108.1","14","0","","","","","","228.41","-724.46","-364.24","-724.48","10.92","1","1","","","StaticMeshCollectionActor_4868.5;StaticMeshCollectionActor_2691.0",""
"robot_walk_s74","robot_walk","74","INFO stuck","41.7","14","0","","","","","","227.83","-706.72","-348.22","-706.72","0.28","1","1","","","",""
"robot_walk_s75","robot_walk","75","INFO stuck","70.5","14","0","","","","","","76.32","-721.7","-565.33","-721.7","0","1","1","","","StaticMeshCollectionActor_4549.1;StaticMeshCollectionActor_4549.3;StaticMeshCollectionActor_4549.0","StaticMeshCollectionActor_13351.11"
"robot_walk_s76","robot_walk","76","INFO stuck","34.7","14","0","","","","","","302.08","-706.56","-427.98","-706.56","0.06","1","1","","","",""
"robot_walk_s77","robot_walk","77","INFO stuck","61.6","14","0","","","","","","140.64","-706.34","-353.25","-706.56","0.09","1","1","","","StaticMeshCollectionActor_11907.2",""
"robot_walk_s78","robot_walk","78","PASS","139.2","14","0","","","","","","202.35","-706.54","-454.39","-706.54","41.77","0","0","","","",""
"robot_walk_s79","robot_walk","79","PASS","139.2","14","0","","","","","","242.63","-706.54","-458.24","-706.54","41.77","0","0","","","",""
"robot_walk_s8","robot_walk","8","INFO stuck","39.8","14.38","0","","","","","","328.37","-724.48","-458.04","-724.48","0","1","1","","","StaticMeshCollectionActor_6420.10",""
"robot_walk_s80","robot_walk","80","PASS","93.9","14.42","0","","","","","","337.84","-724.48","-376.38","-724.48","41.76","1","1","","","StaticMeshCollectionActor_2413.11","StaticMeshCollectionActor_12785.6;StaticMeshCollectionActor_12785.5"
"robot_walk_s81","robot_walk","81","PASS","30","14","0","","","","","","249.85","-724.48","-487.73","-724.48","2.38","1","1","","","",""
"robot_walk_s82","robot_walk","82","INFO stuck","20.5","14","0","","","","","","111.42","-706.56","-385.28","-706.56","0","1","1","","","",""
"robot_walk_s83","robot_walk","83","INFO stuck","30.3","14","0","","","","","","81.85","-726.92","-413.91","-727.04","0","2","2","","","StaticMeshCollectionActor_3034.3",""
"robot_walk_s9","robot_walk","9","INFO stuck","40.5","14","0","","","","","","347.42","-724.48","-354.48","-724.48","0","1","1","","","","StaticMeshCollectionActor_12785.4"
"strafe_boost_s0","strafe_boost","0","INFO stuck","91.6","27.6","0","","","","","","194.53","-725.81","-466.9","-726.4","0.35","2","2","","","",""
"strafe_boost_s1","strafe_boost","1","PASS","191.7","26.54","0","","","","","","203.12","-724.83","-502.09","-726.4","55.05","1","1","","","StaticMeshCollectionActor_2691.3","StaticMeshCollectionActor_12785.11"
"strafe_boost_s10","strafe_boost","10","PASS","86.7","26.24","0","","","","","","261.43","-706.76","-446.89","-706.81","38.16","1","1","","","StaticMeshCollectionActor_12724.2",""
"strafe_boost_s11","strafe_boost","11","INFO stuck","45.4","21.85","0","","","","","","149.99","-716.38","-410.44","-716.8","0.24","1","1","","","","StaticMeshCollectionActor_16332.7;StaticMeshCollectionActor_16332.4"
"strafe_boost_s12","strafe_boost","12","INFO stuck","82.7","27.71","0","","","","","","195.16","-725.62","-467.82","-726.4","0.02","2","2","","","",""
"strafe_boost_s13","strafe_boost","13","INFO stuck","86.9","29.35","0","","","","","","194.02","-726.26","-467.09","-726.4","0.03","1","1","","","",""
"strafe_boost_s14","strafe_boost","14","PASS","139","28.61","0","","","","","","167.75","-724.46","-428.42","-724.48","63.95","1","1","","","StaticMeshCollectionActor_11907.2",""
"strafe_boost_s15","strafe_boost","15","INFO stuck","36","23.42","0","","","","","","334.39","-723.59","-479.19","-724.48","0.01","1","1","","","StaticMeshCollectionActor_6420.10",""
"strafe_boost_s16","strafe_boost","16","PASS","220.4","29.64","0","","","","","","186.7","-723.78","-409.74","-724.48","58.34","0","0","","","","StaticMeshCollectionActor_13351.7"
"strafe_boost_s17","strafe_boost","17","INFO stuck","69","27.62","0","","","","","","76.09","-721.7","-564.01","-721.7","0.13","1","1","","","StaticMeshCollectionActor_4549.3;StaticMeshCollectionActor_4549.1;StaticMeshCollectionActor_4549.0","StaticMeshCollectionActor_13351.11"
"strafe_boost_s18","strafe_boost","18","INFO stuck","73.1","23.11","0","","","","","","214.88","-723.89","-463.65","-724.48","0.08","1","1","","","","StaticMeshCollectionActor_13351.4"
"strafe_boost_s19","strafe_boost","19","INFO stuck","48.1","22.88","0","","","","","","230.96","-705.54","-347.11","-706.72","0.12","1","1","","","","StaticMeshCollectionActor_12785.2"
"strafe_boost_s2","strafe_boost","2","PASS","180.6","27.62","0","","","","","","144.51","-725.52","-469.13","-726.4","67.03","1","1","","","StaticMeshCollectionActor_4549.2;StaticMeshCollectionActor_4549.0;StaticMeshCollectionActor_4549.1;StaticMeshCollectionActor_4549.3;StaticMeshCollectionActor_4549.5","StaticMeshCollectionActor_13351.10;StaticMeshCollectionActor_12785.9"
"strafe_boost_s20","strafe_boost","20","PASS","58.9","24.88","0","","","","","","150.56","-715.93","-409.97","-716.8","1.22","1","1","","","","StaticMeshCollectionActor_16332.7;StaticMeshCollectionActor_16332.4"
"strafe_boost_s21","strafe_boost","21","PASS","152","29.85","0","","","","","","252.3","-722.62","-353.59","-724.48","16.28","1","1","","","","StaticMeshCollectionActor_12785.7"
"strafe_boost_s22","strafe_boost","22","PASS","138.5","28.23","0","","","","","","167.75","-724.46","-418.97","-724.48","55.73","1","1","","","StaticMeshCollectionActor_11907.2",""
"strafe_boost_s23","strafe_boost","23","PASS","97","25.97","0","","","","","","84.66","-720.83","-522.8","-721.7","0.92","1","1","","","StaticMeshCollectionActor_4549.2;StaticMeshCollectionActor_4549.0;StaticMeshCollectionActor_4549.1;StaticMeshCollectionActor_4549.3","StaticMeshCollectionActor_13351.10;StaticMeshCollectionActor_12785.9"
"strafe_boost_s24","strafe_boost","24","PASS","95.4","29.22","0","","","","","","196.07","-725.37","-447.5","-726.4","6.1","1","1","","","",""
"strafe_boost_s25","strafe_boost","25","PASS","70.8","27.41","0","","","","","","155.22","-705.73","-359.44","-706.56","11.87","1","1","","","StaticMeshCollectionActor_11907.2",""
"strafe_boost_s26","strafe_boost","26","PASS","63.5","24.94","0","","","","","","151.25","-716.62","-416.03","-716.8","7.11","1","1","","","","StaticMeshCollectionActor_16332.7;StaticMeshCollectionActor_16332.4;StaticMeshCollectionActor_12785.8"
"strafe_boost_s27","strafe_boost","27","INFO stuck","49.4","24.01","0","","","","","","329.33","-723.68","-459.4","-724.48","0.27","1","1","","","",""
"strafe_boost_s28","strafe_boost","28","PASS","104.3","28.62","0","","","","","","157.76","-724.45","-394.6","-725.23","7.24","1","1","","","StaticMeshCollectionActor_11907.2",""
"strafe_boost_s29","strafe_boost","29","PASS","174.3","26.4","0","","","","","","249.61","-724.48","-350.03","-724.48","60.37","2","2","","","StaticMeshCollectionActor_6420.10;StaticMeshCollectionActor_2691.1","StaticMeshCollectionActor_12785.6;StaticMeshCollectionActor_12785.7"
"strafe_boost_s3","strafe_boost","3","PASS","45.2","24.42","0","","","","","","299.72","-706.12","-440.57","-706.56","6.63","1","1","","","",""
"strafe_boost_s30","strafe_boost","30","INFO stuck","74.5","28.57","0","","","","","","74.36","-720.96","-565.1","-721.7","0.39","1","1","","","StaticMeshCollectionActor_4549.1;StaticMeshCollectionActor_4549.3;StaticMeshCollectionActor_4549.0","StaticMeshCollectionActor_13351.11"
"strafe_boost_s31","strafe_boost","31","PASS","155","27.62","0","","","","","","121.19","-716.93","-502.33","-721.92","40.81","1","1","","","StaticMeshCollectionActor_4549.2;StaticMeshCollectionActor_4549.0;StaticMeshCollectionActor_4549.1;StaticMeshCollectionActor_4549.3;StaticMeshCollectionActor_4549.5","StaticMeshCollectionActor_13351.10;StaticMeshCollectionActor_5513.7;StaticMeshCollectionActor_12785.9"
"strafe_boost_s32","strafe_boost","32","PASS","163.8","28.53","0","","","","","","201.28","-725.64","-526.84","-726.4","17.89","1","0","","","StaticMeshCollectionActor_6653.11","StaticMeshCollectionActor_12785.11"
"strafe_boost_s33","strafe_boost","33","INFO stuck","36.1","25.48","0","","","","","","230.44","-705.85","-348.51","-706.72","0.1","1","1","","","",""
"strafe_boost_s34","strafe_boost","34","INFO stuck","62","25.32","0","","","","","","212.62","-723.81","-465.54","-724.48","0.04","1","1","","","",""
"strafe_boost_s35","strafe_boost","35","PASS","233.7","29.65","0","","","","","","231.31","-723.58","-483.18","-724.48","61.52","0","0","","","","StaticMeshCollectionActor_13351.7"
"strafe_boost_s36","strafe_boost","36","INFO stuck","60.6","28.08","0","","","","","","213.91","-724.08","-465.45","-724.48","0.05","1","1","","","",""
"strafe_boost_s37","strafe_boost","37","PASS","201.3","28.05","0","","","","","","194.24","-725.44","-486.36","-726.4","69.36","0","0","","","StaticMeshCollectionActor_2691.4","StaticMeshCollectionActor_13351.0"
"strafe_boost_s38","strafe_boost","38","PASS","142.1","29.78","0","","","","","","251.44","-724.48","-355.84","-724.48","17.64","1","1","","","","StaticMeshCollectionActor_12785.7"
"strafe_boost_s39","strafe_boost","39","PASS","108.1","28.57","0","","","","","","75.64","-720.83","-521.79","-721.7","6.57","2","2","","","StaticMeshCollectionActor_4549.2;StaticMeshCollectionActor_4549.0;StaticMeshCollectionActor_4549.1;StaticMeshCollectionActor_4549.3","StaticMeshCollectionActor_13351.10;StaticMeshCollectionActor_5513.7"
"strafe_boost_s4","strafe_boost","4","PASS","154.2","27.37","0","","","","","","198.74","-721.76","-554.71","-721.76","33.23","1","1","","","StaticMeshCollectionActor_2691.3","StaticMeshCollectionActor_12785.11"
"strafe_boost_s40","strafe_boost","40","INFO stuck","46.4","27.28","0","","","","","","230.68","-705.84","-347.56","-706.72","0.02","1","1","","","","StaticMeshCollectionActor_12785.2"
"strafe_boost_s41","strafe_boost","41","INFO stuck","78","29.12","0","","","","","","194.02","-725.86","-467.09","-726.4","0.03","1","1","","","",""
"strafe_boost_s42","strafe_boost","42","PASS","87","27.11","0","","","","","","253.42","-706.76","-446.89","-706.81","46.11","1","1","","","StaticMeshCollectionActor_12724.2",""
"strafe_boost_s43","strafe_boost","43","PASS","188.8","28.57","0","","","","","","144.51","-725.56","-469.86","-726.4","64.87","0","0","","","StaticMeshCollectionActor_4549.2;StaticMeshCollectionActor_4549.0;StaticMeshCollectionActor_4549.1;StaticMeshCollectionActor_4549.3;StaticMeshCollectionActor_4549.5","StaticMeshCollectionActor_13351.10;StaticMeshCollectionActor_12785.9"
"strafe_boost_s44","strafe_boost","44","PASS","52.7","25.83","0","","","","","","299.72","-706.56","-440.33","-706.56","7.47","1","1","","","",""
"strafe_boost_s45","strafe_boost","45","PASS","40.2","22.77","0","","","","","","297.96","-705.64","-446.46","-706.64","7.11","1","1","","","StaticMeshCollectionActor_12724.2",""
"strafe_boost_s46","strafe_boost","46","PASS","96.9","29.18","0","","","","","","300.78","-705.68","-346.56","-706.56","6.92","1","1","","","StaticMeshCollectionActor_4868.4","StaticMeshCollectionActor_13351.7"
"strafe_boost_s47","strafe_boost","47","INFO stuck","62.8","22.81","0","","","","","","214.75","-723.57","-463.64","-724.48","0","1","1","","","","StaticMeshCollectionActor_13351.4"
"strafe_boost_s48","strafe_boost","48","INFO stuck","40.5","22.69","0","","","","","","230.92","-706.32","-347.15","-706.72","0.08","1","1","","","",""
"strafe_boost_s49","strafe_boost","49","PASS","79.5","28.14","0","","","","","","155.05","-706.15","-359.41","-706.56","11.95","1","1","","","StaticMeshCollectionActor_11907.2",""
"strafe_boost_s5","strafe_boost","5","PASS","117","29.65","0","","","","","","170.38","-716.46","-570.9","-716.83","3","1","1","","","StaticMeshCollectionActor_2691.3","StaticMeshCollectionActor_12785.11"
"strafe_boost_s50","strafe_boost","50","INFO stuck","89.6","27.66","0","","","","","","75.77","-721.4","-564.1","-721.7","0.16","1","1","","","StaticMeshCollectionActor_4549.3;StaticMeshCollectionActor_4549.1;StaticMeshCollectionActor_4549.0","StaticMeshCollectionActor_13351.11"
"strafe_boost_s51","strafe_boost","51","FAIL ramp_hard_stop","46.8","20.91","0","","","","","","149.91","-715.92","-410.79","-716.8","0.27","2","1","strafe_boost_s51@f35 (111.3,-706.2,-419.3) from 8.4 m/s rise -0.42","","","StaticMeshCollectionActor_16332.7;StaticMeshCollectionActor_16332.4"
"strafe_boost_s52","strafe_boost","52","PASS","86.2","28.81","0","","","","","","300.62","-706.56","-348.26","-706.56","6.99","1","1","","","StaticMeshCollectionActor_4868.4",""
"strafe_boost_s53","strafe_boost","53","PASS","58.3","23.22","0","","","","","","150.99","-716.49","-410.06","-716.8","3.23","1","1","","","","StaticMeshCollectionActor_16332.7;StaticMeshCollectionActor_16332.4;StaticMeshCollectionActor_12785.8"
"strafe_boost_s54","strafe_boost","54","INFO stuck","38.7","26.4","0","","","","","","230.69","-706.33","-347.54","-706.72","0.01","1","1","","","",""
"strafe_boost_s55","strafe_boost","55","FAIL passed_through","152.6","28.87","1","570","1.2","StaticMeshCollectionActor_10306","266.22,-723.01,-416.15","StaticMeshCollectionActor_10306","260.97","-720.37","-417.25","-724.48","44.3","1","1","","","",""
"strafe_boost_s56","strafe_boost","56","FAIL ramp_hard_stop","137.7","28.11","0","","","","","","262.86","-715.43","-342.96","-724.48","7.82","2","1","strafe_boost_s56@f322 (284.3,-723.6,-343.5) from 28.0 m/s rise 0.82","","","StaticMeshCollectionActor_12785.7"
"strafe_boost_s57","strafe_boost","57","PASS","158.5","29.28","0","","","","","","250.53","-723.51","-356.04","-724.48","21.13","2","2","","","","StaticMeshCollectionActor_12785.7"
"strafe_boost_s58","strafe_boost","58","INFO stuck","74.5","26.03","0","","","","","","76.05","-721.25","-564.05","-721.7","0.17","1","1","","","StaticMeshCollectionActor_4549.3;StaticMeshCollectionActor_4549.1;StaticMeshCollectionActor_4549.0","StaticMeshCollectionActor_13351.11"
"strafe_boost_s59","strafe_boost","59","INFO stuck","72.2","25.05","0","","","","","","212.36","-724.08","-465.47","-724.48","0.07","1","1","","","",""
"strafe_boost_s6","strafe_boost","6","INFO stuck","43.7","21.08","0","","","","","","334.81","-723.78","-479.43","-724.48","0.03","1","1","","","StaticMeshCollectionActor_6420.10",""
"strafe_boost_s60","strafe_boost","60","PASS","23.5","20.37","0","","","","","","358.34","-723.78","-354.27","-724.48","1.15","1","1","","","","StaticMeshCollectionActor_12785.4"
"strafe_boost_s61","strafe_boost","61","FAIL ramp_hard_stop","79.6","26.03","0","","","","","","247.63","-710.17","-344.55","-724.48","7.5","2","1","strafe_boost_s61@f442 (248.6,-710.9,-343.3) from 19.0 m/s rise 4.37","","","StaticMeshCollectionActor_12785.7"
"strafe_boost_s62","strafe_boost","62","PASS","202.2","29.69","0","","","","","","107.63","-726.03","-486.01","-727.04","50.88","2","2","","","StaticMeshCollectionActor_11907.2;StaticMeshCollectionActor_3034.0","StaticMeshCollectionActor_16332.2;StaticMeshCollectionActor_16332.9;StaticMeshCollectionActor_16332.3"
"strafe_boost_s63","strafe_boost","63","PASS","262.8","29.99","0","","","","","","197.5","-720.56","-338.96","-726.4","89.41","0","0","","","",""
"strafe_boost_s64","strafe_boost","64","PASS","223.7","28.98","0","","","","","","208.68","-724.48","-420.63","-726.4","67.4","0","0","","","","StaticMeshCollectionActor_13351.0"
"strafe_boost_s65","strafe_boost","65","INFO stuck","90.1","29.35","0","","","","","","195.05","-725.79","-467.39","-726.4","0.02","1","1","","","",""
"strafe_boost_s66","strafe_boost","66","INFO stuck","118","28.93","0","","","","","","182.56","-720.31","-409.25","-724.48","0.01","1","1","","","","StaticMeshCollectionActor_12785.2"
"strafe_boost_s67","strafe_boost","67","INFO stuck","93.7","27.11","0","","","","","","273.29","-724.19","-438.38","-724.48","0.17","1","1","","","StaticMeshCollectionActor_2691.1",""
"strafe_boost_s68","strafe_boost","68","FAIL ramp_hard_stop","61","21.52","0","","","","","","150.59","-716.05","-410.26","-716.8","2.81","2","1","strafe_boost_s68@f76 (111.3,-706.2,-419.8) from 19.9 m/s rise 0.35","","","StaticMeshCollectionActor_16332.7;StaticMeshCollectionActor_16332.4"
"strafe_boost_s69","strafe_boost","69","PASS","133.6","26.85","0","","","","","","171.74","-721.92","-549.1","-721.92","32.42","1","1","","","","StaticMeshCollectionActor_12785.11"
"strafe_boost_s7","strafe_boost","7","INFO stuck","83.5","28.57","0","","","","","","76.06","-720.94","-564.02","-721.7","0.15","1","1","","","StaticMeshCollectionActor_4549.3;StaticMeshCollectionActor_4549.1;StaticMeshCollectionActor_4549.0","StaticMeshCollectionActor_13351.11"
"strafe_boost_s70","strafe_boost","70","INFO stuck","109","27.05","0","","","","","","200.85","-726.29","-532.94","-726.4","0","1","1","","","StaticMeshCollectionActor_2691.4","StaticMeshCollectionActor_13351.0"
"strafe_boost_s71","strafe_boost","71","INFO stuck","99.6","28.34","0","","","","","","73.14","-721.05","-521.09","-721.7","0.31","2","2","","","StaticMeshCollectionActor_4549.2;StaticMeshCollectionActor_4549.0;StaticMeshCollectionActor_4549.1;StaticMeshCollectionActor_4549.3","StaticMeshCollectionActor_13351.10"
"strafe_boost_s72","strafe_boost","72","PASS","267.5","29.98","0","","","","","","130.69","-726.4","-479.05","-726.4","89.28","0","0","","","",""
"strafe_boost_s73","strafe_boost","73","INFO stuck","106.9","29","0","","","","","","228.57","-724.06","-365.63","-724.48","0.09","1","1","","","StaticMeshCollectionActor_4868.5;StaticMeshCollectionActor_2691.0",""
"strafe_boost_s74","strafe_boost","74","INFO stuck","43.7","26.74","0","","","","","","230.42","-705.87","-348.13","-706.72","0.08","1","1","","","",""
"strafe_boost_s75","strafe_boost","75","INFO stuck","69.6","28.2","0","","","","","","74.99","-721.39","-564.4","-721.7","0.15","1","1","","","StaticMeshCollectionActor_4549.1;StaticMeshCollectionActor_4549.3;StaticMeshCollectionActor_4549.0","StaticMeshCollectionActor_13351.11"
"strafe_boost_s76","strafe_boost","76","PASS","55.1","25.83","0","","","","","","296.33","-706.54","-447.4","-706.64","8.35","1","1","","","",""
"strafe_boost_s77","strafe_boost","77","PASS","114","28.42","0","","","","","","159.61","-724.45","-395.23","-725.24","13.59","2","2","","","StaticMeshCollectionActor_11907.2",""
"strafe_boost_s78","strafe_boost","78","PASS","241.8","30","0","","","","","","101.01","-706.54","-454.11","-706.54","60.88","1","1","","","",""
"strafe_boost_s79","strafe_boost","79","PASS","241.4","30","0","","","","","","343.31","-706.54","-456.05","-706.54","60.25","1","1","","","",""
"strafe_boost_s8","strafe_boost","8","INFO stuck","39","24.67","0","","","","","","329.64","-724.19","-458.85","-724.48","0.18","1","1","","","StaticMeshCollectionActor_6420.10",""
"strafe_boost_s80","strafe_boost","80","PASS","150.7","28.67","0","","","","","","316.11","-724.17","-328.73","-724.48","17.96","2","2","","","","StaticMeshCollectionActor_12785.6;StaticMeshCollectionActor_12785.5;StaticMeshCollectionActor_12785.4"
"strafe_boost_s81","strafe_boost","81","PASS","74.9","24.14","0","","","","","","214.74","-724.06","-464.37","-724.48","0.71","2","2","","","StaticMeshCollectionActor_67.7",""
"strafe_boost_s82","strafe_boost","82","PASS","36.1","22.77","0","","","","","","113.77","-705.92","-369.81","-706.56","2.01","1","1","","","",""
"strafe_boost_s83","strafe_boost","83","INFO stuck","31.5","23.75","0","","","","","","83.29","-726.82","-416.33","-727.04","0.01","2","2","","","StaticMeshCollectionActor_3034.3",""
"strafe_boost_s9","strafe_boost","9","INFO stuck","39","26.57","0","","","","","","348.54","-723.86","-353.43","-724.48","0.05","1","1","","","","StaticMeshCollectionActor_12785.4"
