"category","item","class","evidence","owner"
"bsp","180 BSP elements","PRESENT + RENDERED","Rendering map_audit: rendered_correctly (cooked element has LightMapType 0 and no IrrelevantLights/ShadowMaps/light GUIDs (no static interactions): drawn with the dynamic light environment, assumed equivalent to UE3 uncached light interactions [PROV])",""
"bsp","360 BSP elements","UNKNOWN","Rendering map_audit: unknown (cooked element has LightMapType 0 and no IrrelevantLights/ShadowMaps/light GUIDs (no static interactions): drawn with the dynamic light environment, assumed equivalent to UE3 uncached light interactions [PROV])",""
"movers","StaticInterpActor_15810","PRESENT + WRONG EFFECT","Rendering map_audit: PHYS_Rotating mover drawn static (RotationRate {'Pitch': 0.0, 'Yaw': 14.996, 'Roll': 0.0} not driven; World owner)","Rendering"
"movers","StaticInterpActor_7381","PRESENT + WRONG EFFECT","Rendering map_audit: PHYS_Rotating mover drawn static (RotationRate {'Pitch': 0.0, 'Yaw': 14.996, 'Roll': 0.0} not driven; World owner)","Rendering"
"movers","StaticInterpActor_8114","PRESENT + WRONG EFFECT","Rendering map_audit: PHYS_Rotating mover drawn static (RotationRate {'Pitch': 0.0, 'Yaw': 14.996, 'Roll': 0.0} not driven; World owner)","Rendering"
"prefab_members","StaticMeshActor_10456","PRESENT + RENDERED","Rendering map_audit: lightmapped",""
"prefab_members","StaticMeshActor_10895","PRESENT + RENDERED","Rendering map_audit: lightmapped",""
"prefab_members","StaticMeshActor_11055","UNKNOWN","Rendering map_audit: material(s) not verifiable: ['ENV_IAC_Ground_p.Material.ENV_EngergonGlass_MAT_INST']","Rendering"
"prefab_members","StaticMeshActor_11141","PRESENT + RENDERED","Rendering map_audit: lightmapped",""
"prefab_members","StaticMeshActor_11349","PRESENT + RENDERED","Rendering map_audit: lightmapped",""
"prefab_members","StaticMeshActor_11957","PRESENT + RENDERED","Rendering map_audit: lightmapped",""
"prefab_members","StaticMeshActor_12271","PRESENT + RENDERED","Rendering map_audit: lightmapped",""
"prefab_members","StaticMeshActor_12317","PRESENT + RENDERED","Rendering map_audit: lightmapped",""
"prefab_members","StaticMeshActor_12518","PRESENT + RENDERED","Rendering map_audit: lightmapped",""
"prefab_members","StaticMeshActor_13131","PRESENT + RENDERED","Rendering map_audit: lightmapped",""
"prefab_members","StaticMeshActor_13968","PRESENT + RENDERED","Rendering map_audit: lightmapped",""
"prefab_members","StaticMeshActor_14212","PRESENT + RENDERED","Rendering map_audit: lightmapped",""
"prefab_members","StaticMeshActor_14336","PRESENT + RENDERED","Rendering map_audit: lightmapped",""
"prefab_members","StaticMeshActor_14582","PRESENT + RENDERED","Rendering map_audit: lightmapped",""
"prefab_members","StaticMeshActor_15008","PRESENT + RENDERED","Rendering map_audit: lightmapped",""
"prefab_members","StaticMeshActor_15698","PRESENT + RENDERED","Rendering map_audit: lightmapped",""
"prefab_members","StaticMeshActor_1717","PRESENT + RENDERED","Rendering map_audit: lightmapped",""
"prefab_members","StaticMeshActor_3443","PRESENT + RENDERED","Rendering map_audit: lightmapped",""
"prefab_members","StaticMeshActor_3478","PRESENT + RENDERED","Rendering map_audit: lightmapped",""
"prefab_members","StaticMeshActor_3594","PRESENT + RENDERED","Rendering map_audit: lightmapped",""
"prefab_members","StaticMeshActor_4039","PRESENT + RENDERED","Rendering map_audit: lightmapped",""
"prefab_members","StaticMeshActor_4434","PRESENT + RENDERED","Rendering map_audit: lightmapped",""
"prefab_members","StaticMeshActor_45","PRESENT + RENDERED","Rendering map_audit: lightmapped",""
"prefab_members","StaticMeshActor_4739","PRESENT + RENDERED","Rendering map_audit: lightmapped",""
"prefab_members","StaticMeshActor_5921","PRESENT + RENDERED","Rendering map_audit: lightmapped",""
"prefab_members","StaticMeshActor_6015","PRESENT + RENDERED","Rendering map_audit: lightmapped",""
"prefab_members","StaticMeshActor_6199","PRESENT + RENDERED","Rendering map_audit: lightmapped",""
"prefab_members","StaticMeshActor_7198","PRESENT + RENDERED","Rendering map_audit: lightmapped",""
"prefab_members","StaticMeshActor_7825","PRESENT + RENDERED","Rendering map_audit: lightmapped",""
"prefab_members","StaticMeshActor_8057","PRESENT + RENDERED","Rendering map_audit: lightmapped",""
"prefab_members","StaticMeshActor_8354","PRESENT + RENDERED","Rendering map_audit: lightmapped",""
"prefab_members","StaticMeshActor_8583","PRESENT + RENDERED","Rendering map_audit: lightmapped",""
"prefab_members","StaticMeshActor_8965","PRESENT + RENDERED","Rendering map_audit: lightmapped",""
"prefab_members","StaticMeshActor_9634","PRESENT + RENDERED","Rendering map_audit: lightmapped",""
"props","StaticMeshCollectionActor_10079","PRESENT + RENDERED","Rendering map_audit: lightmapped",""
"props","StaticMeshCollectionActor_10079","PRESENT + RENDERED","Rendering map_audit: lightmapped",""
"props","StaticMeshCollectionActor_10079","PRESENT + RENDERED","Rendering map_audit: lightmapped",""
"props","StaticMeshCollectionActor_10079","PRESENT + RENDERED","Rendering map_audit: lightmapped",""
"props","StaticMeshCollectionActor_10079","PRESENT + RENDERED","Rendering map_audit: lightmapped",""
"props","StaticMeshCollectionActor_10079","PRESENT + RENDERED","Rendering map_audit: lightmapped",""
"props","StaticMeshCollectionActor_10079","PRESENT + RENDERED","Rendering map_audit: lightmapped",""
"props","StaticMeshCollectionActor_10079","PRESENT + RENDERED","Rendering map_audit: lightmapped",""
"props","StaticMeshCollectionActor_10079","PRESENT + RENDERED","Rendering map_audit: lightmapped",""
"props","StaticMeshCollectionActor_10079","PRESENT + RENDERED","Rendering map_audit: lightmapped",""
"props","StaticMeshCollectionActor_10079","PRESENT + RENDERED","Rendering map_audit: lightmapped",""
"props","StaticMeshCollectionActor_10079","PRESENT + RENDERED","Rendering map_audit: lightmapped",""
"props","StaticMeshCollectionActor_1013","PRESENT + RENDERED","Rendering map_audit: lightmapped",""
"props","StaticMeshCollectionActor_1013","PRESENT + RENDERED","Rendering map_audit: lightmapped",""
"props","StaticMeshCollectionActor_1013","PRESENT + RENDERED","Rendering map_audit: lightmapped",""
"props","StaticMeshCollectionActor_1013","PRESENT + RENDERED","Rendering map_audit: lightmapped",""
"props","StaticMeshCollectionActor_1013","PRESENT + RENDERED","Rendering map_audit: lightmapped",""
"props","StaticMeshCollectionActor_1013","PRESENT + RENDERED","Rendering map_audit: lightmapped",""
"props","StaticMeshCollectionActor_1013","PRESENT + RENDERED","Rendering map_audit: lightmapped",""
"props","StaticMeshCollectionActor_1013","PRESENT + RENDERED","Rendering map_audit: lightmapped",""
"props","StaticMeshCollectionActor_1013","PRESENT + RENDERED","Rendering map_audit: lightmapped",""
"props","StaticMeshCollectionActor_1013","PRESENT + RENDERED","Rendering map_audit: lightmapped",""
"props","StaticMeshCollectionActor_1013","PRESENT + RENDERED","Rendering map_audit: lightmapped",""
"props","StaticMeshCollectionActor_1013","PRESENT + RENDERED","Rendering map_audit: lightmapped",""
"props","StaticMeshCollectionActor_10306","PRESENT + RENDERED","Rendering map_audit: dynamic lighting (no authored lightmap)",""
"props","StaticMeshCollectionActor_10306","PRESENT + RENDERED","Rendering map_audit: dynamic lighting (no authored lightmap)",""
"props","StaticMeshCollectionActor_10306","PRESENT + RENDERED","Rendering map_audit: dynamic lighting (no authored lightmap)",""
"props","StaticMeshCollectionActor_10306","PRESENT + RENDERED","Rendering map_audit: dynamic lighting (no authored lightmap)",""
"props","StaticMeshCollectionActor_10306","PRESENT + RENDERED","Rendering map_audit: dynamic lighting (no authored lightmap)",""
"props","StaticMeshCollectionActor_10306","PRESENT + RENDERED","Rendering map_audit: dynamic lighting (no authored lightmap)",""
"props","StaticMeshCollectionActor_10306","PRESENT + RENDERED","Rendering map_audit: dynamic lighting (no authored lightmap)",""
"props","StaticMeshCollectionActor_10306","PRESENT + RENDERED","Rendering map_audit: dynamic lighting (no authored lightmap)",""
"props","StaticMeshCollectionActor_10306","PRESENT + RENDERED","Rendering map_audit: dynamic lighting (no authored lightmap)",""
"props","StaticMeshCollectionActor_10306","PRESENT + RENDERED","Rendering map_audit: dynamic lighting (no authored lightmap)",""
"props","StaticMeshCollectionActor_10306","PRESENT + RENDERED","Rendering map_audit: dynamic lighting (no authored lightmap)",""
"props","StaticMeshCollectionActor_10306","PRESENT + RENDERED","Rendering map_audit: dynamic lighting (no authored lightmap)",""
"props","StaticMeshCollectionActor_1036","PRESENT + RENDERED","Rendering map_audit: lightmapped",""
"props","StaticMeshCollectionActor_1036","PRESENT + RENDERED","Rendering map_audit: lightmapped",""
"props","StaticMeshCollectionActor_1036","PRESENT + RENDERED","Rendering map_audit: lightmapped",""
"props","StaticMeshCollectionActor_1036","PRESENT + RENDERED","Rendering map_audit: lightmapped",""
"props","StaticMeshCollectionActor_1036","PRESENT + RENDERED","Rendering map_audit: lightmapped",""
"props","StaticMeshCollectionActor_1036","PRESENT + RENDERED","Rendering map_audit: lightmapped",""
"props","StaticMeshCollectionActor_1036","PRESENT + RENDERED","Rendering map_audit: lightmapped",""
"props","StaticMeshCollectionActor_1036","PRESENT + RENDERED","Rendering map_audit: lightmapped",""
"props","StaticMeshCollectionActor_1036","PRESENT + RENDERED","Rendering map_audit: lightmapped",""
"props","StaticMeshCollectionActor_1036","PRESENT + RENDERED","Rendering map_audit: lightmapped",""
"props","StaticMeshCollectionActor_1036","PRESENT + RENDERED","Rendering map_audit: lightmapped",""
"props","StaticMeshCollectionActor_1036","PRESENT + RENDERED","Rendering map_audit: lightmapped",""
"props","StaticMeshCollectionActor_10416","PRESENT + RENDERED","Rendering map_audit: lightmapped",""
"props","StaticMeshCollectionActor_10416","PRESENT + RENDERED","Rendering map_audit: lightmapped",""
"props","StaticMeshCollectionActor_10416","PRESENT + RENDERED","Rendering map_audit: lightmapped",""
"props","StaticMeshCollectionActor_10416","PRESENT + RENDERED","Rendering map_audit: lightmapped",""
"props","StaticMeshCollectionActor_10416","PRESENT + RENDERED","Rendering map_audit: lightmapped",""
"props","StaticMeshCollectionActor_10416","PRESENT + RENDERED","Rendering map_audit: lightmapped",""
"props","StaticMeshCollectionActor_10416","PRESENT + RENDERED","Rendering map_audit: lightmapped",""
"props","StaticMeshCollectionActor_10416","PRESENT + RENDERED","Rendering map_audit: lightmapped",""
"props","StaticMeshCollectionActor_10416","PRESENT + RENDERED","Rendering map_audit: lightmapped",""
"props","StaticMeshCollectionActor_10416","PRESENT + RENDERED","Rendering map_audit: lightmapped",""
"props","StaticMeshCollectionActor_10416","PRESENT + RENDERED","Rendering map_audit: lightmapped",""
"props","StaticMeshCollectionActor_10416","PRESENT + RENDERED","Rendering map_audit: lightmapped",""
"props","StaticMeshCollectionActor_10441","PRESENT + RENDERED","Rendering map_audit: lightmapped",""
"props","StaticMeshCollectionActor_10441","PRESENT + RENDERED","Rendering map_audit: lightmapped",""
"props","StaticMeshCollectionActor_10441","PRESENT + RENDERED","Rendering map_audit: lightmapped",""
"props","StaticMeshCollectionActor_10441","PRESENT + RENDERED","Rendering map_audit: lightmapped",""
"props","StaticMeshCollectionActor_10441","PRESENT + RENDERED","Rendering map_audit: lightmapped",""
"props","StaticMeshCollectionActor_10441","PRESENT + RENDERED","Rendering map_audit: lightmapped",""
"props","StaticMeshCollectionActor_10441","PRESENT + RENDERED","Rendering map_audit: lightmapped",""
"props","StaticMeshCollectionActor_10441","PRESENT + RENDERED","Rendering map_audit: lightmapped",""
"props","StaticMeshCollectionActor_10441","PRESENT + RENDERED","Rendering map_audit: lightmapped",""
"props","StaticMeshCollectionActor_10441","PRESENT + RENDERED","Rendering map_audit: lightmapped",""
"props","StaticMeshCollectionActor_10441","PRESENT + RENDERED","Rendering map_audit: lightmapped",""
"props","StaticMeshCollectionActor_10441","PRESENT + RENDERED","Rendering map_audit: lightmapped",""
"props","StaticMeshCollectionActor_10455","PRESENT + RENDERED","Rendering map_audit: lightmapped",""
"props","StaticMeshCollectionActor_10455","PRESENT + RENDERED","Rendering map_audit: lightmapped",""
"props","StaticMeshCollectionActor_10455","PRESENT + RENDERED","Rendering map_audit: lightmapped",""
"props","StaticMeshCollectionActor_10455","PRESENT + RENDERED","Rendering map_audit: lightmapped",""
"props","StaticMeshCollectionActor_10455","PRESENT + RENDERED","Rendering map_audit: lightmapped",""
"props","StaticMeshCollectionActor_10455","PRESENT + RENDERED","Rendering map_audit: lightmapped",""
"props","StaticMeshCollectionActor_10455","PRESENT + RENDERED","Rendering map_audit: lightmapped",""
"props","StaticMeshCollectionActor_10455","PRESENT + RENDERED","Rendering map_audit: lightmapped",""
"props","StaticMeshCollectionActor_10455","PRESENT + RENDERED","Rendering map_audit: lightmapped",""
"props","StaticMeshCollectionActor_10455","PRESENT + RENDERED","Rendering map_audit: lightmapped",""
"props","StaticMeshCollectionActor_10455","PRESENT + RENDERED","Rendering map_audit: lightmapped",""
"props","StaticMeshCollectionActor_10455","PRESENT + RENDERED","Rendering map_audit: lightmapped",""
"props","StaticMeshCollectionActor_10544","PRESENT + RENDERED","Rendering map_audit: lightmapped",""
"props","StaticMeshCollectionActor_10544","PRESENT + RENDERED","Rendering map_audit: lightmapped",""
"props","StaticMeshCollectionActor_10544","PRESENT + RENDERED","Rendering map_audit: lightmapped",""
"props","StaticMeshCollectionActor_10544","PRESENT + RENDERED","Rendering map_audit: lightmapped",""
"props","StaticMeshCollectionActor_10544","PRESENT + RENDERED","Rendering map_audit: lightmapped",""
"props","StaticMeshCollectionActor_10544","PRESENT + RENDERED","Rendering map_audit: lightmapped",""
"props","StaticMeshCollectionActor_10544","PRESENT + RENDERED","Rendering map_audit: lightmapped",""
"props","StaticMeshCollectionActor_10544","PRESENT + RENDERED","Rendering map_audit: lightmapped",""
"props","StaticMeshCollectionActor_10544","PRESENT + RENDERED","Rendering map_audit: lightmapped",""
"props","StaticMeshCollectionActor_10544","PRESENT + RENDERED","Rendering map_audit: lightmapped",""
"props","StaticMeshCollectionActor_10544","PRESENT + RENDERED","Rendering map_audit: lightmapped",""
"props","StaticMeshCollectionActor_10544","PRESENT + RENDERED","Rendering map_audit: lightmapped",""
"props","StaticMeshCollectionActor_10607","PRESENT + RENDERED","Rendering map_audit: lightmapped",""
"props","StaticMeshCollectionActor_10607","PRESENT + RENDERED","Rendering map_audit: lightmapped",""
"props","StaticMeshCollectionActor_10607","PRESENT + RENDERED","Rendering map_audit: lightmapped",""
"props","StaticMeshCollectionActor_10607","PRESENT + RENDERED","Rendering map_audit: lightmapped",""
"props","StaticMeshCollectionActor_10607","PRESENT + RENDERED","Rendering map_audit: lightmapped",""
"props","StaticMeshCollectionActor_10607","PRESENT + RENDERED","Rendering map_audit: lightmapped",""
"props","StaticMeshCollectionActor_10607","PRESENT + RENDERED","Rendering map_audit: lightmapped",""
"props","StaticMeshCollectionActor_10607","PRESENT + RENDERED","Rendering map_audit: lightmapped",""
"props","StaticMeshCollectionActor_10607","PRESENT + RENDERED","Rendering map_audit: lightmapped",""
"props","StaticMeshCollectionActor_10607","PRESENT + RENDERED","Rendering map_audit: lightmapped",""
"props","StaticMeshCollectionActor_10607","PRESENT + RENDERED","Rendering map_audit: lightmapped",""
"props","StaticMeshCollectionActor_10607","PRESENT + RENDERED","Rendering map_audit: lightmapped",""
"props","StaticMeshCollectionActor_10652","PRESENT + RENDERED","Rendering map_audit: vertex (LMT_1D) lightmap bound (decode gamma 2.2 is PROV)",""
"props","StaticMeshCollectionActor_10652","PRESENT + RENDERED","Rendering map_audit: vertex (LMT_1D) lightmap bound (decode gamma 2.2 is PROV)",""
"props","StaticMeshCollectionActor_10652","PRESENT + RENDERED","Rendering map_audit: vertex (LMT_1D) lightmap bound (decode gamma 2.2 is PROV)",""
"props","StaticMeshCollectionActor_10652","PRESENT + RENDERED","Rendering map_audit: vertex (LMT_1D) lightmap bound (decode gamma 2.2 is PROV)",""
"props","StaticMeshCollectionActor_10652","PRESENT + RENDERED","Rendering map_audit: vertex (LMT_1D) lightmap bound (decode gamma 2.2 is PROV)",""
"props","StaticMeshCollectionActor_10652","PRESENT + RENDERED","Rendering map_audit: vertex (LMT_1D) lightmap bound (decode gamma 2.2 is PROV)",""
"props","StaticMeshCollectionActor_10652","PRESENT + RENDERED","Rendering map_audit: vertex (LMT_1D) lightmap bound (decode gamma 2.2 is PROV)",""
"props","StaticMeshCollectionActor_10652","PRESENT + RENDERED","Rendering map_audit: vertex (LMT_1D) lightmap bound (decode gamma 2.2 is PROV)",""
"props","StaticMeshCollectionActor_10652","PRESENT + RENDERED","Rendering map_audit: vertex (LMT_1D) lightmap bound (decode gamma 2.2 is PROV)",""
"props","StaticMeshCollectionActor_10652","PRESENT + RENDERED","Rendering map_audit: vertex (LMT_1D) lightmap bound (decode gamma 2.2 is PROV)",""
"props","StaticMeshCollectionActor_10652","PRESENT + RENDERED","Rendering map_audit: vertex (LMT_1D) lightmap bound (decode gamma 2.2 is PROV)",""
"props","StaticMeshCollectionActor_10652","PRESENT + RENDERED","Rendering map_audit: vertex (LMT_1D) lightmap bound (decode gamma 2.2 is PROV)",""
"props","StaticMeshCollectionActor_10677","PRESENT + RENDERED","Rendering map_audit: lightmapped",""
"props","StaticMeshCollectionActor_10677","PRESENT + RENDERED","Rendering map_audit: lightmapped",""
"props","StaticMeshCollectionActor_10677","PRESENT + RENDERED","Rendering map_audit: lightmapped",""
"props","StaticMeshCollectionActor_10677","PRESENT + RENDERED","Rendering map_audit: lightmapped",""
"props","StaticMeshCollectionActor_10677","PRESENT + RENDERED","Rendering map_audit: lightmapped",""
"props","StaticMeshCollectionActor_10677","PRESENT + RENDERED","Rendering map_audit: lightmapped",""
"props","StaticMeshCollectionActor_10677","PRESENT + RENDERED","Rendering map_audit: lightmapped",""
"props","StaticMeshCollectionActor_10677","PRESENT + RENDERED","Rendering map_audit: lightmapped",""
"props","StaticMeshCollectionActor_10677","PRESENT + RENDERED","Rendering map_audit: lightmapped",""
"props","StaticMeshCollectionActor_10677","PRESENT + RENDERED","Rendering map_audit: lightmapped",""
"props","StaticMeshCollectionActor_10677","PRESENT + RENDERED","Rendering map_audit: lightmapped",""
"props","StaticMeshCollectionActor_10677","PRESENT + RENDERED","Rendering map_audit: lightmapped",""
"props","StaticMeshCollectionActor_10687","PRESENT + RENDERED","Rendering map_audit: lightmapped",""
"props","StaticMeshCollectionActor_10687","PRESENT + RENDERED","Rendering map_audit: lightmapped",""
"props","StaticMeshCollectionActor_10687","PRESENT + RENDERED","Rendering map_audit: lightmapped",""
"props","StaticMeshCollectionActor_10687","PRESENT + RENDERED","Rendering map_audit: lightmapped",""
"props","StaticMeshCollectionActor_10687","PRESENT + RENDERED","Rendering map_audit: lightmapped",""
"props","StaticMeshCollectionActor_10687","PRESENT + RENDERED","Rendering map_audit: lightmapped",""
"props","StaticMeshCollectionActor_10687","PRESENT + RENDERED","Rendering map_audit: lightmapped",""
"props","StaticMeshCollectionActor_10687","PRESENT + RENDERED","Rendering map_audit: lightmapped",""
"props","StaticMeshCollectionActor_10687","PRESENT + RENDERED","Rendering map_audit: lightmapped",""
"props","StaticMeshCollectionActor_10687","PRESENT + RENDERED","Rendering map_audit: lightmapped",""
"props","StaticMeshCollectionActor_10687","PRESENT + RENDERED","Rendering map_audit: lightmapped",""
"props","StaticMeshCollectionActor_10687","PRESENT + RENDERED","Rendering map_audit: lightmapped",""
"props","StaticMeshCollectionActor_11004","PRESENT + RENDERED","Rendering map_audit: lightmapped",""
"props","StaticMeshCollectionActor_11004","PRESENT + RENDERED","Rendering map_audit: lightmapped",""
"props","StaticMeshCollectionActor_11004","PRESENT + RENDERED","Rendering map_audit: lightmapped",""
"props","StaticMeshCollectionActor_11004","PRESENT + RENDERED","Rendering map_audit: lightmapped",""
"props","StaticMeshCollectionActor_11004","PRESENT + RENDERED","Rendering map_audit: lightmapped",""
"props","StaticMeshCollectionActor_11004","PRESENT + RENDERED","Rendering map_audit: lightmapped",""
"props","StaticMeshCollectionActor_11004","PRESENT + RENDERED","Rendering map_audit: lightmapped",""
"props","StaticMeshCollectionActor_11004","PRESENT + RENDERED","Rendering map_audit: lightmapped",""
"props","StaticMeshCollectionActor_11004","PRESENT + RENDERED","Rendering map_audit: lightmapped",""
"props","StaticMeshCollectionActor_11004","PRESENT + RENDERED","Rendering map_audit: lightmapped",""
"props","StaticMeshCollectionActor_11004","PRESENT + RENDERED","Rendering map_audit: lightmapped",""
"props","StaticMeshCollectionActor_11004","PRESENT + RENDERED","Rendering map_audit: lightmapped",""
"props","StaticMeshCollectionActor_11093","PRESENT + RENDERED","Rendering map_audit: lightmapped",""
"props","StaticMeshCollectionActor_11093","PRESENT + RENDERED","Rendering map_audit: lightmapped",""
"props","StaticMeshCollectionActor_11093","PRESENT + RENDERED","Rendering map_audit: lightmapped",""
"props","StaticMeshCollectionActor_11093","PRESENT + RENDERED","Rendering map_audit: lightmapped",""
"props","StaticMeshCollectionActor_11093","PRESENT + RENDERED","Rendering map_audit: lightmapped",""
"props","StaticMeshCollectionActor_11093","PRESENT + RENDERED","Rendering map_audit: lightmapped",""
"props","StaticMeshCollectionActor_11093","PRESENT + RENDERED","Rendering map_audit: lightmapped",""
"props","StaticMeshCollectionActor_11093","PRESENT + RENDERED","Rendering map_audit: lightmapped",""
"props","StaticMeshCollectionActor_11093","PRESENT + RENDERED","Rendering map_audit: lightmapped",""
"props","StaticMeshCollectionActor_11093","PRESENT + RENDERED","Rendering map_audit: lightmapped",""
"props","StaticMeshCollectionActor_11093","PRESENT + RENDERED","Rendering map_audit: lightmapped",""
"props","StaticMeshCollectionActor_11093","PRESENT + RENDERED","Rendering map_audit: lightmapped",""
"props","StaticMeshCollectionActor_11145","PRESENT + RENDERED","Rendering map_audit: lightmapped",""
"props","StaticMeshCollectionActor_11145","PRESENT + RENDERED","Rendering map_audit: lightmapped",""
"props","StaticMeshCollectionActor_11145","PRESENT + RENDERED","Rendering map_audit: lightmapped",""
"props","StaticMeshCollectionActor_11145","PRESENT + RENDERED","Rendering map_audit: lightmapped",""
"props","StaticMeshCollectionActor_11145","PRESENT + RENDERED","Rendering map_audit: lightmapped",""
"props","StaticMeshCollectionActor_11145","PRESENT + RENDERED","Rendering map_audit: lightmapped",""
"props","StaticMeshCollectionActor_11145","PRESENT + RENDERED","Rendering map_audit: lightmapped",""
"props","StaticMeshCollectionActor_11145","PRESENT + RENDERED","Rendering map_audit: lightmapped",""
"props","StaticMeshCollectionActor_11145","PRESENT + RENDERED","Rendering map_audit: lightmapped",""
"props","StaticMeshCollectionActor_11145","PRESENT + RENDERED","Rendering map_audit: lightmapped",""
"props","StaticMeshCollectionActor_11145","PRESENT + RENDERED","Rendering map_audit: lightmapped",""
"props","StaticMeshCollectionActor_11145","PRESENT + RENDERED","Rendering map_audit: lightmapped",""
"props","StaticMeshCollectionActor_11150","PRESENT + RENDERED","Rendering map_audit: lightmapped",""
"props","StaticMeshCollectionActor_11150","PRESENT + RENDERED","Rendering map_audit: lightmapped",""
"props","StaticMeshCollectionActor_11150","PRESENT + RENDERED","Rendering map_audit: lightmapped",""
"props","StaticMeshCollectionActor_11150","PRESENT + RENDERED","Rendering map_audit: lightmapped",""
"props","StaticMeshCollectionActor_11150","PRESENT + RENDERED","Rendering map_audit: lightmapped",""
"props","StaticMeshCollectionActor_11150","PRESENT + RENDERED","Rendering map_audit: lightmapped",""
"props","StaticMeshCollectionActor_11150","PRESENT + RENDERED","Rendering map_audit: lightmapped",""
"props","StaticMeshCollectionActor_11150","PRESENT + RENDERED","Rendering map_audit: lightmapped",""
"props","StaticMeshCollectionActor_11150","PRESENT + RENDERED","Rendering map_audit: lightmapped",""
"props","StaticMeshCollectionActor_11150","PRESENT + RENDERED","Rendering map_audit: lightmapped",""
"props","StaticMeshCollectionActor_11150","PRESENT + RENDERED","Rendering map_audit: lightmapped",""
"props","StaticMeshCollectionActor_11150","PRESENT + RENDERED","Rendering map_audit: lightmapped",""
"props","StaticMeshCollectionActor_112","PRESENT + RENDERED","Rendering map_audit: dynamic lighting (no authored lightmap)",""
"props","StaticMeshCollectionActor_112","PRESENT + RENDERED","Rendering map_audit: dynamic lighting (no authored lightmap)",""
"props","StaticMeshCollectionActor_112","PRESENT + RENDERED","Rendering map_audit: dynamic lighting (no authored lightmap)",""
"props","StaticMeshCollectionActor_112","PRESENT + RENDERED","Rendering map_audit: dynamic lighting (no authored lightmap)",""
"props","StaticMeshCollectionActor_112","PRESENT + RENDERED","Rendering map_audit: dynamic lighting (no authored lightmap)",""
"props","StaticMeshCollectionActor_112","PRESENT + RENDERED","Rendering map_audit: dynamic lighting (no authored lightmap)",""
"props","StaticMeshCollectionActor_112","PRESENT + RENDERED","Rendering map_audit: dynamic lighting (no authored lightmap)",""
"props","StaticMeshCollectionActor_112","PRESENT + RENDERED","Rendering map_audit: dynamic lighting (no authored lightmap)",""
"props","StaticMeshCollectionActor_112","PRESENT + RENDERED","Rendering map_audit: dynamic lighting (no authored lightmap)",""
"props","StaticMeshCollectionActor_112","PRESENT + RENDERED","Rendering map_audit: dynamic lighting (no authored lightmap)",""
"props","StaticMeshCollectionActor_112","PRESENT + RENDERED","Rendering map_audit: dynamic lighting (no authored lightmap)",""
"props","StaticMeshCollectionActor_112","PRESENT + RENDERED","Rendering map_audit: dynamic lighting (no authored lightmap)",""
"props","StaticMeshCollectionActor_11239","PRESENT + RENDERED","Rendering map_audit: lightmapped",""
"props","StaticMeshCollectionActor_11239","PRESENT + RENDERED","Rendering map_audit: lightmapped",""
"props","StaticMeshCollectionActor_11239","PRESENT + RENDERED","Rendering map_audit: lightmapped",""
"props","StaticMeshCollectionActor_11239","PRESENT + RENDERED","Rendering map_audit: lightmapped",""
"props","StaticMeshCollectionActor_11239","PRESENT + RENDERED","Rendering map_audit: lightmapped",""
"props","StaticMeshCollectionActor_11239","PRESENT + RENDERED","Rendering map_audit: lightmapped",""
"props","StaticMeshCollectionActor_11239","PRESENT + RENDERED","Rendering map_audit: lightmapped",""
"props","StaticMeshCollectionActor_11239","PRESENT + RENDERED","Rendering map_audit: lightmapped",""
"props","StaticMeshCollectionActor_11239","PRESENT + RENDERED","Rendering map_audit: lightmapped",""
"props","StaticMeshCollectionActor_11239","PRESENT + RENDERED","Rendering map_audit: lightmapped",""
"props","StaticMeshCollectionActor_11239","PRESENT + RENDERED","Rendering map_audit: lightmapped",""
"props","StaticMeshCollectionActor_11239","PRESENT + RENDERED","Rendering map_audit: lightmapped",""
"props","StaticMeshCollectionActor_11250","PRESENT + RENDERED","Rendering map_audit: lightmapped",""
"props","StaticMeshCollectionActor_11250","PRESENT + RENDERED","Rendering map_audit: lightmapped",""
"props","StaticMeshCollectionActor_11250","PRESENT + RENDERED","Rendering map_audit: lightmapped",""
"props","StaticMeshCollectionActor_11250","PRESENT + RENDERED","Rendering map_audit: lightmapped",""
"props","StaticMeshCollectionActor_11250","PRESENT + RENDERED","Rendering map_audit: lightmapped",""
"props","StaticMeshCollectionActor_11250","PRESENT + RENDERED","Rendering map_audit: lightmapped",""
"props","StaticMeshCollectionActor_11250","PRESENT + RENDERED","Rendering map_audit: lightmapped",""
"props","StaticMeshCollectionActor_11250","PRESENT + RENDERED","Rendering map_audit: lightmapped",""
"props","StaticMeshCollectionActor_11250","PRESENT + RENDERED","Rendering map_audit: lightmapped",""
"props","StaticMeshCollectionActor_11250","PRESENT + RENDERED","Rendering map_audit: lightmapped",""
"props","StaticMeshCollectionActor_11250","PRESENT + RENDERED","Rendering map_audit: lightmapped",""
"props","StaticMeshCollectionActor_11250","PRESENT + RENDERED","Rendering map_audit: lightmapped",""
"props","StaticMeshCollectionActor_11379","PRESENT + RENDERED","Rendering map_audit: lightmapped",""
"props","StaticMeshCollectionActor_11379","PRESENT + RENDERED","Rendering map_audit: lightmapped",""
"props","StaticMeshCollectionActor_11379","PRESENT + RENDERED","Rendering map_audit: lightmapped",""
"props","StaticMeshCollectionActor_11379","PRESENT + RENDERED","Rendering map_audit: lightmapped",""
"props","StaticMeshCollectionActor_11379","PRESENT + RENDERED","Rendering map_audit: lightmapped",""
"props","StaticMeshCollectionActor_11379","PRESENT + RENDERED","Rendering map_audit: lightmapped",""
"props","StaticMeshCollectionActor_11379","PRESENT + RENDERED","Rendering map_audit: lightmapped",""
"props","StaticMeshCollectionActor_11379","PRESENT + RENDERED","Rendering map_audit: lightmapped",""
"props","StaticMeshCollectionActor_11379","PRESENT + RENDERED","Rendering map_audit: lightmapped",""
"props","StaticMeshCollectionActor_11379","PRESENT + RENDERED","Rendering map_audit: lightmapped",""
"props","StaticMeshCollectionActor_11379","PRESENT + RENDERED","Rendering map_audit: lightmapped",""
"props","StaticMeshCollectionActor_11379","PRESENT + RENDERED","Rendering map_audit: lightmapped",""
"props","StaticMeshCollectionActor_11477","UNKNOWN","Rendering map_audit: material(s) not verifiable: ['ENV_IAC_Ground_p.Material.EVN_HeatedMetal_Purple_MATINST_BAT']","Rendering"
"props","StaticMeshCollectionActor_11477","UNKNOWN","Rendering map_audit: material(s) not verifiable: ['ENV_IAC_Ground_p.Material.EVN_HeatedMetal_Purple_MATINST_BAT']","Rendering"
"props","StaticMeshCollectionActor_11477","UNKNOWN","Rendering map_audit: material(s) not verifiable: ['ENV_IAC_Ground_p.Material.EVN_HeatedMetal_Purple_MATINST_BAT']","Rendering"
"props","StaticMeshCollectionActor_11477","UNKNOWN","Rendering map_audit: material(s) not verifiable: ['ENV_IAC_Ground_p.Material.EVN_HeatedMetal_Purple_MATINST_BAT']","Rendering"
"props","StaticMeshCollectionActor_11477","UNKNOWN","Rendering map_audit: material(s) not verifiable: ['ENV_IAC_Ground_p.Material.EVN_HeatedMetal_Purple_MATINST_BAT']","Rendering"
"props","StaticMeshCollectionActor_11477","UNKNOWN","Rendering map_audit: material(s) not verifiable: ['ENV_IAC_Ground_p.Material.EVN_HeatedMetal_Purple_MATINST_BAT']","Rendering"
"props","StaticMeshCollectionActor_11477","UNKNOWN","Rendering map_audit: material(s) not verifiable: ['ENV_IAC_Ground_p.Material.EVN_HeatedMetal_Purple_MATINST_BAT']","Rendering"
"props","StaticMeshCollectionActor_11477","UNKNOWN","Rendering map_audit: material(s) not verifiable: ['ENV_IAC_Ground_p.Material.EVN_HeatedMetal_Purple_MATINST_BAT']","Rendering"
"props","StaticMeshCollectionActor_11477","UNKNOWN","Rendering map_audit: material(s) not verifiable: ['ENV_IAC_Ground_p.Material.EVN_HeatedMetal_Purple_MATINST_BAT']","Rendering"
"props","StaticMeshCollectionActor_11477","UNKNOWN","Rendering map_audit: material(s) not verifiable: ['ENV_IAC_Ground_p.Material.EVN_HeatedMetal_Purple_MATINST_BAT']","Rendering"
"props","StaticMeshCollectionActor_11477","UNKNOWN","Rendering map_audit: material(s) not verifiable: ['ENV_IAC_Ground_p.Material.EVN_HeatedMetal_Purple_MATINST_BAT']","Rendering"
"props","StaticMeshCollectionActor_11477","UNKNOWN","Rendering map_audit: material(s) not verifiable: ['ENV_IAC_Ground_p.Material.EVN_HeatedMetal_Purple_MATINST_BAT']","Rendering"
"props","StaticMeshCollectionActor_11643","PRESENT + RENDERED","Rendering map_audit: lightmapped",""
"props","StaticMeshCollectionActor_11643","PRESENT + RENDERED","Rendering map_audit: lightmapped",""
"props","StaticMeshCollectionActor_11643","PRESENT + RENDERED","Rendering map_audit: lightmapped",""
"props","StaticMeshCollectionActor_11643","PRESENT + RENDERED","Rendering map_audit: lightmapped",""
"props","StaticMeshCollectionActor_11643","PRESENT + RENDERED","Rendering map_audit: lightmapped",""
"props","StaticMeshCollectionActor_11643","PRESENT + RENDERED","Rendering map_audit: lightmapped",""
"props","StaticMeshCollectionActor_11643","PRESENT + RENDERED","Rendering map_audit: lightmapped",""
"props","StaticMeshCollectionActor_11643","PRESENT + RENDERED","Rendering map_audit: lightmapped",""
"props","StaticMeshCollectionActor_11643","PRESENT + RENDERED","Rendering map_audit: lightmapped",""
"props","StaticMeshCollectionActor_11643","PRESENT + RENDERED","Rendering map_audit: lightmapped",""
"props","StaticMeshCollectionActor_11643","PRESENT + RENDERED","Rendering map_audit: lightmapped",""
"props","StaticMeshCollectionActor_11643","PRESENT + RENDERED","Rendering map_audit: lightmapped",""
"props","StaticMeshCollectionActor_11654","PRESENT + RENDERED","Rendering map_audit: lightmapped",""
"props","StaticMeshCollectionActor_11654","PRESENT + RENDERED","Rendering map_audit: lightmapped",""
"props","StaticMeshCollectionActor_11654","PRESENT + RENDERED","Rendering map_audit: lightmapped",""
"props","StaticMeshCollectionActor_11654","PRESENT + RENDERED","Rendering map_audit: lightmapped",""
"props","StaticMeshCollectionActor_11654","PRESENT + RENDERED","Rendering map_audit: lightmapped",""
"props","StaticMeshCollectionActor_11654","PRESENT + RENDERED","Rendering map_audit: lightmapped",""
"props","StaticMeshCollectionActor_11654","PRESENT + RENDERED","Rendering map_audit: lightmapped",""
"props","StaticMeshCollectionActor_11654","PRESENT + RENDERED","Rendering map_audit: lightmapped",""
"props","StaticMeshCollectionActor_11654","PRESENT + RENDERED","Rendering map_audit: lightmapped",""
"props","StaticMeshCollectionActor_11654","PRESENT + RENDERED","Rendering map_audit: lightmapped",""
"props","StaticMeshCollectionActor_11654","PRESENT + RENDERED","Rendering map_audit: lightmapped",""
"props","StaticMeshCollectionActor_11654","PRESENT + RENDERED","Rendering map_audit: lightmapped",""
"props","StaticMeshCollectionActor_11768","PRESENT + RENDERED","Rendering map_audit: dynamic lighting (no authored lightmap)",""
"props","StaticMeshCollectionActor_11768","PRESENT + RENDERED","Rendering map_audit: dynamic lighting (no authored lightmap)",""
"props","StaticMeshCollectionActor_11768","PRESENT + RENDERED","Rendering map_audit: dynamic lighting (no authored lightmap)",""
"props","StaticMeshCollectionActor_11768","PRESENT + RENDERED","Rendering map_audit: dynamic lighting (no authored lightmap)",""
"props","StaticMeshCollectionActor_11768","PRESENT + RENDERED","Rendering map_audit: dynamic lighting (no authored lightmap)",""
"props","StaticMeshCollectionActor_11768","PRESENT + RENDERED","Rendering map_audit: dynamic lighting (no authored lightmap)",""
"props","StaticMeshCollectionActor_11768","PRESENT + RENDERED","Rendering map_audit: dynamic lighting (no authored lightmap)",""
"props","StaticMeshCollectionActor_11768","PRESENT + RENDERED","Rendering map_audit: dynamic lighting (no authored lightmap)",""
"props","StaticMeshCollectionActor_11768","PRESENT + RENDERED","Rendering map_audit: dynamic lighting (no authored lightmap)",""
"props","StaticMeshCollectionActor_11768","PRESENT + RENDERED","Rendering map_audit: dynamic lighting (no authored lightmap)",""
"props","StaticMeshCollectionActor_11768","PRESENT + RENDERED","Rendering map_audit: dynamic lighting (no authored lightmap)",""
"props","StaticMeshCollectionActor_11768","PRESENT + RENDERED","Rendering map_audit: dynamic lighting (no authored lightmap)",""
"props","StaticMeshCollectionActor_11853","PRESENT + RENDERED","Rendering map_audit: lightmapped",""
"props","StaticMeshCollectionActor_11853","PRESENT + RENDERED","Rendering map_audit: lightmapped",""
"props","StaticMeshCollectionActor_11853","PRESENT + RENDERED","Rendering map_audit: lightmapped",""
"props","StaticMeshCollectionActor_11853","PRESENT + RENDERED","Rendering map_audit: lightmapped",""
"props","StaticMeshCollectionActor_11853","PRESENT + RENDERED","Rendering map_audit: lightmapped",""
"props","StaticMeshCollectionActor_11853","PRESENT + RENDERED","Rendering map_audit: lightmapped",""
"props","StaticMeshCollectionActor_11853","PRESENT + RENDERED","Rendering map_audit: lightmapped",""
"props","StaticMeshCollectionActor_11853","PRESENT + RENDERED","Rendering map_audit: lightmapped",""
"props","StaticMeshCollectionActor_11853","PRESENT + RENDERED","Rendering map_audit: lightmapped",""
"props","StaticMeshCollectionActor_11853","PRESENT + RENDERED","Rendering map_audit: lightmapped",""
"props","StaticMeshCollectionActor_11853","PRESENT + RENDERED","Rendering map_audit: lightmapped",""
"props","StaticMeshCollectionActor_11853","PRESENT + RENDERED","Rendering map_audit: lightmapped",""
"props","StaticMeshCollectionActor_11907","PRESENT + RENDERED","Rendering map_audit: lightmapped",""
"props","StaticMeshCollectionActor_11907","PRESENT + RENDERED","Rendering map_audit: lightmapped",""
"props","StaticMeshCollectionActor_11907","PRESENT + RENDERED","Rendering map_audit: lightmapped",""
"props","StaticMeshCollectionActor_11907","PRESENT + RENDERED","Rendering map_audit: lightmapped",""
"props","StaticMeshCollectionActor_11907","PRESENT + RENDERED","Rendering map_audit: lightmapped",""
"props","StaticMeshCollectionActor_11907","PRESENT + RENDERED","Rendering map_audit: lightmapped",""
"props","StaticMeshCollectionActor_11907","PRESENT + RENDERED","Rendering map_audit: lightmapped",""
"props","StaticMeshCollectionActor_11907","PRESENT + RENDERED","Rendering map_audit: lightmapped",""
"props","StaticMeshCollectionActor_11907","PRESENT + RENDERED","Rendering map_audit: lightmapped",""
"props","StaticMeshCollectionActor_11907","PRESENT + RENDERED","Rendering map_audit: lightmapped",""
"props","StaticMeshCollectionActor_11907","PRESENT + RENDERED","Rendering map_audit: lightmapped",""
"props","StaticMeshCollectionActor_11907","PRESENT + RENDERED","Rendering map_audit: lightmapped",""
"props","StaticMeshCollectionActor_11932","PRESENT + RENDERED","Rendering map_audit: lightmapped",""
"props","StaticMeshCollectionActor_11932","PRESENT + RENDERED","Rendering map_audit: lightmapped",""
"props","StaticMeshCollectionActor_11932","PRESENT + RENDERED","Rendering map_audit: lightmapped",""
"props","StaticMeshCollectionActor_11932","PRESENT + RENDERED","Rendering map_audit: lightmapped",""
"props","StaticMeshCollectionActor_11932","PRESENT + RENDERED","Rendering map_audit: lightmapped",""
"props","StaticMeshCollectionActor_11932","PRESENT + RENDERED","Rendering map_audit: lightmapped",""
"props","StaticMeshCollectionActor_11932","PRESENT + RENDERED","Rendering map_audit: lightmapped",""
"props","StaticMeshCollectionActor_11932","PRESENT + RENDERED","Rendering map_audit: lightmapped",""
"props","StaticMeshCollectionActor_11932","PRESENT + RENDERED","Rendering map_audit: lightmapped",""
"props","StaticMeshCollectionActor_11932","PRESENT + RENDERED","Rendering map_audit: lightmapped",""
"props","StaticMeshCollectionActor_11932","PRESENT + RENDERED","Rendering map_audit: lightmapped",""
"props","StaticMeshCollectionActor_11932","PRESENT + RENDERED","Rendering map_audit: lightmapped",""
"props","StaticMeshCollectionActor_1204","PRESENT + RENDERED","Rendering map_audit: lightmapped",""
"props","StaticMeshCollectionActor_1204","PRESENT + RENDERED","Rendering map_audit: lightmapped",""
"props","StaticMeshCollectionActor_1204","PRESENT + RENDERED","Rendering map_audit: lightmapped",""
"props","StaticMeshCollectionActor_1204","PRESENT + RENDERED","Rendering map_audit: lightmapped",""
"props","StaticMeshCollectionActor_1204","PRESENT + RENDERED","Rendering map_audit: lightmapped",""
"props","StaticMeshCollectionActor_1204","PRESENT + RENDERED","Rendering map_audit: lightmapped",""
"props","StaticMeshCollectionActor_1204","PRESENT + RENDERED","Rendering map_audit: lightmapped",""
"props","StaticMeshCollectionActor_1204","PRESENT + RENDERED","Rendering map_audit: lightmapped",""
"props","StaticMeshCollectionActor_1204","PRESENT + RENDERED","Rendering map_audit: lightmapped",""
"props","StaticMeshCollectionActor_1204","PRESENT + RENDERED","Rendering map_audit: lightmapped",""
"props","StaticMeshCollectionActor_1204","PRESENT + RENDERED","Rendering map_audit: lightmapped",""
"props","StaticMeshCollectionActor_1204","PRESENT + RENDERED","Rendering map_audit: lightmapped",""
"props","StaticMeshCollectionActor_12089","PRESENT + RENDERED","Rendering map_audit: lightmapped",""
"props","StaticMeshCollectionActor_12089","PRESENT + RENDERED","Rendering map_audit: lightmapped",""
"props","StaticMeshCollectionActor_12089","PRESENT + RENDERED","Rendering map_audit: lightmapped",""
"props","StaticMeshCollectionActor_12089","PRESENT + RENDERED","Rendering map_audit: lightmapped",""
"props","StaticMeshCollectionActor_12089","PRESENT + RENDERED","Rendering map_audit: lightmapped",""
"props","StaticMeshCollectionActor_12089","PRESENT + RENDERED","Rendering map_audit: lightmapped",""
"props","StaticMeshCollectionActor_12089","PRESENT + RENDERED","Rendering map_audit: lightmapped",""
"props","StaticMeshCollectionActor_12089","PRESENT + RENDERED","Rendering map_audit: lightmapped",""
"props","StaticMeshCollectionActor_12089","PRESENT + RENDERED","Rendering map_audit: lightmapped",""
"props","StaticMeshCollectionActor_12089","PRESENT + RENDERED","Rendering map_audit: lightmapped",""
"props","StaticMeshCollectionActor_12089","PRESENT + RENDERED","Rendering map_audit: lightmapped",""
"props","StaticMeshCollectionActor_12089","PRESENT + RENDERED","Rendering map_audit: lightmapped",""
"props","StaticMeshCollectionActor_12101","PRESENT + RENDERED","Rendering map_audit: lightmapped",""
"props","StaticMeshCollectionActor_12101","PRESENT + RENDERED","Rendering map_audit: lightmapped",""
"props","StaticMeshCollectionActor_12101","PRESENT + RENDERED","Rendering map_audit: lightmapped",""
"props","StaticMeshCollectionActor_12101","PRESENT + RENDERED","Rendering map_audit: lightmapped",""
"props","StaticMeshCollectionActor_12101","PRESENT + RENDERED","Rendering map_audit: lightmapped",""
"props","StaticMeshCollectionActor_12101","PRESENT + RENDERED","Rendering map_audit: lightmapped",""
"props","StaticMeshCollectionActor_12101","PRESENT + RENDERED","Rendering map_audit: lightmapped",""
"props","StaticMeshCollectionActor_12101","PRESENT + RENDERED","Rendering map_audit: lightmapped",""
"props","StaticMeshCollectionActor_12101","PRESENT + RENDERED","Rendering map_audit: lightmapped",""
"props","StaticMeshCollectionActor_12101","PRESENT + RENDERED","Rendering map_audit: lightmapped",""
"props","StaticMeshCollectionActor_12101","PRESENT + RENDERED","Rendering map_audit: lightmapped",""
"props","StaticMeshCollectionActor_12101","PRESENT + RENDERED","Rendering map_audit: lightmapped",""
"props","StaticMeshCollectionActor_12115","PRESENT + RENDERED","Rendering map_audit: lightmapped",""
"props","StaticMeshCollectionActor_12115","PRESENT + RENDERED","Rendering map_audit: lightmapped",""
"props","StaticMeshCollectionActor_12115","PRESENT + RENDERED","Rendering map_audit: lightmapped",""
"props","StaticMeshCollectionActor_12115","PRESENT + RENDERED","Rendering map_audit: lightmapped",""
"props","StaticMeshCollectionActor_12115","PRESENT + RENDERED","Rendering map_audit: lightmapped",""
"props","StaticMeshCollectionActor_12115","PRESENT + RENDERED","Rendering map_audit: lightmapped",""
"props","StaticMeshCollectionActor_12115","PRESENT + RENDERED","Rendering map_audit: lightmapped",""
"props","StaticMeshCollectionActor_12115","PRESENT + RENDERED","Rendering map_audit: lightmapped",""
"props","StaticMeshCollectionActor_12115","PRESENT + RENDERED","Rendering map_audit: lightmapped",""
"props","StaticMeshCollectionActor_12115","PRESENT + RENDERED","Rendering map_audit: lightmapped",""
"props","StaticMeshCollectionActor_12115","PRESENT + RENDERED","Rendering map_audit: lightmapped",""
"props","StaticMeshCollectionActor_12115","PRESENT + RENDERED","Rendering map_audit: lightmapped",""
"props","StaticMeshCollectionActor_1212","PRESENT + RENDERED","Rendering map_audit: lightmapped",""
"props","StaticMeshCollectionActor_1212","PRESENT + RENDERED","Rendering map_audit: lightmapped",""
"props","StaticMeshCollectionActor_1212","PRESENT + RENDERED","Rendering map_audit: lightmapped",""
"props","StaticMeshCollectionActor_1212","PRESENT + RENDERED","Rendering map_audit: lightmapped",""
"props","StaticMeshCollectionActor_1212","PRESENT + RENDERED","Rendering map_audit: lightmapped",""
"props","StaticMeshCollectionActor_1212","PRESENT + RENDERED","Rendering map_audit: lightmapped",""
"props","StaticMeshCollectionActor_1212","PRESENT + RENDERED","Rendering map_audit: lightmapped",""
"props","StaticMeshCollectionActor_1212","PRESENT + RENDERED","Rendering map_audit: lightmapped",""
"props","StaticMeshCollectionActor_1212","PRESENT + RENDERED","Rendering map_audit: lightmapped",""
"props","StaticMeshCollectionActor_1212","PRESENT + RENDERED","Rendering map_audit: lightmapped",""
"props","StaticMeshCollectionActor_1212","PRESENT + RENDERED","Rendering map_audit: lightmapped",""
"props","StaticMeshCollectionActor_1212","PRESENT + RENDERED","Rendering map_audit: lightmapped",""
"props","StaticMeshCollectionActor_12153","PRESENT + RENDERED","Rendering map_audit: lightmapped",""
"props","StaticMeshCollectionActor_12153","PRESENT + RENDERED","Rendering map_audit: lightmapped",""
"props","StaticMeshCollectionActor_12153","PRESENT + RENDERED","Rendering map_audit: lightmapped",""
"props","StaticMeshCollectionActor_12153","PRESENT + RENDERED","Rendering map_audit: lightmapped",""
"props","StaticMeshCollectionActor_12153","PRESENT + RENDERED","Rendering map_audit: lightmapped",""
"props","StaticMeshCollectionActor_12153","PRESENT + RENDERED","Rendering map_audit: lightmapped",""
"props","StaticMeshCollectionActor_12153","PRESENT + RENDERED","Rendering map_audit: lightmapped",""
"props","StaticMeshCollectionActor_12153","PRESENT + RENDERED","Rendering map_audit: lightmapped",""
"props","StaticMeshCollectionActor_12153","PRESENT + RENDERED","Rendering map_audit: lightmapped",""
"props","StaticMeshCollectionActor_12153","PRESENT + RENDERED","Rendering map_audit: lightmapped",""
"props","StaticMeshCollectionActor_12153","PRESENT + RENDERED","Rendering map_audit: lightmapped",""
"props","StaticMeshCollectionActor_12153","PRESENT + RENDERED","Rendering map_audit: lightmapped",""
"props","StaticMeshCollectionActor_12216","PRESENT + RENDERED","Rendering map_audit: lightmapped",""
"props","StaticMeshCollectionActor_12216","PRESENT + RENDERED","Rendering map_audit: lightmapped",""
"props","StaticMeshCollectionActor_12216","PRESENT + RENDERED","Rendering map_audit: lightmapped",""
"props","StaticMeshCollectionActor_12216","PRESENT + RENDERED","Rendering map_audit: lightmapped",""
"props","StaticMeshCollectionActor_12216","PRESENT + RENDERED","Rendering map_audit: lightmapped",""
"props","StaticMeshCollectionActor_12216","PRESENT + RENDERED","Rendering map_audit: lightmapped",""
"props","StaticMeshCollectionActor_12216","PRESENT + RENDERED","Rendering map_audit: lightmapped",""
"props","StaticMeshCollectionActor_12216","PRESENT + RENDERED","Rendering map_audit: lightmapped",""
"props","StaticMeshCollectionActor_12216","PRESENT + RENDERED","Rendering map_audit: lightmapped",""
"props","StaticMeshCollectionActor_12216","PRESENT + RENDERED","Rendering map_audit: lightmapped",""
"props","StaticMeshCollectionActor_12216","PRESENT + RENDERED","Rendering map_audit: lightmapped",""
"props","StaticMeshCollectionActor_12216","PRESENT + RENDERED","Rendering map_audit: lightmapped",""
"props","StaticMeshCollectionActor_12688","PRESENT + RENDERED","Rendering map_audit: vertex (LMT_1D) lightmap bound (decode gamma 2.2 is PROV)",""
"props","StaticMeshCollectionActor_12688","PRESENT + RENDERED","Rendering map_audit: vertex (LMT_1D) lightmap bound (decode gamma 2.2 is PROV)",""
"props","StaticMeshCollectionActor_12688","PRESENT + RENDERED","Rendering map_audit: vertex (LMT_1D) lightmap bound (decode gamma 2.2 is PROV)",""
"props","StaticMeshCollectionActor_12688","PRESENT + RENDERED","Rendering map_audit: vertex (LMT_1D) lightmap bound (decode gamma 2.2 is PROV)",""
"props","StaticMeshCollectionActor_12688","PRESENT + RENDERED","Rendering map_audit: vertex (LMT_1D) lightmap bound (decode gamma 2.2 is PROV)",""
"props","StaticMeshCollectionActor_12688","PRESENT + RENDERED","Rendering map_audit: vertex (LMT_1D) lightmap bound (decode gamma 2.2 is PROV)",""
"props","StaticMeshCollectionActor_12688","PRESENT + RENDERED","Rendering map_audit: vertex (LMT_1D) lightmap bound (decode gamma 2.2 is PROV)",""
"props","StaticMeshCollectionActor_12688","PRESENT + RENDERED","Rendering map_audit: vertex (LMT_1D) lightmap bound (decode gamma 2.2 is PROV)",""
"props","StaticMeshCollectionActor_12688","PRESENT + RENDERED","Rendering map_audit: vertex (LMT_1D) lightmap bound (decode gamma 2.2 is PROV)",""
"props","StaticMeshCollectionActor_12688","PRESENT + RENDERED","Rendering map_audit: vertex (LMT_1D) lightmap bound (decode gamma 2.2 is PROV)",""
"props","StaticMeshCollectionActor_12688","PRESENT + RENDERED","Rendering map_audit: vertex (LMT_1D) lightmap bound (decode gamma 2.2 is PROV)",""
"props","StaticMeshCollectionActor_12688","PRESENT + RENDERED","Rendering map_audit: vertex (LMT_1D) lightmap bound (decode gamma 2.2 is PROV)",""
"props","StaticMeshCollectionActor_12707","PRESENT + RENDERED","Rendering map_audit: lightmapped",""
"props","StaticMeshCollectionActor_12707","PRESENT + RENDERED","Rendering map_audit: lightmapped",""
"props","StaticMeshCollectionActor_12707","PRESENT + RENDERED","Rendering map_audit: lightmapped",""
"props","StaticMeshCollectionActor_12707","PRESENT + RENDERED","Rendering map_audit: lightmapped",""
"props","StaticMeshCollectionActor_12707","PRESENT + RENDERED","Rendering map_audit: lightmapped",""
"props","StaticMeshCollectionActor_12707","PRESENT + RENDERED","Rendering map_audit: lightmapped",""
"props","StaticMeshCollectionActor_12707","PRESENT + RENDERED","Rendering map_audit: lightmapped",""
"props","StaticMeshCollectionActor_12707","PRESENT + RENDERED","Rendering map_audit: lightmapped",""
"props","StaticMeshCollectionActor_12707","PRESENT + RENDERED","Rendering map_audit: lightmapped",""
"props","StaticMeshCollectionActor_12707","PRESENT + RENDERED","Rendering map_audit: lightmapped",""
"props","StaticMeshCollectionActor_12707","PRESENT + RENDERED","Rendering map_audit: lightmapped",""
"props","StaticMeshCollectionActor_12707","PRESENT + RENDERED","Rendering map_audit: lightmapped",""
"props","StaticMeshCollectionActor_12724","PRESENT + RENDERED","Rendering map_audit: lightmapped",""
"props","StaticMeshCollectionActor_12724","PRESENT + RENDERED","Rendering map_audit: lightmapped",""
"props","StaticMeshCollectionActor_12724","PRESENT + RENDERED","Rendering map_audit: lightmapped",""
"props","StaticMeshCollectionActor_12724","PRESENT + RENDERED","Rendering map_audit: lightmapped",""
"props","StaticMeshCollectionActor_12724","PRESENT + RENDERED","Rendering map_audit: lightmapped",""
"props","StaticMeshCollectionActor_12724","PRESENT + RENDERED","Rendering map_audit: lightmapped",""
"props","StaticMeshCollectionActor_12724","PRESENT + RENDERED","Rendering map_audit: lightmapped",""
"props","StaticMeshCollectionActor_12724","PRESENT + RENDERED","Rendering map_audit: lightmapped",""
"props","StaticMeshCollectionActor_12724","PRESENT + RENDERED","Rendering map_audit: lightmapped",""
"props","StaticMeshCollectionActor_12724","PRESENT + RENDERED","Rendering map_audit: lightmapped",""
"props","StaticMeshCollectionActor_12724","PRESENT + RENDERED","Rendering map_audit: lightmapped",""
"props","StaticMeshCollectionActor_12724","PRESENT + RENDERED","Rendering map_audit: lightmapped",""
"props","StaticMeshCollectionActor_12745","PRESENT + RENDERED","Rendering map_audit: lightmapped",""
"props","StaticMeshCollectionActor_12745","PRESENT + RENDERED","Rendering map_audit: lightmapped",""
"props","StaticMeshCollectionActor_12745","PRESENT + RENDERED","Rendering map_audit: lightmapped",""
"props","StaticMeshCollectionActor_12745","PRESENT + RENDERED","Rendering map_audit: lightmapped",""
"props","StaticMeshCollectionActor_12745","PRESENT + RENDERED","Rendering map_audit: lightmapped",""
"props","StaticMeshCollectionActor_12745","PRESENT + RENDERED","Rendering map_audit: lightmapped",""
"props","StaticMeshCollectionActor_12745","PRESENT + RENDERED","Rendering map_audit: lightmapped",""
"props","StaticMeshCollectionActor_12745","PRESENT + RENDERED","Rendering map_audit: lightmapped",""
"props","StaticMeshCollectionActor_12745","PRESENT + RENDERED","Rendering map_audit: lightmapped",""
"props","StaticMeshCollectionActor_12745","PRESENT + RENDERED","Rendering map_audit: lightmapped",""
"props","StaticMeshCollectionActor_12745","PRESENT + RENDERED","Rendering map_audit: lightmapped",""
"props","StaticMeshCollectionActor_12745","PRESENT + RENDERED","Rendering map_audit: lightmapped",""
"props","StaticMeshCollectionActor_12766","PRESENT + RENDERED","Rendering map_audit: lightmapped",""
"props","StaticMeshCollectionActor_12766","PRESENT + RENDERED","Rendering map_audit: lightmapped",""
"props","StaticMeshCollectionActor_12766","PRESENT + RENDERED","Rendering map_audit: lightmapped",""
"props","StaticMeshCollectionActor_12766","PRESENT + RENDERED","Rendering map_audit: lightmapped",""
"props","StaticMeshCollectionActor_12766","PRESENT + RENDERED","Rendering map_audit: lightmapped",""
"props","StaticMeshCollectionActor_12766","PRESENT + RENDERED","Rendering map_audit: lightmapped",""
"props","StaticMeshCollectionActor_12766","PRESENT + RENDERED","Rendering map_audit: lightmapped",""
"props","StaticMeshCollectionActor_12766","PRESENT + RENDERED","Rendering map_audit: lightmapped",""
"props","StaticMeshCollectionActor_12766","PRESENT + RENDERED","Rendering map_audit: lightmapped",""
"props","StaticMeshCollectionActor_12766","PRESENT + RENDERED","Rendering map_audit: lightmapped",""
"props","StaticMeshCollectionActor_12766","PRESENT + RENDERED","Rendering map_audit: lightmapped",""
"props","StaticMeshCollectionActor_12766","PRESENT + RENDERED","Rendering map_audit: lightmapped",""
"props","StaticMeshCollectionActor_12785","PRESENT + RENDERED","Rendering map_audit: dynamic lighting (no authored lightmap)",""
"props","StaticMeshCollectionActor_12785","PRESENT + RENDERED","Rendering map_audit: dynamic lighting (no authored lightmap)",""
"props","StaticMeshCollectionActor_12785","PRESENT + RENDERED","Rendering map_audit: dynamic lighting (no authored lightmap)",""
"props","StaticMeshCollectionActor_12785","PRESENT + RENDERED","Rendering map_audit: dynamic lighting (no authored lightmap)",""
"props","StaticMeshCollectionActor_12785","PRESENT + RENDERED","Rendering map_audit: dynamic lighting (no authored lightmap)",""
"props","StaticMeshCollectionActor_12785","PRESENT + RENDERED","Rendering map_audit: dynamic lighting (no authored lightmap)",""
"props","StaticMeshCollectionActor_12785","PRESENT + RENDERED","Rendering map_audit: dynamic lighting (no authored lightmap)",""
"props","StaticMeshCollectionActor_12785","PRESENT + RENDERED","Rendering map_audit: dynamic lighting (no authored lightmap)",""
"props","StaticMeshCollectionActor_12785","PRESENT + RENDERED","Rendering map_audit: dynamic lighting (no authored lightmap)",""
"props","StaticMeshCollectionActor_12785","PRESENT + RENDERED","Rendering map_audit: dynamic lighting (no authored lightmap)",""
"props","StaticMeshCollectionActor_12785","PRESENT + RENDERED","Rendering map_audit: dynamic lighting (no authored lightmap)",""
"props","StaticMeshCollectionActor_12785","PRESENT + RENDERED","Rendering map_audit: dynamic lighting (no authored lightmap)",""
"props","StaticMeshCollectionActor_1290","PRESENT + RENDERED","Rendering map_audit: lightmapped",""
"props","StaticMeshCollectionActor_1290","PRESENT + RENDERED","Rendering map_audit: lightmapped",""
"props","StaticMeshCollectionActor_1290","PRESENT + RENDERED","Rendering map_audit: lightmapped",""
"props","StaticMeshCollectionActor_1290","PRESENT + RENDERED","Rendering map_audit: lightmapped",""
"props","StaticMeshCollectionActor_1290","PRESENT + RENDERED","Rendering map_audit: lightmapped",""
"props","StaticMeshCollectionActor_1290","PRESENT + RENDERED","Rendering map_audit: lightmapped",""
"props","StaticMeshCollectionActor_1290","PRESENT + RENDERED","Rendering map_audit: lightmapped",""
"props","StaticMeshCollectionActor_1290","PRESENT + RENDERED","Rendering map_audit: lightmapped",""
"props","StaticMeshCollectionActor_1290","PRESENT + RENDERED","Rendering map_audit: lightmapped",""
"props","StaticMeshCollectionActor_1290","PRESENT + RENDERED","Rendering map_audit: lightmapped",""
"props","StaticMeshCollectionActor_1290","PRESENT + RENDERED","Rendering map_audit: lightmapped",""
"props","StaticMeshCollectionActor_1290","PRESENT + RENDERED","Rendering map_audit: lightmapped",""
"props","StaticMeshCollectionActor_12944","PRESENT + RENDERED","Rendering map_audit: lightmapped",""
"props","StaticMeshCollectionActor_12944","PRESENT + RENDERED","Rendering map_audit: lightmapped",""
"props","StaticMeshCollectionActor_12944","PRESENT + RENDERED","Rendering map_audit: lightmapped",""
"props","StaticMeshCollectionActor_12944","PRESENT + RENDERED","Rendering map_audit: lightmapped",""
"props","StaticMeshCollectionActor_12944","PRESENT + RENDERED","Rendering map_audit: lightmapped",""
"props","StaticMeshCollectionActor_12944","PRESENT + RENDERED","Rendering map_audit: lightmapped",""
"props","StaticMeshCollectionActor_12944","PRESENT + RENDERED","Rendering map_audit: lightmapped",""
"props","StaticMeshCollectionActor_12944","PRESENT + RENDERED","Rendering map_audit: lightmapped",""
"props","StaticMeshCollectionActor_12944","PRESENT + RENDERED","Rendering map_audit: lightmapped",""
"props","StaticMeshCollectionActor_12944","PRESENT + RENDERED","Rendering map_audit: lightmapped",""
"props","StaticMeshCollectionActor_12944","PRESENT + RENDERED","Rendering map_audit: lightmapped",""
"props","StaticMeshCollectionActor_12944","PRESENT + RENDERED","Rendering map_audit: lightmapped",""
"props","StaticMeshCollectionActor_12987","PRESENT + RENDERED","Rendering map_audit: lightmapped",""
"props","StaticMeshCollectionActor_12987","PRESENT + RENDERED","Rendering map_audit: lightmapped",""
"props","StaticMeshCollectionActor_12987","PRESENT + RENDERED","Rendering map_audit: lightmapped",""
"props","StaticMeshCollectionActor_12987","PRESENT + RENDERED","Rendering map_audit: lightmapped",""
"props","StaticMeshCollectionActor_12987","PRESENT + RENDERED","Rendering map_audit: lightmapped",""
"props","StaticMeshCollectionActor_12987","PRESENT + RENDERED","Rendering map_audit: lightmapped",""
"props","StaticMeshCollectionActor_12987","PRESENT + RENDERED","Rendering map_audit: lightmapped",""
"props","StaticMeshCollectionActor_12987","PRESENT + RENDERED","Rendering map_audit: lightmapped",""
"props","StaticMeshCollectionActor_12987","PRESENT + RENDERED","Rendering map_audit: lightmapped",""
"props","StaticMeshCollectionActor_12987","PRESENT + RENDERED","Rendering map_audit: lightmapped",""
"props","StaticMeshCollectionActor_12987","PRESENT + RENDERED","Rendering map_audit: lightmapped",""
"props","StaticMeshCollectionActor_12987","PRESENT + RENDERED","Rendering map_audit: lightmapped",""
"props","StaticMeshCollectionActor_13032","PRESENT + RENDERED","Rendering map_audit: lightmapped",""
"props","StaticMeshCollectionActor_13032","PRESENT + RENDERED","Rendering map_audit: lightmapped",""
"props","StaticMeshCollectionActor_13032","PRESENT + RENDERED","Rendering map_audit: lightmapped",""
"props","StaticMeshCollectionActor_13032","PRESENT + RENDERED","Rendering map_audit: lightmapped",""
"props","StaticMeshCollectionActor_13032","PRESENT + RENDERED","Rendering map_audit: lightmapped",""
"props","StaticMeshCollectionActor_13032","PRESENT + RENDERED","Rendering map_audit: lightmapped",""
"props","StaticMeshCollectionActor_13032","PRESENT + RENDERED","Rendering map_audit: lightmapped",""
"props","StaticMeshCollectionActor_13032","PRESENT + RENDERED","Rendering map_audit: lightmapped",""
"props","StaticMeshCollectionActor_13032","PRESENT + RENDERED","Rendering map_audit: lightmapped",""
"props","StaticMeshCollectionActor_13032","PRESENT + RENDERED","Rendering map_audit: lightmapped",""
"props","StaticMeshCollectionActor_13032","PRESENT + RENDERED","Rendering map_audit: lightmapped",""
"props","StaticMeshCollectionActor_13032","PRESENT + RENDERED","Rendering map_audit: lightmapped",""
"props","StaticMeshCollectionActor_13239","PRESENT + RENDERED","Rendering map_audit: lightmapped",""
"props","StaticMeshCollectionActor_13239","PRESENT + RENDERED","Rendering map_audit: lightmapped",""
"props","StaticMeshCollectionActor_13239","PRESENT + RENDERED","Rendering map_audit: lightmapped",""
"props","StaticMeshCollectionActor_13239","PRESENT + RENDERED","Rendering map_audit: lightmapped",""
"props","StaticMeshCollectionActor_13239","PRESENT + RENDERED","Rendering map_audit: lightmapped",""
"props","StaticMeshCollectionActor_13239","PRESENT + RENDERED","Rendering map_audit: lightmapped",""
"props","StaticMeshCollectionActor_13239","PRESENT + RENDERED","Rendering map_audit: lightmapped",""
"props","StaticMeshCollectionActor_13239","PRESENT + RENDERED","Rendering map_audit: lightmapped",""
"props","StaticMeshCollectionActor_13239","PRESENT + RENDERED","Rendering map_audit: lightmapped",""
"props","StaticMeshCollectionActor_13239","PRESENT + RENDERED","Rendering map_audit: lightmapped",""
"props","StaticMeshCollectionActor_13239","PRESENT + RENDERED","Rendering map_audit: lightmapped",""
"props","StaticMeshCollectionActor_13239","PRESENT + RENDERED","Rendering map_audit: lightmapped",""
"props","StaticMeshCollectionActor_1325","PRESENT + RENDERED","Rendering map_audit: lightmapped",""
"props","StaticMeshCollectionActor_1325","PRESENT + RENDERED","Rendering map_audit: lightmapped",""
"props","StaticMeshCollectionActor_1325","PRESENT + RENDERED","Rendering map_audit: lightmapped",""
"props","StaticMeshCollectionActor_1325","PRESENT + RENDERED","Rendering map_audit: lightmapped",""
"props","StaticMeshCollectionActor_1325","PRESENT + RENDERED","Rendering map_audit: lightmapped",""
"props","StaticMeshCollectionActor_1325","PRESENT + RENDERED","Rendering map_audit: lightmapped",""
"props","StaticMeshCollectionActor_1325","PRESENT + RENDERED","Rendering map_audit: lightmapped",""
"props","StaticMeshCollectionActor_1325","PRESENT + RENDERED","Rendering map_audit: lightmapped",""
"props","StaticMeshCollectionActor_1325","PRESENT + RENDERED","Rendering map_audit: lightmapped",""
"props","StaticMeshCollectionActor_1325","PRESENT + RENDERED","Rendering map_audit: lightmapped",""
"props","StaticMeshCollectionActor_1325","PRESENT + RENDERED","Rendering map_audit: lightmapped",""
"props","StaticMeshCollectionActor_1325","PRESENT + RENDERED","Rendering map_audit: lightmapped",""
"props","StaticMeshCollectionActor_13351","PRESENT + RENDERED","Rendering map_audit: dynamic lighting (no authored lightmap)",""
"props","StaticMeshCollectionActor_13351","PRESENT + RENDERED","Rendering map_audit: dynamic lighting (no authored lightmap)",""
"props","StaticMeshCollectionActor_13351","PRESENT + RENDERED","Rendering map_audit: dynamic lighting (no authored lightmap)",""
"props","StaticMeshCollectionActor_13351","PRESENT + RENDERED","Rendering map_audit: dynamic lighting (no authored lightmap)",""
"props","StaticMeshCollectionActor_13351","PRESENT + RENDERED","Rendering map_audit: dynamic lighting (no authored lightmap)",""
"props","StaticMeshCollectionActor_13351","PRESENT + RENDERED","Rendering map_audit: dynamic lighting (no authored lightmap)",""
"props","StaticMeshCollectionActor_13351","PRESENT + RENDERED","Rendering map_audit: dynamic lighting (no authored lightmap)",""
"props","StaticMeshCollectionActor_13351","PRESENT + RENDERED","Rendering map_audit: dynamic lighting (no authored lightmap)",""
"props","StaticMeshCollectionActor_13351","PRESENT + RENDERED","Rendering map_audit: dynamic lighting (no authored lightmap)",""
"props","StaticMeshCollectionActor_13351","PRESENT + RENDERED","Rendering map_audit: dynamic lighting (no authored lightmap)",""
"props","StaticMeshCollectionActor_13351","PRESENT + RENDERED","Rendering map_audit: dynamic lighting (no authored lightmap)",""
"props","StaticMeshCollectionActor_13351","PRESENT + RENDERED","Rendering map_audit: dynamic lighting (no authored lightmap)",""
"props","StaticMeshCollectionActor_1341","PRESENT + RENDERED","Rendering map_audit: lightmapped",""
"props","StaticMeshCollectionActor_1341","PRESENT + RENDERED","Rendering map_audit: lightmapped",""
"props","StaticMeshCollectionActor_1341","PRESENT + RENDERED","Rendering map_audit: lightmapped",""
"props","StaticMeshCollectionActor_1341","PRESENT + RENDERED","Rendering map_audit: lightmapped",""
"props","StaticMeshCollectionActor_1341","PRESENT + RENDERED","Rendering map_audit: lightmapped",""
"props","StaticMeshCollectionActor_1341","PRESENT + RENDERED","Rendering map_audit: lightmapped",""
"props","StaticMeshCollectionActor_1341","PRESENT + RENDERED","Rendering map_audit: lightmapped",""
"props","StaticMeshCollectionActor_1341","PRESENT + RENDERED","Rendering map_audit: lightmapped",""
"props","StaticMeshCollectionActor_1341","PRESENT + RENDERED","Rendering map_audit: lightmapped",""
"props","StaticMeshCollectionActor_1341","PRESENT + RENDERED","Rendering map_audit: lightmapped",""
"props","StaticMeshCollectionActor_1341","PRESENT + RENDERED","Rendering map_audit: lightmapped",""
"props","StaticMeshCollectionActor_1341","PRESENT + RENDERED","Rendering map_audit: lightmapped",""
"props","StaticMeshCollectionActor_13463","PRESENT + RENDERED","Rendering map_audit: lightmapped",""
"props","StaticMeshCollectionActor_13463","PRESENT + RENDERED","Rendering map_audit: lightmapped",""
"props","StaticMeshCollectionActor_13463","PRESENT + RENDERED","Rendering map_audit: lightmapped",""
"props","StaticMeshCollectionActor_13463","PRESENT + RENDERED","Rendering map_audit: lightmapped",""
"props","StaticMeshCollectionActor_13463","PRESENT + RENDERED","Rendering map_audit: lightmapped",""
"props","StaticMeshCollectionActor_13463","PRESENT + RENDERED","Rendering map_audit: lightmapped",""
"props","StaticMeshCollectionActor_13463","PRESENT + RENDERED","Rendering map_audit: lightmapped",""
"props","StaticMeshCollectionActor_13463","PRESENT + RENDERED","Rendering map_audit: lightmapped",""
"props","StaticMeshCollectionActor_13463","PRESENT + RENDERED","Rendering map_audit: lightmapped",""
"props","StaticMeshCollectionActor_13463","PRESENT + RENDERED","Rendering map_audit: lightmapped",""
"props","StaticMeshCollectionActor_13463","PRESENT + RENDERED","Rendering map_audit: lightmapped",""
"props","StaticMeshCollectionActor_13463","PRESENT + RENDERED","Rendering map_audit: lightmapped",""
"props","StaticMeshCollectionActor_13491","PRESENT + RENDERED","Rendering map_audit: lightmapped",""
"props","StaticMeshCollectionActor_13491","PRESENT + RENDERED","Rendering map_audit: lightmapped",""
"props","StaticMeshCollectionActor_13491","PRESENT + RENDERED","Rendering map_audit: lightmapped",""
"props","StaticMeshCollectionActor_13491","PRESENT + RENDERED","Rendering map_audit: lightmapped",""
"props","StaticMeshCollectionActor_13491","PRESENT + RENDERED","Rendering map_audit: lightmapped",""
"props","StaticMeshCollectionActor_13491","PRESENT + RENDERED","Rendering map_audit: lightmapped",""
"props","StaticMeshCollectionActor_13491","PRESENT + RENDERED","Rendering map_audit: lightmapped",""
"props","StaticMeshCollectionActor_13491","PRESENT + RENDERED","Rendering map_audit: lightmapped",""
"props","StaticMeshCollectionActor_13491","PRESENT + RENDERED","Rendering map_audit: lightmapped",""
"props","StaticMeshCollectionActor_13491","PRESENT + RENDERED","Rendering map_audit: lightmapped",""
"props","StaticMeshCollectionActor_13491","PRESENT + RENDERED","Rendering map_audit: lightmapped",""
"props","StaticMeshCollectionActor_13491","PRESENT + RENDERED","Rendering map_audit: lightmapped",""
"props","StaticMeshCollectionActor_13723","PRESENT + RENDERED","Rendering map_audit: lightmapped",""
"props","StaticMeshCollectionActor_13723","PRESENT + RENDERED","Rendering map_audit: lightmapped",""
"props","StaticMeshCollectionActor_13723","PRESENT + RENDERED","Rendering map_audit: lightmapped",""
"props","StaticMeshCollectionActor_13723","PRESENT + RENDERED","Rendering map_audit: lightmapped",""
"props","StaticMeshCollectionActor_13723","PRESENT + RENDERED","Rendering map_audit: lightmapped",""
"props","StaticMeshCollectionActor_13723","PRESENT + RENDERED","Rendering map_audit: lightmapped",""
"props","StaticMeshCollectionActor_13723","PRESENT + RENDERED","Rendering map_audit: lightmapped",""
"props","StaticMeshCollectionActor_13723","PRESENT + RENDERED","Rendering map_audit: lightmapped",""
"props","StaticMeshCollectionActor_13723","PRESENT + RENDERED","Rendering map_audit: lightmapped",""
"props","StaticMeshCollectionActor_13723","PRESENT + RENDERED","Rendering map_audit: lightmapped",""
"props","StaticMeshCollectionActor_13723","PRESENT + RENDERED","Rendering map_audit: lightmapped",""
"props","StaticMeshCollectionActor_13723","PRESENT + RENDERED","Rendering map_audit: lightmapped",""
"props","StaticMeshCollectionActor_1374","PRESENT + RENDERED","Rendering map_audit: lightmapped",""
"props","StaticMeshCollectionActor_1374","PRESENT + RENDERED","Rendering map_audit: lightmapped",""
"props","StaticMeshCollectionActor_1374","PRESENT + RENDERED","Rendering map_audit: lightmapped",""
"props","StaticMeshCollectionActor_1374","PRESENT + RENDERED","Rendering map_audit: lightmapped",""
"props","StaticMeshCollectionActor_1374","PRESENT + RENDERED","Rendering map_audit: lightmapped",""
"props","StaticMeshCollectionActor_1374","PRESENT + RENDERED","Rendering map_audit: lightmapped",""
"props","StaticMeshCollectionActor_1374","PRESENT + RENDERED","Rendering map_audit: lightmapped",""
"props","StaticMeshCollectionActor_1374","PRESENT + RENDERED","Rendering map_audit: lightmapped",""
"props","StaticMeshCollectionActor_1374","PRESENT + RENDERED","Rendering map_audit: lightmapped",""
"props","StaticMeshCollectionActor_1374","PRESENT + RENDERED","Rendering map_audit: lightmapped",""
"props","StaticMeshCollectionActor_1374","PRESENT + RENDERED","Rendering map_audit: lightmapped",""
"props","StaticMeshCollectionActor_1374","PRESENT + RENDERED","Rendering map_audit: lightmapped",""
"props","StaticMeshCollectionActor_14067","PRESENT + RENDERED","Rendering map_audit: lightmapped",""
"props","StaticMeshCollectionActor_14067","PRESENT + RENDERED","Rendering map_audit: lightmapped",""
"props","StaticMeshCollectionActor_14067","PRESENT + RENDERED","Rendering map_audit: lightmapped",""
"props","StaticMeshCollectionActor_14067","PRESENT + RENDERED","Rendering map_audit: lightmapped",""
"props","StaticMeshCollectionActor_14067","PRESENT + RENDERED","Rendering map_audit: lightmapped",""
"props","StaticMeshCollectionActor_14067","PRESENT + RENDERED","Rendering map_audit: lightmapped",""
"props","StaticMeshCollectionActor_14067","PRESENT + RENDERED","Rendering map_audit: lightmapped",""
"props","StaticMeshCollectionActor_14067","PRESENT + RENDERED","Rendering map_audit: lightmapped",""
"props","StaticMeshCollectionActor_14067","PRESENT + RENDERED","Rendering map_audit: lightmapped",""
"props","StaticMeshCollectionActor_14067","PRESENT + RENDERED","Rendering map_audit: lightmapped",""
"props","StaticMeshCollectionActor_14067","PRESENT + RENDERED","Rendering map_audit: lightmapped",""
"props","StaticMeshCollectionActor_14067","PRESENT + RENDERED","Rendering map_audit: lightmapped",""
"props","StaticMeshCollectionActor_14247","PRESENT + RENDERED","Rendering map_audit: lightmapped",""
"props","StaticMeshCollectionActor_14247","PRESENT + RENDERED","Rendering map_audit: lightmapped",""
"props","StaticMeshCollectionActor_14247","PRESENT + RENDERED","Rendering map_audit: lightmapped",""
"props","StaticMeshCollectionActor_14247","PRESENT + RENDERED","Rendering map_audit: lightmapped",""
"props","StaticMeshCollectionActor_14247","PRESENT + RENDERED","Rendering map_audit: lightmapped",""
"props","StaticMeshCollectionActor_14247","PRESENT + RENDERED","Rendering map_audit: lightmapped",""
"props","StaticMeshCollectionActor_14247","PRESENT + RENDERED","Rendering map_audit: lightmapped",""
"props","StaticMeshCollectionActor_14247","PRESENT + RENDERED","Rendering map_audit: lightmapped",""
"props","StaticMeshCollectionActor_14247","PRESENT + RENDERED","Rendering map_audit: lightmapped",""
"props","StaticMeshCollectionActor_14247","PRESENT + RENDERED","Rendering map_audit: lightmapped",""
"props","StaticMeshCollectionActor_14247","PRESENT + RENDERED","Rendering map_audit: lightmapped",""
"props","StaticMeshCollectionActor_14247","PRESENT + RENDERED","Rendering map_audit: lightmapped",""
"props","StaticMeshCollectionActor_14407","PRESENT + RENDERED","Rendering map_audit: lightmapped",""
"props","StaticMeshCollectionActor_14407","PRESENT + RENDERED","Rendering map_audit: lightmapped",""
"props","StaticMeshCollectionActor_14407","PRESENT + RENDERED","Rendering map_audit: lightmapped",""
"props","StaticMeshCollectionActor_14407","PRESENT + RENDERED","Rendering map_audit: lightmapped",""
"props","StaticMeshCollectionActor_14407","PRESENT + RENDERED","Rendering map_audit: lightmapped",""
"props","StaticMeshCollectionActor_14407","PRESENT + RENDERED","Rendering map_audit: lightmapped",""
"props","StaticMeshCollectionActor_14407","PRESENT + RENDERED","Rendering map_audit: lightmapped",""
"props","StaticMeshCollectionActor_14407","PRESENT + RENDERED","Rendering map_audit: lightmapped",""
"props","StaticMeshCollectionActor_14407","PRESENT + RENDERED","Rendering map_audit: lightmapped",""
"props","StaticMeshCollectionActor_14407","PRESENT + RENDERED","Rendering map_audit: lightmapped",""
"props","StaticMeshCollectionActor_14407","PRESENT + RENDERED","Rendering map_audit: lightmapped",""
"props","StaticMeshCollectionActor_14407","PRESENT + RENDERED","Rendering map_audit: lightmapped",""
"props","StaticMeshCollectionActor_14438","PRESENT + RENDERED","Rendering map_audit: lightmapped",""
"props","StaticMeshCollectionActor_14438","PRESENT + RENDERED","Rendering map_audit: lightmapped",""
"props","StaticMeshCollectionActor_14438","PRESENT + RENDERED","Rendering map_audit: lightmapped",""
"props","StaticMeshCollectionActor_14438","PRESENT + RENDERED","Rendering map_audit: lightmapped",""
"props","StaticMeshCollectionActor_14438","PRESENT + RENDERED","Rendering map_audit: lightmapped",""
"props","StaticMeshCollectionActor_14438","PRESENT + RENDERED","Rendering map_audit: lightmapped",""
"props","StaticMeshCollectionActor_14438","PRESENT + RENDERED","Rendering map_audit: lightmapped",""
"props","StaticMeshCollectionActor_14438","PRESENT + RENDERED","Rendering map_audit: lightmapped",""
"props","StaticMeshCollectionActor_14438","PRESENT + RENDERED","Rendering map_audit: lightmapped",""
"props","StaticMeshCollectionActor_14438","PRESENT + RENDERED","Rendering map_audit: lightmapped",""
"props","StaticMeshCollectionActor_14438","PRESENT + RENDERED","Rendering map_audit: lightmapped",""
"props","StaticMeshCollectionActor_14438","PRESENT + RENDERED","Rendering map_audit: lightmapped",""
"props","StaticMeshCollectionActor_14848","PRESENT + RENDERED","Rendering map_audit: lightmapped",""
"props","StaticMeshCollectionActor_14848","PRESENT + RENDERED","Rendering map_audit: lightmapped",""
"props","StaticMeshCollectionActor_14848","PRESENT + RENDERED","Rendering map_audit: lightmapped",""
"props","StaticMeshCollectionActor_14848","PRESENT + RENDERED","Rendering map_audit: lightmapped",""
"props","StaticMeshCollectionActor_14848","PRESENT + RENDERED","Rendering map_audit: lightmapped",""
"props","StaticMeshCollectionActor_14848","PRESENT + RENDERED","Rendering map_audit: lightmapped",""
"props","StaticMeshCollectionActor_14848","PRESENT + RENDERED","Rendering map_audit: lightmapped",""
"props","StaticMeshCollectionActor_14848","PRESENT + RENDERED","Rendering map_audit: lightmapped",""
"props","StaticMeshCollectionActor_14848","PRESENT + RENDERED","Rendering map_audit: lightmapped",""
"props","StaticMeshCollectionActor_14848","PRESENT + RENDERED","Rendering map_audit: lightmapped",""
"props","StaticMeshCollectionActor_14848","PRESENT + RENDERED","Rendering map_audit: lightmapped",""
"props","StaticMeshCollectionActor_14848","PRESENT + RENDERED","Rendering map_audit: lightmapped",""
"props","StaticMeshCollectionActor_1502","PRESENT + RENDERED","Rendering map_audit: lightmapped",""
"props","StaticMeshCollectionActor_1502","PRESENT + RENDERED","Rendering map_audit: lightmapped",""
"props","StaticMeshCollectionActor_1502","PRESENT + RENDERED","Rendering map_audit: lightmapped",""
"props","StaticMeshCollectionActor_1502","PRESENT + RENDERED","Rendering map_audit: lightmapped",""
"props","StaticMeshCollectionActor_1502","PRESENT + RENDERED","Rendering map_audit: lightmapped",""
"props","StaticMeshCollectionActor_1502","PRESENT + RENDERED","Rendering map_audit: lightmapped",""
"props","StaticMeshCollectionActor_1502","PRESENT + RENDERED","Rendering map_audit: lightmapped",""
"props","StaticMeshCollectionActor_1502","PRESENT + RENDERED","Rendering map_audit: lightmapped",""
"props","StaticMeshCollectionActor_1502","PRESENT + RENDERED","Rendering map_audit: lightmapped",""
"props","StaticMeshCollectionActor_1502","PRESENT + RENDERED","Rendering map_audit: lightmapped",""
"props","StaticMeshCollectionActor_1502","PRESENT + RENDERED","Rendering map_audit: lightmapped",""
"props","StaticMeshCollectionActor_1502","PRESENT + RENDERED","Rendering map_audit: lightmapped",""
"props","StaticMeshCollectionActor_15042","PRESENT + RENDERED","Rendering map_audit: lightmapped",""
"props","StaticMeshCollectionActor_15042","PRESENT + RENDERED","Rendering map_audit: lightmapped",""
"props","StaticMeshCollectionActor_15042","PRESENT + RENDERED","Rendering map_audit: lightmapped",""
"props","StaticMeshCollectionActor_15042","PRESENT + RENDERED","Rendering map_audit: lightmapped",""
"props","StaticMeshCollectionActor_15042","PRESENT + RENDERED","Rendering map_audit: lightmapped",""
"props","StaticMeshCollectionActor_15042","PRESENT + RENDERED","Rendering map_audit: lightmapped",""
"props","StaticMeshCollectionActor_15042","PRESENT + RENDERED","Rendering map_audit: lightmapped",""
"props","StaticMeshCollectionActor_15042","PRESENT + RENDERED","Rendering map_audit: lightmapped",""
"props","StaticMeshCollectionActor_15042","PRESENT + RENDERED","Rendering map_audit: lightmapped",""
"props","StaticMeshCollectionActor_15042","PRESENT + RENDERED","Rendering map_audit: lightmapped",""
"props","StaticMeshCollectionActor_15042","PRESENT + RENDERED","Rendering map_audit: lightmapped",""
"props","StaticMeshCollectionActor_15042","PRESENT + RENDERED","Rendering map_audit: lightmapped",""
"props","StaticMeshCollectionActor_15091","PRESENT + RENDERED","Rendering map_audit: lightmapped",""
"props","StaticMeshCollectionActor_15091","PRESENT + RENDERED","Rendering map_audit: lightmapped",""
"props","StaticMeshCollectionActor_15091","PRESENT + RENDERED","Rendering map_audit: lightmapped",""
"props","StaticMeshCollectionActor_15091","PRESENT + RENDERED","Rendering map_audit: lightmapped",""
"props","StaticMeshCollectionActor_15091","PRESENT + RENDERED","Rendering map_audit: lightmapped",""
"props","StaticMeshCollectionActor_15091","PRESENT + RENDERED","Rendering map_audit: lightmapped",""
"props","StaticMeshCollectionActor_15091","PRESENT + RENDERED","Rendering map_audit: lightmapped",""
"props","StaticMeshCollectionActor_15091","PRESENT + RENDERED","Rendering map_audit: lightmapped",""
"props","StaticMeshCollectionActor_15091","PRESENT + RENDERED","Rendering map_audit: lightmapped",""
"props","StaticMeshCollectionActor_15091","PRESENT + RENDERED","Rendering map_audit: lightmapped",""
"props","StaticMeshCollectionActor_15091","PRESENT + RENDERED","Rendering map_audit: lightmapped",""
"props","StaticMeshCollectionActor_15091","PRESENT + RENDERED","Rendering map_audit: lightmapped",""
"props","StaticMeshCollectionActor_15213","PRESENT + RENDERED","Rendering map_audit: dynamic lighting (no authored lightmap)",""
"props","StaticMeshCollectionActor_15213","PRESENT + RENDERED","Rendering map_audit: dynamic lighting (no authored lightmap)",""
"props","StaticMeshCollectionActor_15213","PRESENT + RENDERED","Rendering map_audit: dynamic lighting (no authored lightmap)",""
"props","StaticMeshCollectionActor_15213","PRESENT + RENDERED","Rendering map_audit: dynamic lighting (no authored lightmap)",""
"props","StaticMeshCollectionActor_15213","PRESENT + RENDERED","Rendering map_audit: dynamic lighting (no authored lightmap)",""
"props","StaticMeshCollectionActor_15213","PRESENT + RENDERED","Rendering map_audit: dynamic lighting (no authored lightmap)",""
"props","StaticMeshCollectionActor_15213","PRESENT + RENDERED","Rendering map_audit: dynamic lighting (no authored lightmap)",""
"props","StaticMeshCollectionActor_15213","PRESENT + RENDERED","Rendering map_audit: dynamic lighting (no authored lightmap)",""
"props","StaticMeshCollectionActor_15213","PRESENT + RENDERED","Rendering map_audit: dynamic lighting (no authored lightmap)",""
"props","StaticMeshCollectionActor_15213","PRESENT + RENDERED","Rendering map_audit: dynamic lighting (no authored lightmap)",""
"props","StaticMeshCollectionActor_15213","PRESENT + RENDERED","Rendering map_audit: dynamic lighting (no authored lightmap)",""
"props","StaticMeshCollectionActor_15213","PRESENT + RENDERED","Rendering map_audit: dynamic lighting (no authored lightmap)",""
"props","StaticMeshCollectionActor_1522","PRESENT + RENDERED","Rendering map_audit: lightmapped",""
"props","StaticMeshCollectionActor_1522","PRESENT + RENDERED","Rendering map_audit: lightmapped",""
"props","StaticMeshCollectionActor_1522","PRESENT + RENDERED","Rendering map_audit: lightmapped",""
"props","StaticMeshCollectionActor_1522","PRESENT + RENDERED","Rendering map_audit: lightmapped",""
"props","StaticMeshCollectionActor_1522","PRESENT + RENDERED","Rendering map_audit: lightmapped",""
"props","StaticMeshCollectionActor_1522","PRESENT + RENDERED","Rendering map_audit: lightmapped",""
"props","StaticMeshCollectionActor_1522","PRESENT + RENDERED","Rendering map_audit: lightmapped",""
"props","StaticMeshCollectionActor_1522","PRESENT + RENDERED","Rendering map_audit: lightmapped",""
"props","StaticMeshCollectionActor_1522","PRESENT + RENDERED","Rendering map_audit: lightmapped",""
"props","StaticMeshCollectionActor_15307","PRESENT + RENDERED","Rendering map_audit: lightmapped",""
"props","StaticMeshCollectionActor_15307","PRESENT + RENDERED","Rendering map_audit: lightmapped",""
"props","StaticMeshCollectionActor_15307","PRESENT + RENDERED","Rendering map_audit: lightmapped",""
"props","StaticMeshCollectionActor_15307","PRESENT + RENDERED","Rendering map_audit: lightmapped",""
"props","StaticMeshCollectionActor_15307","PRESENT + RENDERED","Rendering map_audit: lightmapped",""
"props","StaticMeshCollectionActor_15307","PRESENT + RENDERED","Rendering map_audit: lightmapped",""
"props","StaticMeshCollectionActor_15307","PRESENT + RENDERED","Rendering map_audit: lightmapped",""
"props","StaticMeshCollectionActor_15307","PRESENT + RENDERED","Rendering map_audit: lightmapped",""
"props","StaticMeshCollectionActor_15307","PRESENT + RENDERED","Rendering map_audit: lightmapped",""
"props","StaticMeshCollectionActor_15307","PRESENT + RENDERED","Rendering map_audit: lightmapped",""
"props","StaticMeshCollectionActor_15307","PRESENT + RENDERED","Rendering map_audit: lightmapped",""
"props","StaticMeshCollectionActor_15307","PRESENT + RENDERED","Rendering map_audit: lightmapped",""
"props","StaticMeshCollectionActor_15343","PRESENT + RENDERED","Rendering map_audit: lightmapped",""
"props","StaticMeshCollectionActor_15343","PRESENT + RENDERED","Rendering map_audit: lightmapped",""
"props","StaticMeshCollectionActor_15343","PRESENT + RENDERED","Rendering map_audit: lightmapped",""
"props","StaticMeshCollectionActor_15343","PRESENT + RENDERED","Rendering map_audit: lightmapped",""
"props","StaticMeshCollectionActor_15343","PRESENT + RENDERED","Rendering map_audit: lightmapped",""
"props","StaticMeshCollectionActor_15343","PRESENT + RENDERED","Rendering map_audit: lightmapped",""
"props","StaticMeshCollectionActor_15343","PRESENT + RENDERED","Rendering map_audit: lightmapped",""
"props","StaticMeshCollectionActor_15343","PRESENT + RENDERED","Rendering map_audit: lightmapped",""
"props","StaticMeshCollectionActor_15343","PRESENT + RENDERED","Rendering map_audit: lightmapped",""
"props","StaticMeshCollectionActor_15343","PRESENT + RENDERED","Rendering map_audit: lightmapped",""
"props","StaticMeshCollectionActor_15343","PRESENT + RENDERED","Rendering map_audit: lightmapped",""
"props","StaticMeshCollectionActor_15343","PRESENT + RENDERED","Rendering map_audit: lightmapped",""
"props","StaticMeshCollectionActor_15505","PRESENT + RENDERED","Rendering map_audit: lightmapped",""
"props","StaticMeshCollectionActor_15505","PRESENT + RENDERED","Rendering map_audit: lightmapped",""
"props","StaticMeshCollectionActor_15505","PRESENT + RENDERED","Rendering map_audit: lightmapped",""
"props","StaticMeshCollectionActor_15505","PRESENT + RENDERED","Rendering map_audit: lightmapped",""
"props","StaticMeshCollectionActor_15505","PRESENT + RENDERED","Rendering map_audit: lightmapped",""
"props","StaticMeshCollectionActor_15505","PRESENT + RENDERED","Rendering map_audit: lightmapped",""
"props","StaticMeshCollectionActor_15505","PRESENT + RENDERED","Rendering map_audit: lightmapped",""
"props","StaticMeshCollectionActor_15505","PRESENT + RENDERED","Rendering map_audit: lightmapped",""
"props","StaticMeshCollectionActor_15505","PRESENT + RENDERED","Rendering map_audit: lightmapped",""
"props","StaticMeshCollectionActor_15505","PRESENT + RENDERED","Rendering map_audit: lightmapped",""
"props","StaticMeshCollectionActor_15505","PRESENT + RENDERED","Rendering map_audit: lightmapped",""
"props","StaticMeshCollectionActor_15505","PRESENT + RENDERED","Rendering map_audit: lightmapped",""
"props","StaticMeshCollectionActor_16012","PRESENT + RENDERED","Rendering map_audit: lightmapped",""
"props","StaticMeshCollectionActor_16012","PRESENT + RENDERED","Rendering map_audit: lightmapped",""
"props","StaticMeshCollectionActor_16012","PRESENT + RENDERED","Rendering map_audit: lightmapped",""
"props","StaticMeshCollectionActor_16012","PRESENT + RENDERED","Rendering map_audit: lightmapped",""
"props","StaticMeshCollectionActor_16012","PRESENT + RENDERED","Rendering map_audit: lightmapped",""
"props","StaticMeshCollectionActor_16012","PRESENT + RENDERED","Rendering map_audit: lightmapped",""
"props","StaticMeshCollectionActor_16012","PRESENT + RENDERED","Rendering map_audit: lightmapped",""
"props","StaticMeshCollectionActor_16012","PRESENT + RENDERED","Rendering map_audit: lightmapped",""
"props","StaticMeshCollectionActor_16012","PRESENT + RENDERED","Rendering map_audit: lightmapped",""
"props","StaticMeshCollectionActor_16012","PRESENT + RENDERED","Rendering map_audit: lightmapped",""
"props","StaticMeshCollectionActor_16012","PRESENT + RENDERED","Rendering map_audit: lightmapped",""
"props","StaticMeshCollectionActor_16012","PRESENT + RENDERED","Rendering map_audit: lightmapped",""
"props","StaticMeshCollectionActor_16174","PRESENT + RENDERED","Rendering map_audit: lightmapped",""
"props","StaticMeshCollectionActor_16174","PRESENT + RENDERED","Rendering map_audit: lightmapped",""
"props","StaticMeshCollectionActor_16174","PRESENT + RENDERED","Rendering map_audit: lightmapped",""
"props","StaticMeshCollectionActor_16174","PRESENT + RENDERED","Rendering map_audit: lightmapped",""
"props","StaticMeshCollectionActor_16174","PRESENT + RENDERED","Rendering map_audit: lightmapped",""
"props","StaticMeshCollectionActor_16174","PRESENT + RENDERED","Rendering map_audit: lightmapped",""
"props","StaticMeshCollectionActor_16174","PRESENT + RENDERED","Rendering map_audit: lightmapped",""
"props","StaticMeshCollectionActor_16174","PRESENT + RENDERED","Rendering map_audit: lightmapped",""
"props","StaticMeshCollectionActor_16174","PRESENT + RENDERED","Rendering map_audit: lightmapped",""
"props","StaticMeshCollectionActor_16174","PRESENT + RENDERED","Rendering map_audit: lightmapped",""
"props","StaticMeshCollectionActor_16174","PRESENT + RENDERED","Rendering map_audit: lightmapped",""
"props","StaticMeshCollectionActor_16174","PRESENT + RENDERED","Rendering map_audit: lightmapped",""
"props","StaticMeshCollectionActor_16246","PRESENT + RENDERED","Rendering map_audit: dynamic lighting (no authored lightmap)",""
"props","StaticMeshCollectionActor_16246","PRESENT + RENDERED","Rendering map_audit: dynamic lighting (no authored lightmap)",""
"props","StaticMeshCollectionActor_16246","PRESENT + RENDERED","Rendering map_audit: dynamic lighting (no authored lightmap)",""
"props","StaticMeshCollectionActor_16246","PRESENT + RENDERED","Rendering map_audit: dynamic lighting (no authored lightmap)",""
"props","StaticMeshCollectionActor_16246","PRESENT + RENDERED","Rendering map_audit: dynamic lighting (no authored lightmap)",""
"props","StaticMeshCollectionActor_16246","PRESENT + RENDERED","Rendering map_audit: dynamic lighting (no authored lightmap)",""
"props","StaticMeshCollectionActor_16246","PRESENT + RENDERED","Rendering map_audit: dynamic lighting (no authored lightmap)",""
"props","StaticMeshCollectionActor_16246","PRESENT + RENDERED","Rendering map_audit: dynamic lighting (no authored lightmap)",""
"props","StaticMeshCollectionActor_16246","PRESENT + RENDERED","Rendering map_audit: dynamic lighting (no authored lightmap)",""
"props","StaticMeshCollectionActor_16246","PRESENT + RENDERED","Rendering map_audit: dynamic lighting (no authored lightmap)",""
"props","StaticMeshCollectionActor_16246","PRESENT + RENDERED","Rendering map_audit: dynamic lighting (no authored lightmap)",""
"props","StaticMeshCollectionActor_16246","PRESENT + RENDERED","Rendering map_audit: dynamic lighting (no authored lightmap)",""
"props","StaticMeshCollectionActor_16332","PRESENT + RENDERED","Rendering map_audit: dynamic lighting (no authored lightmap)",""
"props","StaticMeshCollectionActor_16332","PRESENT + RENDERED","Rendering map_audit: dynamic lighting (no authored lightmap)",""
"props","StaticMeshCollectionActor_16332","PRESENT + RENDERED","Rendering map_audit: dynamic lighting (no authored lightmap)",""
"props","StaticMeshCollectionActor_16332","PRESENT + RENDERED","Rendering map_audit: dynamic lighting (no authored lightmap)",""
"props","StaticMeshCollectionActor_16332","PRESENT + RENDERED","Rendering map_audit: dynamic lighting (no authored lightmap)",""
"props","StaticMeshCollectionActor_16332","PRESENT + RENDERED","Rendering map_audit: dynamic lighting (no authored lightmap)",""
"props","StaticMeshCollectionActor_16332","PRESENT + RENDERED","Rendering map_audit: dynamic lighting (no authored lightmap)",""
"props","StaticMeshCollectionActor_16332","PRESENT + RENDERED","Rendering map_audit: dynamic lighting (no authored lightmap)",""
"props","StaticMeshCollectionActor_16332","PRESENT + RENDERED","Rendering map_audit: dynamic lighting (no authored lightmap)",""
"props","StaticMeshCollectionActor_16332","PRESENT + RENDERED","Rendering map_audit: dynamic lighting (no authored lightmap)",""
"props","StaticMeshCollectionActor_16332","PRESENT + RENDERED","Rendering map_audit: dynamic lighting (no authored lightmap)",""
"props","StaticMeshCollectionActor_16332","PRESENT + RENDERED","Rendering map_audit: dynamic lighting (no authored lightmap)",""
"props","StaticMeshCollectionActor_16380","PRESENT + RENDERED","Rendering map_audit: lightmapped",""
"props","StaticMeshCollectionActor_16380","PRESENT + RENDERED","Rendering map_audit: lightmapped",""
"props","StaticMeshCollectionActor_16380","PRESENT + RENDERED","Rendering map_audit: lightmapped",""
"props","StaticMeshCollectionActor_16380","PRESENT + RENDERED","Rendering map_audit: lightmapped",""
"props","StaticMeshCollectionActor_16380","PRESENT + RENDERED","Rendering map_audit: lightmapped",""
"props","StaticMeshCollectionActor_16380","PRESENT + RENDERED","Rendering map_audit: lightmapped",""
"props","StaticMeshCollectionActor_16380","PRESENT + RENDERED","Rendering map_audit: lightmapped",""
"props","StaticMeshCollectionActor_16380","PRESENT + RENDERED","Rendering map_audit: lightmapped",""
"props","StaticMeshCollectionActor_16380","PRESENT + RENDERED","Rendering map_audit: lightmapped",""
"props","StaticMeshCollectionActor_16380","PRESENT + RENDERED","Rendering map_audit: lightmapped",""
"props","StaticMeshCollectionActor_16380","PRESENT + RENDERED","Rendering map_audit: lightmapped",""
"props","StaticMeshCollectionActor_16380","PRESENT + RENDERED","Rendering map_audit: lightmapped",""
"props","StaticMeshCollectionActor_1660","PRESENT + RENDERED","Rendering map_audit: lightmapped",""
"props","StaticMeshCollectionActor_1660","PRESENT + RENDERED","Rendering map_audit: lightmapped",""
"props","StaticMeshCollectionActor_1660","PRESENT + RENDERED","Rendering map_audit: lightmapped",""
"props","StaticMeshCollectionActor_1660","PRESENT + RENDERED","Rendering map_audit: lightmapped",""
"props","StaticMeshCollectionActor_1660","PRESENT + RENDERED","Rendering map_audit: lightmapped",""
"props","StaticMeshCollectionActor_1660","PRESENT + RENDERED","Rendering map_audit: lightmapped",""
"props","StaticMeshCollectionActor_1660","PRESENT + RENDERED","Rendering map_audit: lightmapped",""
"props","StaticMeshCollectionActor_1660","PRESENT + RENDERED","Rendering map_audit: lightmapped",""
"props","StaticMeshCollectionActor_1660","PRESENT + RENDERED","Rendering map_audit: lightmapped",""
"props","StaticMeshCollectionActor_1660","PRESENT + RENDERED","Rendering map_audit: lightmapped",""
"props","StaticMeshCollectionActor_1660","PRESENT + RENDERED","Rendering map_audit: lightmapped",""
"props","StaticMeshCollectionActor_1660","PRESENT + RENDERED","Rendering map_audit: lightmapped",""
"props","StaticMeshCollectionActor_1908","PRESENT + RENDERED","Rendering map_audit: lightmapped",""
"props","StaticMeshCollectionActor_1908","PRESENT + RENDERED","Rendering map_audit: lightmapped",""
"props","StaticMeshCollectionActor_1908","PRESENT + RENDERED","Rendering map_audit: lightmapped",""
"props","StaticMeshCollectionActor_1908","PRESENT + RENDERED","Rendering map_audit: lightmapped",""
"props","StaticMeshCollectionActor_1908","PRESENT + RENDERED","Rendering map_audit: lightmapped",""
"props","StaticMeshCollectionActor_1908","PRESENT + RENDERED","Rendering map_audit: lightmapped",""
"props","StaticMeshCollectionActor_1908","PRESENT + RENDERED","Rendering map_audit: lightmapped",""
"props","StaticMeshCollectionActor_1908","PRESENT + RENDERED","Rendering map_audit: lightmapped",""
"props","StaticMeshCollectionActor_1908","PRESENT + RENDERED","Rendering map_audit: lightmapped",""
"props","StaticMeshCollectionActor_1908","PRESENT + RENDERED","Rendering map_audit: lightmapped",""
"props","StaticMeshCollectionActor_1908","PRESENT + RENDERED","Rendering map_audit: lightmapped",""
"props","StaticMeshCollectionActor_1908","PRESENT + RENDERED","Rendering map_audit: lightmapped",""
"props","StaticMeshCollectionActor_2046","PRESENT + RENDERED","Rendering map_audit: lightmapped",""
"props","StaticMeshCollectionActor_2046","PRESENT + RENDERED","Rendering map_audit: lightmapped",""
"props","StaticMeshCollectionActor_2046","PRESENT + RENDERED","Rendering map_audit: lightmapped",""
"props","StaticMeshCollectionActor_2046","PRESENT + RENDERED","Rendering map_audit: lightmapped",""
"props","StaticMeshCollectionActor_2046","PRESENT + RENDERED","Rendering map_audit: lightmapped",""
"props","StaticMeshCollectionActor_2046","PRESENT + RENDERED","Rendering map_audit: lightmapped",""
"props","StaticMeshCollectionActor_2046","PRESENT + RENDERED","Rendering map_audit: lightmapped",""
"props","StaticMeshCollectionActor_2046","PRESENT + RENDERED","Rendering map_audit: lightmapped",""
"props","StaticMeshCollectionActor_2046","PRESENT + RENDERED","Rendering map_audit: lightmapped",""
"props","StaticMeshCollectionActor_2046","PRESENT + RENDERED","Rendering map_audit: lightmapped",""
"props","StaticMeshCollectionActor_2046","PRESENT + RENDERED","Rendering map_audit: lightmapped",""
"props","StaticMeshCollectionActor_2046","PRESENT + RENDERED","Rendering map_audit: lightmapped",""
"props","StaticMeshCollectionActor_2122","PRESENT + RENDERED","Rendering map_audit: lightmapped",""
"props","StaticMeshCollectionActor_2122","PRESENT + RENDERED","Rendering map_audit: lightmapped",""
"props","StaticMeshCollectionActor_2122","PRESENT + RENDERED","Rendering map_audit: lightmapped",""
"props","StaticMeshCollectionActor_2122","PRESENT + RENDERED","Rendering map_audit: lightmapped",""
"props","StaticMeshCollectionActor_2122","PRESENT + RENDERED","Rendering map_audit: lightmapped",""
"props","StaticMeshCollectionActor_2122","PRESENT + RENDERED","Rendering map_audit: lightmapped",""
"props","StaticMeshCollectionActor_2122","PRESENT + RENDERED","Rendering map_audit: lightmapped",""
"props","StaticMeshCollectionActor_2122","PRESENT + RENDERED","Rendering map_audit: lightmapped",""
"props","StaticMeshCollectionActor_2122","PRESENT + RENDERED","Rendering map_audit: lightmapped",""
"props","StaticMeshCollectionActor_2122","PRESENT + RENDERED","Rendering map_audit: lightmapped",""
"props","StaticMeshCollectionActor_2122","PRESENT + RENDERED","Rendering map_audit: lightmapped",""
"props","StaticMeshCollectionActor_2122","PRESENT + RENDERED","Rendering map_audit: lightmapped",""
"props","StaticMeshCollectionActor_2175","PRESENT + RENDERED","Rendering map_audit: lightmapped",""
"props","StaticMeshCollectionActor_2175","PRESENT + RENDERED","Rendering map_audit: lightmapped",""
"props","StaticMeshCollectionActor_2175","PRESENT + RENDERED","Rendering map_audit: lightmapped",""
"props","StaticMeshCollectionActor_2175","PRESENT + RENDERED","Rendering map_audit: lightmapped",""
"props","StaticMeshCollectionActor_2175","PRESENT + RENDERED","Rendering map_audit: lightmapped",""
"props","StaticMeshCollectionActor_2175","PRESENT + RENDERED","Rendering map_audit: lightmapped",""
"props","StaticMeshCollectionActor_2175","PRESENT + RENDERED","Rendering map_audit: lightmapped",""
"props","StaticMeshCollectionActor_2175","PRESENT + RENDERED","Rendering map_audit: lightmapped",""
"props","StaticMeshCollectionActor_2175","PRESENT + RENDERED","Rendering map_audit: lightmapped",""
"props","StaticMeshCollectionActor_2175","PRESENT + RENDERED","Rendering map_audit: lightmapped",""
"props","StaticMeshCollectionActor_2175","PRESENT + RENDERED","Rendering map_audit: lightmapped",""
"props","StaticMeshCollectionActor_2175","PRESENT + RENDERED","Rendering map_audit: lightmapped",""
"props","StaticMeshCollectionActor_2331","PRESENT + RENDERED","Rendering map_audit: lightmapped",""
"props","StaticMeshCollectionActor_2331","PRESENT + RENDERED","Rendering map_audit: lightmapped",""
"props","StaticMeshCollectionActor_2331","PRESENT + RENDERED","Rendering map_audit: lightmapped",""
"props","StaticMeshCollectionActor_2331","PRESENT + RENDERED","Rendering map_audit: lightmapped",""
"props","StaticMeshCollectionActor_2331","PRESENT + RENDERED","Rendering map_audit: lightmapped",""
"props","StaticMeshCollectionActor_2331","PRESENT + RENDERED","Rendering map_audit: lightmapped",""
"props","StaticMeshCollectionActor_2331","PRESENT + RENDERED","Rendering map_audit: lightmapped",""
"props","StaticMeshCollectionActor_2331","PRESENT + RENDERED","Rendering map_audit: lightmapped",""
"props","StaticMeshCollectionActor_2331","PRESENT + RENDERED","Rendering map_audit: lightmapped",""
"props","StaticMeshCollectionActor_2331","PRESENT + RENDERED","Rendering map_audit: lightmapped",""
"props","StaticMeshCollectionActor_2331","PRESENT + RENDERED","Rendering map_audit: lightmapped",""
"props","StaticMeshCollectionActor_2331","PRESENT + RENDERED","Rendering map_audit: lightmapped",""
"props","StaticMeshCollectionActor_2413","PRESENT + RENDERED","Rendering map_audit: lightmapped",""
"props","StaticMeshCollectionActor_2413","PRESENT + RENDERED","Rendering map_audit: lightmapped",""
"props","StaticMeshCollectionActor_2413","PRESENT + RENDERED","Rendering map_audit: lightmapped",""
"props","StaticMeshCollectionActor_2413","PRESENT + RENDERED","Rendering map_audit: lightmapped",""
"props","StaticMeshCollectionActor_2413","PRESENT + RENDERED","Rendering map_audit: lightmapped",""
"props","StaticMeshCollectionActor_2413","PRESENT + RENDERED","Rendering map_audit: lightmapped",""
"props","StaticMeshCollectionActor_2413","PRESENT + RENDERED","Rendering map_audit: lightmapped",""
"props","StaticMeshCollectionActor_2413","PRESENT + RENDERED","Rendering map_audit: lightmapped",""
"props","StaticMeshCollectionActor_2413","PRESENT + RENDERED","Rendering map_audit: lightmapped",""
"props","StaticMeshCollectionActor_2413","PRESENT + RENDERED","Rendering map_audit: lightmapped",""
"props","StaticMeshCollectionActor_2413","PRESENT + RENDERED","Rendering map_audit: lightmapped",""
"props","StaticMeshCollectionActor_2413","PRESENT + RENDERED","Rendering map_audit: lightmapped",""
"props","StaticMeshCollectionActor_2439","PRESENT + RENDERED","Rendering map_audit: lightmapped",""
"props","StaticMeshCollectionActor_2439","PRESENT + RENDERED","Rendering map_audit: lightmapped",""
"props","StaticMeshCollectionActor_2439","PRESENT + RENDERED","Rendering map_audit: lightmapped",""
"props","StaticMeshCollectionActor_2439","PRESENT + RENDERED","Rendering map_audit: lightmapped",""
"props","StaticMeshCollectionActor_2439","PRESENT + RENDERED","Rendering map_audit: lightmapped",""
"props","StaticMeshCollectionActor_2439","PRESENT + RENDERED","Rendering map_audit: lightmapped",""
"props","StaticMeshCollectionActor_2439","PRESENT + RENDERED","Rendering map_audit: lightmapped",""
"props","StaticMeshCollectionActor_2439","PRESENT + RENDERED","Rendering map_audit: lightmapped",""
"props","StaticMeshCollectionActor_2439","PRESENT + RENDERED","Rendering map_audit: lightmapped",""
"props","StaticMeshCollectionActor_2439","PRESENT + RENDERED","Rendering map_audit: lightmapped",""
"props","StaticMeshCollectionActor_2439","PRESENT + RENDERED","Rendering map_audit: lightmapped",""
"props","StaticMeshCollectionActor_2439","PRESENT + RENDERED","Rendering map_audit: lightmapped",""
"props","StaticMeshCollectionActor_2508","PRESENT + RENDERED","Rendering map_audit: lightmapped",""
"props","StaticMeshCollectionActor_2508","PRESENT + RENDERED","Rendering map_audit: lightmapped",""
"props","StaticMeshCollectionActor_2508","PRESENT + RENDERED","Rendering map_audit: lightmapped",""
"props","StaticMeshCollectionActor_2508","PRESENT + RENDERED","Rendering map_audit: lightmapped",""
"props","StaticMeshCollectionActor_2508","PRESENT + RENDERED","Rendering map_audit: lightmapped",""
"props","StaticMeshCollectionActor_2508","PRESENT + RENDERED","Rendering map_audit: lightmapped",""
"props","StaticMeshCollectionActor_2508","PRESENT + RENDERED","Rendering map_audit: lightmapped",""
"props","StaticMeshCollectionActor_2508","PRESENT + RENDERED","Rendering map_audit: lightmapped",""
"props","StaticMeshCollectionActor_2508","PRESENT + RENDERED","Rendering map_audit: lightmapped",""
"props","StaticMeshCollectionActor_2508","PRESENT + RENDERED","Rendering map_audit: lightmapped",""
"props","StaticMeshCollectionActor_2508","PRESENT + RENDERED","Rendering map_audit: lightmapped",""
"props","StaticMeshCollectionActor_2508","PRESENT + RENDERED","Rendering map_audit: lightmapped",""
"props","StaticMeshCollectionActor_2536","PRESENT + RENDERED","Rendering map_audit: lightmapped",""
"props","StaticMeshCollectionActor_2536","PRESENT + RENDERED","Rendering map_audit: lightmapped",""
"props","StaticMeshCollectionActor_2536","PRESENT + RENDERED","Rendering map_audit: lightmapped",""
"props","StaticMeshCollectionActor_2536","PRESENT + RENDERED","Rendering map_audit: lightmapped",""
"props","StaticMeshCollectionActor_2536","PRESENT + RENDERED","Rendering map_audit: lightmapped",""
"props","StaticMeshCollectionActor_2536","PRESENT + RENDERED","Rendering map_audit: lightmapped",""
"props","StaticMeshCollectionActor_2536","PRESENT + RENDERED","Rendering map_audit: lightmapped",""
"props","StaticMeshCollectionActor_2536","PRESENT + RENDERED","Rendering map_audit: lightmapped",""
"props","StaticMeshCollectionActor_2536","PRESENT + RENDERED","Rendering map_audit: lightmapped",""
"props","StaticMeshCollectionActor_2536","PRESENT + RENDERED","Rendering map_audit: lightmapped",""
"props","StaticMeshCollectionActor_2536","PRESENT + RENDERED","Rendering map_audit: lightmapped",""
"props","StaticMeshCollectionActor_2536","PRESENT + RENDERED","Rendering map_audit: lightmapped",""
"props","StaticMeshCollectionActor_2614","PRESENT + RENDERED","Rendering map_audit: lightmapped",""
"props","StaticMeshCollectionActor_2614","PRESENT + RENDERED","Rendering map_audit: lightmapped",""
"props","StaticMeshCollectionActor_2614","PRESENT + RENDERED","Rendering map_audit: lightmapped",""
"props","StaticMeshCollectionActor_2614","PRESENT + RENDERED","Rendering map_audit: lightmapped",""
"props","StaticMeshCollectionActor_2614","PRESENT + RENDERED","Rendering map_audit: lightmapped",""
"props","StaticMeshCollectionActor_2614","PRESENT + RENDERED","Rendering map_audit: lightmapped",""
"props","StaticMeshCollectionActor_2614","PRESENT + RENDERED","Rendering map_audit: lightmapped",""
"props","StaticMeshCollectionActor_2614","PRESENT + RENDERED","Rendering map_audit: lightmapped",""
"props","StaticMeshCollectionActor_2614","PRESENT + RENDERED","Rendering map_audit: lightmapped",""
"props","StaticMeshCollectionActor_2614","PRESENT + RENDERED","Rendering map_audit: lightmapped",""
"props","StaticMeshCollectionActor_2614","PRESENT + RENDERED","Rendering map_audit: lightmapped",""
"props","StaticMeshCollectionActor_2614","PRESENT + RENDERED","Rendering map_audit: lightmapped",""
"props","StaticMeshCollectionActor_2691","PRESENT + RENDERED","Rendering map_audit: lightmapped",""
"props","StaticMeshCollectionActor_2691","PRESENT + RENDERED","Rendering map_audit: lightmapped",""
"props","StaticMeshCollectionActor_2691","PRESENT + RENDERED","Rendering map_audit: lightmapped",""
"props","StaticMeshCollectionActor_2691","PRESENT + RENDERED","Rendering map_audit: lightmapped",""
"props","StaticMeshCollectionActor_2691","PRESENT + RENDERED","Rendering map_audit: lightmapped",""
"props","StaticMeshCollectionActor_2691","PRESENT + RENDERED","Rendering map_audit: lightmapped",""
"props","StaticMeshCollectionActor_2691","PRESENT + RENDERED","Rendering map_audit: lightmapped",""
"props","StaticMeshCollectionActor_2691","PRESENT + RENDERED","Rendering map_audit: lightmapped",""
"props","StaticMeshCollectionActor_2691","PRESENT + RENDERED","Rendering map_audit: lightmapped",""
"props","StaticMeshCollectionActor_2691","PRESENT + RENDERED","Rendering map_audit: lightmapped",""
"props","StaticMeshCollectionActor_2691","PRESENT + RENDERED","Rendering map_audit: lightmapped",""
"props","StaticMeshCollectionActor_2691","PRESENT + RENDERED","Rendering map_audit: lightmapped",""
"props","StaticMeshCollectionActor_2715","PRESENT + RENDERED","Rendering map_audit: lightmapped",""
"props","StaticMeshCollectionActor_2715","PRESENT + RENDERED","Rendering map_audit: lightmapped",""
"props","StaticMeshCollectionActor_2715","PRESENT + RENDERED","Rendering map_audit: lightmapped",""
"props","StaticMeshCollectionActor_2715","PRESENT + RENDERED","Rendering map_audit: lightmapped",""
"props","StaticMeshCollectionActor_2715","PRESENT + RENDERED","Rendering map_audit: lightmapped",""
"props","StaticMeshCollectionActor_2715","PRESENT + RENDERED","Rendering map_audit: lightmapped",""
"props","StaticMeshCollectionActor_2715","PRESENT + RENDERED","Rendering map_audit: lightmapped",""
"props","StaticMeshCollectionActor_2715","PRESENT + RENDERED","Rendering map_audit: lightmapped",""
"props","StaticMeshCollectionActor_2715","PRESENT + RENDERED","Rendering map_audit: lightmapped",""
"props","StaticMeshCollectionActor_2715","PRESENT + RENDERED","Rendering map_audit: lightmapped",""
"props","StaticMeshCollectionActor_2715","PRESENT + RENDERED","Rendering map_audit: lightmapped",""
"props","StaticMeshCollectionActor_2715","PRESENT + RENDERED","Rendering map_audit: lightmapped",""
"props","StaticMeshCollectionActor_2763","PRESENT + RENDERED","Rendering map_audit: lightmapped",""
"props","StaticMeshCollectionActor_2763","PRESENT + RENDERED","Rendering map_audit: lightmapped",""
"props","StaticMeshCollectionActor_2763","PRESENT + RENDERED","Rendering map_audit: lightmapped",""
"props","StaticMeshCollectionActor_2763","PRESENT + RENDERED","Rendering map_audit: lightmapped",""
"props","StaticMeshCollectionActor_2763","PRESENT + RENDERED","Rendering map_audit: lightmapped",""
"props","StaticMeshCollectionActor_2763","PRESENT + RENDERED","Rendering map_audit: lightmapped",""
"props","StaticMeshCollectionActor_2763","PRESENT + RENDERED","Rendering map_audit: lightmapped",""
"props","StaticMeshCollectionActor_2763","PRESENT + RENDERED","Rendering map_audit: lightmapped",""
"props","StaticMeshCollectionActor_2763","PRESENT + RENDERED","Rendering map_audit: lightmapped",""
"props","StaticMeshCollectionActor_2763","PRESENT + RENDERED","Rendering map_audit: lightmapped",""
"props","StaticMeshCollectionActor_2763","PRESENT + RENDERED","Rendering map_audit: lightmapped",""
"props","StaticMeshCollectionActor_2763","PRESENT + RENDERED","Rendering map_audit: lightmapped",""
"props","StaticMeshCollectionActor_2810","PRESENT + RENDERED","Rendering map_audit: lightmapped",""
"props","StaticMeshCollectionActor_2810","PRESENT + RENDERED","Rendering map_audit: lightmapped",""
"props","StaticMeshCollectionActor_2810","PRESENT + RENDERED","Rendering map_audit: lightmapped",""
"props","StaticMeshCollectionActor_2810","PRESENT + RENDERED","Rendering map_audit: lightmapped",""
"props","StaticMeshCollectionActor_2810","PRESENT + RENDERED","Rendering map_audit: lightmapped",""
"props","StaticMeshCollectionActor_2810","PRESENT + RENDERED","Rendering map_audit: lightmapped",""
"props","StaticMeshCollectionActor_2810","PRESENT + RENDERED","Rendering map_audit: lightmapped",""
"props","StaticMeshCollectionActor_2810","PRESENT + RENDERED","Rendering map_audit: lightmapped",""
"props","StaticMeshCollectionActor_2810","PRESENT + RENDERED","Rendering map_audit: lightmapped",""
"props","StaticMeshCollectionActor_2810","PRESENT + RENDERED","Rendering map_audit: lightmapped",""
"props","StaticMeshCollectionActor_2810","PRESENT + RENDERED","Rendering map_audit: lightmapped",""
"props","StaticMeshCollectionActor_2810","PRESENT + RENDERED","Rendering map_audit: lightmapped",""
"props","StaticMeshCollectionActor_2895","PRESENT + RENDERED","Rendering map_audit: lightmapped",""
"props","StaticMeshCollectionActor_2895","PRESENT + RENDERED","Rendering map_audit: lightmapped",""
"props","StaticMeshCollectionActor_2895","PRESENT + RENDERED","Rendering map_audit: lightmapped",""
"props","StaticMeshCollectionActor_2895","PRESENT + RENDERED","Rendering map_audit: lightmapped",""
"props","StaticMeshCollectionActor_2895","PRESENT + RENDERED","Rendering map_audit: lightmapped",""
"props","StaticMeshCollectionActor_2895","PRESENT + RENDERED","Rendering map_audit: lightmapped",""
"props","StaticMeshCollectionActor_2895","PRESENT + RENDERED","Rendering map_audit: lightmapped",""
"props","StaticMeshCollectionActor_2895","PRESENT + RENDERED","Rendering map_audit: lightmapped",""
"props","StaticMeshCollectionActor_2895","PRESENT + RENDERED","Rendering map_audit: lightmapped",""
"props","StaticMeshCollectionActor_2895","PRESENT + RENDERED","Rendering map_audit: lightmapped",""
"props","StaticMeshCollectionActor_2895","PRESENT + RENDERED","Rendering map_audit: lightmapped",""
"props","StaticMeshCollectionActor_2895","PRESENT + RENDERED","Rendering map_audit: lightmapped",""
"props","StaticMeshCollectionActor_2939","PRESENT + RENDERED","Rendering map_audit: lightmapped",""
"props","StaticMeshCollectionActor_2939","PRESENT + RENDERED","Rendering map_audit: lightmapped",""
"props","StaticMeshCollectionActor_2939","PRESENT + RENDERED","Rendering map_audit: lightmapped",""
"props","StaticMeshCollectionActor_2939","PRESENT + RENDERED","Rendering map_audit: lightmapped",""
"props","StaticMeshCollectionActor_2939","PRESENT + RENDERED","Rendering map_audit: lightmapped",""
"props","StaticMeshCollectionActor_2939","PRESENT + RENDERED","Rendering map_audit: lightmapped",""
"props","StaticMeshCollectionActor_2939","PRESENT + RENDERED","Rendering map_audit: lightmapped",""
"props","StaticMeshCollectionActor_2939","PRESENT + RENDERED","Rendering map_audit: lightmapped",""
"props","StaticMeshCollectionActor_2939","PRESENT + RENDERED","Rendering map_audit: lightmapped",""
"props","StaticMeshCollectionActor_2939","PRESENT + RENDERED","Rendering map_audit: lightmapped",""
"props","StaticMeshCollectionActor_2939","PRESENT + RENDERED","Rendering map_audit: lightmapped",""
"props","StaticMeshCollectionActor_2939","PRESENT + RENDERED","Rendering map_audit: lightmapped",""
"props","StaticMeshCollectionActor_3000","PRESENT + RENDERED","Rendering map_audit: lightmapped",""
"props","StaticMeshCollectionActor_3000","PRESENT + RENDERED","Rendering map_audit: lightmapped",""
"props","StaticMeshCollectionActor_3000","PRESENT + RENDERED","Rendering map_audit: lightmapped",""
"props","StaticMeshCollectionActor_3000","PRESENT + RENDERED","Rendering map_audit: lightmapped",""
"props","StaticMeshCollectionActor_3000","PRESENT + RENDERED","Rendering map_audit: lightmapped",""
"props","StaticMeshCollectionActor_3000","PRESENT + RENDERED","Rendering map_audit: lightmapped",""
"props","StaticMeshCollectionActor_3000","PRESENT + RENDERED","Rendering map_audit: lightmapped",""
"props","StaticMeshCollectionActor_3000","PRESENT + RENDERED","Rendering map_audit: lightmapped",""
"props","StaticMeshCollectionActor_3000","PRESENT + RENDERED","Rendering map_audit: lightmapped",""
"props","StaticMeshCollectionActor_3000","PRESENT + RENDERED","Rendering map_audit: lightmapped",""
"props","StaticMeshCollectionActor_3000","PRESENT + RENDERED","Rendering map_audit: lightmapped",""
"props","StaticMeshCollectionActor_3000","PRESENT + RENDERED","Rendering map_audit: lightmapped",""
"props","StaticMeshCollectionActor_3034","PRESENT + RENDERED","Rendering map_audit: lightmapped",""
"props","StaticMeshCollectionActor_3034","PRESENT + RENDERED","Rendering map_audit: lightmapped",""
"props","StaticMeshCollectionActor_3034","PRESENT + RENDERED","Rendering map_audit: lightmapped",""
"props","StaticMeshCollectionActor_3034","PRESENT + RENDERED","Rendering map_audit: lightmapped",""
"props","StaticMeshCollectionActor_3034","PRESENT + RENDERED","Rendering map_audit: lightmapped",""
"props","StaticMeshCollectionActor_3034","PRESENT + RENDERED","Rendering map_audit: lightmapped",""
"props","StaticMeshCollectionActor_3034","PRESENT + RENDERED","Rendering map_audit: lightmapped",""
"props","StaticMeshCollectionActor_3034","PRESENT + RENDERED","Rendering map_audit: lightmapped",""
"props","StaticMeshCollectionActor_3034","PRESENT + RENDERED","Rendering map_audit: lightmapped",""
"props","StaticMeshCollectionActor_3034","PRESENT + RENDERED","Rendering map_audit: lightmapped",""
"props","StaticMeshCollectionActor_3034","PRESENT + RENDERED","Rendering map_audit: lightmapped",""
"props","StaticMeshCollectionActor_3034","PRESENT + RENDERED","Rendering map_audit: lightmapped",""
"props","StaticMeshCollectionActor_3822","PRESENT + RENDERED","Rendering map_audit: lightmapped",""
"props","StaticMeshCollectionActor_3822","PRESENT + RENDERED","Rendering map_audit: lightmapped",""
"props","StaticMeshCollectionActor_3822","PRESENT + RENDERED","Rendering map_audit: lightmapped",""
"props","StaticMeshCollectionActor_3822","PRESENT + RENDERED","Rendering map_audit: lightmapped",""
"props","StaticMeshCollectionActor_3822","PRESENT + RENDERED","Rendering map_audit: lightmapped",""
"props","StaticMeshCollectionActor_3822","PRESENT + RENDERED","Rendering map_audit: lightmapped",""
"props","StaticMeshCollectionActor_3822","PRESENT + RENDERED","Rendering map_audit: lightmapped",""
"props","StaticMeshCollectionActor_3822","PRESENT + RENDERED","Rendering map_audit: lightmapped",""
"props","StaticMeshCollectionActor_3822","PRESENT + RENDERED","Rendering map_audit: lightmapped",""
"props","StaticMeshCollectionActor_3822","PRESENT + RENDERED","Rendering map_audit: lightmapped",""
"props","StaticMeshCollectionActor_3822","PRESENT + RENDERED","Rendering map_audit: lightmapped",""
"props","StaticMeshCollectionActor_3822","PRESENT + RENDERED","Rendering map_audit: lightmapped",""
"props","StaticMeshCollectionActor_3935","PRESENT + RENDERED","Rendering map_audit: lightmapped",""
"props","StaticMeshCollectionActor_3935","PRESENT + RENDERED","Rendering map_audit: lightmapped",""
"props","StaticMeshCollectionActor_3935","PRESENT + RENDERED","Rendering map_audit: lightmapped",""
"props","StaticMeshCollectionActor_3935","PRESENT + RENDERED","Rendering map_audit: lightmapped",""
"props","StaticMeshCollectionActor_3935","PRESENT + RENDERED","Rendering map_audit: lightmapped",""
"props","StaticMeshCollectionActor_3935","PRESENT + RENDERED","Rendering map_audit: lightmapped",""
"props","StaticMeshCollectionActor_3935","PRESENT + RENDERED","Rendering map_audit: lightmapped",""
"props","StaticMeshCollectionActor_3935","PRESENT + RENDERED","Rendering map_audit: lightmapped",""
"props","StaticMeshCollectionActor_3935","PRESENT + RENDERED","Rendering map_audit: lightmapped",""
"props","StaticMeshCollectionActor_3935","PRESENT + RENDERED","Rendering map_audit: lightmapped",""
"props","StaticMeshCollectionActor_3935","PRESENT + RENDERED","Rendering map_audit: lightmapped",""
"props","StaticMeshCollectionActor_3935","PRESENT + RENDERED","Rendering map_audit: lightmapped",""
"props","StaticMeshCollectionActor_3954","PRESENT + RENDERED","Rendering map_audit: dynamic lighting (no authored lightmap)",""
"props","StaticMeshCollectionActor_3954","PRESENT + RENDERED","Rendering map_audit: dynamic lighting (no authored lightmap)",""
"props","StaticMeshCollectionActor_3954","PRESENT + RENDERED","Rendering map_audit: dynamic lighting (no authored lightmap)",""
"props","StaticMeshCollectionActor_3954","PRESENT + RENDERED","Rendering map_audit: dynamic lighting (no authored lightmap)",""
"props","StaticMeshCollectionActor_3954","PRESENT + RENDERED","Rendering map_audit: dynamic lighting (no authored lightmap)",""
"props","StaticMeshCollectionActor_3954","PRESENT + RENDERED","Rendering map_audit: dynamic lighting (no authored lightmap)",""
"props","StaticMeshCollectionActor_3954","PRESENT + RENDERED","Rendering map_audit: dynamic lighting (no authored lightmap)",""
"props","StaticMeshCollectionActor_3954","PRESENT + RENDERED","Rendering map_audit: dynamic lighting (no authored lightmap)",""
"props","StaticMeshCollectionActor_3954","PRESENT + RENDERED","Rendering map_audit: dynamic lighting (no authored lightmap)",""
"props","StaticMeshCollectionActor_3954","PRESENT + RENDERED","Rendering map_audit: dynamic lighting (no authored lightmap)",""
"props","StaticMeshCollectionActor_3954","PRESENT + RENDERED","Rendering map_audit: dynamic lighting (no authored lightmap)",""
"props","StaticMeshCollectionActor_3954","PRESENT + RENDERED","Rendering map_audit: dynamic lighting (no authored lightmap)",""
"props","StaticMeshCollectionActor_4127","UNKNOWN","Rendering map_audit: material(s) not verifiable: ['ENV_IAC_Ground_p.Material.EVN_HeatedMetal_Purple_MATINST_BAT']","Rendering"
"props","StaticMeshCollectionActor_4127","UNKNOWN","Rendering map_audit: material(s) not verifiable: ['ENV_IAC_Ground_p.Material.EVN_HeatedMetal_Purple_MATINST_BAT']","Rendering"
"props","StaticMeshCollectionActor_4127","UNKNOWN","Rendering map_audit: material(s) not verifiable: ['ENV_IAC_Ground_p.Material.EVN_HeatedMetal_Purple_MATINST_BAT']","Rendering"
"props","StaticMeshCollectionActor_4127","UNKNOWN","Rendering map_audit: material(s) not verifiable: ['ENV_IAC_Ground_p.Material.EVN_HeatedMetal_Purple_MATINST_BAT']","Rendering"
"props","StaticMeshCollectionActor_4127","UNKNOWN","Rendering map_audit: material(s) not verifiable: ['ENV_IAC_Ground_p.Material.EVN_HeatedMetal_Purple_MATINST_BAT']","Rendering"
"props","StaticMeshCollectionActor_4127","UNKNOWN","Rendering map_audit: material(s) not verifiable: ['ENV_IAC_Ground_p.Material.EVN_HeatedMetal_Purple_MATINST_BAT']","Rendering"
"props","StaticMeshCollectionActor_4127","UNKNOWN","Rendering map_audit: material(s) not verifiable: ['ENV_IAC_Ground_p.Material.EVN_HeatedMetal_Purple_MATINST_BAT']","Rendering"
"props","StaticMeshCollectionActor_4127","UNKNOWN","Rendering map_audit: material(s) not verifiable: ['ENV_IAC_Ground_p.Material.EVN_HeatedMetal_Purple_MATINST_BAT']","Rendering"
"props","StaticMeshCollectionActor_4127","UNKNOWN","Rendering map_audit: material(s) not verifiable: ['ENV_IAC_Ground_p.Material.EVN_HeatedMetal_Purple_MATINST_BAT']","Rendering"
"props","StaticMeshCollectionActor_4127","UNKNOWN","Rendering map_audit: material(s) not verifiable: ['ENV_IAC_Ground_p.Material.EVN_HeatedMetal_Purple_MATINST_BAT']","Rendering"
"props","StaticMeshCollectionActor_4127","UNKNOWN","Rendering map_audit: material(s) not verifiable: ['ENV_IAC_Ground_p.Material.EVN_HeatedMetal_Purple_MATINST_BAT']","Rendering"
"props","StaticMeshCollectionActor_4127","UNKNOWN","Rendering map_audit: material(s) not verifiable: ['ENV_IAC_Ground_p.Material.EVN_HeatedMetal_Purple_MATINST_BAT']","Rendering"
"props","StaticMeshCollectionActor_414","PRESENT + RENDERED","Rendering map_audit: lightmapped",""
"props","StaticMeshCollectionActor_414","PRESENT + RENDERED","Rendering map_audit: lightmapped",""
"props","StaticMeshCollectionActor_414","PRESENT + RENDERED","Rendering map_audit: lightmapped",""
"props","StaticMeshCollectionActor_414","PRESENT + RENDERED","Rendering map_audit: lightmapped",""
"props","StaticMeshCollectionActor_414","PRESENT + RENDERED","Rendering map_audit: lightmapped",""
"props","StaticMeshCollectionActor_414","PRESENT + RENDERED","Rendering map_audit: lightmapped",""
"props","StaticMeshCollectionActor_414","PRESENT + RENDERED","Rendering map_audit: lightmapped",""
"props","StaticMeshCollectionActor_414","PRESENT + RENDERED","Rendering map_audit: lightmapped",""
"props","StaticMeshCollectionActor_414","PRESENT + RENDERED","Rendering map_audit: lightmapped",""
"props","StaticMeshCollectionActor_414","PRESENT + RENDERED","Rendering map_audit: lightmapped",""
"props","StaticMeshCollectionActor_414","PRESENT + RENDERED","Rendering map_audit: lightmapped",""
"props","StaticMeshCollectionActor_414","PRESENT + RENDERED","Rendering map_audit: lightmapped",""
"props","StaticMeshCollectionActor_4168","PRESENT + RENDERED","Rendering map_audit: lightmapped",""
"props","StaticMeshCollectionActor_4168","PRESENT + RENDERED","Rendering map_audit: lightmapped",""
"props","StaticMeshCollectionActor_4168","PRESENT + RENDERED","Rendering map_audit: lightmapped",""
"props","StaticMeshCollectionActor_4168","PRESENT + RENDERED","Rendering map_audit: lightmapped",""
"props","StaticMeshCollectionActor_4168","PRESENT + RENDERED","Rendering map_audit: lightmapped",""
"props","StaticMeshCollectionActor_4168","PRESENT + RENDERED","Rendering map_audit: lightmapped",""
"props","StaticMeshCollectionActor_4168","PRESENT + RENDERED","Rendering map_audit: lightmapped",""
"props","StaticMeshCollectionActor_4168","PRESENT + RENDERED","Rendering map_audit: lightmapped",""
"props","StaticMeshCollectionActor_4168","PRESENT + RENDERED","Rendering map_audit: lightmapped",""
"props","StaticMeshCollectionActor_4168","PRESENT + RENDERED","Rendering map_audit: lightmapped",""
"props","StaticMeshCollectionActor_4168","PRESENT + RENDERED","Rendering map_audit: lightmapped",""
"props","StaticMeshCollectionActor_4168","PRESENT + RENDERED","Rendering map_audit: lightmapped",""
"props","StaticMeshCollectionActor_4187","PRESENT + RENDERED","Rendering map_audit: lightmapped",""
"props","StaticMeshCollectionActor_4187","PRESENT + RENDERED","Rendering map_audit: lightmapped",""
"props","StaticMeshCollectionActor_4187","PRESENT + RENDERED","Rendering map_audit: lightmapped",""
"props","StaticMeshCollectionActor_4187","PRESENT + RENDERED","Rendering map_audit: lightmapped",""
"props","StaticMeshCollectionActor_4187","PRESENT + RENDERED","Rendering map_audit: lightmapped",""
"props","StaticMeshCollectionActor_4187","PRESENT + RENDERED","Rendering map_audit: lightmapped",""
"props","StaticMeshCollectionActor_4187","PRESENT + RENDERED","Rendering map_audit: lightmapped",""
"props","StaticMeshCollectionActor_4187","PRESENT + RENDERED","Rendering map_audit: lightmapped",""
"props","StaticMeshCollectionActor_4187","PRESENT + RENDERED","Rendering map_audit: lightmapped",""
"props","StaticMeshCollectionActor_4187","PRESENT + RENDERED","Rendering map_audit: lightmapped",""
"props","StaticMeshCollectionActor_4187","PRESENT + RENDERED","Rendering map_audit: lightmapped",""
"props","StaticMeshCollectionActor_4187","PRESENT + RENDERED","Rendering map_audit: lightmapped",""
"props","StaticMeshCollectionActor_4229","PRESENT + RENDERED","Rendering map_audit: lightmapped",""
"props","StaticMeshCollectionActor_4229","PRESENT + RENDERED","Rendering map_audit: lightmapped",""
"props","StaticMeshCollectionActor_4229","PRESENT + RENDERED","Rendering map_audit: lightmapped",""
"props","StaticMeshCollectionActor_4229","PRESENT + RENDERED","Rendering map_audit: lightmapped",""
"props","StaticMeshCollectionActor_4229","PRESENT + RENDERED","Rendering map_audit: lightmapped",""
"props","StaticMeshCollectionActor_4229","PRESENT + RENDERED","Rendering map_audit: lightmapped",""
"props","StaticMeshCollectionActor_4229","PRESENT + RENDERED","Rendering map_audit: lightmapped",""
"props","StaticMeshCollectionActor_4229","PRESENT + RENDERED","Rendering map_audit: lightmapped",""
"props","StaticMeshCollectionActor_4229","PRESENT + RENDERED","Rendering map_audit: lightmapped",""
"props","StaticMeshCollectionActor_4229","PRESENT + RENDERED","Rendering map_audit: lightmapped",""
"props","StaticMeshCollectionActor_4229","PRESENT + RENDERED","Rendering map_audit: lightmapped",""
"props","StaticMeshCollectionActor_4229","PRESENT + RENDERED","Rendering map_audit: lightmapped",""
"props","StaticMeshCollectionActor_4284","PRESENT + RENDERED","Rendering map_audit: lightmapped",""
"props","StaticMeshCollectionActor_4284","PRESENT + RENDERED","Rendering map_audit: lightmapped",""
"props","StaticMeshCollectionActor_4284","PRESENT + RENDERED","Rendering map_audit: lightmapped",""
"props","StaticMeshCollectionActor_4284","PRESENT + RENDERED","Rendering map_audit: lightmapped",""
"props","StaticMeshCollectionActor_4284","PRESENT + RENDERED","Rendering map_audit: lightmapped",""
"props","StaticMeshCollectionActor_4284","PRESENT + RENDERED","Rendering map_audit: lightmapped",""
"props","StaticMeshCollectionActor_4284","PRESENT + RENDERED","Rendering map_audit: lightmapped",""
"props","StaticMeshCollectionActor_4284","PRESENT + RENDERED","Rendering map_audit: lightmapped",""
"props","StaticMeshCollectionActor_4284","PRESENT + RENDERED","Rendering map_audit: lightmapped",""
"props","StaticMeshCollectionActor_4284","PRESENT + RENDERED","Rendering map_audit: lightmapped",""
"props","StaticMeshCollectionActor_4284","PRESENT + RENDERED","Rendering map_audit: lightmapped",""
"props","StaticMeshCollectionActor_4284","PRESENT + RENDERED","Rendering map_audit: lightmapped",""
"props","StaticMeshCollectionActor_4320","PRESENT + RENDERED","Rendering map_audit: lightmapped",""
"props","StaticMeshCollectionActor_4320","PRESENT + RENDERED","Rendering map_audit: lightmapped",""
"props","StaticMeshCollectionActor_4320","PRESENT + RENDERED","Rendering map_audit: lightmapped",""
"props","StaticMeshCollectionActor_4320","PRESENT + RENDERED","Rendering map_audit: lightmapped",""
"props","StaticMeshCollectionActor_4320","PRESENT + RENDERED","Rendering map_audit: lightmapped",""
"props","StaticMeshCollectionActor_4320","PRESENT + RENDERED","Rendering map_audit: lightmapped",""
"props","StaticMeshCollectionActor_4320","PRESENT + RENDERED","Rendering map_audit: lightmapped",""
"props","StaticMeshCollectionActor_4320","PRESENT + RENDERED","Rendering map_audit: lightmapped",""
"props","StaticMeshCollectionActor_4320","PRESENT + RENDERED","Rendering map_audit: lightmapped",""
"props","StaticMeshCollectionActor_4320","PRESENT + RENDERED","Rendering map_audit: lightmapped",""
"props","StaticMeshCollectionActor_4320","PRESENT + RENDERED","Rendering map_audit: lightmapped",""
"props","StaticMeshCollectionActor_4320","PRESENT + RENDERED","Rendering map_audit: lightmapped",""
"props","StaticMeshCollectionActor_4549","PRESENT + RENDERED","Rendering map_audit: lightmapped",""
"props","StaticMeshCollectionActor_4549","PRESENT + RENDERED","Rendering map_audit: lightmapped",""
"props","StaticMeshCollectionActor_4549","PRESENT + RENDERED","Rendering map_audit: lightmapped",""
"props","StaticMeshCollectionActor_4549","PRESENT + RENDERED","Rendering map_audit: lightmapped",""
"props","StaticMeshCollectionActor_4549","PRESENT + RENDERED","Rendering map_audit: lightmapped",""
"props","StaticMeshCollectionActor_4549","PRESENT + RENDERED","Rendering map_audit: lightmapped",""
"props","StaticMeshCollectionActor_4549","PRESENT + RENDERED","Rendering map_audit: lightmapped",""
"props","StaticMeshCollectionActor_4549","PRESENT + RENDERED","Rendering map_audit: lightmapped",""
"props","StaticMeshCollectionActor_4549","PRESENT + RENDERED","Rendering map_audit: lightmapped",""
"props","StaticMeshCollectionActor_4549","PRESENT + RENDERED","Rendering map_audit: lightmapped",""
"props","StaticMeshCollectionActor_4549","PRESENT + RENDERED","Rendering map_audit: lightmapped",""
"props","StaticMeshCollectionActor_4549","PRESENT + RENDERED","Rendering map_audit: lightmapped",""
"props","StaticMeshCollectionActor_4560","PRESENT + RENDERED","Rendering map_audit: lightmapped",""
"props","StaticMeshCollectionActor_4560","PRESENT + RENDERED","Rendering map_audit: lightmapped",""
"props","StaticMeshCollectionActor_4560","PRESENT + RENDERED","Rendering map_audit: lightmapped",""
"props","StaticMeshCollectionActor_4560","PRESENT + RENDERED","Rendering map_audit: lightmapped",""
"props","StaticMeshCollectionActor_4560","PRESENT + RENDERED","Rendering map_audit: lightmapped",""
"props","StaticMeshCollectionActor_4560","PRESENT + RENDERED","Rendering map_audit: lightmapped",""
"props","StaticMeshCollectionActor_4560","PRESENT + RENDERED","Rendering map_audit: lightmapped",""
"props","StaticMeshCollectionActor_4560","PRESENT + RENDERED","Rendering map_audit: lightmapped",""
"props","StaticMeshCollectionActor_4560","PRESENT + RENDERED","Rendering map_audit: lightmapped",""
"props","StaticMeshCollectionActor_4560","PRESENT + RENDERED","Rendering map_audit: lightmapped",""
"props","StaticMeshCollectionActor_4560","PRESENT + RENDERED","Rendering map_audit: lightmapped",""
"props","StaticMeshCollectionActor_4560","PRESENT + RENDERED","Rendering map_audit: lightmapped",""
"props","StaticMeshCollectionActor_4622","PRESENT + RENDERED","Rendering map_audit: dynamic lighting (no authored lightmap)",""
"props","StaticMeshCollectionActor_4622","PRESENT + RENDERED","Rendering map_audit: dynamic lighting (no authored lightmap)",""
"props","StaticMeshCollectionActor_4622","PRESENT + RENDERED","Rendering map_audit: dynamic lighting (no authored lightmap)",""
"props","StaticMeshCollectionActor_4622","PRESENT + RENDERED","Rendering map_audit: dynamic lighting (no authored lightmap)",""
"props","StaticMeshCollectionActor_4622","PRESENT + RENDERED","Rendering map_audit: dynamic lighting (no authored lightmap)",""
"props","StaticMeshCollectionActor_4622","PRESENT + RENDERED","Rendering map_audit: dynamic lighting (no authored lightmap)",""
"props","StaticMeshCollectionActor_4622","PRESENT + RENDERED","Rendering map_audit: dynamic lighting (no authored lightmap)",""
"props","StaticMeshCollectionActor_4622","PRESENT + RENDERED","Rendering map_audit: dynamic lighting (no authored lightmap)",""
"props","StaticMeshCollectionActor_4622","PRESENT + RENDERED","Rendering map_audit: dynamic lighting (no authored lightmap)",""
"props","StaticMeshCollectionActor_4622","PRESENT + RENDERED","Rendering map_audit: dynamic lighting (no authored lightmap)",""
"props","StaticMeshCollectionActor_4622","PRESENT + RENDERED","Rendering map_audit: dynamic lighting (no authored lightmap)",""
"props","StaticMeshCollectionActor_4622","PRESENT + RENDERED","Rendering map_audit: dynamic lighting (no authored lightmap)",""
"props","StaticMeshCollectionActor_4707","PRESENT + RENDERED","Rendering map_audit: lightmapped",""
"props","StaticMeshCollectionActor_4707","PRESENT + RENDERED","Rendering map_audit: lightmapped",""
"props","StaticMeshCollectionActor_4707","PRESENT + RENDERED","Rendering map_audit: lightmapped",""
"props","StaticMeshCollectionActor_4707","PRESENT + RENDERED","Rendering map_audit: lightmapped",""
"props","StaticMeshCollectionActor_4707","PRESENT + RENDERED","Rendering map_audit: lightmapped",""
"props","StaticMeshCollectionActor_4707","PRESENT + RENDERED","Rendering map_audit: lightmapped",""
"props","StaticMeshCollectionActor_4707","PRESENT + RENDERED","Rendering map_audit: lightmapped",""
"props","StaticMeshCollectionActor_4707","PRESENT + RENDERED","Rendering map_audit: lightmapped",""
"props","StaticMeshCollectionActor_4707","PRESENT + RENDERED","Rendering map_audit: lightmapped",""
"props","StaticMeshCollectionActor_4707","PRESENT + RENDERED","Rendering map_audit: lightmapped",""
"props","StaticMeshCollectionActor_4707","PRESENT + RENDERED","Rendering map_audit: lightmapped",""
"props","StaticMeshCollectionActor_4707","PRESENT + RENDERED","Rendering map_audit: lightmapped",""
"props","StaticMeshCollectionActor_4824","PRESENT + RENDERED","Rendering map_audit: lightmapped",""
"props","StaticMeshCollectionActor_4824","PRESENT + RENDERED","Rendering map_audit: lightmapped",""
"props","StaticMeshCollectionActor_4824","PRESENT + RENDERED","Rendering map_audit: lightmapped",""
"props","StaticMeshCollectionActor_4824","PRESENT + RENDERED","Rendering map_audit: lightmapped",""
"props","StaticMeshCollectionActor_4824","PRESENT + RENDERED","Rendering map_audit: lightmapped",""
"props","StaticMeshCollectionActor_4824","PRESENT + RENDERED","Rendering map_audit: lightmapped",""
"props","StaticMeshCollectionActor_4824","PRESENT + RENDERED","Rendering map_audit: lightmapped",""
"props","StaticMeshCollectionActor_4824","PRESENT + RENDERED","Rendering map_audit: lightmapped",""
"props","StaticMeshCollectionActor_4824","PRESENT + RENDERED","Rendering map_audit: lightmapped",""
"props","StaticMeshCollectionActor_4824","PRESENT + RENDERED","Rendering map_audit: lightmapped",""
"props","StaticMeshCollectionActor_4824","PRESENT + RENDERED","Rendering map_audit: lightmapped",""
"props","StaticMeshCollectionActor_4824","PRESENT + RENDERED","Rendering map_audit: lightmapped",""
"props","StaticMeshCollectionActor_4857","PRESENT + RENDERED","Rendering map_audit: lightmapped",""
"props","StaticMeshCollectionActor_4857","PRESENT + RENDERED","Rendering map_audit: lightmapped",""
"props","StaticMeshCollectionActor_4857","PRESENT + RENDERED","Rendering map_audit: lightmapped",""
"props","StaticMeshCollectionActor_4857","PRESENT + RENDERED","Rendering map_audit: lightmapped",""
"props","StaticMeshCollectionActor_4857","PRESENT + RENDERED","Rendering map_audit: lightmapped",""
"props","StaticMeshCollectionActor_4857","PRESENT + RENDERED","Rendering map_audit: lightmapped",""
"props","StaticMeshCollectionActor_4857","PRESENT + RENDERED","Rendering map_audit: lightmapped",""
"props","StaticMeshCollectionActor_4857","PRESENT + RENDERED","Rendering map_audit: lightmapped",""
"props","StaticMeshCollectionActor_4857","PRESENT + RENDERED","Rendering map_audit: lightmapped",""
"props","StaticMeshCollectionActor_4857","PRESENT + RENDERED","Rendering map_audit: lightmapped",""
"props","StaticMeshCollectionActor_4857","PRESENT + RENDERED","Rendering map_audit: lightmapped",""
"props","StaticMeshCollectionActor_4857","PRESENT + RENDERED","Rendering map_audit: lightmapped",""
"props","StaticMeshCollectionActor_4868","PRESENT + RENDERED","Rendering map_audit: lightmapped",""
"props","StaticMeshCollectionActor_4868","PRESENT + RENDERED","Rendering map_audit: lightmapped",""
"props","StaticMeshCollectionActor_4868","PRESENT + RENDERED","Rendering map_audit: lightmapped",""
"props","StaticMeshCollectionActor_4868","PRESENT + RENDERED","Rendering map_audit: lightmapped",""
"props","StaticMeshCollectionActor_4868","PRESENT + RENDERED","Rendering map_audit: lightmapped",""
"props","StaticMeshCollectionActor_4868","PRESENT + RENDERED","Rendering map_audit: lightmapped",""
"props","StaticMeshCollectionActor_4868","PRESENT + RENDERED","Rendering map_audit: lightmapped",""
"props","StaticMeshCollectionActor_4868","PRESENT + RENDERED","Rendering map_audit: lightmapped",""
"props","StaticMeshCollectionActor_4868","PRESENT + RENDERED","Rendering map_audit: lightmapped",""
"props","StaticMeshCollectionActor_4868","PRESENT + RENDERED","Rendering map_audit: lightmapped",""
"props","StaticMeshCollectionActor_4868","PRESENT + RENDERED","Rendering map_audit: lightmapped",""
"props","StaticMeshCollectionActor_4868","PRESENT + RENDERED","Rendering map_audit: lightmapped",""
"props","StaticMeshCollectionActor_4919","PRESENT + RENDERED","Rendering map_audit: lightmapped",""
"props","StaticMeshCollectionActor_4919","PRESENT + RENDERED","Rendering map_audit: lightmapped",""
"props","StaticMeshCollectionActor_4919","PRESENT + RENDERED","Rendering map_audit: lightmapped",""
"props","StaticMeshCollectionActor_4919","PRESENT + RENDERED","Rendering map_audit: lightmapped",""
"props","StaticMeshCollectionActor_4919","PRESENT + RENDERED","Rendering map_audit: lightmapped",""
"props","StaticMeshCollectionActor_4919","PRESENT + RENDERED","Rendering map_audit: lightmapped",""
"props","StaticMeshCollectionActor_4919","PRESENT + RENDERED","Rendering map_audit: lightmapped",""
"props","StaticMeshCollectionActor_4919","PRESENT + RENDERED","Rendering map_audit: lightmapped",""
"props","StaticMeshCollectionActor_4919","PRESENT + RENDERED","Rendering map_audit: lightmapped",""
"props","StaticMeshCollectionActor_4919","PRESENT + RENDERED","Rendering map_audit: lightmapped",""
"props","StaticMeshCollectionActor_4919","PRESENT + RENDERED","Rendering map_audit: lightmapped",""
"props","StaticMeshCollectionActor_4919","PRESENT + RENDERED","Rendering map_audit: lightmapped",""
"props","StaticMeshCollectionActor_4976","PRESENT + RENDERED","Rendering map_audit: lightmapped",""
"props","StaticMeshCollectionActor_4976","PRESENT + RENDERED","Rendering map_audit: lightmapped",""
"props","StaticMeshCollectionActor_4976","PRESENT + RENDERED","Rendering map_audit: lightmapped",""
"props","StaticMeshCollectionActor_4976","PRESENT + RENDERED","Rendering map_audit: lightmapped",""
"props","StaticMeshCollectionActor_4976","PRESENT + RENDERED","Rendering map_audit: lightmapped",""
"props","StaticMeshCollectionActor_4976","PRESENT + RENDERED","Rendering map_audit: lightmapped",""
"props","StaticMeshCollectionActor_4976","PRESENT + RENDERED","Rendering map_audit: lightmapped",""
"props","StaticMeshCollectionActor_4976","PRESENT + RENDERED","Rendering map_audit: lightmapped",""
"props","StaticMeshCollectionActor_4976","PRESENT + RENDERED","Rendering map_audit: lightmapped",""
"props","StaticMeshCollectionActor_4976","PRESENT + RENDERED","Rendering map_audit: lightmapped",""
"props","StaticMeshCollectionActor_4976","PRESENT + RENDERED","Rendering map_audit: lightmapped",""
"props","StaticMeshCollectionActor_4976","PRESENT + RENDERED","Rendering map_audit: lightmapped",""
"props","StaticMeshCollectionActor_4989","PRESENT + RENDERED","Rendering map_audit: lightmapped",""
"props","StaticMeshCollectionActor_4989","PRESENT + RENDERED","Rendering map_audit: lightmapped",""
"props","StaticMeshCollectionActor_4989","PRESENT + RENDERED","Rendering map_audit: lightmapped",""
"props","StaticMeshCollectionActor_4989","PRESENT + RENDERED","Rendering map_audit: lightmapped",""
"props","StaticMeshCollectionActor_4989","PRESENT + RENDERED","Rendering map_audit: lightmapped",""
"props","StaticMeshCollectionActor_4989","PRESENT + RENDERED","Rendering map_audit: lightmapped",""
"props","StaticMeshCollectionActor_4989","PRESENT + RENDERED","Rendering map_audit: lightmapped",""
"props","StaticMeshCollectionActor_4989","PRESENT + RENDERED","Rendering map_audit: lightmapped",""
"props","StaticMeshCollectionActor_4989","PRESENT + RENDERED","Rendering map_audit: lightmapped",""
"props","StaticMeshCollectionActor_4989","PRESENT + RENDERED","Rendering map_audit: lightmapped",""
"props","StaticMeshCollectionActor_4989","PRESENT + RENDERED","Rendering map_audit: lightmapped",""
"props","StaticMeshCollectionActor_4989","PRESENT + RENDERED","Rendering map_audit: lightmapped",""
"props","StaticMeshCollectionActor_5261","PRESENT + RENDERED","Rendering map_audit: lightmapped",""
"props","StaticMeshCollectionActor_5261","PRESENT + RENDERED","Rendering map_audit: lightmapped",""
"props","StaticMeshCollectionActor_5261","PRESENT + RENDERED","Rendering map_audit: lightmapped",""
"props","StaticMeshCollectionActor_5261","PRESENT + RENDERED","Rendering map_audit: lightmapped",""
"props","StaticMeshCollectionActor_5261","PRESENT + RENDERED","Rendering map_audit: lightmapped",""
"props","StaticMeshCollectionActor_5261","PRESENT + RENDERED","Rendering map_audit: lightmapped",""
"props","StaticMeshCollectionActor_5261","PRESENT + RENDERED","Rendering map_audit: lightmapped",""
"props","StaticMeshCollectionActor_5261","PRESENT + RENDERED","Rendering map_audit: lightmapped",""
"props","StaticMeshCollectionActor_5261","PRESENT + RENDERED","Rendering map_audit: lightmapped",""
"props","StaticMeshCollectionActor_5261","PRESENT + RENDERED","Rendering map_audit: lightmapped",""
"props","StaticMeshCollectionActor_5261","PRESENT + RENDERED","Rendering map_audit: lightmapped",""
"props","StaticMeshCollectionActor_5261","PRESENT + RENDERED","Rendering map_audit: lightmapped",""
"props","StaticMeshCollectionActor_5286","PRESENT + RENDERED","Rendering map_audit: lightmapped",""
"props","StaticMeshCollectionActor_5286","PRESENT + RENDERED","Rendering map_audit: lightmapped",""
"props","StaticMeshCollectionActor_5286","PRESENT + RENDERED","Rendering map_audit: lightmapped",""
"props","StaticMeshCollectionActor_5286","PRESENT + RENDERED","Rendering map_audit: lightmapped",""
"props","StaticMeshCollectionActor_5286","PRESENT + RENDERED","Rendering map_audit: lightmapped",""
"props","StaticMeshCollectionActor_5286","PRESENT + RENDERED","Rendering map_audit: lightmapped",""
"props","StaticMeshCollectionActor_5286","PRESENT + RENDERED","Rendering map_audit: lightmapped",""
"props","StaticMeshCollectionActor_5286","PRESENT + RENDERED","Rendering map_audit: lightmapped",""
"props","StaticMeshCollectionActor_5286","PRESENT + RENDERED","Rendering map_audit: lightmapped",""
"props","StaticMeshCollectionActor_5286","PRESENT + RENDERED","Rendering map_audit: lightmapped",""
"props","StaticMeshCollectionActor_5286","PRESENT + RENDERED","Rendering map_audit: lightmapped",""
"props","StaticMeshCollectionActor_5286","PRESENT + RENDERED","Rendering map_audit: lightmapped",""
"props","StaticMeshCollectionActor_5367","PRESENT + RENDERED","Rendering map_audit: lightmapped",""
"props","StaticMeshCollectionActor_5367","PRESENT + RENDERED","Rendering map_audit: lightmapped",""
"props","StaticMeshCollectionActor_5367","PRESENT + RENDERED","Rendering map_audit: lightmapped",""
"props","StaticMeshCollectionActor_5367","PRESENT + RENDERED","Rendering map_audit: lightmapped",""
"props","StaticMeshCollectionActor_5367","PRESENT + RENDERED","Rendering map_audit: lightmapped",""
"props","StaticMeshCollectionActor_5367","PRESENT + RENDERED","Rendering map_audit: lightmapped",""
"props","StaticMeshCollectionActor_5367","PRESENT + RENDERED","Rendering map_audit: lightmapped",""
"props","StaticMeshCollectionActor_5367","PRESENT + RENDERED","Rendering map_audit: lightmapped",""
"props","StaticMeshCollectionActor_5367","PRESENT + RENDERED","Rendering map_audit: lightmapped",""
"props","StaticMeshCollectionActor_5367","PRESENT + RENDERED","Rendering map_audit: lightmapped",""
"props","StaticMeshCollectionActor_5367","PRESENT + RENDERED","Rendering map_audit: lightmapped",""
"props","StaticMeshCollectionActor_5367","PRESENT + RENDERED","Rendering map_audit: lightmapped",""
"props","StaticMeshCollectionActor_5441","PRESENT + RENDERED","Rendering map_audit: lightmapped",""
"props","StaticMeshCollectionActor_5441","PRESENT + RENDERED","Rendering map_audit: lightmapped",""
"props","StaticMeshCollectionActor_5441","PRESENT + RENDERED","Rendering map_audit: lightmapped",""
"props","StaticMeshCollectionActor_5441","PRESENT + RENDERED","Rendering map_audit: lightmapped",""
"props","StaticMeshCollectionActor_5441","PRESENT + RENDERED","Rendering map_audit: lightmapped",""
"props","StaticMeshCollectionActor_5441","PRESENT + RENDERED","Rendering map_audit: lightmapped",""
"props","StaticMeshCollectionActor_5441","PRESENT + RENDERED","Rendering map_audit: lightmapped",""
"props","StaticMeshCollectionActor_5441","PRESENT + RENDERED","Rendering map_audit: lightmapped",""
"props","StaticMeshCollectionActor_5441","PRESENT + RENDERED","Rendering map_audit: lightmapped",""
"props","StaticMeshCollectionActor_5441","PRESENT + RENDERED","Rendering map_audit: lightmapped",""
"props","StaticMeshCollectionActor_5441","PRESENT + RENDERED","Rendering map_audit: lightmapped",""
"props","StaticMeshCollectionActor_5441","PRESENT + RENDERED","Rendering map_audit: lightmapped",""
"props","StaticMeshCollectionActor_5513","PRESENT + RENDERED","Rendering map_audit: lightmapped",""
"props","StaticMeshCollectionActor_5513","PRESENT + RENDERED","Rendering map_audit: lightmapped",""
"props","StaticMeshCollectionActor_5513","PRESENT + RENDERED","Rendering map_audit: lightmapped",""
"props","StaticMeshCollectionActor_5513","PRESENT + RENDERED","Rendering map_audit: lightmapped",""
"props","StaticMeshCollectionActor_5513","PRESENT + RENDERED","Rendering map_audit: lightmapped",""
"props","StaticMeshCollectionActor_5513","PRESENT + RENDERED","Rendering map_audit: lightmapped",""
"props","StaticMeshCollectionActor_5513","PRESENT + RENDERED","Rendering map_audit: lightmapped",""
"props","StaticMeshCollectionActor_5513","PRESENT + RENDERED","Rendering map_audit: lightmapped",""
"props","StaticMeshCollectionActor_5513","PRESENT + RENDERED","Rendering map_audit: lightmapped",""
"props","StaticMeshCollectionActor_5513","PRESENT + RENDERED","Rendering map_audit: lightmapped",""
"props","StaticMeshCollectionActor_5513","PRESENT + RENDERED","Rendering map_audit: lightmapped",""
"props","StaticMeshCollectionActor_5513","PRESENT + RENDERED","Rendering map_audit: lightmapped",""
"props","StaticMeshCollectionActor_5672","PRESENT + RENDERED","Rendering map_audit: lightmapped",""
"props","StaticMeshCollectionActor_5672","PRESENT + RENDERED","Rendering map_audit: lightmapped",""
"props","StaticMeshCollectionActor_5672","PRESENT + RENDERED","Rendering map_audit: lightmapped",""
"props","StaticMeshCollectionActor_5672","PRESENT + RENDERED","Rendering map_audit: lightmapped",""
"props","StaticMeshCollectionActor_5672","PRESENT + RENDERED","Rendering map_audit: lightmapped",""
"props","StaticMeshCollectionActor_5672","PRESENT + RENDERED","Rendering map_audit: lightmapped",""
"props","StaticMeshCollectionActor_5672","PRESENT + RENDERED","Rendering map_audit: lightmapped",""
"props","StaticMeshCollectionActor_5672","PRESENT + RENDERED","Rendering map_audit: lightmapped",""
"props","StaticMeshCollectionActor_5672","PRESENT + RENDERED","Rendering map_audit: lightmapped",""
"props","StaticMeshCollectionActor_5672","PRESENT + RENDERED","Rendering map_audit: lightmapped",""
"props","StaticMeshCollectionActor_5672","PRESENT + RENDERED","Rendering map_audit: lightmapped",""
"props","StaticMeshCollectionActor_5672","PRESENT + RENDERED","Rendering map_audit: lightmapped",""
"props","StaticMeshCollectionActor_59","PRESENT + RENDERED","Rendering map_audit: lightmapped",""
"props","StaticMeshCollectionActor_59","PRESENT + RENDERED","Rendering map_audit: lightmapped",""
"props","StaticMeshCollectionActor_59","PRESENT + RENDERED","Rendering map_audit: lightmapped",""
"props","StaticMeshCollectionActor_59","PRESENT + RENDERED","Rendering map_audit: lightmapped",""
"props","StaticMeshCollectionActor_59","PRESENT + RENDERED","Rendering map_audit: lightmapped",""
"props","StaticMeshCollectionActor_59","PRESENT + RENDERED","Rendering map_audit: lightmapped",""
"props","StaticMeshCollectionActor_59","PRESENT + RENDERED","Rendering map_audit: lightmapped",""
"props","StaticMeshCollectionActor_59","PRESENT + RENDERED","Rendering map_audit: lightmapped",""
"props","StaticMeshCollectionActor_59","PRESENT + RENDERED","Rendering map_audit: lightmapped",""
"props","StaticMeshCollectionActor_59","PRESENT + RENDERED","Rendering map_audit: lightmapped",""
"props","StaticMeshCollectionActor_59","PRESENT + RENDERED","Rendering map_audit: lightmapped",""
"props","StaticMeshCollectionActor_59","PRESENT + RENDERED","Rendering map_audit: lightmapped",""
"props","StaticMeshCollectionActor_6136","PRESENT + RENDERED","Rendering map_audit: lightmapped",""
"props","StaticMeshCollectionActor_6136","PRESENT + RENDERED","Rendering map_audit: lightmapped",""
"props","StaticMeshCollectionActor_6136","PRESENT + RENDERED","Rendering map_audit: lightmapped",""
"props","StaticMeshCollectionActor_6136","PRESENT + RENDERED","Rendering map_audit: lightmapped",""
"props","StaticMeshCollectionActor_6136","PRESENT + RENDERED","Rendering map_audit: lightmapped",""
"props","StaticMeshCollectionActor_6136","PRESENT + RENDERED","Rendering map_audit: lightmapped",""
"props","StaticMeshCollectionActor_6136","PRESENT + RENDERED","Rendering map_audit: lightmapped",""
"props","StaticMeshCollectionActor_6136","PRESENT + RENDERED","Rendering map_audit: lightmapped",""
"props","StaticMeshCollectionActor_6136","PRESENT + RENDERED","Rendering map_audit: lightmapped",""
"props","StaticMeshCollectionActor_6136","PRESENT + RENDERED","Rendering map_audit: lightmapped",""
"props","StaticMeshCollectionActor_6136","PRESENT + RENDERED","Rendering map_audit: lightmapped",""
"props","StaticMeshCollectionActor_6136","PRESENT + RENDERED","Rendering map_audit: lightmapped",""
"props","StaticMeshCollectionActor_6137","PRESENT + RENDERED","Rendering map_audit: lightmapped",""
"props","StaticMeshCollectionActor_6137","PRESENT + RENDERED","Rendering map_audit: lightmapped",""
"props","StaticMeshCollectionActor_6137","PRESENT + RENDERED","Rendering map_audit: lightmapped",""
"props","StaticMeshCollectionActor_6137","PRESENT + RENDERED","Rendering map_audit: lightmapped",""
"props","StaticMeshCollectionActor_6137","PRESENT + RENDERED","Rendering map_audit: lightmapped",""
"props","StaticMeshCollectionActor_6137","PRESENT + RENDERED","Rendering map_audit: lightmapped",""
"props","StaticMeshCollectionActor_6137","PRESENT + RENDERED","Rendering map_audit: lightmapped",""
"props","StaticMeshCollectionActor_6137","PRESENT + RENDERED","Rendering map_audit: lightmapped",""
"props","StaticMeshCollectionActor_6137","PRESENT + RENDERED","Rendering map_audit: lightmapped",""
"props","StaticMeshCollectionActor_6137","PRESENT + RENDERED","Rendering map_audit: lightmapped",""
"props","StaticMeshCollectionActor_6137","PRESENT + RENDERED","Rendering map_audit: lightmapped",""
"props","StaticMeshCollectionActor_6137","PRESENT + RENDERED","Rendering map_audit: lightmapped",""
"props","StaticMeshCollectionActor_615","PRESENT + RENDERED","Rendering map_audit: lightmapped",""
"props","StaticMeshCollectionActor_615","PRESENT + RENDERED","Rendering map_audit: lightmapped",""
"props","StaticMeshCollectionActor_615","PRESENT + RENDERED","Rendering map_audit: lightmapped",""
"props","StaticMeshCollectionActor_615","PRESENT + RENDERED","Rendering map_audit: lightmapped",""
"props","StaticMeshCollectionActor_615","PRESENT + RENDERED","Rendering map_audit: lightmapped",""
"props","StaticMeshCollectionActor_615","PRESENT + RENDERED","Rendering map_audit: lightmapped",""
"props","StaticMeshCollectionActor_615","PRESENT + RENDERED","Rendering map_audit: lightmapped",""
"props","StaticMeshCollectionActor_615","PRESENT + RENDERED","Rendering map_audit: lightmapped",""
"props","StaticMeshCollectionActor_615","PRESENT + RENDERED","Rendering map_audit: lightmapped",""
"props","StaticMeshCollectionActor_615","PRESENT + RENDERED","Rendering map_audit: lightmapped",""
"props","StaticMeshCollectionActor_615","PRESENT + RENDERED","Rendering map_audit: lightmapped",""
"props","StaticMeshCollectionActor_615","PRESENT + RENDERED","Rendering map_audit: lightmapped",""
"props","StaticMeshCollectionActor_6173","PRESENT + RENDERED","Rendering map_audit: lightmapped",""
"props","StaticMeshCollectionActor_6173","PRESENT + RENDERED","Rendering map_audit: lightmapped",""
"props","StaticMeshCollectionActor_6173","PRESENT + RENDERED","Rendering map_audit: lightmapped",""
"props","StaticMeshCollectionActor_6173","PRESENT + RENDERED","Rendering map_audit: lightmapped",""
"props","StaticMeshCollectionActor_6173","PRESENT + RENDERED","Rendering map_audit: lightmapped",""
"props","StaticMeshCollectionActor_6173","PRESENT + RENDERED","Rendering map_audit: lightmapped",""
"props","StaticMeshCollectionActor_6173","PRESENT + RENDERED","Rendering map_audit: lightmapped",""
"props","StaticMeshCollectionActor_6173","PRESENT + RENDERED","Rendering map_audit: lightmapped",""
"props","StaticMeshCollectionActor_6173","PRESENT + RENDERED","Rendering map_audit: lightmapped",""
"props","StaticMeshCollectionActor_6173","PRESENT + RENDERED","Rendering map_audit: lightmapped",""
"props","StaticMeshCollectionActor_6173","PRESENT + RENDERED","Rendering map_audit: lightmapped",""
"props","StaticMeshCollectionActor_6173","PRESENT + RENDERED","Rendering map_audit: lightmapped",""
"props","StaticMeshCollectionActor_621","PRESENT + RENDERED","Rendering map_audit: lightmapped",""
"props","StaticMeshCollectionActor_621","PRESENT + RENDERED","Rendering map_audit: lightmapped",""
"props","StaticMeshCollectionActor_621","PRESENT + RENDERED","Rendering map_audit: lightmapped",""
"props","StaticMeshCollectionActor_621","PRESENT + RENDERED","Rendering map_audit: lightmapped",""
"props","StaticMeshCollectionActor_621","PRESENT + RENDERED","Rendering map_audit: lightmapped",""
"props","StaticMeshCollectionActor_621","PRESENT + RENDERED","Rendering map_audit: lightmapped",""
"props","StaticMeshCollectionActor_621","PRESENT + RENDERED","Rendering map_audit: lightmapped",""
"props","StaticMeshCollectionActor_621","PRESENT + RENDERED","Rendering map_audit: lightmapped",""
"props","StaticMeshCollectionActor_621","PRESENT + RENDERED","Rendering map_audit: lightmapped",""
"props","StaticMeshCollectionActor_621","PRESENT + RENDERED","Rendering map_audit: lightmapped",""
"props","StaticMeshCollectionActor_621","PRESENT + RENDERED","Rendering map_audit: lightmapped",""
"props","StaticMeshCollectionActor_621","PRESENT + RENDERED","Rendering map_audit: lightmapped",""
"props","StaticMeshCollectionActor_6262","PRESENT + RENDERED","Rendering map_audit: lightmapped",""
"props","StaticMeshCollectionActor_6262","PRESENT + RENDERED","Rendering map_audit: lightmapped",""
"props","StaticMeshCollectionActor_6262","PRESENT + RENDERED","Rendering map_audit: lightmapped",""
"props","StaticMeshCollectionActor_6262","PRESENT + RENDERED","Rendering map_audit: lightmapped",""
"props","StaticMeshCollectionActor_6262","PRESENT + RENDERED","Rendering map_audit: lightmapped",""
"props","StaticMeshCollectionActor_6262","PRESENT + RENDERED","Rendering map_audit: lightmapped",""
"props","StaticMeshCollectionActor_6262","PRESENT + RENDERED","Rendering map_audit: lightmapped",""
"props","StaticMeshCollectionActor_6262","PRESENT + RENDERED","Rendering map_audit: lightmapped",""
"props","StaticMeshCollectionActor_6262","PRESENT + RENDERED","Rendering map_audit: lightmapped",""
"props","StaticMeshCollectionActor_6262","PRESENT + RENDERED","Rendering map_audit: lightmapped",""
"props","StaticMeshCollectionActor_6262","PRESENT + RENDERED","Rendering map_audit: lightmapped",""
"props","StaticMeshCollectionActor_6262","PRESENT + RENDERED","Rendering map_audit: lightmapped",""
"props","StaticMeshCollectionActor_6402","PRESENT + RENDERED","Rendering map_audit: lightmapped",""
"props","StaticMeshCollectionActor_6402","PRESENT + RENDERED","Rendering map_audit: lightmapped",""
"props","StaticMeshCollectionActor_6402","PRESENT + RENDERED","Rendering map_audit: lightmapped",""
"props","StaticMeshCollectionActor_6402","PRESENT + RENDERED","Rendering map_audit: lightmapped",""
"props","StaticMeshCollectionActor_6402","PRESENT + RENDERED","Rendering map_audit: lightmapped",""
"props","StaticMeshCollectionActor_6402","PRESENT + RENDERED","Rendering map_audit: lightmapped",""
"props","StaticMeshCollectionActor_6402","PRESENT + RENDERED","Rendering map_audit: lightmapped",""
"props","StaticMeshCollectionActor_6402","PRESENT + RENDERED","Rendering map_audit: lightmapped",""
"props","StaticMeshCollectionActor_6402","PRESENT + RENDERED","Rendering map_audit: lightmapped",""
"props","StaticMeshCollectionActor_6402","PRESENT + RENDERED","Rendering map_audit: lightmapped",""
"props","StaticMeshCollectionActor_6402","PRESENT + RENDERED","Rendering map_audit: lightmapped",""
"props","StaticMeshCollectionActor_6402","PRESENT + RENDERED","Rendering map_audit: lightmapped",""
"props","StaticMeshCollectionActor_6420","PRESENT + RENDERED","Rendering map_audit: lightmapped",""
"props","StaticMeshCollectionActor_6420","PRESENT + RENDERED","Rendering map_audit: lightmapped",""
"props","StaticMeshCollectionActor_6420","PRESENT + RENDERED","Rendering map_audit: lightmapped",""
"props","StaticMeshCollectionActor_6420","PRESENT + RENDERED","Rendering map_audit: lightmapped",""
"props","StaticMeshCollectionActor_6420","PRESENT + RENDERED","Rendering map_audit: lightmapped",""
"props","StaticMeshCollectionActor_6420","PRESENT + RENDERED","Rendering map_audit: lightmapped",""
"props","StaticMeshCollectionActor_6420","PRESENT + RENDERED","Rendering map_audit: lightmapped",""
"props","StaticMeshCollectionActor_6420","PRESENT + RENDERED","Rendering map_audit: lightmapped",""
"props","StaticMeshCollectionActor_6420","PRESENT + RENDERED","Rendering map_audit: lightmapped",""
"props","StaticMeshCollectionActor_6420","PRESENT + RENDERED","Rendering map_audit: lightmapped",""
"props","StaticMeshCollectionActor_6420","PRESENT + RENDERED","Rendering map_audit: lightmapped",""
"props","StaticMeshCollectionActor_6420","PRESENT + RENDERED","Rendering map_audit: lightmapped",""
"props","StaticMeshCollectionActor_6653","PRESENT + RENDERED","Rendering map_audit: lightmapped",""
"props","StaticMeshCollectionActor_6653","PRESENT + RENDERED","Rendering map_audit: lightmapped",""
"props","StaticMeshCollectionActor_6653","PRESENT + RENDERED","Rendering map_audit: lightmapped",""
"props","StaticMeshCollectionActor_6653","PRESENT + RENDERED","Rendering map_audit: lightmapped",""
"props","StaticMeshCollectionActor_6653","PRESENT + RENDERED","Rendering map_audit: lightmapped",""
"props","StaticMeshCollectionActor_6653","PRESENT + RENDERED","Rendering map_audit: lightmapped",""
"props","StaticMeshCollectionActor_6653","PRESENT + RENDERED","Rendering map_audit: lightmapped",""
"props","StaticMeshCollectionActor_6653","PRESENT + RENDERED","Rendering map_audit: lightmapped",""
"props","StaticMeshCollectionActor_6653","PRESENT + RENDERED","Rendering map_audit: lightmapped",""
"props","StaticMeshCollectionActor_6653","PRESENT + RENDERED","Rendering map_audit: lightmapped",""
"props","StaticMeshCollectionActor_6653","PRESENT + RENDERED","Rendering map_audit: lightmapped",""
"props","StaticMeshCollectionActor_6653","PRESENT + RENDERED","Rendering map_audit: lightmapped",""
"props","StaticMeshCollectionActor_67","PRESENT + RENDERED","Rendering map_audit: vertex (LMT_1D) lightmap bound (decode gamma 2.2 is PROV)",""
"props","StaticMeshCollectionActor_67","PRESENT + RENDERED","Rendering map_audit: vertex (LMT_1D) lightmap bound (decode gamma 2.2 is PROV)",""
"props","StaticMeshCollectionActor_67","PRESENT + RENDERED","Rendering map_audit: vertex (LMT_1D) lightmap bound (decode gamma 2.2 is PROV)",""
"props","StaticMeshCollectionActor_67","PRESENT + RENDERED","Rendering map_audit: vertex (LMT_1D) lightmap bound (decode gamma 2.2 is PROV)",""
"props","StaticMeshCollectionActor_67","PRESENT + RENDERED","Rendering map_audit: vertex (LMT_1D) lightmap bound (decode gamma 2.2 is PROV)",""
"props","StaticMeshCollectionActor_67","PRESENT + RENDERED","Rendering map_audit: vertex (LMT_1D) lightmap bound (decode gamma 2.2 is PROV)",""
"props","StaticMeshCollectionActor_67","PRESENT + RENDERED","Rendering map_audit: vertex (LMT_1D) lightmap bound (decode gamma 2.2 is PROV)",""
"props","StaticMeshCollectionActor_67","PRESENT + RENDERED","Rendering map_audit: vertex (LMT_1D) lightmap bound (decode gamma 2.2 is PROV)",""
"props","StaticMeshCollectionActor_67","PRESENT + RENDERED","Rendering map_audit: vertex (LMT_1D) lightmap bound (decode gamma 2.2 is PROV)",""
"props","StaticMeshCollectionActor_67","PRESENT + RENDERED","Rendering map_audit: vertex (LMT_1D) lightmap bound (decode gamma 2.2 is PROV)",""
"props","StaticMeshCollectionActor_67","PRESENT + RENDERED","Rendering map_audit: vertex (LMT_1D) lightmap bound (decode gamma 2.2 is PROV)",""
"props","StaticMeshCollectionActor_67","PRESENT + RENDERED","Rendering map_audit: vertex (LMT_1D) lightmap bound (decode gamma 2.2 is PROV)",""
"props","StaticMeshCollectionActor_6717","PRESENT + RENDERED","Rendering map_audit: lightmapped",""
"props","StaticMeshCollectionActor_6717","PRESENT + RENDERED","Rendering map_audit: lightmapped",""
"props","StaticMeshCollectionActor_6717","PRESENT + RENDERED","Rendering map_audit: lightmapped",""
"props","StaticMeshCollectionActor_6717","PRESENT + RENDERED","Rendering map_audit: lightmapped",""
"props","StaticMeshCollectionActor_6717","PRESENT + RENDERED","Rendering map_audit: lightmapped",""
"props","StaticMeshCollectionActor_6717","PRESENT + RENDERED","Rendering map_audit: lightmapped",""
"props","StaticMeshCollectionActor_6717","PRESENT + RENDERED","Rendering map_audit: lightmapped",""
"props","StaticMeshCollectionActor_6717","PRESENT + RENDERED","Rendering map_audit: lightmapped",""
"props","StaticMeshCollectionActor_6717","PRESENT + RENDERED","Rendering map_audit: lightmapped",""
"props","StaticMeshCollectionActor_6717","PRESENT + RENDERED","Rendering map_audit: lightmapped",""
"props","StaticMeshCollectionActor_6717","PRESENT + RENDERED","Rendering map_audit: lightmapped",""
"props","StaticMeshCollectionActor_6717","PRESENT + RENDERED","Rendering map_audit: lightmapped",""
"props","StaticMeshCollectionActor_6817","PRESENT + RENDERED","Rendering map_audit: lightmapped",""
"props","StaticMeshCollectionActor_6817","PRESENT + RENDERED","Rendering map_audit: lightmapped",""
"props","StaticMeshCollectionActor_6817","PRESENT + RENDERED","Rendering map_audit: lightmapped",""
"props","StaticMeshCollectionActor_6817","PRESENT + RENDERED","Rendering map_audit: lightmapped",""
"props","StaticMeshCollectionActor_6817","PRESENT + RENDERED","Rendering map_audit: lightmapped",""
"props","StaticMeshCollectionActor_6817","PRESENT + RENDERED","Rendering map_audit: lightmapped",""
"props","StaticMeshCollectionActor_6817","PRESENT + RENDERED","Rendering map_audit: lightmapped",""
"props","StaticMeshCollectionActor_6817","PRESENT + RENDERED","Rendering map_audit: lightmapped",""
"props","StaticMeshCollectionActor_6817","PRESENT + RENDERED","Rendering map_audit: lightmapped",""
"props","StaticMeshCollectionActor_6817","PRESENT + RENDERED","Rendering map_audit: lightmapped",""
"props","StaticMeshCollectionActor_6817","PRESENT + RENDERED","Rendering map_audit: lightmapped",""
"props","StaticMeshCollectionActor_6817","PRESENT + RENDERED","Rendering map_audit: lightmapped",""
"props","StaticMeshCollectionActor_6945","PRESENT + RENDERED","Rendering map_audit: lightmapped",""
"props","StaticMeshCollectionActor_6945","PRESENT + RENDERED","Rendering map_audit: lightmapped",""
"props","StaticMeshCollectionActor_6945","PRESENT + RENDERED","Rendering map_audit: lightmapped",""
"props","StaticMeshCollectionActor_6945","PRESENT + RENDERED","Rendering map_audit: lightmapped",""
"props","StaticMeshCollectionActor_6945","PRESENT + RENDERED","Rendering map_audit: lightmapped",""
"props","StaticMeshCollectionActor_6945","PRESENT + RENDERED","Rendering map_audit: lightmapped",""
"props","StaticMeshCollectionActor_6945","PRESENT + RENDERED","Rendering map_audit: lightmapped",""
"props","StaticMeshCollectionActor_6945","PRESENT + RENDERED","Rendering map_audit: lightmapped",""
"props","StaticMeshCollectionActor_6945","PRESENT + RENDERED","Rendering map_audit: lightmapped",""
"props","StaticMeshCollectionActor_6945","PRESENT + RENDERED","Rendering map_audit: lightmapped",""
"props","StaticMeshCollectionActor_6945","PRESENT + RENDERED","Rendering map_audit: lightmapped",""
"props","StaticMeshCollectionActor_6945","PRESENT + RENDERED","Rendering map_audit: lightmapped",""
"props","StaticMeshCollectionActor_706","PRESENT + RENDERED","Rendering map_audit: lightmapped",""
"props","StaticMeshCollectionActor_706","PRESENT + RENDERED","Rendering map_audit: lightmapped",""
"props","StaticMeshCollectionActor_706","PRESENT + RENDERED","Rendering map_audit: lightmapped",""
"props","StaticMeshCollectionActor_706","PRESENT + RENDERED","Rendering map_audit: lightmapped",""
"props","StaticMeshCollectionActor_706","PRESENT + RENDERED","Rendering map_audit: lightmapped",""
"props","StaticMeshCollectionActor_706","PRESENT + RENDERED","Rendering map_audit: lightmapped",""
"props","StaticMeshCollectionActor_706","PRESENT + RENDERED","Rendering map_audit: lightmapped",""
"props","StaticMeshCollectionActor_706","PRESENT + RENDERED","Rendering map_audit: lightmapped",""
"props","StaticMeshCollectionActor_706","PRESENT + RENDERED","Rendering map_audit: lightmapped",""
"props","StaticMeshCollectionActor_706","PRESENT + RENDERED","Rendering map_audit: lightmapped",""
"props","StaticMeshCollectionActor_706","PRESENT + RENDERED","Rendering map_audit: lightmapped",""
"props","StaticMeshCollectionActor_706","PRESENT + RENDERED","Rendering map_audit: lightmapped",""
"props","StaticMeshCollectionActor_7072","PRESENT + RENDERED","Rendering map_audit: dynamic lighting (no authored lightmap)",""
"props","StaticMeshCollectionActor_7072","PRESENT + RENDERED","Rendering map_audit: dynamic lighting (no authored lightmap)",""
"props","StaticMeshCollectionActor_7072","PRESENT + RENDERED","Rendering map_audit: dynamic lighting (no authored lightmap)",""
"props","StaticMeshCollectionActor_7072","PRESENT + RENDERED","Rendering map_audit: dynamic lighting (no authored lightmap)",""
"props","StaticMeshCollectionActor_7072","PRESENT + RENDERED","Rendering map_audit: dynamic lighting (no authored lightmap)",""
"props","StaticMeshCollectionActor_7072","PRESENT + RENDERED","Rendering map_audit: dynamic lighting (no authored lightmap)",""
"props","StaticMeshCollectionActor_7072","PRESENT + RENDERED","Rendering map_audit: dynamic lighting (no authored lightmap)",""
"props","StaticMeshCollectionActor_7072","PRESENT + RENDERED","Rendering map_audit: dynamic lighting (no authored lightmap)",""
"props","StaticMeshCollectionActor_7072","PRESENT + RENDERED","Rendering map_audit: dynamic lighting (no authored lightmap)",""
"props","StaticMeshCollectionActor_7072","PRESENT + RENDERED","Rendering map_audit: dynamic lighting (no authored lightmap)",""
"props","StaticMeshCollectionActor_7072","PRESENT + RENDERED","Rendering map_audit: dynamic lighting (no authored lightmap)",""
"props","StaticMeshCollectionActor_7072","PRESENT + RENDERED","Rendering map_audit: dynamic lighting (no authored lightmap)",""
"props","StaticMeshCollectionActor_7116","UNKNOWN","Rendering map_audit: material(s) not verifiable: ['ENV_IAC_Ground_p.Material.EVN_HeatedMetal_Purple_MATINST_BAT']","Rendering"
"props","StaticMeshCollectionActor_7116","UNKNOWN","Rendering map_audit: material(s) not verifiable: ['ENV_IAC_Ground_p.Material.EVN_HeatedMetal_Purple_MATINST_BAT']","Rendering"
"props","StaticMeshCollectionActor_7116","UNKNOWN","Rendering map_audit: material(s) not verifiable: ['ENV_IAC_Ground_p.Material.EVN_HeatedMetal_Purple_MATINST_BAT']","Rendering"
"props","StaticMeshCollectionActor_7116","UNKNOWN","Rendering map_audit: material(s) not verifiable: ['ENV_IAC_Ground_p.Material.EVN_HeatedMetal_Purple_MATINST_BAT']","Rendering"
"props","StaticMeshCollectionActor_7116","UNKNOWN","Rendering map_audit: material(s) not verifiable: ['ENV_IAC_Ground_p.Material.EVN_HeatedMetal_Purple_MATINST_BAT']","Rendering"
"props","StaticMeshCollectionActor_7116","UNKNOWN","Rendering map_audit: material(s) not verifiable: ['ENV_IAC_Ground_p.Material.EVN_HeatedMetal_Purple_MATINST_BAT']","Rendering"
"props","StaticMeshCollectionActor_7116","UNKNOWN","Rendering map_audit: material(s) not verifiable: ['ENV_IAC_Ground_p.Material.EVN_HeatedMetal_Purple_MATINST_BAT']","Rendering"
"props","StaticMeshCollectionActor_7116","UNKNOWN","Rendering map_audit: material(s) not verifiable: ['ENV_IAC_Ground_p.Material.EVN_HeatedMetal_Purple_MATINST_BAT']","Rendering"
"props","StaticMeshCollectionActor_7116","UNKNOWN","Rendering map_audit: material(s) not verifiable: ['ENV_IAC_Ground_p.Material.EVN_HeatedMetal_Purple_MATINST_BAT']","Rendering"
"props","StaticMeshCollectionActor_7116","UNKNOWN","Rendering map_audit: material(s) not verifiable: ['ENV_IAC_Ground_p.Material.EVN_HeatedMetal_Purple_MATINST_BAT']","Rendering"
"props","StaticMeshCollectionActor_7116","UNKNOWN","Rendering map_audit: material(s) not verifiable: ['ENV_IAC_Ground_p.Material.EVN_HeatedMetal_Purple_MATINST_BAT']","Rendering"
"props","StaticMeshCollectionActor_7116","UNKNOWN","Rendering map_audit: material(s) not verifiable: ['ENV_IAC_Ground_p.Material.EVN_HeatedMetal_Purple_MATINST_BAT']","Rendering"
"props","StaticMeshCollectionActor_7184","PRESENT + RENDERED","Rendering map_audit: lightmapped",""
"props","StaticMeshCollectionActor_7184","PRESENT + RENDERED","Rendering map_audit: lightmapped",""
"props","StaticMeshCollectionActor_7184","PRESENT + RENDERED","Rendering map_audit: lightmapped",""
"props","StaticMeshCollectionActor_7184","PRESENT + RENDERED","Rendering map_audit: lightmapped",""
"props","StaticMeshCollectionActor_7184","PRESENT + RENDERED","Rendering map_audit: lightmapped",""
"props","StaticMeshCollectionActor_7184","PRESENT + RENDERED","Rendering map_audit: lightmapped",""
"props","StaticMeshCollectionActor_7184","PRESENT + RENDERED","Rendering map_audit: lightmapped",""
"props","StaticMeshCollectionActor_7184","PRESENT + RENDERED","Rendering map_audit: lightmapped",""
"props","StaticMeshCollectionActor_7184","PRESENT + RENDERED","Rendering map_audit: lightmapped",""
"props","StaticMeshCollectionActor_7184","PRESENT + RENDERED","Rendering map_audit: lightmapped",""
"props","StaticMeshCollectionActor_7184","PRESENT + RENDERED","Rendering map_audit: lightmapped",""
"props","StaticMeshCollectionActor_7184","PRESENT + RENDERED","Rendering map_audit: lightmapped",""
"props","StaticMeshCollectionActor_7201","PRESENT + RENDERED","Rendering map_audit: lightmapped",""
"props","StaticMeshCollectionActor_7201","PRESENT + RENDERED","Rendering map_audit: lightmapped",""
"props","StaticMeshCollectionActor_7201","PRESENT + RENDERED","Rendering map_audit: lightmapped",""
"props","StaticMeshCollectionActor_7201","PRESENT + RENDERED","Rendering map_audit: lightmapped",""
"props","StaticMeshCollectionActor_7201","PRESENT + RENDERED","Rendering map_audit: lightmapped",""
"props","StaticMeshCollectionActor_7201","PRESENT + RENDERED","Rendering map_audit: lightmapped",""
"props","StaticMeshCollectionActor_7201","PRESENT + RENDERED","Rendering map_audit: lightmapped",""
"props","StaticMeshCollectionActor_7201","PRESENT + RENDERED","Rendering map_audit: lightmapped",""
"props","StaticMeshCollectionActor_7201","PRESENT + RENDERED","Rendering map_audit: lightmapped",""
"props","StaticMeshCollectionActor_7201","PRESENT + RENDERED","Rendering map_audit: lightmapped",""
"props","StaticMeshCollectionActor_7201","PRESENT + RENDERED","Rendering map_audit: lightmapped",""
"props","StaticMeshCollectionActor_7201","PRESENT + RENDERED","Rendering map_audit: lightmapped",""
"props","StaticMeshCollectionActor_7213","PRESENT + RENDERED","Rendering map_audit: lightmapped",""
"props","StaticMeshCollectionActor_7213","PRESENT + RENDERED","Rendering map_audit: lightmapped",""
"props","StaticMeshCollectionActor_7213","PRESENT + RENDERED","Rendering map_audit: lightmapped",""
"props","StaticMeshCollectionActor_7213","PRESENT + RENDERED","Rendering map_audit: lightmapped",""
"props","StaticMeshCollectionActor_7213","PRESENT + RENDERED","Rendering map_audit: lightmapped",""
"props","StaticMeshCollectionActor_7213","PRESENT + RENDERED","Rendering map_audit: lightmapped",""
"props","StaticMeshCollectionActor_7213","PRESENT + RENDERED","Rendering map_audit: lightmapped",""
"props","StaticMeshCollectionActor_7213","PRESENT + RENDERED","Rendering map_audit: lightmapped",""
"props","StaticMeshCollectionActor_7213","PRESENT + RENDERED","Rendering map_audit: lightmapped",""
"props","StaticMeshCollectionActor_7213","PRESENT + RENDERED","Rendering map_audit: lightmapped",""
"props","StaticMeshCollectionActor_7213","PRESENT + RENDERED","Rendering map_audit: lightmapped",""
"props","StaticMeshCollectionActor_7213","PRESENT + RENDERED","Rendering map_audit: lightmapped",""
"props","StaticMeshCollectionActor_7252","PRESENT + RENDERED","Rendering map_audit: lightmapped",""
"props","StaticMeshCollectionActor_7252","PRESENT + RENDERED","Rendering map_audit: lightmapped",""
"props","StaticMeshCollectionActor_7252","PRESENT + RENDERED","Rendering map_audit: lightmapped",""
"props","StaticMeshCollectionActor_7252","PRESENT + RENDERED","Rendering map_audit: lightmapped",""
"props","StaticMeshCollectionActor_7252","PRESENT + RENDERED","Rendering map_audit: lightmapped",""
"props","StaticMeshCollectionActor_7252","PRESENT + RENDERED","Rendering map_audit: lightmapped",""
"props","StaticMeshCollectionActor_7252","PRESENT + RENDERED","Rendering map_audit: lightmapped",""
"props","StaticMeshCollectionActor_7252","PRESENT + RENDERED","Rendering map_audit: lightmapped",""
"props","StaticMeshCollectionActor_7252","PRESENT + RENDERED","Rendering map_audit: lightmapped",""
"props","StaticMeshCollectionActor_7252","PRESENT + RENDERED","Rendering map_audit: lightmapped",""
"props","StaticMeshCollectionActor_7252","PRESENT + RENDERED","Rendering map_audit: lightmapped",""
"props","StaticMeshCollectionActor_7252","PRESENT + RENDERED","Rendering map_audit: lightmapped",""
"props","StaticMeshCollectionActor_7270","PRESENT + RENDERED","Rendering map_audit: lightmapped",""
"props","StaticMeshCollectionActor_7270","PRESENT + RENDERED","Rendering map_audit: lightmapped",""
"props","StaticMeshCollectionActor_7270","PRESENT + RENDERED","Rendering map_audit: lightmapped",""
"props","StaticMeshCollectionActor_7270","PRESENT + RENDERED","Rendering map_audit: lightmapped",""
"props","StaticMeshCollectionActor_7270","PRESENT + RENDERED","Rendering map_audit: lightmapped",""
"props","StaticMeshCollectionActor_7270","PRESENT + RENDERED","Rendering map_audit: lightmapped",""
"props","StaticMeshCollectionActor_7270","PRESENT + RENDERED","Rendering map_audit: lightmapped",""
"props","StaticMeshCollectionActor_7270","PRESENT + RENDERED","Rendering map_audit: lightmapped",""
"props","StaticMeshCollectionActor_7270","PRESENT + RENDERED","Rendering map_audit: lightmapped",""
"props","StaticMeshCollectionActor_7270","PRESENT + RENDERED","Rendering map_audit: lightmapped",""
"props","StaticMeshCollectionActor_7270","PRESENT + RENDERED","Rendering map_audit: lightmapped",""
"props","StaticMeshCollectionActor_7270","PRESENT + RENDERED","Rendering map_audit: lightmapped",""
"props","StaticMeshCollectionActor_7361","PRESENT + RENDERED","Rendering map_audit: lightmapped",""
"props","StaticMeshCollectionActor_7361","PRESENT + RENDERED","Rendering map_audit: lightmapped",""
"props","StaticMeshCollectionActor_7361","PRESENT + RENDERED","Rendering map_audit: lightmapped",""
"props","StaticMeshCollectionActor_7361","PRESENT + RENDERED","Rendering map_audit: lightmapped",""
"props","StaticMeshCollectionActor_7361","PRESENT + RENDERED","Rendering map_audit: lightmapped",""
"props","StaticMeshCollectionActor_7361","PRESENT + RENDERED","Rendering map_audit: lightmapped",""
"props","StaticMeshCollectionActor_7361","PRESENT + RENDERED","Rendering map_audit: lightmapped",""
"props","StaticMeshCollectionActor_7361","PRESENT + RENDERED","Rendering map_audit: lightmapped",""
"props","StaticMeshCollectionActor_7361","PRESENT + RENDERED","Rendering map_audit: lightmapped",""
"props","StaticMeshCollectionActor_7361","PRESENT + RENDERED","Rendering map_audit: lightmapped",""
"props","StaticMeshCollectionActor_7361","PRESENT + RENDERED","Rendering map_audit: lightmapped",""
"props","StaticMeshCollectionActor_7361","PRESENT + RENDERED","Rendering map_audit: lightmapped",""
"props","StaticMeshCollectionActor_7437","PRESENT + RENDERED","Rendering map_audit: lightmapped",""
"props","StaticMeshCollectionActor_7437","PRESENT + RENDERED","Rendering map_audit: lightmapped",""
"props","StaticMeshCollectionActor_7437","PRESENT + RENDERED","Rendering map_audit: lightmapped",""
"props","StaticMeshCollectionActor_7437","PRESENT + RENDERED","Rendering map_audit: lightmapped",""
"props","StaticMeshCollectionActor_7437","PRESENT + RENDERED","Rendering map_audit: lightmapped",""
"props","StaticMeshCollectionActor_7437","PRESENT + RENDERED","Rendering map_audit: lightmapped",""
"props","StaticMeshCollectionActor_7437","PRESENT + RENDERED","Rendering map_audit: lightmapped",""
"props","StaticMeshCollectionActor_7437","PRESENT + RENDERED","Rendering map_audit: lightmapped",""
"props","StaticMeshCollectionActor_7437","PRESENT + RENDERED","Rendering map_audit: lightmapped",""
"props","StaticMeshCollectionActor_7437","PRESENT + RENDERED","Rendering map_audit: lightmapped",""
"props","StaticMeshCollectionActor_7437","PRESENT + RENDERED","Rendering map_audit: lightmapped",""
"props","StaticMeshCollectionActor_7437","PRESENT + RENDERED","Rendering map_audit: lightmapped",""
"props","StaticMeshCollectionActor_7666","PRESENT + RENDERED","Rendering map_audit: lightmapped",""
"props","StaticMeshCollectionActor_7666","PRESENT + RENDERED","Rendering map_audit: lightmapped",""
"props","StaticMeshCollectionActor_7666","PRESENT + RENDERED","Rendering map_audit: lightmapped",""
"props","StaticMeshCollectionActor_7666","PRESENT + RENDERED","Rendering map_audit: lightmapped",""
"props","StaticMeshCollectionActor_7666","PRESENT + RENDERED","Rendering map_audit: lightmapped",""
"props","StaticMeshCollectionActor_7666","PRESENT + RENDERED","Rendering map_audit: lightmapped",""
"props","StaticMeshCollectionActor_7666","PRESENT + RENDERED","Rendering map_audit: lightmapped",""
"props","StaticMeshCollectionActor_7666","PRESENT + RENDERED","Rendering map_audit: lightmapped",""
"props","StaticMeshCollectionActor_7666","PRESENT + RENDERED","Rendering map_audit: lightmapped",""
"props","StaticMeshCollectionActor_7666","PRESENT + RENDERED","Rendering map_audit: lightmapped",""
"props","StaticMeshCollectionActor_7666","PRESENT + RENDERED","Rendering map_audit: lightmapped",""
"props","StaticMeshCollectionActor_7666","PRESENT + RENDERED","Rendering map_audit: lightmapped",""
"props","StaticMeshCollectionActor_7914","PRESENT + RENDERED","Rendering map_audit: lightmapped",""
"props","StaticMeshCollectionActor_7914","PRESENT + RENDERED","Rendering map_audit: lightmapped",""
"props","StaticMeshCollectionActor_7914","PRESENT + RENDERED","Rendering map_audit: lightmapped",""
"props","StaticMeshCollectionActor_7914","PRESENT + RENDERED","Rendering map_audit: lightmapped",""
"props","StaticMeshCollectionActor_7914","PRESENT + RENDERED","Rendering map_audit: lightmapped",""
"props","StaticMeshCollectionActor_7914","PRESENT + RENDERED","Rendering map_audit: lightmapped",""
"props","StaticMeshCollectionActor_7914","PRESENT + RENDERED","Rendering map_audit: lightmapped",""
"props","StaticMeshCollectionActor_7914","PRESENT + RENDERED","Rendering map_audit: lightmapped",""
"props","StaticMeshCollectionActor_7914","PRESENT + RENDERED","Rendering map_audit: lightmapped",""
"props","StaticMeshCollectionActor_7914","PRESENT + RENDERED","Rendering map_audit: lightmapped",""
"props","StaticMeshCollectionActor_7914","PRESENT + RENDERED","Rendering map_audit: lightmapped",""
"props","StaticMeshCollectionActor_7914","PRESENT + RENDERED","Rendering map_audit: lightmapped",""
"props","StaticMeshCollectionActor_8104","PRESENT + RENDERED","Rendering map_audit: lightmapped",""
"props","StaticMeshCollectionActor_8104","PRESENT + RENDERED","Rendering map_audit: lightmapped",""
"props","StaticMeshCollectionActor_8104","PRESENT + RENDERED","Rendering map_audit: lightmapped",""
"props","StaticMeshCollectionActor_8104","PRESENT + RENDERED","Rendering map_audit: lightmapped",""
"props","StaticMeshCollectionActor_8104","PRESENT + RENDERED","Rendering map_audit: lightmapped",""
"props","StaticMeshCollectionActor_8104","PRESENT + RENDERED","Rendering map_audit: lightmapped",""
"props","StaticMeshCollectionActor_8104","PRESENT + RENDERED","Rendering map_audit: lightmapped",""
"props","StaticMeshCollectionActor_8104","PRESENT + RENDERED","Rendering map_audit: lightmapped",""
"props","StaticMeshCollectionActor_8104","PRESENT + RENDERED","Rendering map_audit: lightmapped",""
"props","StaticMeshCollectionActor_8104","PRESENT + RENDERED","Rendering map_audit: lightmapped",""
"props","StaticMeshCollectionActor_8104","PRESENT + RENDERED","Rendering map_audit: lightmapped",""
"props","StaticMeshCollectionActor_8104","PRESENT + RENDERED","Rendering map_audit: lightmapped",""
"props","StaticMeshCollectionActor_8254","PRESENT + RENDERED","Rendering map_audit: lightmapped",""
"props","StaticMeshCollectionActor_8254","PRESENT + RENDERED","Rendering map_audit: lightmapped",""
"props","StaticMeshCollectionActor_8254","PRESENT + RENDERED","Rendering map_audit: lightmapped",""
"props","StaticMeshCollectionActor_8254","PRESENT + RENDERED","Rendering map_audit: lightmapped",""
"props","StaticMeshCollectionActor_8254","PRESENT + RENDERED","Rendering map_audit: lightmapped",""
"props","StaticMeshCollectionActor_8254","PRESENT + RENDERED","Rendering map_audit: lightmapped",""
"props","StaticMeshCollectionActor_8254","PRESENT + RENDERED","Rendering map_audit: lightmapped",""
"props","StaticMeshCollectionActor_8254","PRESENT + RENDERED","Rendering map_audit: lightmapped",""
"props","StaticMeshCollectionActor_8254","PRESENT + RENDERED","Rendering map_audit: lightmapped",""
"props","StaticMeshCollectionActor_8254","PRESENT + RENDERED","Rendering map_audit: lightmapped",""
"props","StaticMeshCollectionActor_8254","PRESENT + RENDERED","Rendering map_audit: lightmapped",""
"props","StaticMeshCollectionActor_8254","PRESENT + RENDERED","Rendering map_audit: lightmapped",""
"props","StaticMeshCollectionActor_8369","PRESENT + RENDERED","Rendering map_audit: lightmapped",""
"props","StaticMeshCollectionActor_8369","PRESENT + RENDERED","Rendering map_audit: lightmapped",""
"props","StaticMeshCollectionActor_8369","PRESENT + RENDERED","Rendering map_audit: lightmapped",""
"props","StaticMeshCollectionActor_8369","PRESENT + RENDERED","Rendering map_audit: lightmapped",""
"props","StaticMeshCollectionActor_8369","PRESENT + RENDERED","Rendering map_audit: lightmapped",""
"props","StaticMeshCollectionActor_8369","PRESENT + RENDERED","Rendering map_audit: lightmapped",""
"props","StaticMeshCollectionActor_8369","PRESENT + RENDERED","Rendering map_audit: lightmapped",""
"props","StaticMeshCollectionActor_8369","PRESENT + RENDERED","Rendering map_audit: lightmapped",""
"props","StaticMeshCollectionActor_8369","PRESENT + RENDERED","Rendering map_audit: lightmapped",""
"props","StaticMeshCollectionActor_8369","PRESENT + RENDERED","Rendering map_audit: lightmapped",""
"props","StaticMeshCollectionActor_8369","PRESENT + RENDERED","Rendering map_audit: lightmapped",""
"props","StaticMeshCollectionActor_8369","PRESENT + RENDERED","Rendering map_audit: lightmapped",""
"props","StaticMeshCollectionActor_8404","PRESENT + RENDERED","Rendering map_audit: lightmapped",""
"props","StaticMeshCollectionActor_8404","PRESENT + RENDERED","Rendering map_audit: lightmapped",""
"props","StaticMeshCollectionActor_8404","PRESENT + RENDERED","Rendering map_audit: lightmapped",""
"props","StaticMeshCollectionActor_8404","PRESENT + RENDERED","Rendering map_audit: lightmapped",""
"props","StaticMeshCollectionActor_8404","PRESENT + RENDERED","Rendering map_audit: lightmapped",""
"props","StaticMeshCollectionActor_8404","PRESENT + RENDERED","Rendering map_audit: lightmapped",""
"props","StaticMeshCollectionActor_8404","PRESENT + RENDERED","Rendering map_audit: lightmapped",""
"props","StaticMeshCollectionActor_8404","PRESENT + RENDERED","Rendering map_audit: lightmapped",""
"props","StaticMeshCollectionActor_8404","PRESENT + RENDERED","Rendering map_audit: lightmapped",""
"props","StaticMeshCollectionActor_8404","PRESENT + RENDERED","Rendering map_audit: lightmapped",""
"props","StaticMeshCollectionActor_8404","PRESENT + RENDERED","Rendering map_audit: lightmapped",""
"props","StaticMeshCollectionActor_8404","PRESENT + RENDERED","Rendering map_audit: lightmapped",""
"props","StaticMeshCollectionActor_866","PRESENT + RENDERED","Rendering map_audit: lightmapped",""
"props","StaticMeshCollectionActor_866","PRESENT + RENDERED","Rendering map_audit: lightmapped",""
"props","StaticMeshCollectionActor_866","PRESENT + RENDERED","Rendering map_audit: lightmapped",""
"props","StaticMeshCollectionActor_866","PRESENT + RENDERED","Rendering map_audit: lightmapped",""
"props","StaticMeshCollectionActor_866","PRESENT + RENDERED","Rendering map_audit: lightmapped",""
"props","StaticMeshCollectionActor_866","PRESENT + RENDERED","Rendering map_audit: lightmapped",""
"props","StaticMeshCollectionActor_866","PRESENT + RENDERED","Rendering map_audit: lightmapped",""
"props","StaticMeshCollectionActor_866","PRESENT + RENDERED","Rendering map_audit: lightmapped",""
"props","StaticMeshCollectionActor_866","PRESENT + RENDERED","Rendering map_audit: lightmapped",""
"props","StaticMeshCollectionActor_866","PRESENT + RENDERED","Rendering map_audit: lightmapped",""
"props","StaticMeshCollectionActor_866","PRESENT + RENDERED","Rendering map_audit: lightmapped",""
"props","StaticMeshCollectionActor_866","PRESENT + RENDERED","Rendering map_audit: lightmapped",""
"props","StaticMeshCollectionActor_8763","PRESENT + RENDERED","Rendering map_audit: lightmapped",""
"props","StaticMeshCollectionActor_8763","PRESENT + RENDERED","Rendering map_audit: lightmapped",""
"props","StaticMeshCollectionActor_8763","PRESENT + RENDERED","Rendering map_audit: lightmapped",""
"props","StaticMeshCollectionActor_8763","PRESENT + RENDERED","Rendering map_audit: lightmapped",""
"props","StaticMeshCollectionActor_8763","PRESENT + RENDERED","Rendering map_audit: lightmapped",""
"props","StaticMeshCollectionActor_8763","PRESENT + RENDERED","Rendering map_audit: lightmapped",""
"props","StaticMeshCollectionActor_8763","PRESENT + RENDERED","Rendering map_audit: lightmapped",""
"props","StaticMeshCollectionActor_8763","PRESENT + RENDERED","Rendering map_audit: lightmapped",""
"props","StaticMeshCollectionActor_8763","PRESENT + RENDERED","Rendering map_audit: lightmapped",""
"props","StaticMeshCollectionActor_8763","PRESENT + RENDERED","Rendering map_audit: lightmapped",""
"props","StaticMeshCollectionActor_8763","PRESENT + RENDERED","Rendering map_audit: lightmapped",""
"props","StaticMeshCollectionActor_8763","PRESENT + RENDERED","Rendering map_audit: lightmapped",""
"props","StaticMeshCollectionActor_8854","PRESENT + RENDERED","Rendering map_audit: lightmapped",""
"props","StaticMeshCollectionActor_8854","PRESENT + RENDERED","Rendering map_audit: lightmapped",""
"props","StaticMeshCollectionActor_8854","PRESENT + RENDERED","Rendering map_audit: lightmapped",""
"props","StaticMeshCollectionActor_8854","PRESENT + RENDERED","Rendering map_audit: lightmapped",""
"props","StaticMeshCollectionActor_8854","PRESENT + RENDERED","Rendering map_audit: lightmapped",""
"props","StaticMeshCollectionActor_8854","PRESENT + RENDERED","Rendering map_audit: lightmapped",""
"props","StaticMeshCollectionActor_8854","PRESENT + RENDERED","Rendering map_audit: lightmapped",""
"props","StaticMeshCollectionActor_8854","PRESENT + RENDERED","Rendering map_audit: lightmapped",""
"props","StaticMeshCollectionActor_8854","PRESENT + RENDERED","Rendering map_audit: lightmapped",""
"props","StaticMeshCollectionActor_8854","PRESENT + RENDERED","Rendering map_audit: lightmapped",""
"props","StaticMeshCollectionActor_8854","PRESENT + RENDERED","Rendering map_audit: lightmapped",""
"props","StaticMeshCollectionActor_8854","PRESENT + RENDERED","Rendering map_audit: lightmapped",""
"props","StaticMeshCollectionActor_894","PRESENT + RENDERED","Rendering map_audit: lightmapped",""
"props","StaticMeshCollectionActor_894","PRESENT + RENDERED","Rendering map_audit: lightmapped",""
"props","StaticMeshCollectionActor_894","PRESENT + RENDERED","Rendering map_audit: lightmapped",""
"props","StaticMeshCollectionActor_894","PRESENT + RENDERED","Rendering map_audit: lightmapped",""
"props","StaticMeshCollectionActor_894","PRESENT + RENDERED","Rendering map_audit: lightmapped",""
"props","StaticMeshCollectionActor_894","PRESENT + RENDERED","Rendering map_audit: lightmapped",""
"props","StaticMeshCollectionActor_894","PRESENT + RENDERED","Rendering map_audit: lightmapped",""
"props","StaticMeshCollectionActor_894","PRESENT + RENDERED","Rendering map_audit: lightmapped",""
"props","StaticMeshCollectionActor_894","PRESENT + RENDERED","Rendering map_audit: lightmapped",""
"props","StaticMeshCollectionActor_894","PRESENT + RENDERED","Rendering map_audit: lightmapped",""
"props","StaticMeshCollectionActor_894","PRESENT + RENDERED","Rendering map_audit: lightmapped",""
"props","StaticMeshCollectionActor_894","PRESENT + RENDERED","Rendering map_audit: lightmapped",""
"props","StaticMeshCollectionActor_8988","PRESENT + RENDERED","Rendering map_audit: lightmapped",""
"props","StaticMeshCollectionActor_8988","PRESENT + RENDERED","Rendering map_audit: lightmapped",""
"props","StaticMeshCollectionActor_8988","PRESENT + RENDERED","Rendering map_audit: lightmapped",""
"props","StaticMeshCollectionActor_8988","PRESENT + RENDERED","Rendering map_audit: lightmapped",""
"props","StaticMeshCollectionActor_8988","PRESENT + RENDERED","Rendering map_audit: lightmapped",""
"props","StaticMeshCollectionActor_8988","PRESENT + RENDERED","Rendering map_audit: lightmapped",""
"props","StaticMeshCollectionActor_8988","PRESENT + RENDERED","Rendering map_audit: lightmapped",""
"props","StaticMeshCollectionActor_8988","PRESENT + RENDERED","Rendering map_audit: lightmapped",""
"props","StaticMeshCollectionActor_8988","PRESENT + RENDERED","Rendering map_audit: lightmapped",""
"props","StaticMeshCollectionActor_8988","PRESENT + RENDERED","Rendering map_audit: lightmapped",""
"props","StaticMeshCollectionActor_8988","PRESENT + RENDERED","Rendering map_audit: lightmapped",""
"props","StaticMeshCollectionActor_8988","PRESENT + RENDERED","Rendering map_audit: lightmapped",""
"props","StaticMeshCollectionActor_9136","PRESENT + RENDERED","Rendering map_audit: lightmapped",""
"props","StaticMeshCollectionActor_9136","PRESENT + RENDERED","Rendering map_audit: lightmapped",""
"props","StaticMeshCollectionActor_9136","PRESENT + RENDERED","Rendering map_audit: lightmapped",""
"props","StaticMeshCollectionActor_9136","PRESENT + RENDERED","Rendering map_audit: lightmapped",""
"props","StaticMeshCollectionActor_9136","PRESENT + RENDERED","Rendering map_audit: lightmapped",""
"props","StaticMeshCollectionActor_9136","PRESENT + RENDERED","Rendering map_audit: lightmapped",""
"props","StaticMeshCollectionActor_9136","PRESENT + RENDERED","Rendering map_audit: lightmapped",""
"props","StaticMeshCollectionActor_9136","PRESENT + RENDERED","Rendering map_audit: lightmapped",""
"props","StaticMeshCollectionActor_9136","PRESENT + RENDERED","Rendering map_audit: lightmapped",""
"props","StaticMeshCollectionActor_9136","PRESENT + RENDERED","Rendering map_audit: lightmapped",""
"props","StaticMeshCollectionActor_9136","PRESENT + RENDERED","Rendering map_audit: lightmapped",""
"props","StaticMeshCollectionActor_9136","PRESENT + RENDERED","Rendering map_audit: lightmapped",""
"props","StaticMeshCollectionActor_9316","PRESENT + RENDERED","Rendering map_audit: lightmapped",""
"props","StaticMeshCollectionActor_9316","PRESENT + RENDERED","Rendering map_audit: lightmapped",""
"props","StaticMeshCollectionActor_9316","PRESENT + RENDERED","Rendering map_audit: lightmapped",""
"props","StaticMeshCollectionActor_9316","PRESENT + RENDERED","Rendering map_audit: lightmapped",""
"props","StaticMeshCollectionActor_9316","PRESENT + RENDERED","Rendering map_audit: lightmapped",""
"props","StaticMeshCollectionActor_9316","PRESENT + RENDERED","Rendering map_audit: lightmapped",""
"props","StaticMeshCollectionActor_9316","PRESENT + RENDERED","Rendering map_audit: lightmapped",""
"props","StaticMeshCollectionActor_9316","PRESENT + RENDERED","Rendering map_audit: lightmapped",""
"props","StaticMeshCollectionActor_9316","PRESENT + RENDERED","Rendering map_audit: lightmapped",""
"props","StaticMeshCollectionActor_9316","PRESENT + RENDERED","Rendering map_audit: lightmapped",""
"props","StaticMeshCollectionActor_9316","PRESENT + RENDERED","Rendering map_audit: lightmapped",""
"props","StaticMeshCollectionActor_9316","PRESENT + RENDERED","Rendering map_audit: lightmapped",""
"props","StaticMeshCollectionActor_9348","PRESENT + RENDERED","Rendering map_audit: lightmapped",""
"props","StaticMeshCollectionActor_9348","PRESENT + RENDERED","Rendering map_audit: lightmapped",""
"props","StaticMeshCollectionActor_9348","PRESENT + RENDERED","Rendering map_audit: lightmapped",""
"props","StaticMeshCollectionActor_9348","PRESENT + RENDERED","Rendering map_audit: lightmapped",""
"props","StaticMeshCollectionActor_9348","PRESENT + RENDERED","Rendering map_audit: lightmapped",""
"props","StaticMeshCollectionActor_9348","PRESENT + RENDERED","Rendering map_audit: lightmapped",""
"props","StaticMeshCollectionActor_9348","PRESENT + RENDERED","Rendering map_audit: lightmapped",""
"props","StaticMeshCollectionActor_9348","PRESENT + RENDERED","Rendering map_audit: lightmapped",""
"props","StaticMeshCollectionActor_9348","PRESENT + RENDERED","Rendering map_audit: lightmapped",""
"props","StaticMeshCollectionActor_9348","PRESENT + RENDERED","Rendering map_audit: lightmapped",""
"props","StaticMeshCollectionActor_9348","PRESENT + RENDERED","Rendering map_audit: lightmapped",""
"props","StaticMeshCollectionActor_9348","PRESENT + RENDERED","Rendering map_audit: lightmapped",""
"props","StaticMeshCollectionActor_9455","PRESENT + RENDERED","Rendering map_audit: lightmapped",""
"props","StaticMeshCollectionActor_9455","PRESENT + RENDERED","Rendering map_audit: lightmapped",""
"props","StaticMeshCollectionActor_9455","PRESENT + RENDERED","Rendering map_audit: lightmapped",""
"props","StaticMeshCollectionActor_9455","PRESENT + RENDERED","Rendering map_audit: lightmapped",""
"props","StaticMeshCollectionActor_9455","PRESENT + RENDERED","Rendering map_audit: lightmapped",""
"props","StaticMeshCollectionActor_9455","PRESENT + RENDERED","Rendering map_audit: lightmapped",""
"props","StaticMeshCollectionActor_9455","PRESENT + RENDERED","Rendering map_audit: lightmapped",""
"props","StaticMeshCollectionActor_9455","PRESENT + RENDERED","Rendering map_audit: lightmapped",""
"props","StaticMeshCollectionActor_9455","PRESENT + RENDERED","Rendering map_audit: lightmapped",""
"props","StaticMeshCollectionActor_9455","PRESENT + RENDERED","Rendering map_audit: lightmapped",""
"props","StaticMeshCollectionActor_9455","PRESENT + RENDERED","Rendering map_audit: lightmapped",""
"props","StaticMeshCollectionActor_9455","PRESENT + RENDERED","Rendering map_audit: lightmapped",""
"props","StaticMeshCollectionActor_947","PRESENT + RENDERED","Rendering map_audit: vertex (LMT_1D) lightmap bound (decode gamma 2.2 is PROV)",""
"props","StaticMeshCollectionActor_947","PRESENT + RENDERED","Rendering map_audit: vertex (LMT_1D) lightmap bound (decode gamma 2.2 is PROV)",""
"props","StaticMeshCollectionActor_947","PRESENT + RENDERED","Rendering map_audit: vertex (LMT_1D) lightmap bound (decode gamma 2.2 is PROV)",""
"props","StaticMeshCollectionActor_947","PRESENT + RENDERED","Rendering map_audit: vertex (LMT_1D) lightmap bound (decode gamma 2.2 is PROV)",""
"props","StaticMeshCollectionActor_947","PRESENT + RENDERED","Rendering map_audit: vertex (LMT_1D) lightmap bound (decode gamma 2.2 is PROV)",""
"props","StaticMeshCollectionActor_947","PRESENT + RENDERED","Rendering map_audit: vertex (LMT_1D) lightmap bound (decode gamma 2.2 is PROV)",""
"props","StaticMeshCollectionActor_947","PRESENT + RENDERED","Rendering map_audit: vertex (LMT_1D) lightmap bound (decode gamma 2.2 is PROV)",""
"props","StaticMeshCollectionActor_947","PRESENT + RENDERED","Rendering map_audit: vertex (LMT_1D) lightmap bound (decode gamma 2.2 is PROV)",""
"props","StaticMeshCollectionActor_947","PRESENT + RENDERED","Rendering map_audit: vertex (LMT_1D) lightmap bound (decode gamma 2.2 is PROV)",""
"props","StaticMeshCollectionActor_947","PRESENT + RENDERED","Rendering map_audit: vertex (LMT_1D) lightmap bound (decode gamma 2.2 is PROV)",""
"props","StaticMeshCollectionActor_947","PRESENT + RENDERED","Rendering map_audit: vertex (LMT_1D) lightmap bound (decode gamma 2.2 is PROV)",""
"props","StaticMeshCollectionActor_947","PRESENT + RENDERED","Rendering map_audit: vertex (LMT_1D) lightmap bound (decode gamma 2.2 is PROV)",""
"props","StaticMeshCollectionActor_9567","PRESENT + RENDERED","Rendering map_audit: dynamic lighting (no authored lightmap)",""
"props","StaticMeshCollectionActor_9567","PRESENT + RENDERED","Rendering map_audit: dynamic lighting (no authored lightmap)",""
"props","StaticMeshCollectionActor_9567","PRESENT + RENDERED","Rendering map_audit: dynamic lighting (no authored lightmap)",""
"props","StaticMeshCollectionActor_9567","PRESENT + RENDERED","Rendering map_audit: dynamic lighting (no authored lightmap)",""
"props","StaticMeshCollectionActor_9567","PRESENT + RENDERED","Rendering map_audit: dynamic lighting (no authored lightmap)",""
"props","StaticMeshCollectionActor_9567","PRESENT + RENDERED","Rendering map_audit: dynamic lighting (no authored lightmap)",""
"props","StaticMeshCollectionActor_9567","PRESENT + RENDERED","Rendering map_audit: dynamic lighting (no authored lightmap)",""
"props","StaticMeshCollectionActor_9567","PRESENT + RENDERED","Rendering map_audit: dynamic lighting (no authored lightmap)",""
"props","StaticMeshCollectionActor_9567","PRESENT + RENDERED","Rendering map_audit: dynamic lighting (no authored lightmap)",""
"props","StaticMeshCollectionActor_9567","PRESENT + RENDERED","Rendering map_audit: dynamic lighting (no authored lightmap)",""
"props","StaticMeshCollectionActor_9567","PRESENT + RENDERED","Rendering map_audit: dynamic lighting (no authored lightmap)",""
"props","StaticMeshCollectionActor_9567","PRESENT + RENDERED","Rendering map_audit: dynamic lighting (no authored lightmap)",""
"props","StaticMeshCollectionActor_96","PRESENT + RENDERED","Rendering map_audit: lightmapped",""
"props","StaticMeshCollectionActor_96","PRESENT + RENDERED","Rendering map_audit: lightmapped",""
"props","StaticMeshCollectionActor_96","PRESENT + RENDERED","Rendering map_audit: lightmapped",""
"props","StaticMeshCollectionActor_96","PRESENT + RENDERED","Rendering map_audit: lightmapped",""
"props","StaticMeshCollectionActor_96","PRESENT + RENDERED","Rendering map_audit: lightmapped",""
"props","StaticMeshCollectionActor_96","PRESENT + RENDERED","Rendering map_audit: lightmapped",""
"props","StaticMeshCollectionActor_96","PRESENT + RENDERED","Rendering map_audit: lightmapped",""
"props","StaticMeshCollectionActor_96","PRESENT + RENDERED","Rendering map_audit: lightmapped",""
"props","StaticMeshCollectionActor_96","PRESENT + RENDERED","Rendering map_audit: lightmapped",""
"props","StaticMeshCollectionActor_96","PRESENT + RENDERED","Rendering map_audit: lightmapped",""
"props","StaticMeshCollectionActor_96","PRESENT + RENDERED","Rendering map_audit: lightmapped",""
"props","StaticMeshCollectionActor_96","PRESENT + RENDERED","Rendering map_audit: lightmapped",""
"props","StaticMeshCollectionActor_9666","PRESENT + RENDERED","Rendering map_audit: lightmapped",""
"props","StaticMeshCollectionActor_9666","PRESENT + RENDERED","Rendering map_audit: lightmapped",""
"props","StaticMeshCollectionActor_9666","PRESENT + RENDERED","Rendering map_audit: lightmapped",""
"props","StaticMeshCollectionActor_9666","PRESENT + RENDERED","Rendering map_audit: lightmapped",""
"props","StaticMeshCollectionActor_9666","PRESENT + RENDERED","Rendering map_audit: lightmapped",""
"props","StaticMeshCollectionActor_9666","PRESENT + RENDERED","Rendering map_audit: lightmapped",""
"props","StaticMeshCollectionActor_9666","PRESENT + RENDERED","Rendering map_audit: lightmapped",""
"props","StaticMeshCollectionActor_9666","PRESENT + RENDERED","Rendering map_audit: lightmapped",""
"props","StaticMeshCollectionActor_9666","PRESENT + RENDERED","Rendering map_audit: lightmapped",""
"props","StaticMeshCollectionActor_9666","PRESENT + RENDERED","Rendering map_audit: lightmapped",""
"props","StaticMeshCollectionActor_9666","PRESENT + RENDERED","Rendering map_audit: lightmapped",""
"props","StaticMeshCollectionActor_9666","PRESENT + RENDERED","Rendering map_audit: lightmapped",""
"props","StaticMeshCollectionActor_9818","PRESENT + RENDERED","Rendering map_audit: lightmapped",""
"props","StaticMeshCollectionActor_9818","PRESENT + RENDERED","Rendering map_audit: lightmapped",""
"props","StaticMeshCollectionActor_9818","PRESENT + RENDERED","Rendering map_audit: lightmapped",""
"props","StaticMeshCollectionActor_9818","PRESENT + RENDERED","Rendering map_audit: lightmapped",""
"props","StaticMeshCollectionActor_9818","PRESENT + RENDERED","Rendering map_audit: lightmapped",""
"props","StaticMeshCollectionActor_9818","PRESENT + RENDERED","Rendering map_audit: lightmapped",""
"props","StaticMeshCollectionActor_9818","PRESENT + RENDERED","Rendering map_audit: lightmapped",""
"props","StaticMeshCollectionActor_9818","PRESENT + RENDERED","Rendering map_audit: lightmapped",""
"props","StaticMeshCollectionActor_9818","PRESENT + RENDERED","Rendering map_audit: lightmapped",""
"props","StaticMeshCollectionActor_9818","PRESENT + RENDERED","Rendering map_audit: lightmapped",""
"props","StaticMeshCollectionActor_9818","PRESENT + RENDERED","Rendering map_audit: lightmapped",""
"props","StaticMeshCollectionActor_9818","PRESENT + RENDERED","Rendering map_audit: lightmapped",""
"movers","InterpActor_15874","PRESENT + RENDERED","Rendering map_audit: dynamic lighting (no authored lightmap)",""
"movers","InterpActor_3855","PRESENT + RENDERED","Rendering map_audit: dynamic lighting (no authored lightmap)",""
"movers","InterpActor_6165","PRESENT + RENDERED","Rendering map_audit: dynamic lighting (no authored lightmap)",""
"movers","InterpActor_7378","PRESENT + RENDERED","Rendering map_audit: dynamic lighting (no authored lightmap)",""
"movers","StaticInterpActor_10471","UNKNOWN","Rendering map_audit: material(s) not verifiable: ['ENV_GLB_EnvEffects_p.Material.LightVolumePurplish_MATINST']","Rendering"
"movers","StaticInterpActor_12825","UNKNOWN","Rendering map_audit: material(s) not verifiable: ['ENV_GLB_EnvEffects_p.Material.LightVolumePurplish_MATINST']","Rendering"
"movers","StaticInterpActor_13497","UNKNOWN","Rendering map_audit: material(s) not verifiable: ['ENV_GLB_EnvEffects_p.Material.LightVolumePurplish_MATINST']","Rendering"
"movers","StaticInterpActor_5249","PRESENT + RENDERED","Rendering map_audit: dynamic lighting (no authored lightmap)",""
"movers","StaticInterpActor_8037","PRESENT + RENDERED","Rendering map_audit: dynamic lighting (no authored lightmap)",""
"props","StaticMeshCollectionActor_4920","PRESENT + RENDERED","Rendering map_audit: dynamic lighting (no authored lightmap)",""
"prefabs","PrefabInstance_13376 (ENV_IAC_Deco_PFB_p.centerPlanterSmall)","PRESENT + RENDERED","container actor; 6/6 member meshes placed in world.glb",""
"prefabs","PrefabInstance_13683 (ENV_IAC_Deco_PFB_p.StackedCratesSmall_02)","PRESENT + RENDERED","container actor; 2/2 member meshes placed in world.glb",""
"prefabs","PrefabInstance_3563 (ENV_IAC_Deco_PFB_p.StackedCratesSmall_02)","PRESENT + RENDERED","container actor; 2/2 member meshes placed in world.glb",""
"prefabs","PrefabInstance_3784 (ENV_IAC_Deco_PFB_p.StackedCratesSmall)","PRESENT + RENDERED","container actor; 2/2 member meshes placed in world.glb",""
"prefabs","PrefabInstance_421 (ENV_IAC_Deco_PFB_p.GroundVentWithBSP)","PRESENT + RENDERED","container actor; 1/1 member meshes placed in world.glb",""
"prefabs","PrefabInstance_4340 (ENV_IAC_Deco_PFB_p.SteamVentFX)","NOT INSTANTIATED","container actor; 0/0 member meshes placed in world.glb; member emitter(s) Emitter_5707 not spawned (level emitters)","Systems"
"prefabs","PrefabInstance_4588 (ENV_IAC_Deco_PFB_p.StackedCratesSmall_02)","PRESENT + RENDERED","container actor; 2/2 member meshes placed in world.glb",""
"prefabs","PrefabInstance_4667 (ENV_IAC_Deco_PFB_p.StackedCratesSmall)","PRESENT + RENDERED","container actor; 2/2 member meshes placed in world.glb",""
"prefabs","PrefabInstance_4754 (ENV_IAC_Deco_PFB_p.StackedCratesSmall_02)","PRESENT + RENDERED","container actor; 2/2 member meshes placed in world.glb",""
"prefabs","PrefabInstance_4763 (ENV_IAC_Deco_PFB_p.StackedCratesSmall_02)","PRESENT + RENDERED","container actor; 2/2 member meshes placed in world.glb",""
"prefabs","PrefabInstance_5068 (ENV_IAC_Deco_PFB_p.StackedCratesSmall_02)","PRESENT + RENDERED","container actor; 2/2 member meshes placed in world.glb",""
"prefabs","PrefabInstance_5227 (ENV_IAC_Deco_PFB_p.StackedCratesSmall)","PRESENT + RENDERED","container actor; 2/2 member meshes placed in world.glb",""
"prefabs","PrefabInstance_5925 (ENV_IAC_Deco_PFB_p.StackedCratesSmall)","PRESENT + RENDERED","container actor; 2/2 member meshes placed in world.glb",""
"prefabs","PrefabInstance_7210 (ENV_IAC_Deco_PFB_p.StackedCratesSmall_02)","PRESENT + RENDERED","container actor; 2/2 member meshes placed in world.glb",""
"prefabs","PrefabInstance_7640 (ENV_IAC_Deco_PFB_p.StackedCratesSmall_02)","PRESENT + RENDERED","container actor; 2/2 member meshes placed in world.glb",""
"prefabs","PrefabInstance_8671 (ENV_IAC_Deco_PFB_p.StackedCrates3HighSmall)","PRESENT + RENDERED","container actor; 3/3 member meshes placed in world.glb",""
"decals","DecalActor_10664","PRESENT + RENDERED","Rendering map_audit; material ENV_NEU_landmarking_p.landmark_dcorner_clr_Mat",""
"decals","DecalActor_10905","PRESENT + RENDERED","Rendering map_audit; material ENV_NEU_landmarking_p.landmark_Dchevrons_clr_Mat",""
"decals","DecalActor_12141","PRESENT + RENDERED","Rendering map_audit; material ENV_NEU_landmarking_p.landmark_Dchevrons_clr_Mat",""
"decals","DecalActor_12169","PRESENT + RENDERED","Rendering map_audit; material ENV_NEU_landmarking_p.landmark_dcorner_clr_Mat",""
"decals","DecalActor_13242","PRESENT + RENDERED","Rendering map_audit; material ENV_NEU_landmarking_p.landmark_corner_clr_Mat",""
"decals","DecalActor_13247","PRESENT + RENDERED","Rendering map_audit; material ENV_NEU_landmarking_p.landmark_Dchevrons_clr_Mat",""
"decals","DecalActor_13536","PRESENT + RENDERED","Rendering map_audit; material ENV_NEU_landmarking_p.landmark_chevrons_clr_Mat",""
"decals","DecalActor_14026","PRESENT + RENDERED","Rendering map_audit; material ENV_NEU_landmarking_p.landmark_chevrons_clr_Mat",""
"decals","DecalActor_15889","PRESENT + RENDERED","Rendering map_audit; material ENV_NEU_landmarking_p.landmark_Dchevrons_clr_Mat",""
"decals","DecalActor_16116","PRESENT + RENDERED","Rendering map_audit; material ENV_NEU_landmarking_p.landmark_Dchevrons_clr_Mat",""
"decals","DecalActor_16345","PRESENT + RENDERED","Rendering map_audit; material ENV_NEU_landmarking_p.landmark_dcorner_clr_Mat",""
"decals","DecalActor_3728","PRESENT + RENDERED","Rendering map_audit; material ENV_NEU_landmarking_p.landmark_Dchevrons_clr_Mat",""
"decals","DecalActor_3833","PRESENT + RENDERED","Rendering map_audit; material ENV_NEU_landmarking_p.landmark_chevrons_clr_Mat",""
"decals","DecalActor_4000","PRESENT + RENDERED","Rendering map_audit; material ENV_NEU_landmarking_p.landmark_dcorner_clr_Mat",""
"decals","DecalActor_4080","PRESENT + RENDERED","Rendering map_audit; material ENV_NEU_landmarking_p.landmark_Dchevrons_clr_Mat",""
"decals","DecalActor_4738","PRESENT + RENDERED","Rendering map_audit; material ENV_NEU_landmarking_p.landmark_dcorner_clr_Mat",""
"decals","DecalActor_4889","PRESENT + RENDERED","Rendering map_audit; material ENV_NEU_landmarking_p.landmark_corner_clr_Mat",""
"decals","DecalActor_5489","PRESENT + RENDERED","Rendering map_audit; material ENV_NEU_landmarking_p.landmark_corner_clr_Mat",""
"decals","DecalActor_6829","PRESENT + RENDERED","Rendering map_audit; material ENV_NEU_landmarking_p.landmark_chevrons_clr_Mat",""
"decals","DecalActor_7209","PRESENT + RENDERED","Rendering map_audit; material ENV_NEU_landmarking_p.landmark_corner_clr_Mat",""
"decals","DecalActor_7830","PRESENT + RENDERED","Rendering map_audit; material ENV_NEU_landmarking_p.landmark_corner_clr_Mat",""
"decals","DecalActor_8128","PRESENT + RENDERED","Rendering map_audit; material ENV_NEU_landmarking_p.landmark_Dchevrons_clr_Mat",""
"decals","DecalActor_8851","PRESENT + RENDERED","Rendering map_audit; material ENV_NEU_landmarking_p.landmark_dcorner_clr_Mat",""
"decals","DecalActor_9681","PRESENT + RENDERED","Rendering map_audit; material ENV_NEU_landmarking_p.landmark_Dchevrons_clr_Mat",""
"decals","DecalActor_9957","PRESENT + RENDERED","Rendering map_audit; material ENV_NEU_landmarking_p.landmark_Dchevrons_clr_Mat",""
"level_emitters","Emitter_12994","NOT INSTANTIATED","Emitter ; Rendering map_audit","Systems"
"level_emitters","Emitter_13577","NOT INSTANTIATED","Emitter ; Rendering map_audit","Systems"
"level_emitters","Emitter_15801","NOT INSTANTIATED","Emitter ; Rendering map_audit","Systems"
"level_emitters","Emitter_5707","NOT INSTANTIATED","Emitter ; Rendering map_audit","Systems"
"level_emitters","Emitter_6309","NOT INSTANTIATED","Emitter ; Rendering map_audit","Systems"
"level_emitters","Emitter_7306","NOT INSTANTIATED","Emitter ; Rendering map_audit","Systems"
"level_emitters","Emitter_7338","NOT INSTANTIATED","Emitter ; Rendering map_audit","Systems"
"level_emitters","Emitter_8333","NOT INSTANTIATED","Emitter ; Rendering map_audit","Systems"
"pickup_fx","TnAmmoCratePickupFactory_10561","NOT INSTANTIATED","TnAmmoCratePickupFactory ; Rendering map_audit","Systems"
"pickup_fx","TnAmmoCratePickupFactory_12059","NOT INSTANTIATED","TnAmmoCratePickupFactory ; Rendering map_audit","Systems"
"pickup_fx","TnAmmoCratePickupFactory_12443","NOT INSTANTIATED","TnAmmoCratePickupFactory ; Rendering map_audit","Systems"
"pickup_fx","TnAmmoCratePickupFactory_13936","NOT INSTANTIATED","TnAmmoCratePickupFactory ; Rendering map_audit","Systems"
"pickup_fx","TnAmmoCratePickupFactory_14098","NOT INSTANTIATED","TnAmmoCratePickupFactory ; Rendering map_audit","Systems"
"pickup_fx","TnAmmoCratePickupFactory_15331","NOT INSTANTIATED","TnAmmoCratePickupFactory ; Rendering map_audit","Systems"
"pickup_fx","TnAmmoCratePickupFactory_1548","NOT INSTANTIATED","TnAmmoCratePickupFactory ; Rendering map_audit","Systems"
"pickup_fx","TnAmmoCratePickupFactory_15955","NOT INSTANTIATED","TnAmmoCratePickupFactory ; Rendering map_audit","Systems"
"pickup_fx","TnAmmoCratePickupFactory_2496","NOT INSTANTIATED","TnAmmoCratePickupFactory ; Rendering map_audit","Systems"
"pickup_fx","TnAmmoCratePickupFactory_3869","NOT INSTANTIATED","TnAmmoCratePickupFactory ; Rendering map_audit","Systems"
"pickup_fx","TnAmmoCratePickupFactory_4174","NOT INSTANTIATED","TnAmmoCratePickupFactory ; Rendering map_audit","Systems"
"pickup_fx","TnAmmoCratePickupFactory_5364","NOT INSTANTIATED","TnAmmoCratePickupFactory ; Rendering map_audit","Systems"
"pickup_fx","TnAmmoCratePickupFactory_6211","NOT INSTANTIATED","TnAmmoCratePickupFactory ; Rendering map_audit","Systems"
"pickup_fx","TnAmmoCratePickupFactory_7063","NOT INSTANTIATED","TnAmmoCratePickupFactory ; Rendering map_audit","Systems"
"pickup_fx","TnGameObjectivePickupFactoryBomb_7067","NOT INSTANTIATED","TnGameObjectivePickupFactoryBomb ; Rendering map_audit","Systems"
"pickup_fx","TnGameObjectivePickupFactoryFlag_3951","NOT INSTANTIATED","TnGameObjectivePickupFactoryFlag ; Rendering map_audit","Systems"
"pickup_fx","TnGameObjectivePickupFactoryFlag_9703","NOT INSTANTIATED","TnGameObjectivePickupFactoryFlag ; Rendering map_audit","Systems"
"pickup_fx","TnHealthPickupFactory_13806","NOT INSTANTIATED","TnHealthPickupFactory ; Rendering map_audit","Systems"
"pickup_fx","TnHealthPickupFactory_13806","NOT INSTANTIATED","TnHealthPickupFactory ; Rendering map_audit","Systems"
"pickup_fx","TnHealthPickupFactory_1394","NOT INSTANTIATED","TnHealthPickupFactory ; Rendering map_audit","Systems"
"pickup_fx","TnHealthPickupFactory_1394","NOT INSTANTIATED","TnHealthPickupFactory ; Rendering map_audit","Systems"
"pickup_fx","TnHealthPickupFactory_203","NOT INSTANTIATED","TnHealthPickupFactory ; Rendering map_audit","Systems"
"pickup_fx","TnHealthPickupFactory_203","NOT INSTANTIATED","TnHealthPickupFactory ; Rendering map_audit","Systems"
"pickup_fx","TnHealthPickupFactory_3460","NOT INSTANTIATED","TnHealthPickupFactory ; Rendering map_audit","Systems"
"pickup_fx","TnHealthPickupFactory_3460","NOT INSTANTIATED","TnHealthPickupFactory ; Rendering map_audit","Systems"
"pickup_fx","TnHealthPickupFactory_4550","NOT INSTANTIATED","TnHealthPickupFactory ; Rendering map_audit","Systems"
"pickup_fx","TnHealthPickupFactory_4550","NOT INSTANTIATED","TnHealthPickupFactory ; Rendering map_audit","Systems"
"pickup_fx","TnHealthPickupFactory_5657","NOT INSTANTIATED","TnHealthPickupFactory ; Rendering map_audit","Systems"
"pickup_fx","TnHealthPickupFactory_5657","NOT INSTANTIATED","TnHealthPickupFactory ; Rendering map_audit","Systems"
"pickup_fx","TnHealthPickupFactory_7385","NOT INSTANTIATED","TnHealthPickupFactory ; Rendering map_audit","Systems"
"pickup_fx","TnHealthPickupFactory_7385","NOT INSTANTIATED","TnHealthPickupFactory ; Rendering map_audit","Systems"
"pickup_fx","TnHealthPickupFactory_794","NOT INSTANTIATED","TnHealthPickupFactory ; Rendering map_audit","Systems"
"pickup_fx","TnHealthPickupFactory_794","NOT INSTANTIATED","TnHealthPickupFactory ; Rendering map_audit","Systems"
"pickup_fx","TnHealthPickupFactory_8854","NOT INSTANTIATED","TnHealthPickupFactory ; Rendering map_audit","Systems"
"pickup_fx","TnHealthPickupFactory_8854","NOT INSTANTIATED","TnHealthPickupFactory ; Rendering map_audit","Systems"
"pickup_fx","TnOverShieldPickupFactory_6009","NOT INSTANTIATED","TnOverShieldPickupFactory ; Rendering map_audit","Systems"
"pickup_fx","TnOverShieldPickupFactory_6009","NOT INSTANTIATED","TnOverShieldPickupFactory ; Rendering map_audit","Systems"
"pickups","TnAmmoCratePickupFactory x14","NOT INSTANTIATED","World spawns graybox placeholder pickups near the spawn instead of the authored factories (meshes + Pickup_FX)","Gameplay"
"pickups","TnHealthPickupFactory x9","NOT INSTANTIATED","World spawns graybox placeholder pickups near the spawn instead of the authored factories (meshes + Pickup_FX)","Gameplay"
"pickups","TnOverShieldPickupFactory x1","NOT INSTANTIATED","World spawns graybox placeholder pickups near the spawn instead of the authored factories (meshes + Pickup_FX)","Gameplay"
"pickups","TnGameObjectivePickupFactoryBomb x1","NOT INSTANTIATED","World spawns graybox placeholder pickups near the spawn instead of the authored factories (meshes + Pickup_FX)","Gameplay"
"pickups","TnGameObjectivePickupFactoryFlag x2","NOT INSTANTIATED","World spawns graybox placeholder pickups near the spawn instead of the authored factories (meshes + Pickup_FX)","Gameplay"
"destructibles","TnStaticDestructibleActor_14465","NOT INSTANTIATED","HmDestructibleComponent blueprint DES_IAC_WallPanelSignDSYS_p.WallPanelSign (1 piece); meshes exist in content/DES_IAC_WallPanelSign_p but the DSYS blueprint (piece->mesh, transform, state materials) is not exported","AssetTools/RE"
"lights","1 light components","PRESENT + RENDERED","runtime log: 268 lights (static contribution baked in lightmaps)",""
"lightmaps","lightmapped components","PRESENT + RENDERED","runtime log: 1973 lightmapped components bound",""
"fog","HeightFog","PRESENT + RENDERED","runtime log: fog on",""
"post_process","MP_Streets post-process (bloom/DOF/CLUT)","PRESENT + RENDERED","bloom 1 scale 0.10, DOF 1 far max 0.60 falloff 40000, CLUT ENV_MPCLUT_p.MP_Streets_CLUT",""
"reflections","material cubemap reflections","UNKNOWN","per-material: covered by Rendering's permutation check (verify_permutations.py); no separate runtime evidence","Rendering"
"lights","LightsVisibilitiesVolume","NOT INSTANTIATED","WFC LightsVisibilitiesVolume semantics not reverse-engineered; per-light raycasts used instead","Rendering"
"ambient_audio","AmbientSound_10000 (point)","NOT INSTANTIATED","cue BL_LVL_MP_IAC_STREETS.EMIT_FLOURESCENT_LIGHTS: none of its waves played in a 240-frame runtime capture at the spawn","Systems"
"ambient_audio","AmbientSound_10211 (point)","NOT INSTANTIATED","cue BL_LVL_MP_IAC_STREETS.EMIT_ENERGON_LIQUID_CRATERS: none of its waves played in a 240-frame runtime capture at the spawn","Systems"
"ambient_audio","AmbientSound_11810 (point)","NOT INSTANTIATED","cue BL_LVL_MP_IAC_STREETS.EMIT_FLOURESCENT_LIGHTS: none of its waves played in a 240-frame runtime capture at the spawn","Systems"
"ambient_audio","AmbientSound_11945 (point)","NOT INSTANTIATED","cue BL_LVL_MP_IAC_STREETS.EMIT_LAMP_POSTS: none of its waves played in a 240-frame runtime capture at the spawn","Systems"
"ambient_audio","AmbientSound_12281 (point)","NOT INSTANTIATED","cue BL_LVL_MP_IAC_STREETS.EMIT_LAMP_POSTS: none of its waves played in a 240-frame runtime capture at the spawn","Systems"
"ambient_audio","AmbientSound_12685 (point)","NOT INSTANTIATED","cue BL_LVL_MP_IAC_STREETS.EMIT_LAMP_POSTS: none of its waves played in a 240-frame runtime capture at the spawn","Systems"
"ambient_audio","AmbientSound_12743 (point)","NOT INSTANTIATED","cue BL_LVL_MP_IAC_STREETS.EMIT_LAMP_POSTS: none of its waves played in a 240-frame runtime capture at the spawn","Systems"
"ambient_audio","AmbientSound_1276 (point)","NOT INSTANTIATED","cue BL_LVL_MP_IAC_STREETS.EMIT_FLOOD_LIGHTS: none of its waves played in a 240-frame runtime capture at the spawn","Systems"
"ambient_audio","AmbientSound_1293 (point)","NOT INSTANTIATED","cue BL_LVL_MP_IAC_STREETS.EMIT_FLOURESCENT_LIGHTS: none of its waves played in a 240-frame runtime capture at the spawn","Systems"
"ambient_audio","AmbientSound_13452 (point)","NOT INSTANTIATED","cue BL_LVL_MP_IAC_STREETS.EMIT_FLOURESCENT_LIGHTS: none of its waves played in a 240-frame runtime capture at the spawn","Systems"
"ambient_audio","AmbientSound_13551 (point)","NOT INSTANTIATED","cue BL_LVL_MP_IAC_STREETS.EMIT_FLOURESCENT_LIGHTS: none of its waves played in a 240-frame runtime capture at the spawn","Systems"
"ambient_audio","AmbientSound_14079 (point)","NOT INSTANTIATED","cue BL_LVL_MP_IAC_STREETS.EMIT_FLOURESCENT_LIGHTS: none of its waves played in a 240-frame runtime capture at the spawn","Systems"
"ambient_audio","AmbientSound_14699 (point)","NOT INSTANTIATED","cue BL_LVL_MP_IAC_STREETS.EMIT_ENERGON_LIQUID_CRATERS: none of its waves played in a 240-frame runtime capture at the spawn","Systems"
"ambient_audio","AmbientSound_14945 (point)","NOT INSTANTIATED","cue BL_LVL_MP_IAC_STREETS.EMIT_ENERGON_LIQUID_CRATERS: none of its waves played in a 240-frame runtime capture at the spawn","Systems"
"ambient_audio","AmbientSound_15599 (point)","NOT INSTANTIATED","cue BL_LVL_MP_IAC_STREETS.EMIT_FLOOD_LIGHTS: none of its waves played in a 240-frame runtime capture at the spawn","Systems"
"ambient_audio","AmbientSound_15621 (point)","NOT INSTANTIATED","cue BL_LVL_MP_IAC_STREETS.EMIT_ENERGON_LIQUID_CRATERS: none of its waves played in a 240-frame runtime capture at the spawn","Systems"
"ambient_audio","AmbientSound_16039 (point)","NOT INSTANTIATED","cue BL_LVL_MP_IAC_STREETS.EMIT_LAMP_POSTS: none of its waves played in a 240-frame runtime capture at the spawn","Systems"
"ambient_audio","AmbientSound_16076 (point)","NOT INSTANTIATED","cue BL_LVL_MP_IAC_STREETS.EMIT_FLOURESCENT_LIGHTS: none of its waves played in a 240-frame runtime capture at the spawn","Systems"
"ambient_audio","AmbientSound_16129 (point)","NOT INSTANTIATED","cue BL_LVL_MP_IAC_STREETS.EMIT_FLOURESCENT_LIGHTS: none of its waves played in a 240-frame runtime capture at the spawn","Systems"
"ambient_audio","AmbientSound_16206 (point)","NOT INSTANTIATED","cue BL_LVL_MP_IAC_STREETS.EMIT_FLOOD_LIGHTS: none of its waves played in a 240-frame runtime capture at the spawn","Systems"
"ambient_audio","AmbientSound_230 (point)","NOT INSTANTIATED","cue BL_LVL_MP_IAC_STREETS.EMIT_COMPUTER_MONITOR_03: none of its waves played in a 240-frame runtime capture at the spawn","Systems"
"ambient_audio","AmbientSound_2618 (point)","NOT INSTANTIATED","cue BL_LVL_MP_IAC_STREETS.EMIT_ENERGON_LIQUID_CRATERS: none of its waves played in a 240-frame runtime capture at the spawn","Systems"
"ambient_audio","AmbientSound_2654 (point)","NOT INSTANTIATED","cue BL_LVL_MP_IAC_STREETS.EMIT_FLOURESCENT_LIGHTS: none of its waves played in a 240-frame runtime capture at the spawn","Systems"
"ambient_audio","AmbientSound_310 (point)","NOT INSTANTIATED","cue BL_LVL_MP_IAC_STREETS.EMIT_FLOURESCENT_LIGHTS: none of its waves played in a 240-frame runtime capture at the spawn","Systems"
"ambient_audio","AmbientSound_3421 (point)","NOT INSTANTIATED","cue BL_LVL_MP_IAC_STREETS.EMIT_FLOURESCENT_LIGHTS: none of its waves played in a 240-frame runtime capture at the spawn","Systems"
"ambient_audio","AmbientSound_3510 (point)","NOT INSTANTIATED","cue BL_LVL_MP_IAC_STREETS.EMIT_ENERGON_LIQUID_CRATERS: none of its waves played in a 240-frame runtime capture at the spawn","Systems"
"ambient_audio","AmbientSound_4147 (point)","NOT INSTANTIATED","cue BL_LVL_MP_IAC_STREETS.EMIT_ENERGON_LIQUID_CRATERS: none of its waves played in a 240-frame runtime capture at the spawn","Systems"
"ambient_audio","AmbientSound_469 (point)","NOT INSTANTIATED","cue BL_LVL_MP_IAC_STREETS.EMIT_LAMP_POSTS: none of its waves played in a 240-frame runtime capture at the spawn","Systems"
"ambient_audio","AmbientSound_5673 (point)","NOT INSTANTIATED","cue BL_LVL_MP_IAC_STREETS.EMIT_ENERGON_LIQUID_CRATERS: none of its waves played in a 240-frame runtime capture at the spawn","Systems"
"ambient_audio","AmbientSound_592 (point)","NOT INSTANTIATED","cue BL_LVL_MP_IAC_STREETS.EMIT_ENERGON_LIQUID_CRATERS: none of its waves played in a 240-frame runtime capture at the spawn","Systems"
"ambient_audio","AmbientSound_6002 (point)","NOT INSTANTIATED","cue BL_LVL_MP_IAC_STREETS.EMIT_ENERGON_LIQUID_CRATERS: none of its waves played in a 240-frame runtime capture at the spawn","Systems"
"ambient_audio","AmbientSound_6034 (point)","NOT INSTANTIATED","cue BL_LVL_MP_IAC_STREETS.EMIT_ENERGON_LIQUID_CRATERS: none of its waves played in a 240-frame runtime capture at the spawn","Systems"
"ambient_audio","AmbientSound_6979 (point)","NOT INSTANTIATED","cue BL_LVL_MP_IAC_STREETS.EMIT_FLOURESCENT_LIGHTS: none of its waves played in a 240-frame runtime capture at the spawn","Systems"
"ambient_audio","AmbientSound_7157 (point)","NOT INSTANTIATED","cue BL_LVL_MP_IAC_STREETS.EMIT_FLOOD_LIGHTS: none of its waves played in a 240-frame runtime capture at the spawn","Systems"
"ambient_audio","AmbientSound_756 (point)","NOT INSTANTIATED","cue BL_LVL_MP_IAC_STREETS.EMIT_ENERGON_LIQUID_CRATERS: none of its waves played in a 240-frame runtime capture at the spawn","Systems"
"ambient_audio","AmbientSound_7935 (point)","NOT INSTANTIATED","cue BL_LVL_MP_IAC_STREETS.EMIT_ENERGON_GENERATOR: none of its waves played in a 240-frame runtime capture at the spawn","Systems"
"ambient_audio","AmbientSound_9091 (point)","NOT INSTANTIATED","cue BL_LVL_MP_IAC_STREETS.EMIT_LAMP_POSTS: none of its waves played in a 240-frame runtime capture at the spawn","Systems"
"ambient_audio","AmbientSound_9364 (point)","NOT INSTANTIATED","cue BL_LVL_MP_IAC_STREETS.EMIT_FLOURESCENT_LIGHTS: none of its waves played in a 240-frame runtime capture at the spawn","Systems"
"ambient_audio","AmbientSound_9466 (point)","NOT INSTANTIATED","cue BL_LVL_MP_IAC_STREETS.EMIT_LAMP_POSTS: none of its waves played in a 240-frame runtime capture at the spawn","Systems"
"ambient_audio","AmbientSound_999 (point)","NOT INSTANTIATED","cue BL_LVL_MP_IAC_STREETS.EMIT_FLOOD_LIGHTS: none of its waves played in a 240-frame runtime capture at the spawn","Systems"
"ambient_audio","HmAmbientSoundLineEmitter_11302 (line)","NOT INSTANTIATED","cue BL_LVL_MP_IAC_STREETS.EMIT_COMPUTER_MONITOR_01: none of its waves played in a 240-frame runtime capture at the spawn","Systems"
"ambient_audio","HmAmbientSoundLineEmitter_14144 (line)","NOT INSTANTIATED","cue BL_LVL_MP_IAC_STREETS.EMIT_MAGMA_PIPE: none of its waves played in a 240-frame runtime capture at the spawn","Systems"
"ambient_audio","HmAmbientSoundLineEmitter_1520 (line)","NOT INSTANTIATED","cue BL_LVL_MP_IAC_STREETS.EMIT_METAL_LIQUID_PIPE: none of its waves played in a 240-frame runtime capture at the spawn","Systems"
"ambient_audio","HmAmbientSoundLineEmitter_1910 (line)","NOT INSTANTIATED","cue BL_LVL_MP_IAC_STREETS.EMIT_COMPUTER_MONITOR_01: none of its waves played in a 240-frame runtime capture at the spawn","Systems"
"ambient_audio","HmAmbientSoundLineEmitter_1951 (line)","NOT INSTANTIATED","cue BL_LVL_MP_IAC_STREETS.EMIT_COMPUTER_MONITOR_02: none of its waves played in a 240-frame runtime capture at the spawn","Systems"
"ambient_audio","HmAmbientSoundLineEmitter_2043 (line)","NOT INSTANTIATED","cue BL_LVL_MP_IAC_STREETS.EMIT_COMPUTER_MONITOR_01: none of its waves played in a 240-frame runtime capture at the spawn","Systems"
"ambient_audio","HmAmbientSoundLineEmitter_2175 (line)","NOT INSTANTIATED","cue BL_LVL_MP_IAC_STREETS.EMIT_MAGMA_PIPE: none of its waves played in a 240-frame runtime capture at the spawn","Systems"
"ambient_audio","HmAmbientSoundLineEmitter_3108 (line)","NOT INSTANTIATED","cue BL_LVL_MP_IAC_STREETS.EMIT_COMPUTER_MONITOR_01: none of its waves played in a 240-frame runtime capture at the spawn","Systems"
"ambient_audio","HmAmbientSoundLineEmitter_4460 (line)","NOT INSTANTIATED","cue BL_LVL_MP_IAC_STREETS.EMIT_LONG_SCREEN: none of its waves played in a 240-frame runtime capture at the spawn","Systems"
"ambient_audio","HmAmbientSoundLineEmitter_6637 (line)","NOT INSTANTIATED","cue BL_LVL_MP_IAC_STREETS.EMIT_COMPUTER_MONITOR_01: none of its waves played in a 240-frame runtime capture at the spawn","Systems"
"ambient_audio","HmAmbientSoundLineEmitter_7637 (line)","NOT INSTANTIATED","cue BL_LVL_MP_IAC_STREETS.EMIT_COMPUTER_MONITOR_02: none of its waves played in a 240-frame runtime capture at the spawn","Systems"
"ambient_audio","HmAmbientSoundLineEmitter_7893 (line)","NOT INSTANTIATED","cue BL_LVL_MP_IAC_STREETS.EMIT_COMPUTER_MONITOR_02: none of its waves played in a 240-frame runtime capture at the spawn","Systems"
"ambient_audio","HmAmbientSoundLineEmitter_8 (line)","NOT INSTANTIATED","cue BL_LVL_MP_IAC_STREETS.EMIT_HEAT_CORRIDOR: none of its waves played in a 240-frame runtime capture at the spawn","Systems"
"ambient_audio","HmAmbientSoundVolumeEmitter_11309 (volume)","NOT INSTANTIATED","cue BL_LVL_MP_IAC_STREETS.AMB_NEUTRAL_BASE: none of its waves played in a 240-frame runtime capture at the spawn","Systems"
"ambient_audio","HmAmbientSoundVolumeEmitter_11551 (volume)","NOT INSTANTIATED","cue BL_LVL_MP_IAC_STREETS.EMIT_ENERGON_VENTS: none of its waves played in a 240-frame runtime capture at the spawn","Systems"
"ambient_audio","HmAmbientSoundVolumeEmitter_11560 (volume)","NOT INSTANTIATED","cue BL_LVL_MP_IAC_STREETS.EMIT_ENERGON_VENTS: none of its waves played in a 240-frame runtime capture at the spawn","Systems"
"ambient_audio","HmAmbientSoundVolumeEmitter_1199 (volume)","NOT INSTANTIATED","cue BL_LVL_MP_IAC_STREETS.AMB_DECEPTICON_BASE: none of its waves played in a 240-frame runtime capture at the spawn","Systems"
"ambient_audio","HmAmbientSoundVolumeEmitter_13434 (volume)","NOT INSTANTIATED","cue BL_LVL_MP_IAC_STREETS.AMB_TRAIN_YARD: none of its waves played in a 240-frame runtime capture at the spawn","Systems"
"ambient_audio","HmAmbientSoundVolumeEmitter_13730 (volume)","NOT INSTANTIATED","cue BL_LVL_MP_IAC_STREETS.AMB_AUTO_FOYER: none of its waves played in a 240-frame runtime capture at the spawn","Systems"
"ambient_audio","HmAmbientSoundVolumeEmitter_2162 (volume)","NOT INSTANTIATED","cue BL_LVL_MP_IAC_STREETS.AMB_EXTERIOR: none of its waves played in a 240-frame runtime capture at the spawn","Systems"
"ambient_audio","HmAmbientSoundVolumeEmitter_2343 (volume)","NOT INSTANTIATED","cue BL_LVL_MP_IAC_STREETS.EMIT_SPINNING_GENERATORS: none of its waves played in a 240-frame runtime capture at the spawn","Systems"
"ambient_audio","HmAmbientSoundVolumeEmitter_2562 (volume)","NOT INSTANTIATED","cue BL_LVL_MP_IAC_STREETS.AMB_AUTO_CONTROL_ROOM: none of its waves played in a 240-frame runtime capture at the spawn","Systems"
"ambient_audio","HmAmbientSoundVolumeEmitter_4190 (volume)","NOT INSTANTIATED","cue BL_LVL_MP_IAC_STREETS.EMIT_FIRE_CHAMBER_LP: none of its waves played in a 240-frame runtime capture at the spawn","Systems"
"ambient_audio","HmAmbientSoundVolumeEmitter_4589 (volume)","NOT INSTANTIATED","cue BL_LVL_MP_IAC_STREETS.EMIT_ROTATING_MECH_GLOBES: none of its waves played in a 240-frame runtime capture at the spawn","Systems"
"ambient_audio","HmAmbientSoundVolumeEmitter_5491 (volume)","NOT INSTANTIATED","cue BL_LVL_MP_IAC_STREETS.EMIT_ROTATING_MECH_GLOBES: none of its waves played in a 240-frame runtime capture at the spawn","Systems"
"ambient_audio","HmAmbientSoundVolumeEmitter_5707 (volume)","NOT INSTANTIATED","cue BL_LVL_MP_IAC_STREETS.AMB_AUTO_MAGMA_CHAMBER: none of its waves played in a 240-frame runtime capture at the spawn","Systems"
"ambient_audio","HmAmbientSoundVolumeEmitter_6066 (volume)","NOT INSTANTIATED","cue BL_LVL_MP_IAC_STREETS.EMIT_ROTATING_MECH_GLOBES: none of its waves played in a 240-frame runtime capture at the spawn","Systems"
"ambient_audio","HmAmbientSoundVolumeEmitter_7880 (volume)","NOT INSTANTIATED","cue BL_LVL_MP_IAC_STREETS.EMIT_FIRE_CHAMBER_LP: none of its waves played in a 240-frame runtime capture at the spawn","Systems"
"ambient_audio","HmAmbientSoundVolumeEmitter_8509 (volume)","NOT INSTANTIATED","cue BL_LVL_MP_IAC_STREETS.EMIT_ENERGON_VENTS: none of its waves played in a 240-frame runtime capture at the spawn","Systems"
"ambient_audio","HmAmbientSoundVolumeEmitter_8887 (volume)","NOT INSTANTIATED","cue BL_LVL_MP_IAC_STREETS.EMIT_MONRAIL_IDLE_LP: none of its waves played in a 240-frame runtime capture at the spawn","Systems"
