step,t,x,y,z,vx,vy,vz,hspeed,yaw_deg,cam_yaw_deg,cam_pitch_deg,grounded,form,transforming,anim,anim_t,ammo,reserve,reloading,spread,shots,weapon_visible,reload_w,aim_w,aim_pitch_n,muzzle_x,muzzle_y,muzzle_z,move_form,progress,weapon_usable,weapon_restored,mesh_off_y,veh_driving,veh_ride,veh_dash,veh_dash_cd,veh_nitro,veh_nitro_cd,fine_aim,fov,cam_x,cam_y,cam_z,cam_focus_x,cam_focus_y,cam_focus_z,cam_fov,drawn_model,pose_delta,bb_min_x,bb_min_y,bb_min_z,bb_max_x,bb_max_y,bb_max_z,far_verts,far_max,partner_far_verts,partner_shown,arm_shown,hand_shrunk,robot_visible,vehicle_visible,com_h,pitch_deg,roll_deg,ang_x,ang_y,ang_z,contacts,spring_mean,rammed_remain
1,0.0167,0.0000,0.5500,0.0000,0.0000,0.2969,0.0000,0.0000,0.000,0.000,-8.594,1,VEHICLE,0,-,0.0000,50,150,0,0.0800,0,0,0.000,0.000,0.000,0.0000,0.0000,0.0000,1,1.0000,0,0,0.0000,0,0.0500,0.0000,0.0000,0.0000,0.0000,0,80.00,2.9761,4.1808,6.4911,0.0000,5.5500,0.0000,80.00,-1,-1.00000,0.000,0.000,0.000,0.000,0.000,0.000,0,0.00,0,0,0,0,0,0,0.6000,-0.000,0.000,-0.0000,0.0000,-0.0000,4,0.0500,0.000
2,0.0333,0.0000,0.5500,-0.0000,0.0000,0.0000,-0.0000,0.0000,0.000,0.000,-8.594,1,VEHICLE,0,-,0.0000,50,150,0,0.0800,0,0,0.000,0.000,0.000,0.0000,0.0000,0.0000,1,1.0000,0,0,0.0000,0,0.6000,0.0000,0.0000,0.0000,0.0000,0,80.00,2.9116,4.1958,6.5231,0.0000,5.5500,-0.0000,80.00,-1,-1.00000,0.000,0.000,0.000,0.000,0.000,0.000,0,0.00,0,0,0,0,0,0,0.6000,-0.000,0.000,-0.0000,0.0000,-0.0000,4,0.6000,0.000
3,0.0500,0.0000,0.5527,-0.0000,0.0000,0.1649,-0.0000,0.0000,0.000,0.000,-8.594,1,VEHICLE,0,-,0.0000,50,150,0,0.0800,0,0,0.000,0.000,0.000,0.0000,0.0000,0.0000,1,1.0000,0,0,0.0000,0,0.6000,0.0000,0.0000,0.0000,0.0000,0,80.00,2.8169,4.2205,6.5704,0.0000,5.5527,-0.0000,80.00,-1,-1.00000,0.000,0.000,0.000,0.000,0.000,0.000,0,0.00,0,0,0,0,0,0,0.6027,-0.000,0.000,-0.0000,0.0000,-0.0000,4,0.6000,0.000
4,0.0667,0.0000,0.5580,-0.0000,0.0000,0.3127,-0.0000,0.0000,0.000,0.000,-8.594,1,VEHICLE,0,-,0.0000,50,150,0,0.0800,0,0,0.000,0.000,0.000,0.0000,0.0000,0.0000,1,1.0000,0,0,0.0000,0,0.6027,0.0000,0.0000,0.0000,0.0000,0,80.00,2.7005,4.2527,6.6288,0.0000,5.5580,-0.0000,80.00,-1,-1.00000,0.000,0.000,0.000,0.000,0.000,0.000,0,0.00,0,0,0,0,0,0,0.6080,-0.000,0.000,-0.0000,0.0000,-0.0000,4,0.6027,0.000
5,0.0833,0.0000,0.5654,-0.0000,0.0000,0.4445,-0.0000,0.0000,0.000,0.000,-8.594,1,VEHICLE,0,-,0.0000,50,150,0,0.0800,0,0,0.000,0.000,0.000,0.0000,0.0000,0.0000,1,1.0000,0,0,0.0000,0,0.6080,0.0000,0.0000,0.0000,0.0000,0,80.00,2.5694,4.2906,6.6953,0.0000,5.5654,-0.0000,80.00,-1,-1.00000,0.000,0.000,0.000,0.000,0.000,0.000,0,0.00,0,0,0,0,0,0,0.6154,-0.000,0.000,-0.0000,0.0000,-0.0000,4,0.6080,0.000
6,0.1000,0.0000,0.5747,-0.0000,0.0000,0.5613,-0.0000,0.0000,0.000,0.000,-8.594,1,VEHICLE,0,-,0.0000,50,150,0,0.0800,0,0,0.000,0.000,0.000,0.0000,0.0000,0.0000,1,1.0000,0,0,0.0000,0,0.6154,0.0000,0.0000,0.0000,0.0000,0,80.00,2.4290,4.3326,6.7670,0.0000,5.5747,-0.0000,80.00,-1,-1.00000,0.000,0.000,0.000,0.000,0.000,0.000,0,0.00,0,0,0,0,0,0,0.6247,-0.000,0.000,-0.0000,0.0000,-0.0000,4,0.6154,0.000
7,0.1167,0.0000,0.5858,-0.0000,0.0000,0.6642,-0.0000,0.0000,0.000,0.000,-8.594,1,VEHICLE,0,-,0.0000,50,150,0,0.0800,0,0,0.000,0.000,0.000,0.0000,0.0000,0.0000,1,1.0000,0,0,0.0000,0,0.6247,0.0000,0.0000,0.0000,0.0000,0,80.00,2.2837,4.3775,6.8421,0.0000,5.5858,-0.0000,80.00,-1,-1.00000,0.000,0.000,0.000,0.000,0.000,0.000,0,0.00,0,0,0,0,0,0,0.6358,-0.000,0.000,-0.0000,0.0000,-0.0000,4,0.6247,0.000
8,0.1333,0.0000,0.5984,-0.0000,0.0000,0.7541,-0.0000,0.0000,0.000,0.000,-8.594,1,VEHICLE,0,-,0.0000,50,150,0,0.0800,0,0,0.000,0.000,0.000,0.0000,0.0000,0.0000,1,1.0000,0,0,0.0000,0,0.6358,0.0000,0.0000,0.0000,0.0000,0,80.00,2.1368,4.4243,6.9188,0.0000,5.5984,-0.0000,80.00,-1,-1.00000,0.000,0.000,0.000,0.000,0.000,0.000,0,0.00,0,0,0,0,0,0,0.6484,-0.000,0.000,-0.0000,0.0000,-0.0000,4,0.6358,0.000
9,0.1500,0.0000,0.6122,-0.0000,0.0000,0.8320,-0.0000,0.0000,0.000,0.000,-8.594,1,VEHICLE,0,-,0.0000,50,150,0,0.0800,0,0,0.000,0.000,0.000,0.0000,0.0000,0.0000,1,1.0000,0,0,0.0000,0,0.6484,0.0000,0.0000,0.0000,0.0000,0,80.00,1.9911,4.4722,6.9958,0.0000,5.6122,-0.0000,80.00,-1,-1.00000,0.000,0.000,0.000,0.000,0.000,0.000,0,0.00,0,0,0,0,0,0,0.6622,-0.000,0.000,-0.0000,0.0000,-0.0000,4,0.6484,0.000
10,0.1667,0.0000,0.6272,-0.0000,0.0000,0.8988,-0.0000,0.0000,0.000,0.000,-8.594,1,VEHICLE,0,-,0.0000,50,150,0,0.0800,0,0,0.000,0.000,0.000,0.0000,0.0000,0.0000,1,1.0000,0,0,0.0000,0,0.6622,0.0000,0.0000,0.0000,0.0000,0,80.00,1.8485,4.5206,7.0723,0.0000,5.6272,-0.0000,80.00,-1,-1.00000,0.000,0.000,0.000,0.000,0.000,0.000,0,0.00,0,0,0,0,0,0,0.6772,-0.000,0.000,-0.0000,0.0000,-0.0000,4,0.6622,0.000
11,0.1833,0.0000,0.6431,-0.0000,0.0000,0.9554,-0.0000,0.0000,0.000,0.000,-8.594,1,VEHICLE,0,-,0.0000,50,150,0,0.0800,0,0,0.000,0.000,0.000,0.0000,0.0000,0.0000,1,1.0000,0,0,0.0000,0,0.6772,0.0000,0.0000,0.0000,0.0000,0,80.00,1.7105,4.5688,7.1475,0.0000,5.6431,-0.0000,80.00,-1,-1.00000,0.000,0.000,0.000,0.000,0.000,0.000,0,0.00,0,0,0,0,0,0,0.6931,-0.000,0.000,-0.0000,0.0000,-0.0000,4,0.6772,0.000
12,0.2000,0.0000,0.6598,-0.0000,0.0000,1.0024,-0.0000,0.0000,0.000,0.000,-8.594,1,VEHICLE,0,-,0.0000,50,150,0,0.0800,0,0,0.000,0.000,0.000,0.0000,0.0000,0.0000,1,1.0000,0,0,0.0000,0,0.6931,0.0000,0.0000,0.0000,0.0000,0,80.00,1.5782,4.6166,7.2208,0.0000,5.6598,-0.0000,80.00,-1,-1.00000,0.000,0.000,0.000,0.000,0.000,0.000,0,0.00,0,0,0,0,0,0,0.7098,-0.000,0.000,-0.0000,0.0000,-0.0000,4,0.6931,0.000
13,0.2167,0.0000,0.6772,-0.0000,0.0000,1.0407,-0.0000,0.0000,0.000,0.000,-8.594,1,VEHICLE,0,-,0.0000,50,150,0,0.0800,0,0,0.000,0.000,0.000,0.0000,0.0000,0.0000,1,1.0000,0,0,0.0000,0,0.7098,0.0000,0.0000,0.0000,0.0000,0,80.00,1.4523,4.6636,7.2919,0.0000,5.6772,-0.0000,80.00,-1,-1.00000,0.000,0.000,0.000,0.000,0.000,0.000,0,0.00,0,0,0,0,0,0,0.7272,-0.000,0.000,-0.0000,0.0000,-0.0000,4,0.7098,0.000
14,0.2333,0.0000,0.6950,-0.0000,0.0000,1.0711,-0.0000,0.0000,0.000,0.000,-8.594,1,VEHICLE,0,-,0.0000,50,150,0,0.0800,0,0,0.000,0.000,0.000,0.0000,0.0000,0.0000,1,1.0000,0,0,0.0000,0,0.7272,0.0000,0.0000,0.0000,0.0000,0,80.00,1.3333,4.7095,7.3606,0.0000,5.6950,-0.0000,80.00,-1,-1.00000,0.000,0.000,0.000,0.000,0.000,0.000,0,0.00,0,0,0,0,0,0,0.7450,-0.000,0.000,-0.0000,0.0000,-0.0000,4,0.7272,0.000
15,0.2500,0.0000,0.7133,-0.0000,0.0000,1.0941,-0.0000,0.0000,0.000,0.000,-8.594,1,VEHICLE,0,-,0.0000,50,150,0,0.0800,0,0,0.000,0.000,0.000,0.0000,0.0000,0.0000,1,1.0000,0,0,0.0000,0,0.7450,0.0000,0.0000,0.0000,0.0000,0,80.00,1.2213,4.7542,7.4266,0.0000,5.7133,-0.0000,80.00,-1,-1.00000,0.000,0.000,0.000,0.000,0.000,0.000,0,0.00,0,0,0,0,0,0,0.7633,-0.000,0.000,0.0000,0.0000,-0.0000,4,0.7450,0.000
16,0.2667,0.0000,0.7318,-0.0000,0.0000,1.1105,-0.0000,0.0000,0.000,0.000,-8.594,1,VEHICLE,0,-,0.0000,50,150,0,0.0800,0,0,0.000,0.000,0.000,0.0000,0.0000,0.0000,1,1.0000,0,0,0.0000,0,0.7633,0.0000,0.0000,0.0000,0.0000,0,80.00,1.1166,4.7976,7.4900,0.0000,5.7318,-0.0000,80.00,-1,-1.00000,0.000,0.000,0.000,0.000,0.000,0.000,0,0.00,0,0,0,0,0,0,0.7818,-0.000,0.000,0.0000,-0.0000,-0.0000,4,0.7633,0.000
17,0.2833,0.0000,0.7505,-0.0000,0.0000,1.1207,-0.0000,0.0000,0.000,0.000,-8.594,1,VEHICLE,0,-,0.0000,50,150,0,0.0800,0,0,0.000,0.000,0.000,0.0000,0.0000,0.0000,1,1.0000,0,0,0.0000,0,0.7818,0.0000,0.0000,0.0000,0.0000,0,80.00,1.0190,4.8395,7.5508,0.0000,5.7505,-0.0000,80.00,-1,-1.00000,0.000,0.000,0.000,0.000,0.000,0.000,0,0.00,0,0,0,0,0,0,0.8005,-0.000,0.000,-0.0000,0.0000,-0.0000,4,0.7818,0.000
18,0.3000,0.0000,0.7692,-0.0000,0.0000,1.1255,-0.0000,0.0000,0.000,0.000,-8.594,1,VEHICLE,0,-,0.0000,50,150,0,0.0800,0,0,0.000,0.000,0.000,0.0000,0.0000,0.0000,1,1.0000,0,0,0.0000,0,0.8005,0.0000,0.0000,0.0000,0.0000,0,80.00,0.9283,4.8799,7.6090,0.0000,5.7692,-0.0000,80.00,-1,-1.00000,0.000,0.000,0.000,0.000,0.000,0.000,0,0.00,0,0,0,0,0,0,0.8192,-0.000,0.000,0.0000,-0.0000,-0.0000,4,0.8005,0.000
19,0.3167,0.0000,0.7880,-0.0000,0.0000,1.1253,-0.0000,0.0000,0.000,0.000,-8.594,1,VEHICLE,0,-,0.0000,50,150,0,0.0800,0,0,0.000,0.000,0.000,0.0000,0.0000,0.0000,1,1.0000,0,0,0.0000,0,0.8192,0.0000,0.0000,0.0000,0.0000,0,80.00,0.8445,4.9188,7.6646,0.0000,5.7880,-0.0000,80.00,-1,-1.00000,0.000,0.000,0.000,0.000,0.000,0.000,0,0.00,0,0,0,0,0,0,0.8380,-0.000,0.000,-0.0000,-0.0000,-0.0000,4,0.8192,0.000
20,0.3333,0.0000,0.8066,-0.0000,0.0000,1.1206,-0.0000,0.0000,0.000,0.000,-8.594,1,VEHICLE,0,-,0.0000,50,150,0,0.0800,0,0,0.000,0.000,0.000,0.0000,0.0000,0.0000,1,1.0000,0,0,0.0000,0,0.8380,0.0000,0.0000,0.0000,0.0000,0,80.00,0.7671,4.9562,7.7178,0.0000,5.8066,-0.0000,80.00,-1,-1.00000,0.000,0.000,0.000,0.000,0.000,0.000,0,0.00,0,0,0,0,0,0,0.8566,-0.000,0.000,0.0000,-0.0000,-0.0000,4,0.8380,0.000
21,0.3500,0.0000,0.8252,-0.0000,0.0000,1.1118,-0.0000,0.0000,0.000,0.000,-8.594,1,VEHICLE,0,-,0.0000,50,150,0,0.0800,0,0,0.000,0.000,0.000,0.0000,0.0000,0.0000,1,1.0000,0,0,0.0000,0,0.8566,0.0000,0.0000,0.0000,0.0000,0,80.00,0.6959,4.9920,7.7687,0.0000,5.8252,-0.0000,80.00,-1,-1.00000,0.000,0.000,0.000,0.000,0.000,0.000,0,0.00,0,0,0,0,0,0,0.8752,-0.000,0.000,-0.0000,0.0000,-0.0000,4,0.8566,0.000
22,0.3667,0.0000,0.8435,-0.0000,0.0000,1.0996,-0.0000,0.0000,0.000,0.000,-8.594,1,VEHICLE,0,-,0.0000,50,150,0,0.0800,0,0,0.000,0.000,0.000,0.0000,0.0000,0.0000,1,1.0000,0,0,0.0000,0,0.8752,0.0000,0.0000,0.0000,0.0000,0,80.00,0.6305,5.0263,7.8175,0.0000,5.8435,-0.0000,80.00,-1,-1.00000,0.000,0.000,0.000,0.000,0.000,0.000,0,0.00,0,0,0,0,0,0,0.8935,-0.000,0.000,0.0000,-0.0000,-0.0000,4,0.8752,0.000
23,0.3833,0.0000,0.8616,-0.0000,0.0000,1.0841,-0.0000,0.0000,0.000,0.000,-8.594,1,VEHICLE,0,-,0.0000,50,150,0,0.0800,0,0,0.000,0.000,0.000,0.0000,0.0000,0.0000,1,1.0000,0,0,0.0000,0,0.8935,0.0000,0.0000,0.0000,0.0000,0,80.00,0.5706,5.0591,7.8642,0.0000,5.8616,-0.0000,80.00,-1,-1.00000,0.000,0.000,0.000,0.000,0.000,0.000,0,0.00,0,0,0,0,0,0,0.9116,-0.000,0.000,-0.0000,-0.0000,-0.0000,4,0.8935,0.000
24,0.4000,0.0000,0.8793,-0.0000,0.0000,1.0659,-0.0000,0.0000,0.000,0.000,-8.594,1,VEHICLE,0,-,0.0000,50,150,0,0.0800,0,0,0.000,0.000,0.000,0.0000,0.0000,0.0000,1,1.0000,0,0,0.0000,0,0.9116,0.0000,0.0000,0.0000,0.0000,0,80.00,0.5158,5.0905,7.9091,0.0000,5.8793,-0.0000,80.00,-1,-1.00000,0.000,0.000,0.000,0.000,0.000,0.000,0,0.00,0,0,0,0,0,0,0.9293,-0.000,0.000,0.0000,-0.0000,-0.0000,4,0.9116,0.000
25,0.4167,0.0000,0.8968,-0.0000,0.0000,1.0452,-0.0000,0.0000,0.000,0.000,-8.594,1,VEHICLE,0,-,0.0000,50,150,0,0.0800,0,0,0.000,0.000,0.000,0.0000,0.0000,0.0000,1,1.0000,0,0,0.0000,0,0.9293,0.0000,0.0000,0.0000,0.0000,0,80.00,0.4659,5.1204,7.9522,0.0000,5.8968,-0.0000,80.00,-1,-1.00000,0.000,0.000,0.000,0.000,0.000,0.000,0,0.00,0,0,0,0,0,0,0.9468,-0.000,0.000,-0.0000,-0.0000,-0.0000,4,0.9293,0.000
26,0.4333,0.0000,0.9138,-0.0000,0.0000,1.0224,-0.0000,0.0000,0.000,0.000,-8.594,1,VEHICLE,0,-,0.0000,50,150,0,0.0800,0,0,0.000,0.000,0.000,0.0000,0.0000,0.0000,1,1.0000,0,0,0.0000,0,0.9468,0.0000,0.0000,0.0000,0.0000,0,80.00,0.4203,5.1490,7.9937,0.0000,5.9138,-0.0000,80.00,-1,-1.00000,0.000,0.000,0.000,0.000,0.000,0.000,0,0.00,0,0,0,0,0,0,0.9638,-0.000,0.000,-0.0000,0.0000,-0.0000,4,0.9468,0.000
27,0.4500,0.0000,0.9304,-0.0000,0.0000,0.9978,-0.0000,0.0000,0.000,0.000,-8.594,1,VEHICLE,0,-,0.0000,50,150,0,0.0800,0,0,0.000,0.000,0.000,0.0000,0.0000,0.0000,1,1.0000,0,0,0.0000,0,0.9638,0.0000,0.0000,0.0000,0.0000,0,80.00,0.3789,5.1762,8.0337,0.0000,5.9304,-0.0000,80.00,-1,-1.00000,0.000,0.000,0.000,0.000,0.000,0.000,0,0.00,0,0,0,0,0,0,0.9804,-0.000,0.000,0.0000,-0.0000,-0.0000,4,0.9638,0.000
28,0.4667,0.0000,0.9466,-0.0000,0.0000,0.9716,-0.0000,0.0000,0.000,0.000,-8.594,1,VEHICLE,0,-,0.0000,50,150,0,0.0800,0,0,0.000,0.000,0.000,0.0000,0.0000,0.0000,1,1.0000,0,0,0.0000,0,0.9804,0.0000,0.0000,0.0000,0.0000,0,80.00,0.3413,5.2021,8.0724,0.0000,5.9466,-0.0000,80.00,-1,-1.00000,0.000,0.000,0.000,0.000,0.000,0.000,0,0.00,0,0,0,0,0,0,0.9966,-0.000,0.000,0.0000,0.0000,-0.0000,4,0.9804,0.000
29,0.4833,0.0000,0.9624,-0.0000,0.0000,0.9442,-0.0000,0.0000,0.000,0.000,-8.594,1,VEHICLE,0,-,0.0000,50,150,0,0.0800,0,0,0.000,0.000,0.000,0.0000,0.0000,0.0000,1,1.0000,0,0,0.0000,0,0.9966,0.0000,0.0000,0.0000,0.0000,0,80.00,0.3072,5.2268,8.1099,0.0000,5.9624,-0.0000,80.00,-1,-1.00000,0.000,0.000,0.000,0.000,0.000,0.000,0,0.00,0,0,0,0,0,0,1.0124,-0.000,0.000,-0.0000,0.0000,-0.0000,4,0.9966,0.000
30,0.5000,0.0000,0.9776,-0.0000,0.0000,0.9158,-0.0000,0.0000,0.000,0.000,-8.594,1,VEHICLE,0,-,0.0000,50,150,0,0.0800,0,0,0.000,0.000,0.000,0.0000,0.0000,0.0000,1,1.0000,0,0,0.0000,0,1.0124,0.0000,0.0000,0.0000,0.0000,0,80.00,0.2762,5.2502,8.1463,0.0000,5.9776,-0.0000,80.00,-1,-1.00000,0.000,0.000,0.000,0.000,0.000,0.000,0,0.00,0,0,0,0,0,0,1.0276,-0.000,0.000,-0.0000,0.0000,-0.0000,4,1.0124,0.000
31,0.5167,0.0000,0.9924,-0.0000,0.0000,0.8865,-0.0000,0.0000,0.000,0.000,-8.594,1,VEHICLE,0,-,0.0000,50,150,0,0.0800,0,0,0.000,0.000,0.000,0.0000,0.0000,0.0000,1,1.0000,0,0,0.0000,0,1.0276,0.0000,0.0000,0.0000,0.0000,0,80.00,0.2482,5.2726,8.1816,0.0000,5.9924,-0.0000,80.00,-1,-1.00000,0.000,0.000,0.000,0.000,0.000,0.000,0,0.00,0,0,0,0,0,0,1.0424,-0.000,0.000,-0.0000,0.0000,-0.0000,4,1.0276,0.000
32,0.5333,0.0000,1.0067,-0.0000,0.0000,0.8566,-0.0000,0.0000,0.000,0.000,-8.594,1,VEHICLE,0,-,0.0000,50,150,0,0.0800,0,0,0.000,0.000,0.000,0.0000,0.0000,0.0000,1,1.0000,0,0,0.0000,0,1.0424,0.0000,0.0000,0.0000,0.0000,0,80.00,0.2229,5.2938,8.2160,0.0000,6.0067,-0.0000,80.00,-1,-1.00000,0.000,0.000,0.000,0.000,0.000,0.000,0,0.00,0,0,0,0,0,0,1.0567,-0.000,0.000,-0.0000,0.0000,-0.0000,4,1.0424,0.000
33,0.5500,0.0000,1.0204,-0.0000,0.0000,0.8263,-0.0000,0.0000,0.000,0.000,-8.594,1,VEHICLE,0,-,0.0000,50,150,0,0.0800,0,0,0.000,0.000,0.000,0.0000,0.0000,0.0000,1,1.0000,0,0,0.0000,0,1.0567,0.0000,0.0000,0.0000,0.0000,0,80.00,0.2001,5.3140,8.2496,0.0000,6.0204,-0.0000,80.00,-1,-1.00000,0.000,0.000,0.000,0.000,0.000,0.000,0,0.00,0,0,0,0,0,0,1.0704,-0.000,0.000,0.0000,0.0000,-0.0000,4,1.0567,0.000
34,0.5667,0.0000,1.0337,-0.0000,0.0000,0.7957,-0.0000,0.0000,0.000,0.000,-8.594,1,VEHICLE,0,-,0.0000,50,150,0,0.0800,0,0,0.000,0.000,0.000,0.0000,0.0000,0.0000,1,1.0000,0,0,0.0000,0,1.0704,0.0000,0.0000,0.0000,0.0000,0,80.00,0.1795,5.3332,8.2824,0.0000,6.0337,-0.0000,80.00,-1,-1.00000,0.000,0.000,0.000,0.000,0.000,0.000,0,0.00,0,0,0,0,0,0,1.0837,-0.000,0.000,-0.0000,-0.0000,-0.0000,4,1.0704,0.000
35,0.5833,0.0000,1.0465,-0.0000,0.0000,0.7650,-0.0000,0.0000,0.000,0.000,-8.594,1,VEHICLE,0,-,0.0000,50,150,0,0.0800,0,0,0.000,0.000,0.000,0.0000,0.0000,0.0000,1,1.0000,0,0,0.0000,0,1.0837,0.0000,0.0000,0.0000,0.0000,0,80.00,0.1609,5.3514,8.3145,0.0000,6.0465,-0.0000,80.00,-1,-1.00000,0.000,0.000,0.000,0.000,0.000,0.000,0,0.00,0,0,0,0,0,0,1.0965,-0.000,0.000,0.0000,0.0000,-0.0000,4,1.0837,0.000
36,0.6000,0.0000,1.0587,-0.0000,0.0000,0.7343,-0.0000,0.0000,0.000,0.000,-8.594,1,VEHICLE,0,-,0.0000,50,150,0,0.0800,0,0,0.000,0.000,0.000,0.0000,0.0000,0.0000,1,1.0000,0,0,0.0000,0,1.0965,0.0000,0.0000,0.0000,0.0000,0,80.00,0.1441,5.3687,8.3460,0.0000,6.0587,-0.0000,80.00,-1,-1.00000,0.000,0.000,0.000,0.000,0.000,0.000,0,0.00,0,0,0,0,0,0,1.1087,-0.000,0.000,0.0000,0.0000,-0.0000,4,1.0965,0.000
37,0.6167,0.0000,1.0704,-0.0000,0.0000,0.7037,-0.0000,0.0000,0.000,0.000,-8.594,1,VEHICLE,0,-,0.0000,50,150,0,0.0800,0,0,0.000,0.000,0.000,0.0000,0.0000,0.0000,1,1.0000,0,0,0.0000,0,1.1087,0.0000,0.0000,0.0000,0.0000,0,80.00,0.1291,5.3851,8.3769,0.0000,6.0704,-0.0000,80.00,-1,-1.00000,0.000,0.000,0.000,0.000,0.000,0.000,0,0.00,0,0,0,0,0,0,1.1204,-0.000,0.000,-0.0000,-0.0000,-0.0000,4,1.1087,0.000
38,0.6333,0.0000,1.0816,-0.0000,0.0000,0.6734,-0.0000,0.0000,0.000,0.000,-8.594,1,VEHICLE,0,-,0.0000,50,150,0,0.0800,0,0,0.000,0.000,0.000,0.0000,0.0000,0.0000,1,1.0000,0,0,0.0000,0,1.1204,0.0000,0.0000,0.0000,0.0000,0,80.00,0.1155,5.4006,8.4073,0.0000,6.0816,-0.0000,80.00,-1,-1.00000,0.000,0.000,0.000,0.000,0.000,0.000,0,0.00,0,0,0,0,0,0,1.1316,-0.000,0.000,-0.0000,0.0000,-0.0000,4,1.1204,0.000
39,0.6500,0.0000,1.0924,-0.0000,0.0000,0.6434,-0.0000,0.0000,0.000,0.000,-8.594,1,VEHICLE,0,-,0.0000,50,150,0,0.0800,0,0,0.000,0.000,0.000,0.0000,0.0000,0.0000,1,1.0000,0,0,0.0000,0,1.1316,0.0000,0.0000,0.0000,0.0000,0,80.00,0.1033,5.4153,8.4373,0.0000,6.0924,-0.0000,80.00,-1,-1.00000,0.000,0.000,0.000,0.000,0.000,0.000,0,0.00,0,0,0,0,0,0,1.1424,-0.000,0.000,-0.0000,0.0000,-0.0000,4,1.1316,0.000
40,0.6667,0.0000,1.1026,-0.0000,0.0000,0.6138,-0.0000,0.0000,0.000,0.000,-8.594,1,VEHICLE,0,-,0.0000,50,150,0,0.0800,0,0,0.000,0.000,0.000,0.0000,0.0000,0.0000,1,1.0000,0,0,0.0000,0,1.1424,0.0000,0.0000,0.0000,0.0000,0,80.00,0.0924,5.4293,8.4668,0.0000,6.1026,-0.0000,80.00,-1,-1.00000,0.000,0.000,0.000,0.000,0.000,0.000,0,0.00,0,0,0,0,0,0,1.1526,-0.000,0.000,0.0000,-0.0000,-0.0000,4,1.1424,0.000
41,0.6833,0.0000,1.1123,-0.0000,0.0000,0.5848,-0.0000,0.0000,0.000,0.000,-8.594,1,VEHICLE,0,-,0.0000,50,150,0,0.0800,0,0,0.000,0.000,0.000,0.0000,0.0000,0.0000,1,1.0000,0,0,0.0000,0,1.1526,0.0000,0.0000,0.0000,0.0000,0,80.00,0.0826,5.4425,8.4959,0.0000,6.1123,-0.0000,80.00,-1,-1.00000,0.000,0.000,0.000,0.000,0.000,0.000,0,0.00,0,0,0,0,0,0,1.1623,-0.000,0.000,-0.0000,0.0000,-0.0000,4,1.1526,0.000
42,0.7000,0.0000,1.1216,-0.0000,0.0000,0.5563,-0.0000,0.0000,0.000,0.000,-8.594,1,VEHICLE,0,-,0.0000,50,150,0,0.0800,0,0,0.000,0.000,0.000,0.0000,0.0000,0.0000,1,1.0000,0,0,0.0000,0,1.1623,0.0000,0.0000,0.0000,0.0000,0,80.00,0.0738,5.4551,8.5246,0.0000,6.1216,-0.0000,80.00,-1,-1.00000,0.000,0.000,0.000,0.000,0.000,0.000,0,0.00,0,0,0,0,0,0,1.1716,-0.000,0.000,-0.0000,-0.0000,-0.0000,4,1.1623,0.000
43,0.7167,0.0000,1.1304,-0.0000,0.0000,0.5284,-0.0000,0.0000,0.000,0.000,-8.594,1,VEHICLE,0,-,0.0000,50,150,0,0.0800,0,0,0.000,0.000,0.000,0.0000,0.0000,0.0000,1,1.0000,0,0,0.0000,0,1.1716,0.0000,0.0000,0.0000,0.0000,0,80.00,0.0659,5.4669,8.5529,0.0000,6.1304,-0.0000,80.00,-1,-1.00000,0.000,0.000,0.000,0.000,0.000,0.000,0,0.00,0,0,0,0,0,0,1.1804,-0.000,0.000,-0.0000,-0.0000,-0.0000,4,1.1716,0.000
44,0.7333,0.0000,1.1388,-0.0000,0.0000,0.5012,-0.0000,0.0000,0.000,0.000,-8.594,1,VEHICLE,0,-,0.0000,50,150,0,0.0800,0,0,0.000,0.000,0.000,0.0000,0.0000,0.0000,1,1.0000,0,0,0.0000,0,1.1804,0.0000,0.0000,0.0000,0.0000,0,80.00,0.0588,5.4782,8.5810,0.0000,6.1388,-0.0000,80.00,-1,-1.00000,0.000,0.000,0.000,0.000,0.000,0.000,0,0.00,0,0,0,0,0,0,1.1888,-0.000,0.000,-0.0000,0.0000,-0.0000,4,1.1804,0.000
45,0.7500,0.0000,1.1467,-0.0000,0.0000,0.4747,-0.0000,0.0000,0.000,0.000,-8.594,1,VEHICLE,0,-,0.0000,50,150,0,0.0800,0,0,0.000,0.000,0.000,0.0000,0.0000,0.0000,1,1.0000,0,0,0.0000,0,1.1888,0.0000,0.0000,0.0000,0.0000,0,80.00,0.0525,5.4888,8.6087,0.0000,6.1467,-0.0000,80.00,-1,-1.00000,0.000,0.000,0.000,0.000,0.000,0.000,0,0.00,0,0,0,0,0,0,1.1967,-0.000,0.000,0.0000,0.0000,-0.0000,4,1.1888,0.000
46,0.7667,0.0000,1.1542,-0.0000,0.0000,0.4490,-0.0000,0.0000,0.000,0.000,-8.594,1,VEHICLE,0,-,0.0000,50,150,0,0.0800,0,0,0.000,0.000,0.000,0.0000,0.0000,0.0000,1,1.0000,0,0,0.0000,0,1.1967,0.0000,0.0000,0.0000,0.0000,0,80.00,0.0468,5.4988,8.6360,0.0000,6.1542,-0.0000,80.00,-1,-1.00000,0.000,0.000,0.000,0.000,0.000,0.000,0,0.00,0,0,0,0,0,0,1.2042,-0.000,0.000,-0.0000,-0.0000,-0.0000,4,1.1967,0.000
47,0.7833,0.0000,1.1612,-0.0000,0.0000,0.4240,-0.0000,0.0000,0.000,0.000,-8.594,1,VEHICLE,0,-,0.0000,50,150,0,0.0800,0,0,0.000,0.000,0.000,0.0000,0.0000,0.0000,1,1.0000,0,0,0.0000,0,1.2042,0.0000,0.0000,0.0000,0.0000,0,80.00,0.0417,5.5083,8.6631,0.0000,6.1612,-0.0000,80.00,-1,-1.00000,0.000,0.000,0.000,0.000,0.000,0.000,0,0.00,0,0,0,0,0,0,1.2112,-0.000,0.000,-0.0000,0.0000,-0.0000,4,1.2042,0.000
48,0.8000,0.0000,1.1679,-0.0000,0.0000,0.3999,-0.0000,0.0000,0.000,0.000,-8.594,1,VEHICLE,0,-,0.0000,50,150,0,0.0800,0,0,0.000,0.000,0.000,0.0000,0.0000,0.0000,1,1.0000,0,0,0.0000,0,1.2112,0.0000,0.0000,0.0000,0.0000,0,80.00,0.0372,5.5172,8.6899,0.0000,6.1679,-0.0000,80.00,-1,-1.00000,0.000,0.000,0.000,0.000,0.000,0.000,0,0.00,0,0,0,0,0,0,1.2179,-0.000,0.000,-0.0000,0.0000,-0.0000,4,1.2112,0.000
49,0.8167,0.0000,1.1742,-0.0000,0.0000,0.3765,-0.0000,0.0000,0.000,0.000,-8.594,1,VEHICLE,0,-,0.0000,50,150,0,0.0800,0,0,0.000,0.000,0.000,0.0000,0.0000,0.0000,1,1.0000,0,0,0.0000,0,1.2179,0.0000,0.0000,0.0000,0.0000,0,80.00,0.0332,5.5256,8.7164,0.0000,6.1742,-0.0000,80.00,-1,-1.00000,0.000,0.000,0.000,0.000,0.000,0.000,0,0.00,0,0,0,0,0,0,1.2242,-0.000,0.000,-0.0000,-0.0000,-0.0000,4,1.2179,0.000
50,0.8333,0.0000,1.1801,-0.0000,0.0000,0.3540,-0.0000,0.0000,0.000,0.000,-8.594,1,VEHICLE,0,-,0.0000,50,150,0,0.0800,0,0,0.000,0.000,0.000,0.0000,0.0000,0.0000,1,1.0000,0,0,0.0000,0,1.2242,0.0000,0.0000,0.0000,0.0000,0,80.00,0.0295,5.5336,8.7425,0.0000,6.1801,-0.0000,80.00,-1,-1.00000,0.000,0.000,0.000,0.000,0.000,0.000,0,0.00,0,0,0,0,0,0,1.2301,-0.000,0.000,0.0000,-0.0000,-0.0000,4,1.2242,0.000
51,0.8500,0.0000,1.1856,-0.0000,0.0000,0.3323,-0.0000,0.0000,0.000,0.000,-8.594,1,VEHICLE,0,-,0.0000,50,150,0,0.0800,0,0,0.000,0.000,0.000,0.0000,0.0000,0.0000,1,1.0000,0,0,0.0000,0,1.2301,0.0000,0.0000,0.0000,0.0000,0,80.00,0.0263,5.5411,8.7684,0.0000,6.1856,-0.0000,80.00,-1,-1.00000,0.000,0.000,0.000,0.000,0.000,0.000,0,0.00,0,0,0,0,0,0,1.2356,-0.000,0.000,-0.0000,0.0000,-0.0000,4,1.2301,0.000
52,0.8667,0.0000,1.1908,-0.0000,0.0000,0.3115,-0.0000,0.0000,0.000,0.000,-8.594,1,VEHICLE,0,-,0.0000,50,150,0,0.0800,0,0,0.000,0.000,0.000,0.0000,0.0000,0.0000,1,1.0000,0,0,0.0000,0,1.2356,0.0000,0.0000,0.0000,0.0000,0,80.00,0.0234,5.5482,8.7940,0.0000,6.1908,-0.0000,80.00,-1,-1.00000,0.000,0.000,0.000,0.000,0.000,0.000,0,0.00,0,0,0,0,0,0,1.2408,-0.000,0.000,-0.0000,-0.0000,-0.0000,4,1.2356,0.000
53,0.8833,0.0000,1.1957,-0.0000,0.0000,0.2915,-0.0000,0.0000,0.000,0.000,-8.594,1,VEHICLE,0,-,0.0000,50,150,0,0.0800,0,0,0.000,0.000,0.000,0.0000,0.0000,0.0000,1,1.0000,0,0,0.0000,0,1.2408,0.0000,0.0000,0.0000,0.0000,0,80.00,0.0208,5.5548,8.8192,0.0000,6.1957,-0.0000,80.00,-1,-1.00000,0.000,0.000,0.000,0.000,0.000,0.000,0,0.00,0,0,0,0,0,0,1.2457,-0.000,0.000,-0.0000,-0.0000,-0.0000,4,1.2408,0.000
54,0.9000,0.0000,1.2002,-0.0000,0.0000,0.2723,-0.0000,0.0000,0.000,0.000,-8.594,1,VEHICLE,0,-,0.0000,50,150,0,0.0800,0,0,0.000,0.000,0.000,0.0000,0.0000,0.0000,1,1.0000,0,0,0.0000,0,1.2457,0.0000,0.0000,0.0000,0.0000,0,80.00,0.0185,5.5611,8.8441,0.0000,6.2002,-0.0000,80.00,-1,-1.00000,0.000,0.000,0.000,0.000,0.000,0.000,0,0.00,0,0,0,0,0,0,1.2502,-0.000,0.000,0.0000,0.0000,-0.0000,4,1.2457,0.000
55,0.9167,0.0000,1.2044,-0.0000,0.0000,0.2540,-0.0000,0.0000,0.000,0.000,-8.594,1,VEHICLE,0,-,0.0000,50,150,0,0.0800,0,0,0.000,0.000,0.000,0.0000,0.0000,0.0000,1,1.0000,0,0,0.0000,0,1.2502,0.0000,0.0000,0.0000,0.0000,0,80.00,0.0165,5.5670,8.8687,0.0000,6.2044,-0.0000,80.00,-1,-1.00000,0.000,0.000,0.000,0.000,0.000,0.000,0,0.00,0,0,0,0,0,0,1.2544,-0.000,0.000,-0.0000,-0.0000,-0.0000,4,1.2502,0.000
56,0.9333,0.0000,1.2084,-0.0000,0.0000,0.2365,-0.0000,0.0000,0.000,0.000,-8.594,1,VEHICLE,0,-,0.0000,50,150,0,0.0800,0,0,0.000,0.000,0.000,0.0000,0.0000,0.0000,1,1.0000,0,0,0.0000,0,1.2544,0.0000,0.0000,0.0000,0.0000,0,80.00,0.0147,5.5725,8.8930,0.0000,6.2084,-0.0000,80.00,-1,-1.00000,0.000,0.000,0.000,0.000,0.000,0.000,0,0.00,0,0,0,0,0,0,1.2584,-0.000,0.000,-0.0000,0.0000,-0.0000,4,1.2544,0.000
57,0.9500,0.0000,1.2120,-0.0000,0.0000,0.2197,-0.0000,0.0000,0.000,0.000,-8.594,1,VEHICLE,0,-,0.0000,50,150,0,0.0800,0,0,0.000,0.000,0.000,0.0000,0.0000,0.0000,1,1.0000,0,0,0.0000,0,1.2584,0.0000,0.0000,0.0000,0.0000,0,80.00,0.0130,5.5777,8.9168,0.0000,6.2120,-0.0000,80.00,-1,-1.00000,0.000,0.000,0.000,0.000,0.000,0.000,0,0.00,0,0,0,0,0,0,1.2620,-0.000,0.000,-0.0000,-0.0000,-0.0000,4,1.2584,0.000
58,0.9667,0.0000,1.2154,-0.0000,0.0000,0.2038,-0.0000,0.0000,0.000,0.000,-8.594,1,VEHICLE,0,-,0.0000,50,150,0,0.0800,0,0,0.000,0.000,0.000,0.0000,0.0000,0.0000,1,1.0000,0,0,0.0000,0,1.2620,0.0000,0.0000,0.0000,0.0000,0,80.00,0.0116,5.5826,8.9403,0.0000,6.2154,-0.0000,80.00,-1,-1.00000,0.000,0.000,0.000,0.000,0.000,0.000,0,0.00,0,0,0,0,0,0,1.2654,-0.000,0.000,-0.0000,-0.0000,-0.0000,4,1.2620,0.000
59,0.9833,0.0000,1.2186,-0.0000,0.0000,0.1887,-0.0000,0.0000,0.000,0.000,-8.594,1,VEHICLE,0,-,0.0000,50,150,0,0.0800,0,0,0.000,0.000,0.000,0.0000,0.0000,0.0000,1,1.0000,0,0,0.0000,0,1.2654,0.0000,0.0000,0.0000,0.0000,0,80.00,0.0103,5.5871,8.9634,0.0000,6.2186,-0.0000,80.00,-1,-1.00000,0.000,0.000,0.000,0.000,0.000,0.000,0,0.00,0,0,0,0,0,0,1.2686,-0.000,0.000,-0.0000,0.0000,-0.0000,4,1.2654,0.000
60,1.0000,0.0000,1.2215,-0.0000,0.0000,0.1743,-0.0000,0.0000,0.000,0.000,-8.594,1,VEHICLE,0,-,0.0000,50,150,0,0.0800,0,0,0.000,0.000,0.000,0.0000,0.0000,0.0000,1,1.0000,0,0,0.0000,0,1.2686,0.0000,0.0000,0.0000,0.0000,0,80.00,0.0092,5.5914,8.9861,0.0000,6.2215,-0.0000,80.00,-1,-1.00000,0.000,0.000,0.000,0.000,0.000,0.000,0,0.00,0,0,0,0,0,0,1.2715,-0.000,0.000,-0.0000,0.0000,-0.0000,4,1.2686,0.000
61,1.0167,0.0000,1.2242,-0.0000,0.0000,0.1606,-0.0000,0.0000,0.000,0.000,-8.594,1,VEHICLE,0,-,0.0000,50,150,0,0.0800,0,0,0.000,0.000,0.000,0.0000,0.0000,0.0000,1,1.0000,0,0,0.0000,0,1.2715,0.0000,0.0000,0.0000,0.0000,0,80.00,0.0081,5.5954,9.0084,0.0000,6.2242,-0.0000,80.00,-1,-1.00000,0.000,0.000,0.000,0.000,0.000,0.000,0,0.00,0,0,0,0,0,0,1.2742,-0.000,0.000,0.0000,-0.0000,-0.0000,4,1.2715,0.000
62,1.0333,0.0000,1.2266,-0.0000,0.0000,0.1477,-0.0000,0.0000,0.000,0.000,-8.594,1,VEHICLE,0,-,0.0000,50,150,0,0.0800,0,0,0.000,0.000,0.000,0.0000,0.0000,0.0000,1,1.0000,0,0,0.0000,0,1.2742,0.0000,0.0000,0.0000,0.0000,0,80.00,0.0072,5.5991,9.0302,0.0000,6.2266,-0.0000,80.00,-1,-1.00000,0.000,0.000,0.000,0.000,0.000,0.000,0,0.00,0,0,0,0,0,0,1.2766,-0.000,0.000,-0.0000,-0.0000,-0.0000,4,1.2742,0.000
63,1.0500,0.0000,1.2289,-0.0000,0.0000,0.1355,-0.0000,0.0000,0.000,0.000,-8.594,1,VEHICLE,0,-,0.0000,50,150,0,0.0800,0,0,0.000,0.000,0.000,0.0000,0.0000,0.0000,1,1.0000,0,0,0.0000,0,1.2766,0.0000,0.0000,0.0000,0.0000,0,80.00,0.0064,5.6026,9.0516,0.0000,6.2289,-0.0000,80.00,-1,-1.00000,0.000,0.000,0.000,0.000,0.000,0.000,0,0.00,0,0,0,0,0,0,1.2789,-0.000,0.000,-0.0000,0.0000,-0.0000,4,1.2766,0.000
64,1.0667,0.0000,1.2309,-0.0000,0.0000,0.1240,-0.0000,0.0000,0.000,0.000,-8.594,1,VEHICLE,0,-,0.0000,50,150,0,0.0800,0,0,0.000,0.000,0.000,0.0000,0.0000,0.0000,1,1.0000,0,0,0.0000,0,1.2789,0.0000,0.0000,0.0000,0.0000,0,80.00,0.0057,5.6059,9.0724,0.0000,6.2309,-0.0000,80.00,-1,-1.00000,0.000,0.000,0.000,0.000,0.000,0.000,0,0.00,0,0,0,0,0,0,1.2809,-0.000,0.000,-0.0000,-0.0000,-0.0000,4,1.2789,0.000
65,1.0833,0.0000,1.2328,-0.0000,0.0000,0.1131,-0.0000,0.0000,0.000,0.000,-8.594,1,VEHICLE,0,-,0.0000,50,150,0,0.0800,0,0,0.000,0.000,0.000,0.0000,0.0000,0.0000,1,1.0000,0,0,0.0000,0,1.2809,0.0000,0.0000,0.0000,0.0000,0,80.00,0.0051,5.6089,9.0928,0.0000,6.2328,-0.0000,80.00,-1,-1.00000,0.000,0.000,0.000,0.000,0.000,0.000,0,0.00,0,0,0,0,0,0,1.2828,-0.000,0.000,0.0000,0.0000,-0.0000,4,1.2809,0.000
66,1.1000,0.0000,1.2345,-0.0000,0.0000,0.1028,-0.0000,0.0000,0.000,0.000,-8.594,1,VEHICLE,0,-,0.0000,50,150,0,0.0800,0,0,0.000,0.000,0.000,0.0000,0.0000,0.0000,1,1.0000,0,0,0.0000,0,1.2828,0.0000,0.0000,0.0000,0.0000,0,80.00,0.0045,5.6118,9.1127,0.0000,6.2345,-0.0000,80.00,-1,-1.00000,0.000,0.000,0.000,0.000,0.000,0.000,0,0.00,0,0,0,0,0,0,1.2845,-0.000,0.000,-0.0000,0.0000,-0.0000,4,1.2828,0.000
67,1.1167,0.0000,1.2361,-0.0000,0.0000,0.0932,-0.0000,0.0000,0.000,0.000,-8.594,1,VEHICLE,0,-,0.0000,50,150,0,0.0800,0,0,0.000,0.000,0.000,0.0000,0.0000,0.0000,1,1.0000,0,0,0.0000,0,1.2845,0.0000,0.0000,0.0000,0.0000,0,80.00,0.0040,5.6144,9.1320,0.0000,6.2361,-0.0000,80.00,-1,-1.00000,0.000,0.000,0.000,0.000,0.000,0.000,0,0.00,0,0,0,0,0,0,1.2861,-0.000,0.000,-0.0000,-0.0000,-0.0000,4,1.2845,0.000
68,1.1333,0.0000,1.2375,-0.0000,0.0000,0.0842,-0.0000,0.0000,0.000,0.000,-8.594,1,VEHICLE,0,-,0.0000,50,150,0,0.0800,0,0,0.000,0.000,0.000,0.0000,0.0000,0.0000,1,1.0000,0,0,0.0000,0,1.2861,0.0000,0.0000,0.0000,0.0000,0,80.00,0.0035,5.6168,9.1507,0.0000,6.2375,-0.0000,80.00,-1,-1.00000,0.000,0.000,0.000,0.000,0.000,0.000,0,0.00,0,0,0,0,0,0,1.2875,-0.000,0.000,-0.0000,0.0000,-0.0000,4,1.2861,0.000
69,1.1500,0.0000,1.2388,-0.0000,0.0000,0.0757,-0.0000,0.0000,0.000,0.000,-8.594,1,VEHICLE,0,-,0.0000,50,150,0,0.0800,0,0,0.000,0.000,0.000,0.0000,0.0000,0.0000,1,1.0000,0,0,0.0000,0,1.2875,0.0000,0.0000,0.0000,0.0000,0,80.00,0.0031,5.6191,9.1689,0.0000,6.2388,-0.0000,80.00,-1,-1.00000,0.000,0.000,0.000,0.000,0.000,0.000,0,0.00,0,0,0,0,0,0,1.2888,-0.000,0.000,-0.0000,-0.0000,-0.0000,4,1.2875,0.000
70,1.1667,0.0000,1.2399,-0.0000,0.0000,0.0677,-0.0000,0.0000,0.000,0.000,-8.594,1,VEHICLE,0,-,0.0000,50,150,0,0.0800,0,0,0.000,0.000,0.000,0.0000,0.0000,0.0000,1,1.0000,0,0,0.0000,0,1.2888,0.0000,0.0000,0.0000,0.0000,0,80.00,0.0028,5.6212,9.1865,0.0000,6.2399,-0.0000,80.00,-1,-1.00000,0.000,0.000,0.000,0.000,0.000,0.000,0,0.00,0,0,0,0,0,0,1.2899,-0.000,0.000,-0.0000,0.0000,-0.0000,4,1.2888,0.000
71,1.1833,0.0000,1.2409,-0.0000,0.0000,0.0603,-0.0000,0.0000,0.000,0.000,-8.594,1,VEHICLE,0,-,0.0000,50,150,0,0.0800,0,0,0.000,0.000,0.000,0.0000,0.0000,0.0000,1,1.0000,0,0,0.0000,0,1.2899,0.0000,0.0000,0.0000,0.0000,0,80.00,0.0025,5.6231,9.2034,0.0000,6.2409,-0.0000,80.00,-1,-1.00000,0.000,0.000,0.000,0.000,0.000,0.000,0,0.00,0,0,0,0,0,0,1.2909,-0.000,0.000,-0.0000,0.0000,-0.0000,4,1.2899,0.000
72,1.2000,0.0000,1.2418,-0.0000,0.0000,0.0534,-0.0000,0.0000,0.000,0.000,-8.594,1,VEHICLE,0,-,0.0000,50,150,0,0.0800,0,0,0.000,0.000,0.000,0.0000,0.0000,0.0000,1,1.0000,0,0,0.0000,0,1.2909,0.0000,0.0000,0.0000,0.0000,0,80.00,0.0022,5.6248,9.2197,0.0000,6.2418,-0.0000,80.00,-1,-1.00000,0.000,0.000,0.000,0.000,0.000,0.000,0,0.00,0,0,0,0,0,0,1.2918,-0.000,0.000,0.0000,-0.0000,-0.0000,4,1.2909,0.000
73,1.2167,0.0000,1.2426,-0.0000,0.0000,0.0470,-0.0000,0.0000,0.000,0.000,-8.594,1,VEHICLE,0,-,0.0000,50,150,0,0.0800,0,0,0.000,0.000,0.000,0.0000,0.0000,0.0000,1,1.0000,0,0,0.0000,0,1.2918,0.0000,0.0000,0.0000,0.0000,0,80.00,0.0019,5.6264,9.2353,0.0000,6.2426,-0.0000,80.00,-1,-1.00000,0.000,0.000,0.000,0.000,0.000,0.000,0,0.00,0,0,0,0,0,0,1.2926,-0.000,0.000,-0.0000,-0.0000,-0.0000,4,1.2918,0.000
74,1.2333,0.0000,1.2433,-0.0000,0.0000,0.0410,-0.0000,0.0000,0.000,0.000,-8.594,1,VEHICLE,0,-,0.0000,50,150,0,0.0800,0,0,0.000,0.000,0.000,0.0000,0.0000,0.0000,1,1.0000,0,0,0.0000,0,1.2926,0.0000,0.0000,0.0000,0.0000,0,80.00,0.0017,5.6279,9.2502,0.0000,6.2433,-0.0000,80.00,-1,-1.00000,0.000,0.000,0.000,0.000,0.000,0.000,0,0.00,0,0,0,0,0,0,1.2933,-0.000,0.000,-0.0000,0.0000,-0.0000,4,1.2926,0.000
75,1.2500,0.0000,1.2438,-0.0000,0.0000,0.0355,-0.0000,0.0000,0.000,0.000,-8.594,1,VEHICLE,0,-,0.0000,50,150,0,0.0800,0,0,0.000,0.000,0.000,0.0000,0.0000,0.0000,1,1.0000,0,0,0.0000,0,1.2933,0.0000,0.0000,0.0000,0.0000,0,80.00,0.0015,5.6293,9.2644,0.0000,6.2438,-0.0000,80.00,-1,-1.00000,0.000,0.000,0.000,0.000,0.000,0.000,0,0.00,0,0,0,0,0,0,1.2938,-0.000,0.000,0.0000,0.0000,-0.0000,4,1.2933,0.000
76,1.2667,0.0000,1.2443,-0.0000,0.0000,0.0303,-0.0000,0.0000,0.000,0.000,-8.594,1,VEHICLE,0,-,0.0000,50,150,0,0.0800,0,0,0.000,0.000,0.000,0.0000,0.0000,0.0000,1,1.0000,0,0,0.0000,0,1.2938,0.0000,0.0000,0.0000,0.0000,0,80.00,0.0013,5.6305,9.2778,0.0000,6.2443,-0.0000,80.00,-1,-1.00000,0.000,0.000,0.000,0.000,0.000,0.000,0,0.00,0,0,0,0,0,0,1.2943,-0.000,0.000,-0.0000,-0.0000,-0.0000,4,1.2938,0.000
77,1.2833,0.0000,1.2448,-0.0000,0.0000,0.0256,-0.0000,0.0000,0.000,0.000,-8.594,1,VEHICLE,0,-,0.0000,50,150,0,0.0800,0,0,0.000,0.000,0.000,0.0000,0.0000,0.0000,1,1.0000,0,0,0.0000,0,1.2943,0.0000,0.0000,0.0000,0.0000,0,80.00,0.0012,5.6316,9.2905,0.0000,6.2448,-0.0000,80.00,-1,-1.00000,0.000,0.000,0.000,0.000,0.000,0.000,0,0.00,0,0,0,0,0,0,1.2948,-0.000,0.000,0.0000,0.0000,-0.0000,4,1.2943,0.000
78,1.3000,0.0000,1.2451,-0.0000,0.0000,0.0212,-0.0000,0.0000,0.000,0.000,-8.594,1,VEHICLE,0,-,0.0000,50,150,0,0.0800,0,0,0.000,0.000,0.000,0.0000,0.0000,0.0000,1,1.0000,0,0,0.0000,0,1.2948,0.0000,0.0000,0.0000,0.0000,0,80.00,0.0011,5.6325,9.3024,0.0000,6.2451,-0.0000,80.00,-1,-1.00000,0.000,0.000,0.000,0.000,0.000,0.000,0,0.00,0,0,0,0,0,0,1.2951,-0.000,0.000,-0.0000,-0.0000,-0.0000,4,1.2948,0.000
79,1.3167,0.0000,1.2454,-0.0000,0.0000,0.0172,-0.0000,0.0000,0.000,0.000,-8.594,1,VEHICLE,0,-,0.0000,50,150,0,0.0800,0,0,0.000,0.000,0.000,0.0000,0.0000,0.0000,1,1.0000,0,0,0.0000,0,1.2951,0.0000,0.0000,0.0000,0.0000,0,80.00,0.0009,5.6334,9.3135,0.0000,6.2454,-0.0000,80.00,-1,-1.00000,0.000,0.000,0.000,0.000,0.000,0.000,0,0.00,0,0,0,0,0,0,1.2954,-0.000,0.000,-0.0000,0.0000,-0.0000,4,1.2951,0.000
80,1.3333,0.0000,1.2456,-0.0000,0.0000,0.0135,-0.0000,0.0000,0.000,0.000,-8.594,1,VEHICLE,0,-,0.0000,50,150,0,0.0800,0,0,0.000,0.000,0.000,0.0000,0.0000,0.0000,1,1.0000,0,0,0.0000,0,1.2954,0.0000,0.0000,0.0000,0.0000,0,80.00,0.0008,5.6342,9.3237,0.0000,6.2456,-0.0000,80.00,-1,-1.00000,0.000,0.000,0.000,0.000,0.000,0.000,0,0.00,0,0,0,0,0,0,1.2956,-0.000,0.000,-0.0000,-0.0000,-0.0000,4,1.2954,0.000
81,1.3500,0.0000,1.2458,-0.0000,0.0000,0.0102,-0.0000,0.0000,0.000,0.000,-8.594,1,VEHICLE,0,-,0.0000,50,150,0,0.0800,0,0,0.000,0.000,0.000,0.0000,0.0000,0.0000,1,1.0000,0,0,0.0000,0,1.2956,0.0000,0.0000,0.0000,0.0000,0,80.00,0.0007,5.6348,9.3331,0.0000,6.2458,-0.0000,80.00,-1,-1.00000,0.000,0.000,0.000,0.000,0.000,0.000,0,0.00,0,0,0,0,0,0,1.2958,-0.000,0.000,-0.0000,0.0000,-0.0000,4,1.2956,0.000
82,1.3667,0.0000,1.2459,-0.0000,0.0000,0.0071,-0.0000,0.0000,0.000,0.000,-8.594,1,VEHICLE,0,-,0.0000,50,150,0,0.0800,0,0,0.000,0.000,0.000,0.0000,0.0000,0.0000,1,1.0000,0,0,0.0000,0,1.2958,0.0000,0.0000,0.0000,0.0000,0,80.00,0.0006,5.6354,9.3416,0.0000,6.2459,-0.0000,80.00,-1,-1.00000,0.000,0.000,0.000,0.000,0.000,0.000,0,0.00,0,0,0,0,0,0,1.2959,-0.000,0.000,0.0000,0.0000,-0.0000,4,1.2958,0.000
83,1.3833,0.0000,1.2460,-0.0000,0.0000,0.0043,-0.0000,0.0000,0.000,0.000,-8.594,1,VEHICLE,0,-,0.0000,50,150,0,0.0800,0,0,0.000,0.000,0.000,0.0000,0.0000,0.0000,1,1.0000,0,0,0.0000,0,1.2959,0.0000,0.0000,0.0000,0.0000,0,80.00,0.0006,5.6359,9.3492,0.0000,6.2460,-0.0000,80.00,-1,-1.00000,0.000,0.000,0.000,0.000,0.000,0.000,0,0.00,0,0,0,0,0,0,1.2960,-0.000,0.000,-0.0000,-0.0000,-0.0000,4,1.2959,0.000
84,1.4000,0.0000,1.2460,-0.0000,0.0000,0.0018,-0.0000,0.0000,0.000,0.000,-8.594,1,VEHICLE,0,-,0.0000,50,150,0,0.0800,0,0,0.000,0.000,0.000,0.0000,0.0000,0.0000,1,1.0000,0,0,0.0000,0,1.2960,0.0000,0.0000,0.0000,0.0000,0,80.00,0.0005,5.6362,9.3558,0.0000,6.2460,-0.0000,80.00,-1,-1.00000,0.000,0.000,0.000,0.000,0.000,0.000,0,0.00,0,0,0,0,0,0,1.2960,-0.000,0.000,0.0000,0.0000,-0.0000,4,1.2960,0.000
85,1.4167,0.0000,1.2460,-0.0000,0.0000,-0.0005,-0.0000,0.0000,0.000,0.000,-8.594,1,VEHICLE,0,-,0.0000,50,150,0,0.0800,0,0,0.000,0.000,0.000,0.0000,0.0000,0.0000,1,1.0000,0,0,0.0000,0,1.2960,0.0000,0.0000,0.0000,0.0000,0,80.00,0.0004,5.6365,9.3615,0.0000,6.2460,-0.0000,80.00,-1,-1.00000,0.000,0.000,0.000,0.000,0.000,0.000,0,0.00,0,0,0,0,0,0,1.2960,-0.000,0.000,-0.0000,-0.0000,-0.0000,4,1.2960,0.000
86,1.4333,0.0000,1.2460,-0.0000,0.0000,-0.0026,-0.0000,0.0000,0.000,0.000,-8.594,1,VEHICLE,0,-,0.0000,50,150,0,0.0800,0,0,0.000,0.000,0.000,0.0000,0.0000,0.0000,1,1.0000,0,0,0.0000,0,1.2960,0.0000,0.0000,0.0000,0.0000,0,80.00,0.0004,5.6367,9.3662,0.0000,6.2460,-0.0000,80.00,-1,-1.00000,0.000,0.000,0.000,0.000,0.000,0.000,0,0.00,0,0,0,0,0,0,1.2960,-0.000,0.000,0.0000,0.0000,-0.0000,4,1.2960,0.000
87,1.4500,0.0000,1.2459,-0.0000,0.0000,-0.0044,-0.0000,0.0000,0.000,0.000,-8.594,1,VEHICLE,0,-,0.0000,50,150,0,0.0800,0,0,0.000,0.000,0.000,0.0000,0.0000,0.0000,1,1.0000,0,0,0.0000,0,1.2960,0.0000,0.0000,0.0000,0.0000,0,80.00,0.0004,5.6368,9.3699,0.0000,6.2459,-0.0000,80.00,-1,-1.00000,0.000,0.000,0.000,0.000,0.000,0.000,0,0.00,0,0,0,0,0,0,1.2959,-0.000,0.000,-0.0000,0.0000,-0.0000,4,1.2960,0.000
88,1.4667,0.0000,1.2458,-0.0000,0.0000,-0.0060,-0.0000,0.0000,0.000,0.000,-8.594,1,VEHICLE,0,-,0.0000,50,150,0,0.0800,0,0,0.000,0.000,0.000,0.0000,0.0000,0.0000,1,1.0000,0,0,0.0000,0,1.2959,0.0000,0.0000,0.0000,0.0000,0,80.00,0.0003,5.6369,9.3726,0.0000,6.2458,-0.0000,80.00,-1,-1.00000,0.000,0.000,0.000,0.000,0.000,0.000,0,0.00,0,0,0,0,0,0,1.2958,-0.000,0.000,-0.0000,-0.0000,-0.0000,4,1.2959,0.000
89,1.4833,0.0000,1.2457,-0.0000,0.0000,-0.0075,-0.0000,0.0000,0.000,0.000,-8.594,1,VEHICLE,0,-,0.0000,50,150,0,0.0800,0,0,0.000,0.000,0.000,0.0000,0.0000,0.0000,1,1.0000,0,0,0.0000,0,1.2958,0.0000,0.0000,0.0000,0.0000,0,80.00,0.0003,5.6369,9.3743,0.0000,6.2457,-0.0000,80.00,-1,-1.00000,0.000,0.000,0.000,0.000,0.000,0.000,0,0.00,0,0,0,0,0,0,1.2957,-0.000,0.000,-0.0000,0.0000,-0.0000,4,1.2958,0.000
90,1.5000,0.0000,1.2455,-0.0000,0.0000,-0.0088,-0.0000,0.0000,0.000,0.000,-8.594,1,VEHICLE,0,-,0.0000,50,150,0,0.0800,0,0,0.000,0.000,0.000,0.0000,0.0000,0.0000,1,1.0000,0,0,0.0000,0,1.2957,0.0000,0.0000,0.0000,0.0000,0,80.00,0.0002,5.6367,9.3748,0.0000,6.2455,-0.0000,80.00,-1,-1.00000,0.000,0.000,0.000,0.000,0.000,0.000,0,0.00,0,0,0,0,0,0,1.2955,-0.000,0.000,-0.0000,-0.0000,-0.0000,4,1.2957,0.000
91,1.5167,0.0000,1.2454,-0.0000,0.0000,-0.0099,-0.0000,0.0000,0.000,0.000,-8.594,1,VEHICLE,0,-,0.0000,50,150,0,0.0800,0,0,0.000,0.000,0.000,0.0000,0.0000,0.0000,1,1.0000,0,0,0.0000,0,1.2955,0.0000,0.0000,0.0000,0.0000,0,80.00,0.0002,5.6366,9.3748,0.0000,6.2454,-0.0000,80.00,-1,-1.00000,0.000,0.000,0.000,0.000,0.000,0.000,0,0.00,0,0,0,0,0,0,1.2954,-0.000,0.000,0.0000,0.0000,-0.0000,4,1.2955,0.000
92,1.5333,0.0000,1.2452,-0.0000,0.0000,-0.0108,-0.0000,0.0000,0.000,0.000,-8.594,1,VEHICLE,0,-,0.0000,50,150,0,0.0800,0,0,0.000,0.000,0.000,0.0000,0.0000,0.0000,1,1.0000,0,0,0.0000,0,1.2954,0.0000,0.0000,0.0000,0.0000,0,80.00,0.0002,5.6364,9.3749,0.0000,6.2452,-0.0000,80.00,-1,-1.00000,0.000,0.000,0.000,0.000,0.000,0.000,0,0.00,0,0,0,0,0,0,1.2952,-0.000,0.000,-0.0000,0.0000,-0.0000,4,1.2954,0.000
93,1.5500,0.0000,1.2450,-0.0000,0.0000,-0.0117,-0.0000,0.0000,0.000,0.000,-8.594,1,VEHICLE,0,-,0.0000,50,150,0,0.0800,0,0,0.000,0.000,0.000,0.0000,0.0000,0.0000,1,1.0000,0,0,0.0000,0,1.2952,0.0000,0.0000,0.0000,0.0000,0,80.00,0.0002,5.6362,9.3749,0.0000,6.2450,-0.0000,80.00,-1,-1.00000,0.000,0.000,0.000,0.000,0.000,0.000,0,0.00,0,0,0,0,0,0,1.2950,-0.000,0.000,-0.0000,-0.0000,-0.0000,4,1.2952,0.000
94,1.5667,0.0000,1.2448,-0.0000,0.0000,-0.0124,-0.0000,0.0000,0.000,0.000,-8.594,1,VEHICLE,0,-,0.0000,50,150,0,0.0800,0,0,0.000,0.000,0.000,0.0000,0.0000,0.0000,1,1.0000,0,0,0.0000,0,1.2950,0.0000,0.0000,0.0000,0.0000,0,80.00,0.0001,5.6360,9.3749,0.0000,6.2448,-0.0000,80.00,-1,-1.00000,0.000,0.000,0.000,0.000,0.000,0.000,0,0.00,0,0,0,0,0,0,1.2948,-0.000,0.000,-0.0000,0.0000,-0.0000,4,1.2950,0.000
95,1.5833,0.0000,1.2446,-0.0000,0.0000,-0.0129,-0.0000,0.0000,0.000,0.000,-8.594,1,VEHICLE,0,-,0.0000,50,150,0,0.0800,0,0,0.000,0.000,0.000,0.0000,0.0000,0.0000,1,1.0000,0,0,0.0000,0,1.2948,0.0000,0.0000,0.0000,0.0000,0,80.00,0.0001,5.6358,9.3749,0.0000,6.2446,-0.0000,80.00,-1,-1.00000,0.000,0.000,0.000,0.000,0.000,0.000,0,0.00,0,0,0,0,0,0,1.2946,-0.000,0.000,0.0000,0.0000,-0.0000,4,1.2948,0.000
96,1.6000,0.0000,1.2444,-0.0000,0.0000,-0.0134,-0.0000,0.0000,0.000,0.000,-8.594,1,VEHICLE,0,-,0.0000,50,150,0,0.0800,0,0,0.000,0.000,0.000,0.0000,0.0000,0.0000,1,1.0000,0,0,0.0000,0,1.2946,0.0000,0.0000,0.0000,0.0000,0,80.00,0.0001,5.6356,9.3749,0.0000,6.2444,-0.0000,80.00,-1,-1.00000,0.000,0.000,0.000,0.000,0.000,0.000,0,0.00,0,0,0,0,0,0,1.2944,-0.000,0.000,-0.0000,-0.0000,-0.0000,4,1.2946,0.000
97,1.6167,0.0000,1.2441,-0.0000,0.0000,-0.0138,-0.0000,0.0000,0.000,0.000,-8.594,1,VEHICLE,0,-,0.0000,50,150,0,0.0800,0,0,0.000,0.000,0.000,0.0000,0.0000,0.0000,1,1.0000,0,0,0.0000,0,1.2944,0.0000,0.0000,0.0000,0.0000,0,80.00,0.0001,5.6354,9.3749,0.0000,6.2441,-0.0000,80.00,-1,-1.00000,0.000,0.000,0.000,0.000,0.000,0.000,0,0.00,0,0,0,0,0,0,1.2941,-0.000,0.000,-0.0000,0.0000,-0.0000,4,1.2944,0.000
98,1.6333,0.0000,1.2439,-0.0000,0.0000,-0.0140,-0.0000,0.0000,0.000,0.000,-8.594,1,VEHICLE,0,-,0.0000,50,150,0,0.0800,0,0,0.000,0.000,0.000,0.0000,0.0000,0.0000,1,1.0000,0,0,0.0000,0,1.2941,0.0000,0.0000,0.0000,0.0000,0,80.00,0.0001,5.6351,9.3749,0.0000,6.2439,-0.0000,80.00,-1,-1.00000,0.000,0.000,0.000,0.000,0.000,0.000,0,0.00,0,0,0,0,0,0,1.2939,-0.000,0.000,-0.0000,0.0000,-0.0000,4,1.2941,0.000
99,1.6500,0.0000,1.2437,-0.0000,0.0000,-0.0142,-0.0000,0.0000,0.000,0.000,-8.594,1,VEHICLE,0,-,0.0000,50,150,0,0.0800,0,0,0.000,0.000,0.000,0.0000,0.0000,0.0000,1,1.0000,0,0,0.0000,0,1.2939,0.0000,0.0000,0.0000,0.0000,0,80.00,0.0001,5.6349,9.3749,0.0000,6.2437,-0.0000,80.00,-1,-1.00000,0.000,0.000,0.000,0.000,0.000,0.000,0,0.00,0,0,0,0,0,0,1.2937,-0.000,0.000,-0.0000,-0.0000,-0.0000,4,1.2939,0.000
100,1.6667,0.0000,1.2434,-0.0000,0.0000,-0.0143,-0.0000,0.0000,0.000,0.000,-8.594,1,VEHICLE,0,-,0.0000,50,150,0,0.0800,0,0,0.000,0.000,0.000,0.0000,0.0000,0.0000,1,1.0000,0,0,0.0000,0,1.2937,0.0000,0.0000,0.0000,0.0000,0,80.00,0.0001,5.6347,9.3749,0.0000,6.2434,-0.0000,80.00,-1,-1.00000,0.000,0.000,0.000,0.000,0.000,0.000,0,0.00,0,0,0,0,0,0,1.2934,-0.000,0.000,-0.0000,-0.0000,-0.0000,4,1.2937,0.000
101,1.6833,0.0000,1.2432,-0.0000,0.0000,-0.0144,-0.0000,0.0000,0.000,0.000,-8.594,1,VEHICLE,0,-,0.0000,50,150,0,0.0800,0,0,0.000,0.000,0.000,0.0000,0.0000,0.0000,1,1.0000,0,0,0.0000,0,1.2934,0.0000,0.0000,0.0000,0.0000,0,80.00,0.0001,5.6344,9.3749,0.0000,6.2432,-0.0000,80.00,-1,-1.00000,0.000,0.000,0.000,0.000,0.000,0.000,0,0.00,0,0,0,0,0,0,1.2932,-0.000,0.000,-0.0000,0.0000,-0.0000,4,1.2934,0.000
102,1.7000,0.0000,1.2429,-0.0000,0.0000,-0.0144,-0.0000,0.0000,0.000,0.000,-8.594,1,VEHICLE,0,-,0.0000,50,150,0,0.0800,0,0,0.000,0.000,0.000,0.0000,0.0000,0.0000,1,1.0000,0,0,0.0000,0,1.2932,0.0000,0.0000,0.0000,0.0000,0,80.00,0.0001,5.6342,9.3749,0.0000,6.2429,-0.0000,80.00,-1,-1.00000,0.000,0.000,0.000,0.000,0.000,0.000,0,0.00,0,0,0,0,0,0,1.2929,-0.000,0.000,0.0000,0.0000,-0.0000,4,1.2932,0.000
103,1.7167,0.0000,1.2427,-0.0000,0.0000,-0.0143,-0.0000,0.0000,0.000,0.000,-8.594,1,VEHICLE,0,-,0.0000,50,150,0,0.0800,0,0,0.000,0.000,0.000,0.0000,0.0000,0.0000,1,1.0000,0,0,0.0000,0,1.2929,0.0000,0.0000,0.0000,0.0000,0,80.00,0.0000,5.6339,9.3749,0.0000,6.2427,-0.0000,80.00,-1,-1.00000,0.000,0.000,0.000,0.000,0.000,0.000,0,0.00,0,0,0,0,0,0,1.2927,-0.000,0.000,-0.0000,-0.0000,-0.0000,4,1.2929,0.000
104,1.7333,0.0000,1.2425,-0.0000,0.0000,-0.0142,-0.0000,0.0000,0.000,0.000,-8.594,1,VEHICLE,0,-,0.0000,50,150,0,0.0800,0,0,0.000,0.000,0.000,0.0000,0.0000,0.0000,1,1.0000,0,0,0.0000,0,1.2927,0.0000,0.0000,0.0000,0.0000,0,80.00,0.0000,5.6337,9.3749,0.0000,6.2425,-0.0000,80.00,-1,-1.00000,0.000,0.000,0.000,0.000,0.000,0.000,0,0.00,0,0,0,0,0,0,1.2925,-0.000,0.000,-0.0000,0.0000,-0.0000,4,1.2927,0.000
105,1.7500,0.0000,1.2422,-0.0000,0.0000,-0.0140,-0.0000,0.0000,0.000,0.000,-8.594,1,VEHICLE,0,-,0.0000,50,150,0,0.0800,0,0,0.000,0.000,0.000,0.0000,0.0000,0.0000,1,1.0000,0,0,0.0000,0,1.2925,0.0000,0.0000,0.0000,0.0000,0,80.00,0.0000,5.6335,9.3749,0.0000,6.2422,-0.0000,80.00,-1,-1.00000,0.000,0.000,0.000,0.000,0.000,0.000,0,0.00,0,0,0,0,0,0,1.2922,-0.000,0.000,-0.0000,0.0000,-0.0000,4,1.2925,0.000
106,1.7667,0.0000,1.2420,-0.0000,0.0000,-0.0138,-0.0000,0.0000,0.000,0.000,-8.594,1,VEHICLE,0,-,0.0000,50,150,0,0.0800,0,0,0.000,0.000,0.000,0.0000,0.0000,0.0000,1,1.0000,0,0,0.0000,0,1.2922,0.0000,0.0000,0.0000,0.0000,0,80.00,0.0000,5.6333,9.3749,0.0000,6.2420,-0.0000,80.00,-1,-1.00000,0.000,0.000,0.000,0.000,0.000,0.000,0,0.00,0,0,0,0,0,0,1.2920,-0.000,0.000,-0.0000,0.0000,-0.0000,4,1.2922,0.000
107,1.7833,0.0000,1.2418,-0.0000,0.0000,-0.0136,-0.0000,0.0000,0.000,0.000,-8.594,1,VEHICLE,0,-,0.0000,50,150,0,0.0800,0,0,0.000,0.000,0.000,0.0000,0.0000,0.0000,1,1.0000,0,0,0.0000,0,1.2920,0.0000,0.0000,0.0000,0.0000,0,80.00,0.0000,5.6330,9.3749,0.0000,6.2418,-0.0000,80.00,-1,-1.00000,0.000,0.000,0.000,0.000,0.000,0.000,0,0.00,0,0,0,0,0,0,1.2918,-0.000,0.000,0.0000,-0.0000,-0.0000,4,1.2920,0.000
108,1.8000,0.0000,1.2415,-0.0000,0.0000,-0.0133,-0.0000,0.0000,0.000,0.000,-8.594,1,VEHICLE,0,-,0.0000,50,150,0,0.0800,0,0,0.000,0.000,0.000,0.0000,0.0000,0.0000,1,1.0000,0,0,0.0000,0,1.2918,0.0000,0.0000,0.0000,0.0000,0,80.00,0.0000,5.6328,9.3749,0.0000,6.2415,-0.0000,80.00,-1,-1.00000,0.000,0.000,0.000,0.000,0.000,0.000,0,0.00,0,0,0,0,0,0,1.2915,-0.000,0.000,-0.0000,0.0000,-0.0000,4,1.2918,0.000
109,1.8167,0.0000,1.2413,-0.0000,0.0000,-0.0130,-0.0000,0.0000,0.000,0.000,-8.594,1,VEHICLE,0,-,0.0000,50,150,0,0.0800,0,0,0.000,0.000,0.000,0.0000,0.0000,0.0000,1,1.0000,0,0,0.0000,0,1.2915,0.0000,0.0000,0.0000,0.0000,0,80.00,0.0000,5.6326,9.3749,0.0000,6.2413,-0.0000,80.00,-1,-1.00000,0.000,0.000,0.000,0.000,0.000,0.000,0,0.00,0,0,0,0,0,0,1.2913,-0.000,0.000,-0.0000,0.0000,-0.0000,4,1.2915,0.000
110,1.8333,0.0000,1.2411,-0.0000,0.0000,-0.0127,-0.0000,0.0000,0.000,0.000,-8.594,1,VEHICLE,0,-,0.0000,50,150,0,0.0800,0,0,0.000,0.000,0.000,0.0000,0.0000,0.0000,1,1.0000,0,0,0.0000,0,1.2913,0.0000,0.0000,0.0000,0.0000,0,80.00,0.0000,5.6324,9.3749,0.0000,6.2411,-0.0000,80.00,-1,-1.00000,0.000,0.000,0.000,0.000,0.000,0.000,0,0.00,0,0,0,0,0,0,1.2911,-0.000,0.000,-0.0000,-0.0000,-0.0000,4,1.2913,0.000
111,1.8500,0.0000,1.2409,-0.0000,0.0000,-0.0123,-0.0000,0.0000,0.000,0.000,-8.594,1,VEHICLE,0,-,0.0000,50,150,0,0.0800,0,0,0.000,0.000,0.000,0.0000,0.0000,0.0000,1,1.0000,0,0,0.0000,0,1.2911,0.0000,0.0000,0.0000,0.0000,0,80.00,0.0000,5.6322,9.3749,0.0000,6.2409,-0.0000,80.00,-1,-1.00000,0.000,0.000,0.000,0.000,0.000,0.000,0,0.00,0,0,0,0,0,0,1.2909,-0.000,0.000,-0.0000,0.0000,-0.0000,4,1.2911,0.000
112,1.8667,0.0000,1.2407,-0.0000,0.0000,-0.0120,-0.0000,0.0000,0.000,0.000,-8.594,1,VEHICLE,0,-,0.0000,50,150,0,0.0800,0,0,0.000,0.000,0.000,0.0000,0.0000,0.0000,1,1.0000,0,0,0.0000,0,1.2909,0.0000,0.0000,0.0000,0.0000,0,80.00,0.0000,5.6320,9.3749,0.0000,6.2407,-0.0000,80.00,-1,-1.00000,0.000,0.000,0.000,0.000,0.000,0.000,0,0.00,0,0,0,0,0,0,1.2907,-0.000,0.000,0.0000,-0.0000,-0.0000,4,1.2909,0.000
113,1.8833,0.0000,1.2405,-0.0000,0.0000,-0.0116,-0.0000,0.0000,0.000,0.000,-8.594,1,VEHICLE,0,-,0.0000,50,150,0,0.0800,0,0,0.000,0.000,0.000,0.0000,0.0000,0.0000,1,1.0000,0,0,0.0000,0,1.2907,0.0000,0.0000,0.0000,0.0000,0,80.00,0.0000,5.6318,9.3749,0.0000,6.2405,-0.0000,80.00,-1,-1.00000,0.000,0.000,0.000,0.000,0.000,0.000,0,0.00,0,0,0,0,0,0,1.2905,-0.000,0.000,-0.0000,0.0000,-0.0000,4,1.2907,0.000
114,1.9000,0.0000,1.2403,-0.0000,0.0000,-0.0112,-0.0000,0.0000,0.000,0.000,-8.594,1,VEHICLE,0,-,0.0000,50,150,0,0.0800,0,0,0.000,0.000,0.000,0.0000,0.0000,0.0000,1,1.0000,0,0,0.0000,0,1.2905,0.0000,0.0000,0.0000,0.0000,0,80.00,0.0000,5.6316,9.3749,0.0000,6.2403,-0.0000,80.00,-1,-1.00000,0.000,0.000,0.000,0.000,0.000,0.000,0,0.00,0,0,0,0,0,0,1.2903,-0.000,0.000,-0.0000,0.0000,-0.0000,4,1.2905,0.000
115,1.9167,0.0000,1.2402,-0.0000,0.0000,-0.0109,-0.0000,0.0000,0.000,0.000,-8.594,1,VEHICLE,0,-,0.0000,50,150,0,0.0800,0,0,0.000,0.000,0.000,0.0000,0.0000,0.0000,1,1.0000,0,0,0.0000,0,1.2903,0.0000,0.0000,0.0000,0.0000,0,80.00,0.0000,5.6314,9.3749,0.0000,6.2402,-0.0000,80.00,-1,-1.00000,0.000,0.000,0.000,0.000,0.000,0.000,0,0.00,0,0,0,0,0,0,1.2902,-0.000,0.000,-0.0000,-0.0000,-0.0000,4,1.2903,0.000
116,1.9333,0.0000,1.2400,-0.0000,0.0000,-0.0105,-0.0000,0.0000,0.000,0.000,-8.594,1,VEHICLE,0,-,0.0000,50,150,0,0.0800,0,0,0.000,0.000,0.000,0.0000,0.0000,0.0000,1,1.0000,0,0,0.0000,0,1.2902,0.0000,0.0000,0.0000,0.0000,0,80.00,0.0000,5.6312,9.3749,0.0000,6.2400,-0.0000,80.00,-1,-1.00000,0.000,0.000,0.000,0.000,0.000,0.000,0,0.00,0,0,0,0,0,0,1.2900,-0.000,0.000,-0.0000,0.0000,-0.0000,4,1.2902,0.000
117,1.9500,0.0000,1.2398,-0.0000,0.0000,-0.0101,-0.0000,0.0000,0.000,0.000,-8.594,1,VEHICLE,0,-,0.0000,50,150,0,0.0800,0,0,0.000,0.000,0.000,0.0000,0.0000,0.0000,1,1.0000,0,0,0.0000,0,1.2900,0.0000,0.0000,0.0000,0.0000,0,80.00,0.0000,5.6311,9.3749,0.0000,6.2398,-0.0000,80.00,-1,-1.00000,0.000,0.000,0.000,0.000,0.000,0.000,0,0.00,0,0,0,0,0,0,1.2898,-0.000,0.000,-0.0000,0.0000,-0.0000,4,1.2900,0.000
118,1.9667,0.0000,1.2397,-0.0000,0.0000,-0.0097,-0.0000,0.0000,0.000,0.000,-8.594,1,VEHICLE,0,-,0.0000,50,150,0,0.0800,0,0,0.000,0.000,0.000,0.0000,0.0000,0.0000,1,1.0000,0,0,0.0000,0,1.2898,0.0000,0.0000,0.0000,0.0000,0,80.00,0.0000,5.6309,9.3749,0.0000,6.2397,-0.0000,80.00,-1,-1.00000,0.000,0.000,0.000,0.000,0.000,0.000,0,0.00,0,0,0,0,0,0,1.2897,-0.000,0.000,0.0000,-0.0000,-0.0000,4,1.2898,0.000
119,1.9833,0.0000,1.2395,-0.0000,0.0000,-0.0093,-0.0000,0.0000,0.000,0.000,-8.594,1,VEHICLE,0,-,0.0000,50,150,0,0.0800,0,0,0.000,0.000,0.000,0.0000,0.0000,0.0000,1,1.0000,0,0,0.0000,0,1.2897,0.0000,0.0000,0.0000,0.0000,0,80.00,0.0000,5.6308,9.3749,0.0000,6.2395,-0.0000,80.00,-1,-1.00000,0.000,0.000,0.000,0.000,0.000,0.000,0,0.00,0,0,0,0,0,0,1.2895,-0.000,0.000,-0.0000,0.0000,-0.0000,4,1.2897,0.000
120,2.0000,0.0000,1.2393,-0.0000,0.0000,-0.0089,-0.0000,0.0000,0.000,0.000,-8.594,1,VEHICLE,0,-,0.0000,50,150,0,0.0800,0,0,0.000,0.000,0.000,0.0000,0.0000,0.0000,1,1.0000,0,0,0.0000,0,1.2895,0.0000,0.0000,0.0000,0.0000,0,80.00,0.0000,5.6306,9.3749,0.0000,6.2393,-0.0000,80.00,-1,-1.00000,0.000,0.000,0.000,0.000,0.000,0.000,0,0.00,0,0,0,0,0,0,1.2893,-0.000,0.000,-0.0000,0.0000,-0.0000,4,1.2895,0.000
121,2.0167,0.0000,1.2392,-0.0000,0.0000,-0.0085,-0.0000,0.0000,0.000,0.000,-8.594,1,VEHICLE,0,-,0.0000,50,150,0,0.0800,0,0,0.000,0.000,0.000,0.0000,0.0000,0.0000,1,1.0000,0,0,0.0000,0,1.2893,0.0000,0.0000,0.0000,0.0000,0,80.00,0.0000,5.6305,9.3749,0.0000,6.2392,-0.0000,80.00,-1,-1.00000,0.000,0.000,0.000,0.000,0.000,0.000,0,0.00,0,0,0,0,0,0,1.2892,-0.000,0.000,-0.0000,-0.0000,-0.0000,4,1.2893,0.000
122,2.0333,0.0000,1.2391,-0.0000,0.0000,-0.0081,-0.0000,0.0000,0.000,0.000,-8.594,1,VEHICLE,0,-,0.0000,50,150,0,0.0800,0,0,0.000,0.000,0.000,0.0000,0.0000,0.0000,1,1.0000,0,0,0.0000,0,1.2892,0.0000,0.0000,0.0000,0.0000,0,80.00,0.0000,5.6303,9.3749,0.0000,6.2391,-0.0000,80.00,-1,-1.00000,0.000,0.000,0.000,0.000,0.000,0.000,0,0.00,0,0,0,0,0,0,1.2891,-0.000,0.000,-0.0000,0.0000,-0.0000,4,1.2892,0.000
123,2.0500,0.0000,1.2389,-0.0000,0.0000,-0.0078,-0.0000,0.0000,0.000,0.000,-8.594,1,VEHICLE,0,-,0.0000,50,150,0,0.0800,0,0,0.000,0.000,0.000,0.0000,0.0000,0.0000,1,1.0000,0,0,0.0000,0,1.2891,0.0000,0.0000,0.0000,0.0000,0,80.00,0.0000,5.6302,9.3749,0.0000,6.2389,-0.0000,80.00,-1,-1.00000,0.000,0.000,0.000,0.000,0.000,0.000,0,0.00,0,0,0,0,0,0,1.2889,-0.000,0.000,-0.0000,-0.0000,-0.0000,4,1.2891,0.000
124,2.0667,0.0000,1.2388,-0.0000,0.0000,-0.0074,-0.0000,0.0000,0.000,0.000,-8.594,1,VEHICLE,0,-,0.0000,50,150,0,0.0800,0,0,0.000,0.000,0.000,0.0000,0.0000,0.0000,1,1.0000,0,0,0.0000,0,1.2889,0.0000,0.0000,0.0000,0.0000,0,80.00,0.0000,5.6301,9.3749,0.0000,6.2388,-0.0000,80.00,-1,-1.00000,0.000,0.000,0.000,0.000,0.000,0.000,0,0.00,0,0,0,0,0,0,1.2888,-0.000,0.000,0.0000,0.0000,-0.0000,4,1.2889,0.000
125,2.0833,0.0000,1.2387,-0.0000,0.0000,-0.0070,-0.0000,0.0000,0.000,0.000,-8.594,1,VEHICLE,0,-,0.0000,50,150,0,0.0800,0,0,0.000,0.000,0.000,0.0000,0.0000,0.0000,1,1.0000,0,0,0.0000,0,1.2888,0.0000,0.0000,0.0000,0.0000,0,80.00,0.0000,5.6300,9.3749,0.0000,6.2387,-0.0000,80.00,-1,-1.00000,0.000,0.000,0.000,0.000,0.000,0.000,0,0.00,0,0,0,0,0,0,1.2887,-0.000,0.000,-0.0000,-0.0000,-0.0000,4,1.2888,0.000
126,2.1000,0.0000,1.2386,-0.0000,0.0000,-0.0067,-0.0000,0.0000,0.000,0.000,-8.594,1,VEHICLE,0,-,0.0000,50,150,0,0.0800,0,0,0.000,0.000,0.000,0.0000,0.0000,0.0000,1,1.0000,0,0,0.0000,0,1.2887,0.0000,0.0000,0.0000,0.0000,0,80.00,0.0000,5.6299,9.3749,0.0000,6.2386,-0.0000,80.00,-1,-1.00000,0.000,0.000,0.000,0.000,0.000,0.000,0,0.00,0,0,0,0,0,0,1.2886,-0.000,0.000,-0.0000,0.0000,-0.0000,4,1.2887,0.000
127,2.1167,0.0000,1.2385,-0.0000,0.0000,-0.0063,-0.0000,0.0000,0.000,0.000,-8.594,1,VEHICLE,0,-,0.0000,50,150,0,0.0800,0,0,0.000,0.000,0.000,0.0000,0.0000,0.0000,1,1.0000,0,0,0.0000,0,1.2886,0.0000,0.0000,0.0000,0.0000,0,80.00,0.0000,5.6297,9.3749,0.0000,6.2385,-0.0000,80.00,-1,-1.00000,0.000,0.000,0.000,0.000,0.000,0.000,0,0.00,0,0,0,0,0,0,1.2885,-0.000,0.000,-0.0000,-0.0000,-0.0000,4,1.2886,0.000
128,2.1333,0.0000,1.2384,-0.0000,0.0000,-0.0060,-0.0000,0.0000,0.000,0.000,-8.594,1,VEHICLE,0,-,0.0000,50,150,0,0.0800,0,0,0.000,0.000,0.000,0.0000,0.0000,0.0000,1,1.0000,0,0,0.0000,0,1.2885,0.0000,0.0000,0.0000,0.0000,0,80.00,0.0000,5.6296,9.3749,0.0000,6.2384,-0.0000,80.00,-1,-1.00000,0.000,0.000,0.000,0.000,0.000,0.000,0,0.00,0,0,0,0,0,0,1.2884,-0.000,0.000,0.0000,0.0000,-0.0000,4,1.2885,0.000
129,2.1500,0.0000,1.2383,-0.0000,0.0000,-0.0057,-0.0000,0.0000,0.000,0.000,-8.594,1,VEHICLE,0,-,0.0000,50,150,0,0.0800,0,0,0.000,0.000,0.000,0.0000,0.0000,0.0000,1,1.0000,0,0,0.0000,0,1.2884,0.0000,0.0000,0.0000,0.0000,0,80.00,0.0000,5.6296,9.3749,0.0000,6.2383,-0.0000,80.00,-1,-1.00000,0.000,0.000,0.000,0.000,0.000,0.000,0,0.00,0,0,0,0,0,0,1.2883,-0.000,0.000,-0.0000,0.0000,-0.0000,4,1.2884,0.000
130,2.1667,0.0000,1.2382,-0.0000,0.0000,-0.0053,-0.0000,0.0000,0.000,0.000,-8.594,1,VEHICLE,0,-,0.0000,50,150,0,0.0800,0,0,0.000,0.000,0.000,0.0000,0.0000,0.0000,1,1.0000,0,0,0.0000,0,1.2883,0.0000,0.0000,0.0000,0.0000,0,80.00,0.0000,5.6295,9.3749,0.0000,6.2382,-0.0000,80.00,-1,-1.00000,0.000,0.000,0.000,0.000,0.000,0.000,0,0.00,0,0,0,0,0,0,1.2882,-0.000,0.000,-0.0000,-0.0000,-0.0000,4,1.2883,0.000
131,2.1833,0.0000,1.2381,-0.0000,0.0000,-0.0050,-0.0000,0.0000,0.000,0.000,-8.594,1,VEHICLE,0,-,0.0000,50,150,0,0.0800,0,0,0.000,0.000,0.000,0.0000,0.0000,0.0000,1,1.0000,0,0,0.0000,0,1.2882,0.0000,0.0000,0.0000,0.0000,0,80.00,0.0000,5.6294,9.3749,0.0000,6.2381,-0.0000,80.00,-1,-1.00000,0.000,0.000,0.000,0.000,0.000,0.000,0,0.00,0,0,0,0,0,0,1.2881,-0.000,0.000,0.0000,0.0000,-0.0000,4,1.2882,0.000
132,2.2000,0.0000,1.2380,-0.0000,0.0000,-0.0047,-0.0000,0.0000,0.000,0.000,-8.594,1,VEHICLE,0,-,0.0000,50,150,0,0.0800,0,0,0.000,0.000,0.000,0.0000,0.0000,0.0000,1,1.0000,0,0,0.0000,0,1.2881,0.0000,0.0000,0.0000,0.0000,0,80.00,0.0000,5.6293,9.3749,0.0000,6.2380,-0.0000,80.00,-1,-1.00000,0.000,0.000,0.000,0.000,0.000,0.000,0,0.00,0,0,0,0,0,0,1.2880,-0.000,0.000,-0.0000,0.0000,-0.0000,4,1.2881,0.000
133,2.2167,0.0000,1.2380,-0.0000,0.0000,-0.0045,-0.0000,0.0000,0.000,0.000,-8.594,1,VEHICLE,0,-,0.0000,50,150,0,0.0800,0,0,0.000,0.000,0.000,0.0000,0.0000,0.0000,1,1.0000,0,0,0.0000,0,1.2880,0.0000,0.0000,0.0000,0.0000,0,80.00,0.0000,5.6292,9.3749,0.0000,6.2380,-0.0000,80.00,-1,-1.00000,0.000,0.000,0.000,0.000,0.000,0.000,0,0.00,0,0,0,0,0,0,1.2880,-0.000,0.000,-0.0000,-0.0000,-0.0000,4,1.2880,0.000
134,2.2333,0.0000,1.2379,-0.0000,0.0000,-0.0042,-0.0000,0.0000,0.000,0.000,-8.594,1,VEHICLE,0,-,0.0000,50,150,0,0.0800,0,0,0.000,0.000,0.000,0.0000,0.0000,0.0000,1,1.0000,0,0,0.0000,0,1.2880,0.0000,0.0000,0.0000,0.0000,0,80.00,0.0000,5.6292,9.3749,0.0000,6.2379,-0.0000,80.00,-1,-1.00000,0.000,0.000,0.000,0.000,0.000,0.000,0,0.00,0,0,0,0,0,0,1.2879,-0.000,0.000,-0.0000,0.0000,-0.0000,4,1.2880,0.000
135,2.2500,0.0000,1.2378,-0.0000,0.0000,-0.0039,-0.0000,0.0000,0.000,0.000,-8.594,1,VEHICLE,0,-,0.0000,50,150,0,0.0800,0,0,0.000,0.000,0.000,0.0000,0.0000,0.0000,1,1.0000,0,0,0.0000,0,1.2879,0.0000,0.0000,0.0000,0.0000,0,80.00,0.0000,5.6291,9.3749,0.0000,6.2378,-0.0000,80.00,-1,-1.00000,0.000,0.000,0.000,0.000,0.000,0.000,0,0.00,0,0,0,0,0,0,1.2878,-0.000,0.000,-0.0000,-0.0000,-0.0000,4,1.2879,0.000
136,2.2667,0.0000,1.2378,-0.0000,0.0000,-0.0037,-0.0000,0.0000,0.000,0.000,-8.594,1,VEHICLE,0,-,0.0000,50,150,0,0.0800,0,0,0.000,0.000,0.000,0.0000,0.0000,0.0000,1,1.0000,0,0,0.0000,0,1.2878,0.0000,0.0000,0.0000,0.0000,0,80.00,0.0000,5.6290,9.3749,0.0000,6.2378,-0.0000,80.00,-1,-1.00000,0.000,0.000,0.000,0.000,0.000,0.000,0,0.00,0,0,0,0,0,0,1.2878,-0.000,0.000,-0.0000,0.0000,-0.0000,4,1.2878,0.000
137,2.2833,0.0000,1.2377,-0.0000,0.0000,-0.0034,-0.0000,0.0000,0.000,0.000,-8.594,1,VEHICLE,0,-,0.0000,50,150,0,0.0800,0,0,0.000,0.000,0.000,0.0000,0.0000,0.0000,1,1.0000,0,0,0.0000,0,1.2878,0.0000,0.0000,0.0000,0.0000,0,80.00,0.0000,5.6290,9.3749,0.0000,6.2377,-0.0000,80.00,-1,-1.00000,0.000,0.000,0.000,0.000,0.000,0.000,0,0.00,0,0,0,0,0,0,1.2877,-0.000,0.000,-0.0000,-0.0000,-0.0000,4,1.2878,0.000
138,2.3000,0.0000,1.2377,-0.0000,0.0000,-0.0032,-0.0000,0.0000,0.000,0.000,-8.594,1,VEHICLE,0,-,0.0000,50,150,0,0.0800,0,0,0.000,0.000,0.000,0.0000,0.0000,0.0000,1,1.0000,0,0,0.0000,0,1.2877,0.0000,0.0000,0.0000,0.0000,0,80.00,0.0000,5.6289,9.3749,0.0000,6.2377,-0.0000,80.00,-1,-1.00000,0.000,0.000,0.000,0.000,0.000,0.000,0,0.00,0,0,0,0,0,0,1.2877,-0.000,0.000,-0.0000,0.0000,-0.0000,4,1.2877,0.000
139,2.3167,0.0000,1.2376,-0.0000,0.0000,-0.0030,-0.0000,0.0000,0.000,0.000,-8.594,1,VEHICLE,0,-,0.0000,50,150,0,0.0800,0,0,0.000,0.000,0.000,0.0000,0.0000,0.0000,1,1.0000,0,0,0.0000,0,1.2877,0.0000,0.0000,0.0000,0.0000,0,80.00,0.0000,5.6289,9.3749,0.0000,6.2376,-0.0000,80.00,-1,-1.00000,0.000,0.000,0.000,0.000,0.000,0.000,0,0.00,0,0,0,0,0,0,1.2876,-0.000,0.000,0.0000,-0.0000,-0.0000,4,1.2877,0.000
140,2.3333,0.0000,1.2376,-0.0000,0.0000,-0.0028,-0.0000,0.0000,0.000,0.000,-8.594,1,VEHICLE,0,-,0.0000,50,150,0,0.0800,0,0,0.000,0.000,0.000,0.0000,0.0000,0.0000,1,1.0000,0,0,0.0000,0,1.2876,0.0000,0.0000,0.0000,0.0000,0,80.00,0.0000,5.6288,9.3749,0.0000,6.2376,-0.0000,80.00,-1,-1.00000,0.000,0.000,0.000,0.000,0.000,0.000,0,0.00,0,0,0,0,0,0,1.2876,-0.000,0.000,-0.0000,0.0000,-0.0000,4,1.2876,0.000
141,2.3500,0.0000,1.2375,-0.0000,0.0000,-0.0026,-0.0000,0.0000,0.000,0.000,-8.594,1,VEHICLE,0,-,0.0000,50,150,0,0.0800,0,0,0.000,0.000,0.000,0.0000,0.0000,0.0000,1,1.0000,0,0,0.0000,0,1.2876,0.0000,0.0000,0.0000,0.0000,0,80.00,0.0000,5.6288,9.3749,0.0000,6.2375,-0.0000,80.00,-1,-1.00000,0.000,0.000,0.000,0.000,0.000,0.000,0,0.00,0,0,0,0,0,0,1.2875,-0.000,0.000,-0.0000,-0.0000,-0.0000,4,1.2876,0.000
142,2.3667,0.0000,1.2375,-0.0000,0.0000,-0.0024,-0.0000,0.0000,0.000,0.000,-8.594,1,VEHICLE,0,-,0.0000,50,150,0,0.0800,0,0,0.000,0.000,0.000,0.0000,0.0000,0.0000,1,1.0000,0,0,0.0000,0,1.2875,0.0000,0.0000,0.0000,0.0000,0,80.00,0.0000,5.6287,9.3749,0.0000,6.2375,-0.0000,80.00,-1,-1.00000,0.000,0.000,0.000,0.000,0.000,0.000,0,0.00,0,0,0,0,0,0,1.2875,-0.000,0.000,-0.0000,-0.0000,-0.0000,4,1.2875,0.000
143,2.3833,0.0000,1.2374,-0.0000,0.0000,-0.0022,-0.0000,0.0000,0.000,0.000,-8.594,1,VEHICLE,0,-,0.0000,50,150,0,0.0800,0,0,0.000,0.000,0.000,0.0000,0.0000,0.0000,1,1.0000,0,0,0.0000,0,1.2875,0.0000,0.0000,0.0000,0.0000,0,80.00,0.0000,5.6287,9.3749,0.0000,6.2374,-0.0000,80.00,-1,-1.00000,0.000,0.000,0.000,0.000,0.000,0.000,0,0.00,0,0,0,0,0,0,1.2874,-0.000,0.000,-0.0000,0.0000,-0.0000,4,1.2875,0.000
144,2.4000,0.0000,1.2374,-0.0000,0.0000,-0.0020,-0.0000,0.0000,0.000,0.000,-8.594,1,VEHICLE,0,-,0.0000,50,150,0,0.0800,0,0,0.000,0.000,0.000,0.0000,0.0000,0.0000,1,1.0000,0,0,0.0000,0,1.2874,0.0000,0.0000,0.0000,0.0000,0,80.00,0.0000,5.6287,9.3749,0.0000,6.2374,-0.0000,80.00,-1,-1.00000,0.000,0.000,0.000,0.000,0.000,0.000,0,0.00,0,0,0,0,0,0,1.2874,-0.000,0.000,0.0000,0.0000,-0.0000,4,1.2874,0.000
145,2.4167,0.0000,1.2374,-0.0000,0.0000,-0.0019,-0.0000,0.0000,0.000,0.000,-8.594,1,VEHICLE,0,-,0.0000,50,150,0,0.0800,0,0,0.000,0.000,0.000,0.0000,0.0000,0.0000,1,1.0000,0,0,0.0000,0,1.2874,0.0000,0.0000,0.0000,0.0000,0,80.00,0.0000,5.6286,9.3749,0.0000,6.2374,-0.0000,80.00,-1,-1.00000,0.000,0.000,0.000,0.000,0.000,0.000,0,0.00,0,0,0,0,0,0,1.2874,-0.000,0.000,-0.0000,-0.0000,-0.0000,4,1.2874,0.000
146,2.4333,0.0000,1.2374,-0.0000,0.0000,-0.0017,-0.0000,0.0000,0.000,0.000,-8.594,1,VEHICLE,0,-,0.0000,50,150,0,0.0800,0,0,0.000,0.000,0.000,0.0000,0.0000,0.0000,1,1.0000,0,0,0.0000,0,1.2874,0.0000,0.0000,0.0000,0.0000,0,80.00,0.0000,5.6286,9.3749,0.0000,6.2374,-0.0000,80.00,-1,-1.00000,0.000,0.000,0.000,0.000,0.000,0.000,0,0.00,0,0,0,0,0,0,1.2874,-0.000,0.000,-0.0000,0.0000,-0.0000,4,1.2874,0.000
147,2.4500,0.0000,1.2373,-0.0000,0.0000,-0.0016,-0.0000,0.0000,0.000,0.000,-8.594,1,VEHICLE,0,-,0.0000,50,150,0,0.0800,0,0,0.000,0.000,0.000,0.0000,0.0000,0.0000,1,1.0000,0,0,0.0000,0,1.2874,0.0000,0.0000,0.0000,0.0000,0,80.00,0.0000,5.6286,9.3749,0.0000,6.2373,-0.0000,80.00,-1,-1.00000,0.000,0.000,0.000,0.000,0.000,0.000,0,0.00,0,0,0,0,0,0,1.2873,-0.000,0.000,-0.0000,0.0000,-0.0000,4,1.2874,0.000
148,2.4667,0.0000,1.2373,-0.0000,0.0000,-0.0014,-0.0000,0.0000,0.000,0.000,-8.594,1,VEHICLE,0,-,0.0000,50,150,0,0.0800,0,0,0.000,0.000,0.000,0.0000,0.0000,0.0000,1,1.0000,0,0,0.0000,0,1.2873,0.0000,0.0000,0.0000,0.0000,0,80.00,0.0000,5.6286,9.3749,0.0000,6.2373,-0.0000,80.00,-1,-1.00000,0.000,0.000,0.000,0.000,0.000,0.000,0,0.00,0,0,0,0,0,0,1.2873,-0.000,0.000,-0.0000,0.0000,-0.0000,4,1.2873,0.000
149,2.4833,0.0000,1.2373,-0.0000,0.0000,-0.0013,-0.0000,0.0000,0.000,0.000,-8.594,1,VEHICLE,0,-,0.0000,50,150,0,0.0800,0,0,0.000,0.000,0.000,0.0000,0.0000,0.0000,1,1.0000,0,0,0.0000,0,1.2873,0.0000,0.0000,0.0000,0.0000,0,80.00,0.0000,5.6285,9.3749,0.0000,6.2373,-0.0000,80.00,-1,-1.00000,0.000,0.000,0.000,0.000,0.000,0.000,0,0.00,0,0,0,0,0,0,1.2873,-0.000,0.000,-0.0000,-0.0000,-0.0000,4,1.2873,0.000
150,2.5000,0.0000,1.2373,-0.0000,0.0000,-0.0012,-0.0000,0.0000,0.000,0.000,-8.594,1,VEHICLE,0,-,0.0000,50,150,0,0.0800,0,0,0.000,0.000,0.000,0.0000,0.0000,0.0000,1,1.0000,0,0,0.0000,0,1.2873,0.0000,0.0000,0.0000,0.0000,0,80.00,0.0000,5.6285,9.3749,0.0000,6.2373,-0.0000,80.00,-1,-1.00000,0.000,0.000,0.000,0.000,0.000,0.000,0,0.00,0,0,0,0,0,0,1.2873,-0.000,0.000,-0.0000,0.0000,-0.0000,4,1.2873,0.000
151,2.5167,0.0000,1.2372,-0.0083,0.0000,-0.0010,-0.5000,0.5000,0.000,0.000,-8.594,1,VEHICLE,0,-,0.0000,50,150,0,0.0800,0,0,0.000,0.000,0.000,0.0000,0.0000,0.0000,1,1.0000,0,0,0.0000,0,1.2873,0.0000,0.0000,0.0000,0.0000,0,80.00,0.0000,5.6285,9.3666,0.0000,6.2372,-0.0083,80.00,-1,-1.00000,0.000,0.000,0.000,0.000,0.000,0.000,0,0.00,0,0,0,0,0,0,1.2872,-0.000,0.000,0.0000,-0.0000,-0.0000,4,1.2873,0.000
152,2.5333,0.0000,1.2372,-0.0250,0.0000,-0.0009,-1.0000,1.0000,0.000,0.000,-8.594,1,VEHICLE,0,-,0.0000,50,150,0,0.0800,0,0,0.000,0.000,0.000,0.0000,0.0000,0.0000,1,1.0000,0,0,0.0000,0,1.2872,0.0000,0.0000,0.0000,0.0000,0,80.00,0.0000,5.6285,9.3499,0.0000,6.2372,-0.0250,80.00,-1,-1.00000,0.000,0.000,0.000,0.000,0.000,0.000,0,0.00,0,0,0,0,0,0,1.2872,-0.000,0.000,-0.0000,0.0000,-0.0000,4,1.2872,0.000
153,2.5500,0.0000,1.2372,-0.0500,0.0000,-0.0008,-1.5000,1.5000,0.000,0.000,-8.594,1,VEHICLE,0,-,0.0000,50,150,0,0.0800,0,0,0.000,0.000,0.000,0.0000,0.0000,0.0000,1,1.0000,0,0,0.0000,0,1.2872,0.0000,0.0000,0.0000,0.0000,0,80.00,0.0000,5.6285,9.3249,0.0000,6.2372,-0.0500,80.00,-1,-1.00000,0.000,0.000,0.000,0.000,0.000,0.000,0,0.00,0,0,0,0,0,0,1.2872,-0.000,0.000,-0.0000,-0.0000,-0.0000,4,1.2872,0.000
154,2.5667,0.0000,1.2372,-0.0833,0.0000,-0.0007,-2.0000,2.0000,0.000,0.000,-8.594,1,VEHICLE,0,-,0.0000,50,150,0,0.0800,0,0,0.000,0.000,0.000,0.0000,0.0000,0.0000,1,1.0000,0,0,0.0000,0,1.2872,0.0000,0.0000,0.0000,0.0000,0,80.00,0.0000,5.6285,9.2916,0.0000,6.2372,-0.0833,80.00,-1,-1.00000,0.000,0.000,0.000,0.000,0.000,0.000,0,0.00,0,0,0,0,0,0,1.2872,-0.000,0.000,-0.0000,0.0000,-0.0000,4,1.2872,0.000
155,2.5833,0.0000,1.2372,-0.1250,0.0000,-0.0007,-2.5000,2.5000,0.000,0.000,-8.594,1,VEHICLE,0,-,0.0000,50,150,0,0.0800,0,0,0.000,0.000,0.000,0.0000,0.0000,0.0000,1,1.0000,0,0,0.0000,0,1.2872,0.0000,0.0000,0.0000,0.0000,0,80.00,0.0000,5.6285,9.2499,0.0000,6.2372,-0.1250,80.00,-1,-1.00000,0.000,0.000,0.000,0.000,0.000,0.000,0,0.00,0,0,0,0,0,0,1.2872,-0.000,0.000,-0.0000,0.0000,-0.0000,4,1.2872,0.000
156,2.6000,0.0000,1.2372,-0.1750,0.0000,-0.0006,-3.0000,3.0000,0.000,0.000,-8.594,1,VEHICLE,0,-,0.0000,50,150,0,0.0800,0,0,0.000,0.000,0.000,0.0000,0.0000,0.0000,1,1.0000,0,0,0.0000,0,1.2872,0.0000,0.0000,0.0000,0.0000,0,80.00,0.0000,5.6284,9.1999,0.0000,6.2372,-0.1750,80.00,-1,-1.00000,0.000,0.000,0.000,0.000,0.000,0.000,0,0.00,0,0,0,0,0,0,1.2872,-0.000,0.000,0.0000,0.0000,-0.0000,4,1.2872,0.000
157,2.6167,0.0000,1.2372,-0.2333,0.0000,-0.0005,-3.5000,3.5000,0.000,0.000,-8.594,1,VEHICLE,0,-,0.0000,50,150,0,0.0800,0,0,0.000,0.000,0.000,0.0000,0.0000,0.0000,1,1.0000,0,0,0.0000,0,1.2872,0.0000,0.0000,0.0000,0.0000,0,80.00,0.0000,5.6284,9.1416,0.0000,6.2372,-0.2333,80.00,-1,-1.00000,0.000,0.000,0.000,0.000,0.000,0.000,0,0.00,0,0,0,0,0,0,1.2872,-0.000,0.000,0.0000,-0.0000,-0.0000,4,1.2872,0.000
158,2.6333,0.0000,1.2372,-0.3000,0.0000,-0.0004,-4.0000,4.0000,0.000,0.000,-8.594,1,VEHICLE,0,-,0.0000,50,150,0,0.0800,0,0,0.000,0.000,0.000,0.0000,0.0000,0.0000,1,1.0000,0,0,0.0000,0,1.2872,0.0000,0.0000,0.0000,0.0000,0,80.00,0.0000,5.6284,9.0749,0.0000,6.2372,-0.3000,80.00,-1,-1.00000,0.000,0.000,0.000,0.000,0.000,0.000,0,0.00,0,0,0,0,0,0,1.2872,-0.000,0.000,-0.0000,0.0000,-0.0000,4,1.2872,0.000
159,2.6500,0.0000,1.2372,-0.3750,0.0000,-0.0004,-4.5000,4.5000,0.000,0.000,-8.594,1,VEHICLE,0,-,0.0000,50,150,0,0.0800,0,0,0.000,0.000,0.000,0.0000,0.0000,0.0000,1,1.0000,0,0,0.0000,0,1.2872,0.0000,0.0000,0.0000,0.0000,0,80.00,0.0000,5.6284,8.9999,0.0000,6.2372,-0.3750,80.00,-1,-1.00000,0.000,0.000,0.000,0.000,0.000,0.000,0,0.00,0,0,0,0,0,0,1.2872,-0.000,0.000,-0.0000,-0.0000,-0.0000,4,1.2872,0.000
160,2.6667,0.0000,1.2372,-0.4583,0.0000,-0.0003,-5.0000,5.0000,0.000,0.000,-8.594,1,VEHICLE,0,-,0.0000,50,150,0,0.0800,0,0,0.000,0.000,0.000,0.0000,0.0000,0.0000,1,1.0000,0,0,0.0000,0,1.2872,0.0000,0.0000,0.0000,0.0000,0,80.00,0.0000,5.6284,8.9166,0.0000,6.2372,-0.4583,80.00,-1,-1.00000,0.000,0.000,0.000,0.000,0.000,0.000,0,0.00,0,0,0,0,0,0,1.2872,-0.000,0.000,-0.0000,-0.0000,-0.0000,4,1.2872,0.000
161,2.6833,0.0000,1.2371,-0.5500,0.0000,-0.0003,-5.5000,5.5000,0.000,0.000,-8.594,1,VEHICLE,0,-,0.0000,50,150,0,0.0800,0,0,0.000,0.000,0.000,0.0000,0.0000,0.0000,1,1.0000,0,0,0.0000,0,1.2872,0.0000,0.0000,0.0000,0.0000,0,80.00,0.0000,5.6284,8.8249,0.0000,6.2371,-0.5500,80.00,-1,-1.00000,0.000,0.000,0.000,0.000,0.000,0.000,0,0.00,0,0,0,0,0,0,1.2871,-0.000,0.000,0.0000,0.0000,-0.0000,4,1.2872,0.000
162,2.7000,0.0000,1.2371,-0.6500,0.0000,-0.0002,-6.0000,6.0000,0.000,0.000,-8.594,1,VEHICLE,0,-,0.0000,50,150,0,0.0800,0,0,0.000,0.000,0.000,0.0000,0.0000,0.0000,1,1.0000,0,0,0.0000,0,1.2871,0.0000,0.0000,0.0000,0.0000,0,80.00,0.0000,5.6284,8.7249,0.0000,6.2371,-0.6500,80.00,-1,-1.00000,0.000,0.000,0.000,0.000,0.000,0.000,0,0.00,0,0,0,0,0,0,1.2871,-0.000,0.000,-0.0000,0.0000,-0.0000,4,1.2871,0.000
163,2.7167,0.0000,1.2371,-0.7583,0.0000,-0.0002,-6.5000,6.5000,0.000,0.000,-8.594,1,VEHICLE,0,-,0.0000,50,150,0,0.0800,0,0,0.000,0.000,0.000,0.0000,0.0000,0.0000,1,1.0000,0,0,0.0000,0,1.2871,0.0000,0.0000,0.0000,0.0000,0,80.00,0.0000,5.6284,8.6166,0.0000,6.2371,-0.7583,80.00,-1,-1.00000,0.000,0.000,0.000,0.000,0.000,0.000,0,0.00,0,0,0,0,0,0,1.2871,-0.000,0.000,0.0000,-0.0000,-0.0000,4,1.2871,0.000
164,2.7333,0.0000,1.2371,-0.8750,0.0000,-0.0001,-7.0000,7.0000,0.000,0.000,-8.594,1,VEHICLE,0,-,0.0000,50,150,0,0.0800,0,0,0.000,0.000,0.000,0.0000,0.0000,0.0000,1,1.0000,0,0,0.0000,0,1.2871,0.0000,0.0000,0.0000,0.0000,0,80.00,0.0000,5.6284,8.4999,0.0000,6.2371,-0.8750,80.00,-1,-1.00000,0.000,0.000,0.000,0.000,0.000,0.000,0,0.00,0,0,0,0,0,0,1.2871,-0.000,0.000,-0.0000,0.0000,-0.0000,4,1.2871,0.000
165,2.7500,0.0000,1.2371,-1.0000,0.0000,-0.0001,-7.5000,7.5000,0.000,0.000,-8.594,1,VEHICLE,0,-,0.0000,50,150,0,0.0800,0,0,0.000,0.000,0.000,0.0000,0.0000,0.0000,1,1.0000,0,0,0.0000,0,1.2871,0.0000,0.0000,0.0000,0.0000,0,80.00,0.0000,5.6284,8.3749,0.0000,6.2371,-1.0000,80.00,-1,-1.00000,0.000,0.000,0.000,0.000,0.000,0.000,0,0.00,0,0,0,0,0,0,1.2871,-0.000,0.000,-0.0000,0.0000,-0.0000,4,1.2871,0.000
166,2.7667,0.0000,1.2371,-1.1333,0.0000,-0.0000,-8.0000,8.0000,0.000,0.000,-8.594,1,VEHICLE,0,-,0.0000,50,150,0,0.0800,0,0,0.000,0.000,0.000,0.0000,0.0000,0.0000,1,1.0000,0,0,0.0000,0,1.2871,0.0000,0.0000,0.0000,0.0000,0,80.00,0.0000,5.6284,8.2416,0.0000,6.2371,-1.1333,80.00,-1,-1.00000,0.000,0.000,0.000,0.000,0.000,0.000,0,0.00,0,0,0,0,0,0,1.2871,-0.000,0.000,-0.0000,-0.0000,-0.0000,4,1.2871,0.000
167,2.7833,0.0000,1.2371,-1.2750,0.0000,-0.0000,-8.5000,8.5000,0.000,0.000,-8.594,1,VEHICLE,0,-,0.0000,50,150,0,0.0800,0,0,0.000,0.000,0.000,0.0000,0.0000,0.0000,1,1.0000,0,0,0.0000,0,1.2871,0.0000,0.0000,0.0000,0.0000,0,80.00,0.0000,5.6284,8.0999,0.0000,6.2371,-1.2750,80.00,-1,-1.00000,0.000,0.000,0.000,0.000,0.000,0.000,0,0.00,0,0,0,0,0,0,1.2871,-0.000,0.000,-0.0000,0.0000,-0.0000,4,1.2871,0.000
168,2.8000,0.0000,1.2371,-1.4250,0.0000,0.0000,-9.0000,9.0000,0.000,0.000,-8.594,1,VEHICLE,0,-,0.0000,50,150,0,0.0800,0,0,0.000,0.000,0.000,0.0000,0.0000,0.0000,1,1.0000,0,0,0.0000,0,1.2871,0.0000,0.0000,0.0000,0.0000,0,80.00,0.0000,5.6284,7.9499,0.0000,6.2371,-1.4250,80.00,-1,-1.00000,0.000,0.000,0.000,0.000,0.000,0.000,0,0.00,0,0,0,0,0,0,1.2871,-0.000,0.000,0.0000,0.0000,-0.0000,4,1.2871,0.000
169,2.8167,0.0000,1.2371,-1.5833,0.0000,0.0000,-9.5000,9.5000,0.000,0.000,-8.594,1,VEHICLE,0,-,0.0000,50,150,0,0.0800,0,0,0.000,0.000,0.000,0.0000,0.0000,0.0000,1,1.0000,0,0,0.0000,0,1.2871,0.0000,0.0000,0.0000,0.0000,0,80.00,0.0000,5.6284,7.7916,0.0000,6.2371,-1.5833,80.00,-1,-1.00000,0.000,0.000,0.000,0.000,0.000,0.000,0,0.00,0,0,0,0,0,0,1.2871,-0.000,0.000,-0.0000,-0.0000,-0.0000,4,1.2871,0.000
170,2.8333,0.0000,1.2371,-1.7500,0.0000,0.0001,-10.0000,10.0000,0.000,0.000,-8.594,1,VEHICLE,0,-,0.0000,50,150,0,0.0800,0,0,0.000,0.000,0.000,0.0000,0.0000,0.0000,1,1.0000,0,0,0.0000,0,1.2871,0.0000,0.0000,0.0000,0.0000,0,80.00,0.0000,5.6284,7.6249,0.0000,6.2371,-1.7500,80.00,-1,-1.00000,0.000,0.000,0.000,0.000,0.000,0.000,0,0.00,0,0,0,0,0,0,1.2871,-0.000,0.000,-0.0000,-0.0000,-0.0000,4,1.2871,0.000
171,2.8500,0.0000,1.2371,-1.9250,0.0000,0.0001,-10.5000,10.5000,0.000,0.000,-8.594,1,VEHICLE,0,-,0.0000,50,150,0,0.0800,0,0,0.000,0.000,0.000,0.0000,0.0000,0.0000,1,1.0000,0,0,0.0000,0,1.2871,0.0000,0.0000,0.0000,0.0000,0,80.00,0.0000,5.6284,7.4499,0.0000,6.2371,-1.9250,80.00,-1,-1.00000,0.000,0.000,0.000,0.000,0.000,0.000,0,0.00,0,0,0,0,0,0,1.2871,-0.000,0.000,-0.0000,-0.0000,-0.0000,4,1.2871,0.000
172,2.8667,0.0000,1.2371,-2.1083,0.0000,0.0001,-11.0000,11.0000,0.000,0.000,-8.594,1,VEHICLE,0,-,0.0000,50,150,0,0.0800,0,0,0.000,0.000,0.000,0.0000,0.0000,0.0000,1,1.0000,0,0,0.0000,0,1.2871,0.0000,0.0000,0.0000,0.0000,0,80.00,0.0000,5.6284,7.2666,0.0000,6.2371,-2.1083,80.00,-1,-1.00000,0.000,0.000,0.000,0.000,0.000,0.000,0,0.00,0,0,0,0,0,0,1.2871,-0.000,0.000,-0.0000,0.0000,-0.0000,4,1.2871,0.000
173,2.8833,0.0000,1.2371,-2.3000,0.0000,0.0001,-11.5000,11.5000,0.000,0.000,-8.594,1,VEHICLE,0,-,0.0000,50,150,0,0.0800,0,0,0.000,0.000,0.000,0.0000,0.0000,0.0000,1,1.0000,0,0,0.0000,0,1.2871,0.0000,0.0000,0.0000,0.0000,0,80.00,0.0000,5.6284,7.0749,0.0000,6.2371,-2.3000,80.00,-1,-1.00000,0.000,0.000,0.000,0.000,0.000,0.000,0,0.00,0,0,0,0,0,0,1.2871,-0.000,0.000,-0.0000,0.0000,-0.0000,4,1.2871,0.000
174,2.9000,0.0000,1.2371,-2.5000,0.0000,0.0001,-12.0000,12.0000,0.000,0.000,-8.594,1,VEHICLE,0,-,0.0000,50,150,0,0.0800,0,0,0.000,0.000,0.000,0.0000,0.0000,0.0000,1,1.0000,0,0,0.0000,0,1.2871,0.0000,0.0000,0.0000,0.0000,0,80.00,0.0000,5.6284,6.8749,0.0000,6.2371,-2.5000,80.00,-1,-1.00000,0.000,0.000,0.000,0.000,0.000,0.000,0,0.00,0,0,0,0,0,0,1.2871,-0.000,0.000,-0.0000,-0.0000,-0.0000,4,1.2871,0.000
175,2.9167,0.0000,1.2371,-2.7083,0.0000,0.0001,-12.5000,12.5000,0.000,0.000,-8.594,1,VEHICLE,0,-,0.0000,50,150,0,0.0800,0,0,0.000,0.000,0.000,0.0000,0.0000,0.0000,1,1.0000,0,0,0.0000,0,1.2871,0.0000,0.0000,0.0000,0.0000,0,80.00,0.0000,5.6284,6.6666,0.0000,6.2371,-2.7083,80.00,-1,-1.00000,0.000,0.000,0.000,0.000,0.000,0.000,0,0.00,0,0,0,0,0,0,1.2871,-0.000,0.000,0.0000,-0.0000,-0.0000,4,1.2871,0.000
176,2.9333,0.0000,1.2372,-2.9250,0.0000,0.0002,-13.0000,13.0000,0.000,0.000,-8.594,1,VEHICLE,0,-,0.0000,50,150,0,0.0800,0,0,0.000,0.000,0.000,0.0000,0.0000,0.0000,1,1.0000,0,0,0.0000,0,1.2871,0.0000,0.0000,0.0000,0.0000,0,80.00,0.0000,5.6284,6.4499,0.0000,6.2372,-2.9250,80.00,-1,-1.00000,0.000,0.000,0.000,0.000,0.000,0.000,0,0.00,0,0,0,0,0,0,1.2872,-0.000,0.000,-0.0000,-0.0000,-0.0000,4,1.2871,0.000
177,2.9500,0.0000,1.2372,-3.1500,0.0000,0.0002,-13.5000,13.5000,0.000,0.000,-8.594,1,VEHICLE,0,-,0.0000,50,150,0,0.0800,0,0,0.000,0.000,0.000,0.0000,0.0000,0.0000,1,1.0000,0,0,0.0000,0,1.2872,0.0000,0.0000,0.0000,0.0000,0,80.00,0.0000,5.6284,6.2249,0.0000,6.2372,-3.1500,80.00,-1,-1.00000,0.000,0.000,0.000,0.000,0.000,0.000,0,0.00,0,0,0,0,0,0,1.2872,-0.000,0.000,-0.0000,0.0000,-0.0000,4,1.2872,0.000
178,2.9667,0.0000,1.2372,-3.3833,0.0000,0.0002,-14.0000,14.0000,0.000,0.000,-8.594,1,VEHICLE,0,-,0.0000,50,150,0,0.0800,0,0,0.000,0.000,0.000,0.0000,0.0000,0.0000,1,1.0000,0,0,0.0000,0,1.2872,0.0000,0.0000,0.0000,0.0000,0,80.00,0.0000,5.6284,5.9916,0.0000,6.2372,-3.3833,80.00,-1,-1.00000,0.000,0.000,0.000,0.000,0.000,0.000,0,0.00,0,0,0,0,0,0,1.2872,-0.000,0.000,0.0000,0.0000,-0.0000,4,1.2872,0.000
179,2.9833,0.0000,1.2372,-3.6250,0.0000,0.0002,-14.5000,14.5000,0.000,0.000,-8.594,1,VEHICLE,0,-,0.0000,50,150,0,0.0800,0,0,0.000,0.000,0.000,0.0000,0.0000,0.0000,1,1.0000,0,0,0.0000,0,1.2872,0.0000,0.0000,0.0000,0.0000,0,80.00,0.0000,5.6284,5.7499,0.0000,6.2372,-3.6250,80.00,-1,-1.00000,0.000,0.000,0.000,0.000,0.000,0.000,0,0.00,0,0,0,0,0,0,1.2872,-0.000,0.000,-0.0000,-0.0000,-0.0000,4,1.2872,0.000
180,3.0000,0.0000,1.2372,-3.8750,0.0000,0.0002,-15.0000,15.0000,0.000,0.000,-8.594,1,VEHICLE,0,-,0.0000,50,150,0,0.0800,0,0,0.000,0.000,0.000,0.0000,0.0000,0.0000,1,1.0000,0,0,0.0000,0,1.2872,0.0000,0.0000,0.0000,0.0000,0,80.00,0.0000,5.6284,5.4999,0.0000,6.2372,-3.8750,80.00,-1,-1.00000,0.000,0.000,0.000,0.000,0.000,0.000,0,0.00,0,0,0,0,0,0,1.2872,-0.000,0.000,-0.0000,0.0000,-0.0000,4,1.2872,0.000
181,3.0167,0.0000,1.2372,-4.1250,0.0000,0.0002,-15.0000,15.0000,0.000,0.000,-8.594,1,VEHICLE,0,-,0.0000,50,150,0,0.0800,0,0,0.000,0.000,0.000,0.0000,0.0000,0.0000,1,1.0000,0,0,0.0000,0,1.2872,0.0000,0.0000,0.0000,0.0000,0,80.00,0.0000,5.6284,5.2499,0.0000,6.2372,-4.1250,80.00,-1,-1.00000,0.000,0.000,0.000,0.000,0.000,0.000,0,0.00,0,0,0,0,0,0,1.2872,-0.000,0.000,-0.0000,-0.0000,-0.0000,4,1.2872,0.000
182,3.0333,0.0000,1.2372,-4.3750,0.0000,0.0002,-15.0000,15.0000,0.000,0.000,-8.594,1,VEHICLE,0,-,0.0000,50,150,0,0.0800,0,0,0.000,0.000,0.000,0.0000,0.0000,0.0000,1,1.0000,0,0,0.0000,0,1.2872,0.0000,0.0000,0.0000,0.0000,0,80.00,0.0000,5.6284,4.9999,0.0000,6.2372,-4.3750,80.00,-1,-1.00000,0.000,0.000,0.000,0.000,0.000,0.000,0,0.00,0,0,0,0,0,0,1.2872,-0.000,0.000,0.0000,-0.0000,-0.0000,4,1.2872,0.000
183,3.0500,0.0000,1.2372,-4.6250,0.0000,0.0002,-15.0000,15.0000,0.000,0.000,-8.594,1,VEHICLE,0,-,0.0000,50,150,0,0.0800,0,0,0.000,0.000,0.000,0.0000,0.0000,0.0000,1,1.0000,0,0,0.0000,0,1.2872,0.0000,0.0000,0.0000,0.0000,0,80.00,0.0000,5.6284,4.7499,0.0000,6.2372,-4.6250,80.00,-1,-1.00000,0.000,0.000,0.000,0.000,0.000,0.000,0,0.00,0,0,0,0,0,0,1.2872,-0.000,0.000,-0.0000,0.0000,-0.0000,4,1.2872,0.000
184,3.0667,0.0000,1.2372,-4.8750,0.0000,0.0002,-15.0000,15.0000,0.000,0.000,-8.594,1,VEHICLE,0,-,0.0000,50,150,0,0.0800,0,0,0.000,0.000,0.000,0.0000,0.0000,0.0000,1,1.0000,0,0,0.0000,0,1.2872,0.0000,0.0000,0.0000,0.0000,0,80.00,0.0000,5.6284,4.4999,0.0000,6.2372,-4.8750,80.00,-1,-1.00000,0.000,0.000,0.000,0.000,0.000,0.000,0,0.00,0,0,0,0,0,0,1.2872,-0.000,0.000,-0.0000,-0.0000,-0.0000,4,1.2872,0.000
185,3.0833,0.0000,1.2372,-5.1250,0.0000,0.0002,-15.0000,15.0000,0.000,0.000,-8.594,1,VEHICLE,0,-,0.0000,50,150,0,0.0800,0,0,0.000,0.000,0.000,0.0000,0.0000,0.0000,1,1.0000,0,0,0.0000,0,1.2872,0.0000,0.0000,0.0000,0.0000,0,80.00,0.0000,5.6284,4.2499,0.0000,6.2372,-5.1250,80.00,-1,-1.00000,0.000,0.000,0.000,0.000,0.000,0.000,0,0.00,0,0,0,0,0,0,1.2872,-0.000,0.000,-0.0000,0.0000,-0.0000,4,1.2872,0.000
186,3.1000,0.0000,1.2372,-5.3750,0.0000,0.0002,-15.0000,15.0000,0.000,0.000,-8.594,1,VEHICLE,0,-,0.0000,50,150,0,0.0800,0,0,0.000,0.000,0.000,0.0000,0.0000,0.0000,1,1.0000,0,0,0.0000,0,1.2872,0.0000,0.0000,0.0000,0.0000,0,80.00,0.0000,5.6284,3.9999,0.0000,6.2372,-5.3750,80.00,-1,-1.00000,0.000,0.000,0.000,0.000,0.000,0.000,0,0.00,0,0,0,0,0,0,1.2872,-0.000,0.000,0.0000,0.0000,-0.0000,4,1.2872,0.000
187,3.1167,0.0000,1.2372,-5.6250,0.0000,0.0002,-15.0000,15.0000,0.000,0.000,-8.594,1,VEHICLE,0,-,0.0000,50,150,0,0.0800,0,0,0.000,0.000,0.000,0.0000,0.0000,0.0000,1,1.0000,0,0,0.0000,0,1.2872,0.0000,0.0000,0.0000,0.0000,0,80.00,0.0000,5.6284,3.7499,0.0000,6.2372,-5.6250,80.00,-1,-1.00000,0.000,0.000,0.000,0.000,0.000,0.000,0,0.00,0,0,0,0,0,0,1.2872,-0.000,0.000,-0.0000,0.0000,-0.0000,4,1.2872,0.000
188,3.1333,0.0000,1.2372,-5.8750,0.0000,0.0002,-15.0000,15.0000,0.000,0.000,-8.594,1,VEHICLE,0,-,0.0000,50,150,0,0.0800,0,0,0.000,0.000,0.000,0.0000,0.0000,0.0000,1,1.0000,0,0,0.0000,0,1.2872,0.0000,0.0000,0.0000,0.0000,0,80.00,0.0000,5.6284,3.4999,0.0000,6.2372,-5.8750,80.00,-1,-1.00000,0.000,0.000,0.000,0.000,0.000,0.000,0,0.00,0,0,0,0,0,0,1.2872,-0.000,0.000,-0.0000,-0.0000,-0.0000,4,1.2872,0.000
189,3.1500,0.0000,1.2372,-6.1250,0.0000,0.0002,-15.0000,15.0000,0.000,0.000,-8.594,1,VEHICLE,0,-,0.0000,50,150,0,0.0800,0,0,0.000,0.000,0.000,0.0000,0.0000,0.0000,1,1.0000,0,0,0.0000,0,1.2872,0.0000,0.0000,0.0000,0.0000,0,80.00,0.0000,5.6285,3.2499,0.0000,6.2372,-6.1250,80.00,-1,-1.00000,0.000,0.000,0.000,0.000,0.000,0.000,0,0.00,0,0,0,0,0,0,1.2872,-0.000,0.000,-0.0000,-0.0000,-0.0000,4,1.2872,0.000
190,3.1667,0.0000,1.2372,-6.3750,0.0000,0.0002,-15.0000,15.0000,0.000,0.000,-8.594,1,VEHICLE,0,-,0.0000,50,150,0,0.0800,0,0,0.000,0.000,0.000,0.0000,0.0000,0.0000,1,1.0000,0,0,0.0000,0,1.2872,0.0000,0.0000,0.0000,0.0000,0,80.00,0.0000,5.6285,2.9999,0.0000,6.2372,-6.3750,80.00,-1,-1.00000,0.000,0.000,0.000,0.000,0.000,0.000,0,0.00,0,0,0,0,0,0,1.2872,-0.000,0.000,-0.0000,-0.0000,-0.0000,4,1.2872,0.000
191,3.1833,0.0000,1.2372,-6.6250,0.0000,0.0002,-15.0000,15.0000,0.000,0.000,-8.594,1,VEHICLE,0,-,0.0000,50,150,0,0.0800,0,0,0.000,0.000,0.000,0.0000,0.0000,0.0000,1,1.0000,0,0,0.0000,0,1.2872,0.0000,0.0000,0.0000,0.0000,0,80.00,0.0000,5.6285,2.7499,0.0000,6.2372,-6.6250,80.00,-1,-1.00000,0.000,0.000,0.000,0.000,0.000,0.000,0,0.00,0,0,0,0,0,0,1.2872,-0.000,0.000,-0.0000,0.0000,-0.0000,4,1.2872,0.000
192,3.2000,0.0000,1.2372,-6.8750,0.0000,0.0002,-15.0000,15.0000,0.000,0.000,-8.594,1,VEHICLE,0,-,0.0000,50,150,0,0.0800,0,0,0.000,0.000,0.000,0.0000,0.0000,0.0000,1,1.0000,0,0,0.0000,0,1.2872,0.0000,0.0000,0.0000,0.0000,0,80.00,0.0000,5.6285,2.4999,0.0000,6.2372,-6.8750,80.00,-1,-1.00000,0.000,0.000,0.000,0.000,0.000,0.000,0,0.00,0,0,0,0,0,0,1.2872,-0.000,0.000,-0.0000,-0.0000,-0.0000,4,1.2872,0.000
193,3.2167,0.0000,1.2372,-7.1250,0.0000,0.0002,-15.0000,15.0000,0.000,0.000,-8.594,1,VEHICLE,0,-,0.0000,50,150,0,0.0800,0,0,0.000,0.000,0.000,0.0000,0.0000,0.0000,1,1.0000,0,0,0.0000,0,1.2872,0.0000,0.0000,0.0000,0.0000,0,80.00,0.0000,5.6285,2.2499,0.0000,6.2372,-7.1250,80.00,-1,-1.00000,0.000,0.000,0.000,0.000,0.000,0.000,0,0.00,0,0,0,0,0,0,1.2872,-0.000,0.000,-0.0000,0.0000,-0.0000,4,1.2872,0.000
194,3.2333,0.0000,1.2372,-7.3750,0.0000,0.0002,-15.0000,15.0000,0.000,0.000,-8.594,1,VEHICLE,0,-,0.0000,50,150,0,0.0800,0,0,0.000,0.000,0.000,0.0000,0.0000,0.0000,1,1.0000,0,0,0.0000,0,1.2872,0.0000,0.0000,0.0000,0.0000,0,80.00,0.0000,5.6285,1.9999,0.0000,6.2372,-7.3750,80.00,-1,-1.00000,0.000,0.000,0.000,0.000,0.000,0.000,0,0.00,0,0,0,0,0,0,1.2872,-0.000,0.000,0.0000,-0.0000,-0.0000,4,1.2872,0.000
195,3.2500,0.0000,1.2372,-7.6250,0.0000,0.0002,-15.0000,15.0000,0.000,0.000,-8.594,1,VEHICLE,0,-,0.0000,50,150,0,0.0800,0,0,0.000,0.000,0.000,0.0000,0.0000,0.0000,1,1.0000,0,0,0.0000,0,1.2872,0.0000,0.0000,0.0000,0.0000,0,80.00,0.0000,5.6285,1.7499,0.0000,6.2372,-7.6250,80.00,-1,-1.00000,0.000,0.000,0.000,0.000,0.000,0.000,0,0.00,0,0,0,0,0,0,1.2872,-0.000,0.000,-0.0000,0.0000,-0.0000,4,1.2872,0.000
196,3.2667,0.0000,1.2372,-7.8750,0.0000,0.0001,-15.0000,15.0000,0.000,0.000,-8.594,1,VEHICLE,0,-,0.0000,50,150,0,0.0800,0,0,0.000,0.000,0.000,0.0000,0.0000,0.0000,1,1.0000,0,0,0.0000,0,1.2872,0.0000,0.0000,0.0000,0.0000,0,80.00,0.0000,5.6285,1.4999,0.0000,6.2372,-7.8750,80.00,-1,-1.00000,0.000,0.000,0.000,0.000,0.000,0.000,0,0.00,0,0,0,0,0,0,1.2872,-0.000,0.000,-0.0000,-0.0000,-0.0000,4,1.2872,0.000
197,3.2833,0.0000,1.2372,-8.1250,0.0000,0.0001,-15.0000,15.0000,0.000,0.000,-8.594,1,VEHICLE,0,-,0.0000,50,150,0,0.0800,0,0,0.000,0.000,0.000,0.0000,0.0000,0.0000,1,1.0000,0,0,0.0000,0,1.2872,0.0000,0.0000,0.0000,0.0000,0,80.00,0.0000,5.6285,1.2499,0.0000,6.2372,-8.1250,80.00,-1,-1.00000,0.000,0.000,0.000,0.000,0.000,0.000,0,0.00,0,0,0,0,0,0,1.2872,-0.000,0.000,-0.0000,0.0000,-0.0000,4,1.2872,0.000
198,3.3000,0.0000,1.2372,-8.3750,0.0000,0.0001,-15.0000,15.0000,0.000,0.000,-8.594,1,VEHICLE,0,-,0.0000,50,150,0,0.0800,0,0,0.000,0.000,0.000,0.0000,0.0000,0.0000,1,1.0000,0,0,0.0000,0,1.2872,0.0000,0.0000,0.0000,0.0000,0,80.00,0.0000,5.6285,0.9999,0.0000,6.2372,-8.3750,80.00,-1,-1.00000,0.000,0.000,0.000,0.000,0.000,0.000,0,0.00,0,0,0,0,0,0,1.2872,-0.000,0.000,-0.0000,0.0000,-0.0000,4,1.2872,0.000
199,3.3167,0.0000,1.2372,-8.6250,0.0000,0.0001,-15.0000,15.0000,0.000,0.000,-8.594,1,VEHICLE,0,-,0.0000,50,150,0,0.0800,0,0,0.000,0.000,0.000,0.0000,0.0000,0.0000,1,1.0000,0,0,0.0000,0,1.2872,0.0000,0.0000,0.0000,0.0000,0,80.00,0.0000,5.6285,0.7499,0.0000,6.2372,-8.6250,80.00,-1,-1.00000,0.000,0.000,0.000,0.000,0.000,0.000,0,0.00,0,0,0,0,0,0,1.2872,-0.000,0.000,0.0000,-0.0000,-0.0000,4,1.2872,0.000
200,3.3333,0.0000,1.2372,-8.8750,0.0000,0.0001,-15.0000,15.0000,0.000,0.000,-8.594,1,VEHICLE,0,-,0.0000,50,150,0,0.0800,0,0,0.000,0.000,0.000,0.0000,0.0000,0.0000,1,1.0000,0,0,0.0000,0,1.2872,0.0000,0.0000,0.0000,0.0000,0,80.00,0.0000,5.6285,0.4999,0.0000,6.2372,-8.8750,80.00,-1,-1.00000,0.000,0.000,0.000,0.000,0.000,0.000,0,0.00,0,0,0,0,0,0,1.2872,-0.000,0.000,-0.0000,-0.0000,-0.0000,4,1.2872,0.000
201,3.3500,0.0000,1.2372,-9.1250,0.0000,0.0001,-15.0000,15.0000,0.000,0.000,-8.594,1,VEHICLE,0,-,0.0000,50,150,0,0.0800,0,0,0.000,0.000,0.000,0.0000,0.0000,0.0000,1,1.0000,0,0,0.0000,0,1.2872,0.0000,0.0000,0.0000,0.0000,0,80.00,0.0000,5.6285,0.2499,0.0000,6.2372,-9.1250,80.00,-1,-1.00000,0.000,0.000,0.000,0.000,0.000,0.000,0,0.00,0,0,0,0,0,0,1.2872,-0.000,0.000,-0.0000,0.0000,-0.0000,4,1.2872,0.000
202,3.3667,0.0000,1.2372,-9.3750,0.0000,0.0001,-15.0000,15.0000,0.000,0.000,-8.594,1,VEHICLE,0,-,0.0000,50,150,0,0.0800,0,0,0.000,0.000,0.000,0.0000,0.0000,0.0000,1,1.0000,0,0,0.0000,0,1.2872,0.0000,0.0000,0.0000,0.0000,0,80.00,0.0000,5.6285,-0.0001,0.0000,6.2372,-9.3750,80.00,-1,-1.00000,0.000,0.000,0.000,0.000,0.000,0.000,0,0.00,0,0,0,0,0,0,1.2872,-0.000,0.000,0.0000,0.0000,-0.0000,4,1.2872,0.000
203,3.3833,0.0000,1.2372,-9.6250,0.0000,0.0001,-15.0000,15.0000,0.000,0.000,-8.594,1,VEHICLE,0,-,0.0000,50,150,0,0.0800,0,0,0.000,0.000,0.000,0.0000,0.0000,0.0000,1,1.0000,0,0,0.0000,0,1.2872,0.0000,0.0000,0.0000,0.0000,0,80.00,0.0000,5.6285,-0.2501,0.0000,6.2372,-9.6250,80.00,-1,-1.00000,0.000,0.000,0.000,0.000,0.000,0.000,0,0.00,0,0,0,0,0,0,1.2872,-0.000,0.000,-0.0000,-0.0000,-0.0000,4,1.2872,0.000
204,3.4000,0.0000,1.2372,-9.8750,0.0000,0.0001,-15.0000,15.0000,0.000,0.000,-8.594,1,VEHICLE,0,-,0.0000,50,150,0,0.0800,0,0,0.000,0.000,0.000,0.0000,0.0000,0.0000,1,1.0000,0,0,0.0000,0,1.2872,0.0000,0.0000,0.0000,0.0000,0,80.00,0.0000,5.6285,-0.5001,0.0000,6.2372,-9.8750,80.00,-1,-1.00000,0.000,0.000,0.000,0.000,0.000,0.000,0,0.00,0,0,0,0,0,0,1.2872,-0.000,0.000,0.0000,0.0000,-0.0000,4,1.2872,0.000
205,3.4167,0.0000,1.2372,-10.1250,0.0000,0.0001,-15.0000,15.0000,0.000,0.000,-8.594,1,VEHICLE,0,-,0.0000,50,150,0,0.0800,0,0,0.000,0.000,0.000,0.0000,0.0000,0.0000,1,1.0000,0,0,0.0000,0,1.2872,0.0000,0.0000,0.0000,0.0000,0,80.00,0.0000,5.6285,-0.7501,0.0000,6.2372,-10.1250,80.00,-1,-1.00000,0.000,0.000,0.000,0.000,0.000,0.000,0,0.00,0,0,0,0,0,0,1.2872,-0.000,0.000,-0.0000,-0.0000,-0.0000,4,1.2872,0.000
206,3.4333,0.0000,1.2372,-10.3750,0.0000,0.0001,-15.0000,15.0000,0.000,0.000,-8.594,1,VEHICLE,0,-,0.0000,50,150,0,0.0800,0,0,0.000,0.000,0.000,0.0000,0.0000,0.0000,1,1.0000,0,0,0.0000,0,1.2872,0.0000,0.0000,0.0000,0.0000,0,80.00,0.0000,5.6285,-1.0001,0.0000,6.2372,-10.3750,80.00,-1,-1.00000,0.000,0.000,0.000,0.000,0.000,0.000,0,0.00,0,0,0,0,0,0,1.2872,-0.000,0.000,0.0000,0.0000,-0.0000,4,1.2872,0.000
207,3.4500,0.0000,1.2372,-10.6250,0.0000,0.0001,-15.0000,15.0000,0.000,0.000,-8.594,1,VEHICLE,0,-,0.0000,50,150,0,0.0800,0,0,0.000,0.000,0.000,0.0000,0.0000,0.0000,1,1.0000,0,0,0.0000,0,1.2872,0.0000,0.0000,0.0000,0.0000,0,80.00,0.0000,5.6285,-1.2501,0.0000,6.2372,-10.6250,80.00,-1,-1.00000,0.000,0.000,0.000,0.000,0.000,0.000,0,0.00,0,0,0,0,0,0,1.2872,-0.000,0.000,-0.0000,-0.0000,-0.0000,4,1.2872,0.000
208,3.4667,0.0000,1.2372,-10.8750,0.0000,0.0001,-15.0000,15.0000,0.000,0.000,-8.594,1,VEHICLE,0,-,0.0000,50,150,0,0.0800,0,0,0.000,0.000,0.000,0.0000,0.0000,0.0000,1,1.0000,0,0,0.0000,0,1.2872,0.0000,0.0000,0.0000,0.0000,0,80.00,0.0000,5.6285,-1.5001,0.0000,6.2372,-10.8750,80.00,-1,-1.00000,0.000,0.000,0.000,0.000,0.000,0.000,0,0.00,0,0,0,0,0,0,1.2872,-0.000,0.000,-0.0000,-0.0000,-0.0000,4,1.2872,0.000
209,3.4833,0.0000,1.2372,-11.1250,0.0000,0.0001,-15.0000,15.0000,0.000,0.000,-8.594,1,VEHICLE,0,-,0.0000,50,150,0,0.0800,0,0,0.000,0.000,0.000,0.0000,0.0000,0.0000,1,1.0000,0,0,0.0000,0,1.2872,0.0000,0.0000,0.0000,0.0000,0,80.00,0.0000,5.6285,-1.7501,0.0000,6.2372,-11.1250,80.00,-1,-1.00000,0.000,0.000,0.000,0.000,0.000,0.000,0,0.00,0,0,0,0,0,0,1.2872,-0.000,0.000,-0.0000,0.0000,-0.0000,4,1.2872,0.000
210,3.5000,0.0000,1.2372,-11.3750,0.0000,0.0001,-15.0000,15.0000,0.000,0.000,-8.594,1,VEHICLE,0,-,0.0000,50,150,0,0.0800,0,0,0.000,0.000,0.000,0.0000,0.0000,0.0000,1,1.0000,0,0,0.0000,0,1.2872,0.0000,0.0000,0.0000,0.0000,0,80.00,0.0000,5.6285,-2.0001,0.0000,6.2372,-11.3750,80.00,-1,-1.00000,0.000,0.000,0.000,0.000,0.000,0.000,0,0.00,0,0,0,0,0,0,1.2872,-0.000,0.000,-0.0000,-0.0000,-0.0000,4,1.2872,0.000
211,3.5167,0.0000,1.2318,-11.6250,0.0000,-0.3233,-15.0000,15.0000,0.000,0.000,-8.594,0,VEHICLE,0,-,0.0000,50,150,0,0.0800,0,0,0.000,0.000,0.000,0.0000,0.0000,0.0000,1,1.0000,0,0,0.0000,1,1.2372,0.0000,0.0000,0.0000,0.0000,0,80.00,0.0000,5.6231,-2.2501,0.0000,6.2318,-11.6250,80.00,-1,-1.00000,0.000,0.000,0.000,0.000,0.000,0.000,0,0.00,0,0,0,0,0,0,1.2822,-0.048,0.000,-0.0000,0.0500,0.0000,4,1.2872,0.000
212,3.5333,0.0000,1.2211,-11.8750,0.0000,-0.6467,-15.0000,15.0000,0.000,0.000,-8.594,0,VEHICLE,0,-,0.0000,50,150,0,0.0800,0,0,0.000,0.000,0.000,0.0000,0.0000,0.0000,1,1.0000,0,0,0.0000,1,1.2318,0.0000,0.0000,0.0000,0.0000,0,80.06,0.0000,5.6179,-2.5001,0.0000,6.2211,-11.8750,80.06,-1,-1.00000,0.000,0.000,0.000,0.000,0.000,0.000,0,0.00,0,0,0,0,0,0,1.2722,-0.140,0.000,-0.0000,0.0962,0.0000,4,1.2872,0.000
213,3.5500,0.0000,1.2049,-12.1250,0.0000,-0.9701,-15.0000,15.0000,0.000,0.000,-8.594,0,VEHICLE,0,-,0.0000,50,150,0,0.0800,0,0,0.000,0.000,0.000,0.0000,0.0000,0.0000,1,1.0000,0,0,0.0000,1,1.2211,0.0000,0.0000,0.0000,0.0000,0,80.22,0.0000,5.6133,-2.7494,0.0000,6.2049,-12.1250,80.22,-1,-1.00000,0.000,0.000,0.000,0.000,0.000,0.000,0,0.00,0,0,0,0,0,0,1.2571,-0.272,0.000,-0.0000,0.1388,0.0000,4,1.2872,0.000
214,3.5667,0.0000,1.1833,-12.3750,0.0000,-1.2935,-15.0000,15.0000,0.000,0.000,-8.594,0,VEHICLE,0,-,0.0000,50,150,0,0.0800,0,0,0.000,0.000,0.000,0.0000,0.0000,0.0000,1,1.0000,0,0,0.0000,1,1.2049,0.0000,0.0000,0.0000,0.0000,0,80.45,0.0000,5.6090,-2.9981,0.0000,6.1833,-12.3750,80.45,-1,-1.00000,0.000,0.000,0.000,0.000,0.000,0.000,0,0.00,0,0,0,0,0,0,1.2370,-0.442,0.000,-0.0000,0.1781,0.0000,4,1.2872,0.000
215,3.5833,0.0000,1.1564,-12.6250,0.0000,-1.6169,-15.0000,15.0000,0.000,0.000,-8.594,0,VEHICLE,0,-,0.0000,50,150,0,0.0800,0,0,0.000,0.000,0.000,0.0000,0.0000,0.0000,1,1.0000,0,0,0.0000,1,1.1833,0.0000,0.0000,0.0000,0.0000,0,80.72,0.0000,5.6050,-3.2461,0.0000,6.1564,-12.6250,80.72,-1,-1.00000,0.000,0.000,0.000,0.000,0.000,0.000,0,0.00,0,0,0,0,0,0,1.2117,-0.647,0.000,-0.0000,0.2144,0.0000,4,1.2872,0.000
216,3.6000,0.0000,1.1241,-12.8750,0.0000,-1.9403,-15.0000,15.0000,0.000,0.000,-8.594,0,VEHICLE,0,-,0.0000,50,150,0,0.0800,0,0,0.000,0.000,0.000,0.0000,0.0000,0.0000,1,1.0000,0,0,0.0000,1,1.1564,0.0000,0.0000,0.0000,0.0000,0,81.01,0.0000,5.6012,-3.4936,0.0000,6.1241,-12.8750,81.01,-1,-1.00000,0.000,0.000,0.000,0.000,0.000,0.000,0,0.00,0,0,0,0,0,0,1.1813,-0.884,0.000,-0.0000,0.2479,0.0000,4,1.2872,0.000
217,3.6167,0.0000,1.0863,-13.1250,0.0000,-2.2637,-15.0000,15.0000,0.000,0.000,-8.594,0,VEHICLE,0,-,0.0000,50,150,0,0.0800,0,0,0.000,0.000,0.000,0.0000,0.0000,0.0000,1,1.0000,0,0,0.0000,1,1.1241,0.0000,0.0000,0.0000,0.0000,0,81.32,0.0000,5.5974,-3.7406,0.0000,6.0863,-13.1250,81.32,-1,-1.00000,0.000,0.000,0.000,0.000,0.000,0.000,0,0.00,0,0,0,0,0,0,1.1457,-1.150,0.000,-0.0000,0.2788,0.0000,4,1.2872,0.000
218,3.6333,0.0000,1.0432,-13.3750,0.0000,-2.5871,-15.0000,15.0000,0.000,0.000,-8.594,0,VEHICLE,0,-,0.0000,50,150,0,0.0800,0,0,0.000,0.000,0.000,0.0000,0.0000,0.0000,1,1.0000,0,0,0.0000,1,1.0863,0.0000,0.0000,0.0000,0.0000,0,81.62,0.0000,5.5935,-3.9873,0.0000,6.0432,-13.3750,81.62,-1,-1.00000,0.000,0.000,0.000,0.000,0.000,0.000,0,0.00,0,0,0,0,0,0,1.1050,-1.443,0.000,-0.0000,0.3074,0.0000,4,1.2872,0.000
219,3.6500,0.0000,0.9947,-13.6250,0.0000,-2.9105,-15.0000,15.0000,0.000,0.000,-8.594,0,VEHICLE,0,-,0.0000,50,150,0,0.0800,0,0,0.000,0.000,0.000,0.0000,0.0000,0.0000,1,1.0000,0,0,0.0000,1,1.0432,0.0000,0.0000,0.0000,0.0000,0,81.92,0.0000,5.5894,-4.2337,0.0000,5.9947,-13.6250,81.92,-1,-1.00000,0.000,0.000,0.000,0.000,0.000,0.000,0,0.00,0,0,0,0,0,0,1.0591,-1.762,0.000,-0.0000,0.3337,0.0000,4,1.2872,0.000
220,3.6667,0.0000,0.9408,-13.8750,0.0000,-3.2339,-15.0000,15.0000,0.000,0.000,-8.594,0,VEHICLE,0,-,0.0000,50,150,0,0.0800,0,0,0.000,0.000,0.000,0.0000,0.0000,0.0000,1,1.0000,0,0,0.0000,1,0.9947,0.0000,0.0000,0.0000,0.0000,0,82.21,0.0000,5.5850,-4.4798,0.0000,5.9408,-13.8750,82.21,-1,-1.00000,0.000,0.000,0.000,0.000,0.000,0.000,0,0.00,0,0,0,0,0,0,1.0080,-2.104,0.000,-0.0000,0.3581,0.0000,4,1.2872,0.000
221,3.6833,0.0000,0.8815,-14.1250,0.0000,-3.5573,-15.0000,15.0000,0.000,0.000,-8.594,0,VEHICLE,0,-,0.0000,50,150,0,0.0800,0,0,0.000,0.000,0.000,0.0000,0.0000,0.0000,1,1.0000,0,0,0.0000,1,0.9408,0.0000,0.0000,0.0000,0.0000,0,82.48,0.0000,5.5801,-4.7259,0.0000,5.8815,-14.1250,82.48,-1,-1.00000,0.000,0.000,0.000,0.000,0.000,0.000,0,0.00,0,0,0,0,0,0,0.9517,-2.467,0.000,-0.0000,0.3805,0.0000,4,1.2872,0.000
222,3.7000,0.0000,0.8168,-14.3750,0.0000,-3.8807,-15.0000,15.0000,0.000,0.000,-8.594,0,VEHICLE,0,-,0.0000,50,150,0,0.0800,0,0,0.000,0.000,0.000,0.0000,0.0000,0.0000,1,1.0000,0,0,0.0000,1,0.8815,0.0000,0.0000,0.0000,0.0000,0,82.73,0.0000,5.5746,-4.9720,0.0000,5.8168,-14.3750,82.73,-1,-1.00000,0.000,0.000,0.000,0.000,0.000,0.000,0,0.00,0,0,0,0,0,0,0.8901,-2.850,0.000,-0.0000,0.4012,0.0000,4,1.2872,0.000
223,3.7167,0.0000,0.7468,-14.6250,0.0000,-4.2041,-15.0000,15.0000,0.000,0.000,-8.594,0,VEHICLE,0,-,0.0000,50,150,0,0.0800,0,0,0.000,0.000,0.000,0.0000,0.0000,0.0000,1,1.0000,0,0,0.0000,1,0.8168,0.0000,0.0000,0.0000,0.0000,0,82.96,0.0000,5.5683,-5.2183,0.0000,5.7468,-14.6250,82.96,-1,-1.00000,0.000,0.000,0.000,0.000,0.000,0.000,0,0.00,0,0,0,0,0,0,0.8233,-3.252,0.000,-0.0000,0.4204,0.0000,4,1.2872,0.000
224,3.7333,0.0000,0.6713,-14.8750,0.0000,-4.5275,-15.0000,15.0000,0.000,0.000,-8.594,0,VEHICLE,0,-,0.0000,50,150,0,0.0800,0,0,0.000,0.000,0.000,0.0000,0.0000,0.0000,1,1.0000,0,0,0.0000,1,0.7468,0.0000,0.0000,0.0000,0.0000,0,83.18,0.0000,5.5612,-5.4647,0.0000,5.6713,-14.8750,83.18,-1,-1.00000,0.000,0.000,0.000,0.000,0.000,0.000,0,0.00,0,0,0,0,0,0,0.7513,-3.670,0.000,-0.0000,0.4380,0.0000,4,1.2872,0.000
225,3.7500,0.0000,0.5905,-15.1250,0.0000,-4.8509,-15.0000,15.0000,0.000,0.000,-8.594,0,VEHICLE,0,-,0.0000,50,150,0,0.0800,0,0,0.000,0.000,0.000,0.0000,0.0000,0.0000,1,1.0000,0,0,0.0000,1,0.6713,0.0000,0.0000,0.0000,0.0000,0,83.38,0.0000,5.5531,-5.7115,0.0000,5.5905,-15.1250,83.38,-1,-1.00000,0.000,0.000,0.000,0.000,0.000,0.000,0,0.00,0,0,0,0,0,0,0.6740,-4.104,0.000,-0.0000,0.4543,0.0000,4,1.2872,0.000
226,3.7667,0.0000,0.5042,-15.3750,0.0000,-5.1743,-15.0000,15.0000,0.000,0.000,-8.594,0,VEHICLE,0,-,0.0000,50,150,0,0.0800,0,0,0.000,0.000,0.000,0.0000,0.0000,0.0000,1,1.0000,0,0,0.0000,1,0.5905,0.0000,0.0000,0.0000,0.0000,0,83.56,0.0000,5.5439,-5.9587,0.0000,5.5042,-15.3750,83.56,-1,-1.00000,0.000,0.000,0.000,0.000,0.000,0.000,0,0.00,0,0,0,0,0,0,0.5914,-4.552,0.000,-0.0000,0.4694,0.0000,4,1.2872,0.000
227,3.7833,0.0000,0.4126,-15.6250,0.0000,-5.4977,-15.0000,15.0000,0.000,0.000,-8.594,0,VEHICLE,0,-,0.0000,50,150,0,0.0800,0,0,0.000,0.000,0.000,0.0000,0.0000,0.0000,1,1.0000,0,0,0.0000,1,0.5042,0.0000,0.0000,0.0000,0.0000,0,83.72,0.0000,5.5333,-6.2065,0.0000,5.4126,-15.6250,83.72,-1,-1.00000,0.000,0.000,0.000,0.000,0.000,0.000,0,0.00,0,0,0,0,0,0,0.5035,-5.014,0.000,-0.0000,0.4833,0.0000,4,1.2872,0.000
228,3.8000,0.0000,0.3156,-15.8750,0.0000,-5.8211,-15.0000,15.0000,0.000,0.000,-8.594,0,VEHICLE,0,-,0.0000,50,150,0,0.0800,0,0,0.000,0.000,0.000,0.0000,0.0000,0.0000,1,1.0000,0,0,0.0000,1,0.4126,0.0000,0.0000,0.0000,0.0000,0,83.87,0.0000,5.5214,-6.4550,0.0000,5.3156,-15.8750,83.87,-1,-1.00000,0.000,0.000,0.000,0.000,0.000,0.000,0,0.00,0,0,0,0,0,0,0.4103,-5.488,0.000,-0.0000,0.4961,0.0000,4,1.2872,0.000
229,3.8167,0.0000,0.2132,-16.1250,0.0000,-6.1445,-15.0000,15.0000,0.000,0.000,-8.594,0,VEHICLE,0,-,0.0000,50,150,0,0.0800,0,0,0.000,0.000,0.000,0.0000,0.0000,0.0000,1,1.0000,0,0,0.0000,1,0.3156,0.0000,0.0000,0.0000,0.0000,0,84.00,0.0000,5.5079,-6.7042,0.0000,5.2132,-16.1250,84.00,-1,-1.00000,0.000,0.000,0.000,0.000,0.000,0.000,0,0.00,0,0,0,0,0,0,0.3118,-5.973,0.000,-0.0000,0.5080,0.0000,4,1.2872,0.000
230,3.8333,0.0000,0.1054,-16.3750,0.0000,-6.4679,-15.0000,15.0000,0.000,0.000,-8.594,0,VEHICLE,0,-,0.0000,50,150,0,0.0800,0,0,0.000,0.000,0.000,0.0000,0.0000,0.0000,1,1.0000,0,0,0.0000,1,0.2132,0.0000,0.0000,0.0000,0.0000,0,84.12,0.0000,5.4927,-6.9544,0.0000,5.1054,-16.3750,84.12,-1,-1.00000,0.000,0.000,0.000,0.000,0.000,0.000,0,0.00,0,0,0,0,0,0,0.2080,-6.468,0.000,-0.0000,0.5189,0.0000,4,1.2872,0.000
231,3.8500,0.0000,0.0000,-16.6250,0.0000,0.0000,-15.0000,15.0000,0.000,0.000,-8.594,1,VEHICLE,0,-,0.0000,50,150,0,0.0800,0,0,0.000,0.000,0.000,0.0000,0.0000,0.0000,1,1.0000,0,0,0.0000,1,0.1054,0.0000,0.0000,0.0000,0.0000,0,84.22,0.0000,5.4835,-7.2056,0.0000,5.0000,-16.6250,84.22,-1,-1.00000,0.000,0.000,0.000,0.000,0.000,0.000,0,0.00,0,0,0,0,0,0,0.1067,-6.973,0.000,-0.0000,0.5290,0.0000,4,1.2872,0.000
232,3.8667,0.0000,0.0000,-16.8788,0.0000,0.0000,-15.2281,15.2281,0.000,0.000,-8.594,1,VEHICLE,0,-,0.0000,50,150,0,0.0800,0,0,0.000,0.000,0.000,0.0000,0.0000,0.0000,1,1.0000,0,0,0.0000,1,0.0000,0.0000,0.0000,0.0000,0.0000,0,84.32,0.0000,5.4757,-7.4322,0.0000,5.0000,-16.8788,84.32,-1,-1.00000,0.000,0.000,0.000,0.000,0.000,0.000,0,0.00,0,0,0,0,0,0,0.0981,-5.903,0.000,0.0000,0.0000,0.0000,4,1.2872,0.000
233,3.8833,0.0000,0.0000,-17.1364,0.0000,0.0000,-15.4531,15.4531,0.000,0.000,-8.594,1,VEHICLE,0,-,0.0000,50,150,0,0.0800,0,0,0.000,0.000,0.000,0.0000,0.0000,0.0000,1,1.0000,0,0,0.0000,1,0.0000,0.0000,0.0000,0.0000,0.0000,0,84.40,0.0000,5.4644,-7.6610,0.0000,5.0000,-17.1364,84.40,-1,-1.00000,0.000,0.000,0.000,0.000,0.000,0.000,0,0.00,0,0,0,0,0,0,0.0907,-4.997,0.000,0.0000,0.0000,0.0000,4,1.2872,0.000
234,3.9000,0.0000,0.0000,-17.3976,0.0000,0.0000,-15.6750,15.6750,0.000,0.000,-8.594,1,VEHICLE,0,-,0.0000,50,150,0,0.0800,0,0,0.000,0.000,0.000,0.0000,0.0000,0.0000,1,1.0000,0,0,0.0000,1,0.0000,0.0000,0.0000,0.0000,0.0000,0,84.47,0.0000,5.4503,-7.8925,0.0000,5.0000,-17.3976,84.47,-1,-1.00000,0.000,0.000,0.000,0.000,0.000,0.000,0,0.00,0,0,0,0,0,0,0.0845,-4.230,0.000,0.0000,0.0000,0.0000,4,1.2872,0.000
235,3.9167,0.0000,0.0000,-17.6625,0.0000,0.0000,-15.8940,15.8940,0.000,0.000,-8.594,1,VEHICLE,0,-,0.0000,50,150,0,0.0800,0,0,0.000,0.000,0.000,0.0000,0.0000,0.0000,1,1.0000,0,0,0.0000,1,0.0000,0.0000,0.0000,0.0000,0.0000,0,84.54,0.0000,5.4345,-8.1267,0.0000,5.0000,-17.6625,84.54,-1,-1.00000,0.000,0.000,0.000,0.000,0.000,0.000,0,0.00,0,0,0,0,0,0,0.0793,-3.580,0.000,0.0000,0.0000,0.0000,4,1.2872,0.000
236,3.9333,0.0000,0.0000,-17.9310,0.0000,0.0000,-16.1099,16.1099,0.000,0.000,-8.594,1,VEHICLE,0,-,0.0000,50,150,0,0.0800,0,0,0.000,0.000,0.000,0.0000,0.0000,0.0000,1,1.0000,0,0,0.0000,1,0.0000,0.0000,0.0000,0.0000,0.0000,0,84.60,0.0000,5.4175,-8.3640,0.0000,5.0000,-17.9310,84.60,-1,-1.00000,0.000,0.000,0.000,0.000,0.000,0.000,0,0.00,0,0,0,0,0,0,0.0748,-3.031,0.000,0.0000,0.0000,0.0000,4,1.2872,0.000
237,3.9500,0.0000,0.0000,-18.2031,0.0000,0.0000,-16.3229,16.3229,0.000,0.000,-8.594,1,VEHICLE,0,-,0.0000,50,150,0,0.0800,0,0,0.000,0.000,0.000,0.0000,0.0000,0.0000,1,1.0000,0,0,0.0000,1,0.0000,0.0000,0.0000,0.0000,0.0000,0,84.65,0.0000,5.3998,-8.6045,0.0000,5.0000,-18.2031,84.65,-1,-1.00000,0.000,0.000,0.000,0.000,0.000,0.000,0,0.00,0,0,0,0,0,0,0.0710,-2.565,0.000,0.0000,0.0000,0.0000,4,1.2872,0.000
238,3.9667,0.0000,0.0000,-18.4786,0.0000,0.0000,-16.5328,16.5328,0.000,0.000,-8.594,1,VEHICLE,0,-,0.0000,50,150,0,0.0800,0,0,0.000,0.000,0.000,0.0000,0.0000,0.0000,1,1.0000,0,0,0.0000,1,0.0000,0.0000,0.0000,0.0000,0.0000,0,84.69,0.0000,5.3818,-8.8482,0.0000,5.0000,-18.4786,84.69,-1,-1.00000,0.000,0.000,0.000,0.000,0.000,0.000,0,0.00,0,0,0,0,0,0,0.0678,-2.172,0.000,0.0000,0.0000,0.0000,4,1.2872,0.000
239,3.9833,0.0000,0.0000,-18.7576,0.0000,0.0000,-16.7399,16.7399,0.000,0.000,-8.594,1,VEHICLE,0,-,0.0000,50,150,0,0.0800,0,0,0.000,0.000,0.000,0.0000,0.0000,0.0000,1,1.0000,0,0,0.0000,1,0.0000,0.0000,0.0000,0.0000,0.0000,0,84.73,0.0000,5.3639,-9.0953,0.0000,5.0000,-18.7576,84.73,-1,-1.00000,0.000,0.000,0.000,0.000,0.000,0.000,0,0.00,0,0,0,0,0,0,0.0651,-1.838,0.000,0.0000,0.0000,0.0000,4,1.2872,0.000
240,4.0000,0.0000,0.0000,-19.0400,0.0000,0.0000,-16.9439,16.9439,0.000,0.000,-8.594,1,VEHICLE,0,-,0.0000,50,150,0,0.0800,0,0,0.000,0.000,0.000,0.0000,0.0000,0.0000,1,1.0000,0,0,0.0000,1,0.0000,0.0000,0.0000,0.0000,0.0000,0,84.77,0.0000,5.3462,-9.3459,0.0000,5.0000,-19.0400,84.77,-1,-1.00000,0.000,0.000,0.000,0.000,0.000,0.000,0,0.00,0,0,0,0,0,0,0.0627,-1.556,0.000,0.0000,0.0000,0.0000,4,1.2872,0.000
241,4.0167,0.0000,0.2251,-19.4287,0.0000,13.5085,-23.3219,23.3219,0.000,0.000,-8.594,0,VEHICLE,0,-,0.0000,50,150,0,0.0800,0,0,0.000,0.000,0.000,0.0000,0.0000,0.0000,1,1.0000,0,0,0.0000,1,0.0000,0.0000,0.0000,0.0000,0.0000,0,84.80,0.0000,5.5542,-9.7029,0.0000,5.2251,-19.4287,84.80,-1,-1.00000,0.000,0.000,0.000,0.000,0.000,0.000,0,0.00,0,0,0,0,0,0,0.2738,0.159,0.000,0.0000,-1.7962,0.0000,4,1.2872,0.000
242,4.0333,0.0000,0.4449,-19.8174,0.0000,13.1851,-23.3219,23.3219,0.000,0.000,-8.594,0,VEHICLE,0,-,0.0000,50,150,0,0.0800,0,0,0.000,0.000,0.000,0.0000,0.0000,0.0000,1,1.0000,0,0,0.0000,1,0.2251,0.0000,0.0000,0.0000,0.0000,0,84.82,0.0000,5.5217,-10.0075,0.0000,5.4449,-19.8174,84.82,-1,-1.00000,0.000,0.000,0.000,0.000,0.000,0.000,0,0.00,0,0,0,0,0,0,0.4810,1.695,0.000,0.0000,-1.6080,0.0000,4,1.2872,0.000
243,4.0500,0.0000,0.6593,-20.2061,0.0000,12.8617,-23.3219,23.3219,0.000,0.000,-8.594,0,VEHICLE,0,-,0.0000,50,150,0,0.0800,0,0,0.000,0.000,0.000,0.0000,0.0000,0.0000,1,1.0000,0,0,0.0000,1,0.4449,0.0000,0.0000,0.0000,0.0000,0,84.85,0.0000,5.4991,-10.3224,0.0000,5.6593,-20.2061,84.85,-1,-1.00000,0.000,0.000,0.000,0.000,0.000,0.000,0,0.00,0,0,0,0,0,0,0.6841,3.064,0.000,0.0000,-1.4343,0.0000,4,1.2872,0.000
244,4.0667,0.0000,0.8682,-20.5948,0.0000,12.5383,-23.3219,23.3219,0.000,0.000,-8.594,0,VEHICLE,0,-,0.0000,50,150,0,0.0800,0,0,0.000,0.000,0.000,0.0000,0.0000,0.0000,1,1.0000,0,0,0.0000,1,0.6593,0.0000,0.0000,0.0000,0.0000,0,84.87,0.0000,5.4860,-10.6464,0.0000,5.8682,-20.5948,84.87,-1,-1.00000,0.000,0.000,0.000,0.000,0.000,0.000,0,0.00,0,0,0,0,0,0,0.8830,4.281,0.000,0.0000,-1.2740,0.0000,4,1.2872,0.000
245,4.0833,0.0000,1.0718,-20.9835,0.0000,12.2149,-23.3219,23.3219,0.000,0.000,-8.594,0,VEHICLE,0,-,0.0000,50,150,0,0.0800,0,0,0.000,0.000,0.000,0.0000,0.0000,0.0000,1,1.0000,0,0,0.0000,1,0.8682,0.0000,0.0000,0.0000,0.0000,0,84.88,0.0000,5.4820,-10.9780,0.0000,6.0718,-20.9835,84.88,-1,-1.00000,0.000,0.000,0.000,0.000,0.000,0.000,0,0.00,0,0,0,0,0,0,1.0777,5.356,0.000,0.0000,-1.1260,0.0000,4,1.2872,0.000
246,4.1000,0.0000,1.2700,-21.3722,0.0000,11.8915,-23.3219,23.3219,0.000,0.000,-8.594,0,VEHICLE,0,-,0.0000,50,150,0,0.0800,0,0,0.000,0.000,0.000,0.0000,0.0000,0.0000,1,1.0000,0,0,0.0000,1,1.0718,0.0000,0.0000,0.0000,0.0000,0,84.90,0.0000,5.4866,-11.3165,0.0000,6.2700,-21.3722,84.90,-1,-1.00000,0.000,0.000,0.000,0.000,0.000,0.000,0,0.00,0,0,0,0,0,0,1.2681,6.301,0.000,0.0000,-0.9894,0.0000,4,1.2872,0.000
247,4.1167,0.0000,1.4628,-21.7609,0.0000,11.5681,-23.3219,23.3219,0.000,0.000,-8.594,0,VEHICLE,0,-,0.0000,50,150,0,0.0800,0,0,0.000,0.000,0.000,0.0000,0.0000,0.0000,1,1.0000,0,0,0.0000,1,1.2700,0.0000,0.0000,0.0000,0.0000,0,84.91,0.0000,5.4994,-11.6607,0.0000,6.4628,-21.7609,84.91,-1,-1.00000,0.000,0.000,0.000,0.000,0.000,0.000,0,0.00,0,0,0,0,0,0,1.4541,7.125,0.000,0.0000,-0.8633,0.0000,4,1.2872,0.000
248,4.1333,0.0000,1.6502,-22.1496,0.0000,11.2447,-23.3219,23.3219,0.000,0.000,-8.594,0,VEHICLE,0,-,0.0000,50,150,0,0.0800,0,0,0.000,0.000,0.000,0.0000,0.0000,0.0000,1,1.0000,0,0,0.0000,1,1.4628,0.0000,0.0000,0.0000,0.0000,0,84.92,0.0000,5.5199,-12.0098,0.0000,6.6502,-22.1496,84.92,-1,-1.00000,0.000,0.000,0.000,0.000,0.000,0.000,0,0.00,0,0,0,0,0,0,1.6356,7.838,0.000,0.0000,-0.7468,0.0000,4,1.2872,0.000
249,4.1500,0.0000,1.8322,-22.5383,0.0000,10.9213,-23.3219,23.3219,0.000,0.000,-8.594,0,VEHICLE,0,-,0.0000,50,150,0,0.0800,0,0,0.000,0.000,0.000,0.0000,0.0000,0.0000,1,1.0000,0,0,0.0000,1,1.6502,0.0000,0.0000,0.0000,0.0000,0,84.93,0.0000,5.5475,-12.3633,0.0000,6.8322,-22.5383,84.93,-1,-1.00000,0.000,0.000,0.000,0.000,0.000,0.000,0,0.00,0,0,0,0,0,0,1.8126,8.449,0.000,0.0000,-0.6394,0.0000,4,1.2872,0.000
250,4.1667,0.0000,2.0089,-22.9270,0.0000,10.5979,-23.3219,23.3219,0.000,0.000,-8.594,0,VEHICLE,0,-,0.0000,50,150,0,0.0800,0,0,0.000,0.000,0.000,0.0000,0.0000,0.0000,1,1.0000,0,0,0.0000,1,1.8322,0.0000,0.0000,0.0000,0.0000,0,84.94,0.0000,5.5818,-12.7204,0.0000,7.0089,-22.9270,84.94,-1,-1.00000,0.000,0.000,0.000,0.000,0.000,0.000,0,0.00,0,0,0,0,0,0,1.9850,8.965,0.000,0.0000,-0.5402,0.0000,4,1.2872,0.000
251,4.1833,0.0000,2.1801,-23.3157,0.0000,10.2745,-23.3219,23.3219,0.000,0.000,-8.594,0,VEHICLE,0,-,0.0000,50,150,0,0.0800,0,0,0.000,0.000,0.000,0.0000,0.0000,0.0000,1,1.0000,0,0,0.0000,1,2.0089,0.0000,0.0000,0.0000,0.0000,0,84.95,0.0000,5.6223,-13.0807,0.0000,7.1801,-23.3157,84.95,-1,-1.00000,0.000,0.000,0.000,0.000,0.000,0.000,0,0.00,0,0,0,0,0,0,2.1527,9.393,0.000,0.0000,-0.4487,0.0000,4,1.2872,0.000
252,4.2000,0.0000,2.3460,-23.7044,0.0000,9.9511,-23.3219,23.3219,0.000,0.000,-8.594,0,VEHICLE,0,-,0.0000,50,150,0,0.0800,0,0,0.000,0.000,0.000,0.0000,0.0000,0.0000,1,1.0000,0,0,0.0000,1,2.1801,0.0000,0.0000,0.0000,0.0000,0,84.96,0.0000,5.6685,-13.4437,0.0000,7.3460,-23.7044,84.96,-1,-1.00000,0.000,0.000,0.000,0.000,0.000,0.000,0,0.00,0,0,0,0,0,0,2.3157,9.741,0.000,0.0000,-0.3641,0.0000,4,1.2872,0.000
253,4.2167,0.0000,2.5064,-24.0931,0.0000,9.6277,-23.3219,23.3219,0.000,0.000,-8.594,0,VEHICLE,0,-,0.0000,50,150,0,0.0800,0,0,0.000,0.000,0.000,0.0000,0.0000,0.0000,1,1.0000,0,0,0.0000,1,2.3460,0.0000,0.0000,0.0000,0.0000,0,84.96,0.0000,5.7201,-13.8089,0.0000,7.5064,-24.0931,84.96,-1,-1.00000,0.000,0.000,0.000,0.000,0.000,0.000,0,0.00,0,0,0,0,0,0,2.4739,10.014,0.000,0.0000,-0.2861,0.0000,4,1.2872,0.000
254,4.2333,0.0000,2.6615,-24.4818,0.0000,9.3043,-23.3219,23.3219,0.000,0.000,-8.594,0,VEHICLE,0,-,0.0000,50,150,0,0.0800,0,0,0.000,0.000,0.000,0.0000,0.0000,0.0000,1,1.0000,0,0,0.0000,1,2.5064,0.0000,0.0000,0.0000,0.0000,0,84.97,0.0000,5.7764,-14.1762,0.0000,7.6615,-24.4818,84.97,-1,-1.00000,0.000,0.000,0.000,0.000,0.000,0.000,0,0.00,0,0,0,0,0,0,2.6273,10.219,0.000,0.0000,-0.2141,0.0000,4,1.2872,0.000
255,4.2500,0.0000,2.8112,-24.8705,0.0000,8.9809,-23.3219,23.3219,0.000,0.000,-8.594,0,VEHICLE,0,-,0.0000,50,150,0,0.0800,0,0,0.000,0.000,0.000,0.0000,0.0000,0.0000,1,1.0000,0,0,0.0000,1,2.6615,0.0000,0.0000,0.0000,0.0000,0,84.97,0.0000,5.8372,-14.5451,0.0000,7.8112,-24.8705,84.97,-1,-1.00000,0.000,0.000,0.000,0.000,0.000,0.000,0,0.00,0,0,0,0,0,0,2.7758,10.360,0.000,0.0000,-0.1477,0.0000,4,1.2872,0.000
256,4.2667,0.0000,2.9555,-25.2592,0.0000,8.6575,-23.3219,23.3219,0.000,0.000,-8.594,0,VEHICLE,0,-,0.0000,50,150,0,0.0800,0,0,0.000,0.000,0.000,0.0000,0.0000,0.0000,1,1.0000,0,0,0.0000,1,2.8112,0.0000,0.0000,0.0000,0.0000,0,84.98,0.0000,5.9021,-14.9156,0.0000,7.9555,-25.2592,84.98,-1,-1.00000,0.000,0.000,0.000,0.000,0.000,0.000,0,0.00,0,0,0,0,0,0,2.9195,10.442,0.000,0.0000,-0.0863,0.0000,4,1.2872,0.000
257,4.2833,0.0000,3.0944,-25.6479,0.0000,8.3341,-23.3219,23.3219,0.000,0.000,-8.594,0,VEHICLE,0,-,0.0000,50,150,0,0.0800,0,0,0.000,0.000,0.000,0.0000,0.0000,0.0000,1,1.0000,0,0,0.0000,1,2.9555,0.0000,0.0000,0.0000,0.0000,0,84.98,0.0000,5.9705,-15.2874,0.0000,8.0944,-25.6479,84.98,-1,-1.00000,0.000,0.000,0.000,0.000,0.000,0.000,0,0.00,0,0,0,0,0,0,3.0581,10.471,0.000,0.0000,-0.0297,0.0000,4,1.2872,0.000
258,4.3000,0.0000,3.2279,-26.0366,0.0000,8.0107,-23.3219,23.3219,0.000,0.000,-8.594,0,VEHICLE,0,-,0.0000,50,150,0,0.0800,0,0,0.000,0.000,0.000,0.0000,0.0000,0.0000,1,1.0000,0,0,0.0000,1,3.0944,0.0000,0.0000,0.0000,0.0000,0,84.98,0.0000,6.0422,-15.6604,0.0000,8.2279,-26.0366,84.98,-1,-1.00000,0.000,0.000,0.000,0.000,0.000,0.000,0,0.00,0,0,0,0,0,0,3.1918,10.449,0.000,0.0000,0.0226,0.0000,4,1.2872,0.000
259,4.3167,0.0000,3.3560,-26.4253,0.0000,7.6873,-23.3219,23.3219,0.000,0.000,-8.594,0,VEHICLE,0,-,0.0000,50,150,0,0.0800,0,0,0.000,0.000,0.000,0.0000,0.0000,0.0000,1,1.0000,0,0,0.0000,1,3.2279,0.0000,0.0000,0.0000,0.0000,0,84.98,0.0000,6.1168,-16.0344,0.0000,8.3560,-26.4253,84.98,-1,-1.00000,0.000,0.000,0.000,0.000,0.000,0.000,0,0.00,0,0,0,0,0,0,3.3205,10.381,0.000,0.0000,0.0709,0.0000,4,1.2872,0.000
260,4.3333,0.0000,3.4787,-26.8140,0.0000,7.3639,-23.3219,23.3219,0.000,0.000,-8.594,0,VEHICLE,0,-,0.0000,50,150,0,0.0800,0,0,0.000,0.000,0.000,0.0000,0.0000,0.0000,1,1.0000,0,0,0.0000,1,3.3560,0.0000,0.0000,0.0000,0.0000,0,84.99,0.0000,6.1940,-16.4095,0.0000,8.4787,-26.8140,84.99,-1,-1.00000,0.000,0.000,0.000,0.000,0.000,0.000,0,0.00,0,0,0,0,0,0,3.4441,10.271,0.000,0.0000,0.1154,0.0000,4,1.2872,0.000
261,4.3500,0.0000,3.5961,-27.2027,0.0000,7.0405,-23.3219,23.3219,0.000,0.000,-8.594,0,VEHICLE,0,-,0.0000,50,150,0,0.0800,0,0,0.000,0.000,0.000,0.0000,0.0000,0.0000,1,1.0000,0,0,0.0000,1,3.4787,0.0000,0.0000,0.0000,0.0000,0,84.99,0.0000,6.2733,-16.7855,0.0000,8.5961,-27.2027,84.99,-1,-1.00000,0.000,0.000,0.000,0.000,0.000,0.000,0,0.00,0,0,0,0,0,0,3.5627,10.122,0.000,0.0000,0.1566,0.0000,4,1.2872,0.000
262,4.3667,0.0000,3.7080,-27.5914,0.0000,6.7171,-23.3219,23.3219,0.000,0.000,-8.594,0,VEHICLE,0,-,0.0000,50,150,0,0.0800,0,0,0.000,0.000,0.000,0.0000,0.0000,0.0000,1,1.0000,0,0,0.0000,1,3.5961,0.0000,0.0000,0.0000,0.0000,0,84.99,0.0000,6.3546,-17.1624,0.0000,8.7080,-27.5914,84.99,-1,-1.00000,0.000,0.000,0.000,0.000,0.000,0.000,0,0.00,0,0,0,0,0,0,3.6762,9.936,0.000,0.0000,0.1945,0.0000,4,1.2872,0.000
263,4.3833,0.0000,3.8146,-27.9801,0.0000,6.3937,-23.3219,23.3219,0.000,0.000,-8.594,0,VEHICLE,0,-,0.0000,50,150,0,0.0800,0,0,0.000,0.000,0.000,0.0000,0.0000,0.0000,1,1.0000,0,0,0.0000,1,3.7080,0.0000,0.0000,0.0000,0.0000,0,84.99,0.0000,6.4375,-17.5402,0.0000,8.8146,-27.9801,84.99,-1,-1.00000,0.000,0.000,0.000,0.000,0.000,0.000,0,0.00,0,0,0,0,0,0,3.7846,9.717,0.000,0.0000,0.2295,0.0000,4,1.2872,0.000
264,4.4000,0.0000,3.9158,-28.3688,0.0000,6.0703,-23.3219,23.3219,0.000,0.000,-8.594,0,VEHICLE,0,-,0.0000,50,150,0,0.0800,0,0,0.000,0.000,0.000,0.0000,0.0000,0.0000,1,1.0000,0,0,0.0000,1,3.8146,0.0000,0.0000,0.0000,0.0000,0,84.99,0.0000,6.5216,-17.9190,0.0000,8.9158,-28.3688,84.99,-1,-1.00000,0.000,0.000,0.000,0.000,0.000,0.000,0,0.00,0,0,0,0,0,0,3.8878,9.466,0.000,0.0000,0.2619,0.0000,4,1.2872,0.000
265,4.4167,0.0000,4.0116,-28.7575,0.0000,5.7469,-23.3219,23.3219,0.000,0.000,-8.594,0,VEHICLE,0,-,0.0000,50,150,0,0.0800,0,0,0.000,0.000,0.000,0.0000,0.0000,0.0000,1,1.0000,0,0,0.0000,1,3.9158,0.0000,0.0000,0.0000,0.0000,0,84.99,0.0000,6.6068,-18.2988,0.0000,9.0116,-28.7575,84.99,-1,-1.00000,0.000,0.000,0.000,0.000,0.000,0.000,0,0.00,0,0,0,0,0,0,3.9859,9.188,0.000,0.0000,0.2917,0.0000,4,1.2872,0.000
266,4.4333,0.0000,4.1019,-29.1462,0.0000,5.4235,-23.3219,23.3219,0.000,0.000,-8.594,0,VEHICLE,0,-,0.0000,50,150,0,0.0800,0,0,0.000,0.000,0.000,0.0000,0.0000,0.0000,1,1.0000,0,0,0.0000,1,4.0116,0.0000,0.0000,0.0000,0.0000,0,84.99,0.0000,6.6927,-18.6795,0.0000,9.1019,-29.1462,84.99,-1,-1.00000,0.000,0.000,0.000,0.000,0.000,0.000,0,0.00,0,0,0,0,0,0,4.0788,8.883,0.000,0.0000,0.3193,0.0000,4,1.2872,0.000
267,4.4500,0.0000,4.1869,-29.5349,0.0000,5.1001,-23.3219,23.3219,0.000,0.000,-8.594,0,VEHICLE,0,-,0.0000,50,150,0,0.0800,0,0,0.000,0.000,0.000,0.0000,0.0000,0.0000,1,1.0000,0,0,0.0000,1,4.1019,0.0000,0.0000,0.0000,0.0000,0,85.00,0.0000,6.7792,-19.0613,0.0000,9.1869,-29.5349,85.00,-1,-1.00000,0.000,0.000,0.000,0.000,0.000,0.000,0,0.00,0,0,0,0,0,0,4.1665,8.554,0.000,0.0000,0.3447,0.0000,4,1.2872,0.000
268,4.4667,0.0000,4.2666,-29.9236,0.0000,4.7767,-23.3219,23.3219,0.000,0.000,-8.594,0,VEHICLE,0,-,0.0000,50,150,0,0.0800,0,0,0.000,0.000,0.000,0.0000,0.0000,0.0000,1,1.0000,0,0,0.0000,1,4.1869,0.0000,0.0000,0.0000,0.0000,0,85.00,0.0000,6.8658,-19.4443,0.0000,9.2666,-29.9236,85.00,-1,-1.00000,0.000,0.000,0.000,0.000,0.000,0.000,0,0.00,0,0,0,0,0,0,4.2490,8.202,0.000,0.0000,0.3682,0.0000,4,1.2872,0.000
269,4.4833,0.0000,4.3408,-30.3123,0.0000,4.4533,-23.3219,23.3219,0.000,0.000,-8.594,0,VEHICLE,0,-,0.0000,50,150,0,0.0800,0,0,0.000,0.000,0.000,0.0000,0.0000,0.0000,1,1.0000,0,0,0.0000,1,4.2666,0.0000,0.0000,0.0000,0.0000,0,85.00,0.0000,6.9524,-19.8284,0.0000,9.3408,-30.3123,85.00,-1,-1.00000,0.000,0.000,0.000,0.000,0.000,0.000,0,0.00,0,0,0,0,0,0,4.3263,7.830,0.000,0.0000,0.3899,0.0000,4,1.2872,0.000
270,4.5000,0.0000,4.4096,-30.7010,0.0000,4.1299,-23.3219,23.3219,0.000,0.000,-8.594,0,VEHICLE,0,-,0.0000,50,150,0,0.0800,0,0,0.000,0.000,0.000,0.0000,0.0000,0.0000,1,1.0000,0,0,0.0000,1,4.3408,0.0000,0.0000,0.0000,0.0000,0,85.00,0.0000,7.0387,-20.2139,0.0000,9.4096,-30.7010,85.00,-1,-1.00000,0.000,0.000,0.000,0.000,0.000,0.000,0,0.00,0,0,0,0,0,0,4.3983,7.438,0.000,0.0000,0.4099,0.0000,4,1.2872,0.000
271,4.5167,0.0000,4.4731,-31.0896,0.0000,3.8065,-23.3219,23.3219,0.000,0.000,-8.594,0,VEHICLE,0,-,0.0000,50,150,0,0.0800,0,0,0.000,0.000,0.000,0.0000,0.0000,0.0000,1,1.0000,0,0,0.0000,1,4.4096,0.0000,0.0000,0.0000,0.0000,0,85.00,0.0000,7.1246,-20.6007,0.0000,9.4731,-31.0896,85.00,-1,-1.00000,0.000,0.000,0.000,0.000,0.000,0.000,0,0.00,0,0,0,0,0,0,4.4652,7.029,0.000,0.0000,0.4284,0.0000,4,1.2872,0.000
272,4.5333,0.0000,4.5311,-31.4783,0.0000,3.4831,-23.3219,23.3219,0.000,0.000,-8.594,0,VEHICLE,0,-,0.0000,50,150,0,0.0800,0,0,0.000,0.000,0.000,0.0000,0.0000,0.0000,1,1.0000,0,0,0.0000,1,4.4731,0.0000,0.0000,0.0000,0.0000,0,85.00,0.0000,7.2098,-20.9881,0.0000,9.5311,-31.4783,85.00,-1,-1.00000,0.000,0.000,0.000,0.000,0.000,0.000,0,0.00,0,0,0,0,0,0,4.5267,6.604,0.000,0.0000,0.4454,0.0000,4,1.2872,0.000
273,4.5500,0.0000,4.5838,-31.8670,0.0000,3.1597,-23.3219,23.3219,0.000,0.000,-8.594,0,VEHICLE,0,-,0.0000,50,150,0,0.0800,0,0,0.000,0.000,0.000,0.0000,0.0000,0.0000,1,1.0000,0,0,0.0000,1,4.5311,0.0000,0.0000,0.0000,0.0000,0,85.00,0.0000,7.2946,-21.3755,0.0000,9.5838,-31.8670,85.00,-1,-1.00000,0.000,0.000,0.000,0.000,0.000,0.000,0,0.00,0,0,0,0,0,0,4.5830,6.164,0.000,0.0000,0.4612,0.0000,4,1.2872,0.000
274,4.5667,0.0000,4.6310,-32.2557,0.0000,2.8363,-23.3219,23.3219,0.000,0.000,-8.594,0,VEHICLE,0,-,0.0000,50,150,0,0.0800,0,0,0.000,0.000,0.000,0.0000,0.0000,0.0000,1,1.0000,0,0,0.0000,1,4.5838,0.0000,0.0000,0.0000,0.0000,0,85.00,0.0000,7.3786,-21.7627,0.0000,9.6310,-32.2557,85.00,-1,-1.00000,0.000,0.000,0.000,0.000,0.000,0.000,0,0.00,0,0,0,0,0,0,4.6340,5.709,0.000,0.0000,0.4757,0.0000,4,1.2872,0.000
275,4.5833,0.0000,4.6729,-32.6444,0.0000,2.5129,-23.3219,23.3219,0.000,0.000,-8.594,0,VEHICLE,0,-,0.0000,50,150,0,0.0800,0,0,0.000,0.000,0.000,0.0000,0.0000,0.0000,1,1.0000,0,0,0.0000,1,4.6310,0.0000,0.0000,0.0000,0.0000,0,85.00,0.0000,7.4616,-22.1500,0.0000,9.6729,-32.6444,85.00,-1,-1.00000,0.000,0.000,0.000,0.000,0.000,0.000,0,0.00,0,0,0,0,0,0,4.6798,5.242,0.000,0.0000,0.4891,0.0000,4,1.2872,0.000
276,4.6000,0.0000,4.7094,-33.0331,0.0000,2.1895,-23.3219,23.3219,0.000,0.000,-8.594,0,VEHICLE,0,-,0.0000,50,150,0,0.0800,0,0,0.000,0.000,0.000,0.0000,0.0000,0.0000,1,1.0000,0,0,0.0000,1,4.6729,0.0000,0.0000,0.0000,0.0000,0,85.00,0.0000,7.5436,-22.5372,0.0000,9.7094,-33.0331,85.00,-1,-1.00000,0.000,0.000,0.000,0.000,0.000,0.000,0,0.00,0,0,0,0,0,0,4.7202,4.763,0.000,0.0000,0.5015,0.0000,4,1.2872,0.000
277,4.6167,0.0000,4.7405,-33.4218,0.0000,1.8661,-23.3219,23.3219,0.000,0.000,-8.594,0,VEHICLE,0,-,0.0000,50,150,0,0.0800,0,0,0.000,0.000,0.000,0.0000,0.0000,0.0000,1,1.0000,0,0,0.0000,1,4.7094,0.0000,0.0000,0.0000,0.0000,0,85.00,0.0000,7.6243,-22.9246,0.0000,9.7405,-33.4218,85.00,-1,-1.00000,0.000,0.000,0.000,0.000,0.000,0.000,0,0.00,0,0,0,0,0,0,4.7554,4.274,0.000,0.0000,0.5129,0.0000,4,1.2872,0.000
278,4.6333,0.0000,4.7662,-33.8105,0.0000,1.5427,-23.3219,23.3219,0.000,0.000,-8.594,0,VEHICLE,0,-,0.0000,50,150,0,0.0800,0,0,0.000,0.000,0.000,0.0000,0.0000,0.0000,1,1.0000,0,0,0.0000,1,4.7405,0.0000,0.0000,0.0000,0.0000,0,85.00,0.0000,7.7035,-23.3121,0.0000,9.7662,-33.8105,85.00,-1,-1.00000,0.000,0.000,0.000,0.000,0.000,0.000,0,0.00,0,0,0,0,0,0,4.7852,3.774,0.000,0.0000,0.5234,0.0000,4,1.2872,0.000
279,4.6500,0.0000,4.7866,-34.1992,0.0000,1.2193,-23.3219,23.3219,0.000,0.000,-8.594,0,VEHICLE,0,-,0.0000,50,150,0,0.0800,0,0,0.000,0.000,0.000,0.0000,0.0000,0.0000,1,1.0000,0,0,0.0000,1,4.7662,0.0000,0.0000,0.0000,0.0000,0,85.00,0.0000,7.7812,-23.6998,0.0000,9.7866,-34.1992,85.00,-1,-1.00000,0.000,0.000,0.000,0.000,0.000,0.000,0,0.00,0,0,0,0,0,0,4.8097,3.265,0.000,0.0000,0.5332,0.0000,4,1.2872,0.000
280,4.6667,0.0000,4.8015,-34.5879,0.0000,0.8959,-23.3219,23.3219,0.000,0.000,-8.594,0,VEHICLE,0,-,0.0000,50,150,0,0.0800,0,0,0.000,0.000,0.000,0.0000,0.0000,0.0000,1,1.0000,0,0,0.0000,1,4.7866,0.0000,0.0000,0.0000,0.0000,0,85.00,0.0000,7.8571,-24.0878,0.0000,9.8015,-34.5879,85.00,-1,-1.00000,0.000,0.000,0.000,0.000,0.000,0.000,0,0.00,0,0,0,0,0,0,4.8289,2.747,0.000,0.0000,0.5422,0.0000,4,1.2872,0.000
281,4.6833,0.0000,4.8110,-34.9766,0.0000,0.5725,-23.3219,23.3219,0.000,0.000,-8.594,0,VEHICLE,0,-,0.0000,50,150,0,0.0800,0,0,0.000,0.000,0.000,0.0000,0.0000,0.0000,1,1.0000,0,0,0.0000,1,4.8015,0.0000,0.0000,0.0000,0.0000,0,85.00,0.0000,7.9311,-24.4762,0.0000,9.8110,-34.9766,85.00,-1,-1.00000,0.000,0.000,0.000,0.000,0.000,0.000,0,0.00,0,0,0,0,0,0,4.8428,2.221,0.000,0.0000,0.5505,0.0000,4,1.2872,0.000
282,4.7000,0.0000,4.8152,-35.3653,0.0000,0.2491,-23.3219,23.3219,0.000,0.000,-8.594,0,VEHICLE,0,-,0.0000,50,150,0,0.0800,0,0,0.000,0.000,0.000,0.0000,0.0000,0.0000,1,1.0000,0,0,0.0000,1,4.8110,0.0000,0.0000,0.0000,0.0000,0,85.00,0.0000,8.0030,-24.8649,0.0000,9.8152,-35.3653,85.00,-1,-1.00000,0.000,0.000,0.000,0.000,0.000,0.000,0,0.00,0,0,0,0,0,0,4.8513,1.688,0.000,0.0000,0.5581,0.0000,4,1.2872,0.000
283,4.7167,0.0000,4.8139,-35.7540,0.0000,-0.0743,-23.3219,23.3219,0.000,0.000,-8.594,0,VEHICLE,0,-,0.0000,50,150,0,0.0800,0,0,0.000,0.000,0.000,0.0000,0.0000,0.0000,1,1.0000,0,0,0.0000,1,4.8152,0.0000,0.0000,0.0000,0.0000,0,85.00,0.0000,8.0727,-25.2542,0.0000,9.8139,-35.7540,85.00,-1,-1.00000,0.000,0.000,0.000,0.000,0.000,0.000,0,0.00,0,0,0,0,0,0,4.8545,1.149,0.000,0.0000,0.5652,0.0000,4,1.2872,0.000
284,4.7333,0.0000,4.8073,-36.1427,0.0000,-0.3977,-23.3219,23.3219,0.000,0.000,-8.594,0,VEHICLE,0,-,0.0000,50,150,0,0.0800,0,0,0.000,0.000,0.000,0.0000,0.0000,0.0000,1,1.0000,0,0,0.0000,1,4.8139,0.0000,0.0000,0.0000,0.0000,0,85.00,0.0000,8.1401,-25.6439,0.0000,9.8073,-36.1427,85.00,-1,-1.00000,0.000,0.000,0.000,0.000,0.000,0.000,0,0.00,0,0,0,0,0,0,4.8524,0.603,0.000,0.0000,0.5717,0.0000,4,1.2872,0.000
285,4.7500,0.0000,4.7953,-36.5314,0.0000,-0.7211,-23.3219,23.3219,0.000,0.000,-8.594,0,VEHICLE,0,-,0.0000,50,150,0,0.0800,0,0,0.000,0.000,0.000,0.0000,0.0000,0.0000,1,1.0000,0,0,0.0000,1,4.8073,0.0000,0.0000,0.0000,0.0000,0,85.00,0.0000,8.2051,-26.0343,0.0000,9.7953,-36.5314,85.00,-1,-1.00000,0.000,0.000,0.000,0.000,0.000,0.000,0,0.00,0,0,0,0,0,0,4.8449,0.051,0.000,0.0000,0.5777,0.0000,4,1.2872,0.000
286,4.7667,0.0000,4.7779,-36.9201,0.0000,-1.0445,-23.3219,23.3219,0.000,0.000,-8.594,0,VEHICLE,0,-,0.0000,50,150,0,0.0800,0,0,0.000,0.000,0.000,0.0000,0.0000,0.0000,1,1.0000,0,0,0.0000,1,4.7953,0.0000,0.0000,0.0000,0.0000,0,85.00,0.0000,8.2674,-26.4253,0.0000,9.7779,-36.9201,85.00,-1,-1.00000,0.000,0.000,0.000,0.000,0.000,0.000,0,0.00,0,0,0,0,0,0,4.8320,-0.506,0.000,0.0000,0.5833,0.0000,4,1.2872,0.000
287,4.7833,0.0000,4.7551,-37.3088,0.0000,-1.3679,-23.3219,23.3219,0.000,0.000,-8.594,0,VEHICLE,0,-,0.0000,50,150,0,0.0800,0,0,0.000,0.000,0.000,0.0000,0.0000,0.0000,1,1.0000,0,0,0.0000,1,4.7779,0.0000,0.0000,0.0000,0.0000,0,85.00,0.0000,8.3270,-26.8170,0.0000,9.7551,-37.3088,85.00,-1,-1.00000,0.000,0.000,0.000,0.000,0.000,0.000,0,0.00,0,0,0,0,0,0,4.8138,-1.068,0.000,0.0000,0.5884,0.0000,4,1.2872,0.000
288,4.8000,0.0000,4.7269,-37.6975,0.0000,-1.6913,-23.3219,23.3219,0.000,0.000,-8.594,0,VEHICLE,0,-,0.0000,50,150,0,0.0800,0,0,0.000,0.000,0.000,0.0000,0.0000,0.0000,1,1.0000,0,0,0.0000,1,4.7551,0.0000,0.0000,0.0000,0.0000,0,85.00,0.0000,8.3838,-27.2094,0.0000,9.7269,-37.6975,85.00,-1,-1.00000,0.000,0.000,0.000,0.000,0.000,0.000,0,0.00,0,0,0,0,0,0,4.7903,-1.634,0.000,0.0000,0.5932,0.0000,4,1.2872,0.000
289,4.8167,0.0000,4.6933,-38.0862,0.0000,-2.0147,-23.3219,23.3219,0.000,0.000,-8.594,0,VEHICLE,0,-,0.0000,50,150,0,0.0800,0,0,0.000,0.000,0.000,0.0000,0.0000,0.0000,1,1.0000,0,0,0.0000,1,4.7269,0.0000,0.0000,0.0000,0.0000,0,85.00,0.0000,8.4376,-27.6028,0.0000,9.6933,-38.0862,85.00,-1,-1.00000,0.000,0.000,0.000,0.000,0.000,0.000,0,0.00,0,0,0,0,0,0,4.7614,-2.205,0.000,0.0000,0.5975,0.0000,4,1.2872,0.000
290,4.8333,0.0000,4.6544,-38.4749,0.0000,-2.3381,-23.3219,23.3219,0.000,0.000,-8.594,0,VEHICLE,0,-,0.0000,50,150,0,0.0800,0,0,0.000,0.000,0.000,0.0000,0.0000,0.0000,1,1.0000,0,0,0.0000,1,4.6933,0.0000,0.0000,0.0000,0.0000,0,85.00,0.0000,8.4883,-27.9969,0.0000,9.6544,-38.4749,85.00,-1,-1.00000,0.000,0.000,0.000,0.000,0.000,0.000,0,0.00,0,0,0,0,0,0,4.7271,-2.779,0.000,0.0000,0.6016,0.0000,4,1.2872,0.000
291,4.8500,0.0000,4.6100,-38.8636,0.0000,-2.6615,-23.3219,23.3219,0.000,0.000,-8.594,0,VEHICLE,0,-,0.0000,50,150,0,0.0800,0,0,0.000,0.000,0.000,0.0000,0.0000,0.0000,1,1.0000,0,0,0.0000,1,4.6544,0.0000,0.0000,0.0000,0.0000,0,85.00,0.0000,8.5357,-28.3921,0.0000,9.6100,-38.8636,85.00,-1,-1.00000,0.000,0.000,0.000,0.000,0.000,0.000,0,0.00,0,0,0,0,0,0,4.6874,-3.357,0.000,0.0000,0.6053,0.0000,4,1.2872,0.000
292,4.8667,0.0000,4.5602,-39.2523,0.0000,-2.9849,-23.3219,23.3219,0.000,0.000,-8.594,0,VEHICLE,0,-,0.0000,50,150,0,0.0800,0,0,0.000,0.000,0.000,0.0000,0.0000,0.0000,1,1.0000,0,0,0.0000,1,4.6100,0.0000,0.0000,0.0000,0.0000,0,85.00,0.0000,8.5799,-28.7882,0.0000,9.5602,-39.2523,85.00,-1,-1.00000,0.000,0.000,0.000,0.000,0.000,0.000,0,0.00,0,0,0,0,0,0,4.6424,-3.939,0.000,0.0000,0.6087,0.0000,4,1.2872,0.000
293,4.8833,0.0000,4.5051,-39.6410,0.0000,-3.3083,-23.3219,23.3219,0.000,0.000,-8.594,0,VEHICLE,0,-,0.0000,50,150,0,0.0800,0,0,0.000,0.000,0.000,0.0000,0.0000,0.0000,1,1.0000,0,0,0.0000,1,4.5602,0.0000,0.0000,0.0000,0.0000,0,85.00,0.0000,8.6206,-29.1853,0.0000,9.5051,-39.6410,85.00,-1,-1.00000,0.000,0.000,0.000,0.000,0.000,0.000,0,0.00,0,0,0,0,0,0,4.5920,-4.523,0.000,0.0000,0.6119,0.0000,4,1.2872,0.000
294,4.9000,0.0000,4.4446,-40.0297,0.0000,-3.6317,-23.3219,23.3219,0.000,0.000,-8.594,0,VEHICLE,0,-,0.0000,50,150,0,0.0800,0,0,0.000,0.000,0.000,0.0000,0.0000,0.0000,1,1.0000,0,0,0.0000,1,4.5051,0.0000,0.0000,0.0000,0.0000,0,85.00,0.0000,8.6578,-29.5835,0.0000,9.4446,-40.0297,85.00,-1,-1.00000,0.000,0.000,0.000,0.000,0.000,0.000,0,0.00,0,0,0,0,0,0,4.5362,-5.110,0.000,0.0000,0.6148,0.0000,4,1.2872,0.000
295,4.9167,0.0000,4.3787,-40.4184,0.0000,-3.9551,-23.3219,23.3219,0.000,0.000,-8.594,0,VEHICLE,0,-,0.0000,50,150,0,0.0800,0,0,0.000,0.000,0.000,0.0000,0.0000,0.0000,1,1.0000,0,0,0.0000,1,4.4446,0.0000,0.0000,0.0000,0.0000,0,85.00,0.0000,8.6913,-29.9828,0.0000,9.3787,-40.4184,85.00,-1,-1.00000,0.000,0.000,0.000,0.000,0.000,0.000,0,0.00,0,0,0,0,0,0,4.4751,-5.700,0.000,0.0000,0.6175,0.0000,4,1.2872,0.000
296,4.9333,0.0000,4.3074,-40.8071,0.0000,-4.2785,-23.3219,23.3219,0.000,0.000,-8.594,0,VEHICLE,0,-,0.0000,50,150,0,0.0800,0,0,0.000,0.000,0.000,0.0000,0.0000,0.0000,1,1.0000,0,0,0.0000,1,4.3787,0.0000,0.0000,0.0000,0.0000,0,85.00,0.0000,8.7210,-30.3833,0.0000,9.3074,-40.8071,85.00,-1,-1.00000,0.000,0.000,0.000,0.000,0.000,0.000,0,0.00,0,0,0,0,0,0,4.4086,-6.292,0.000,0.0000,0.6200,0.0000,4,1.2872,0.000
297,4.9500,0.0000,4.2307,-41.1958,0.0000,-4.6019,-23.3219,23.3219,0.000,0.000,-8.594,0,VEHICLE,0,-,0.0000,50,150,0,0.0800,0,0,0.000,0.000,0.000,0.0000,0.0000,0.0000,1,1.0000,0,0,0.0000,1,4.3074,0.0000,0.0000,0.0000,0.0000,0,85.00,0.0000,8.7468,-30.7849,0.0000,9.2307,-41.1958,85.00,-1,-1.00000,0.000,0.000,0.000,0.000,0.000,0.000,0,0.00,0,0,0,0,0,0,4.3367,-6.886,0.000,0.0000,0.6223,0.0000,4,1.2872,0.000
298,4.9667,0.0000,4.1486,-41.5845,0.0000,-4.9253,-23.3219,23.3219,0.000,0.000,-8.594,0,VEHICLE,0,-,0.0000,50,150,0,0.0800,0,0,0.000,0.000,0.000,0.0000,0.0000,0.0000,1,1.0000,0,0,0.0000,1,4.2307,0.0000,0.0000,0.0000,0.0000,0,85.00,0.0000,8.7687,-31.1878,0.0000,9.1486,-41.5845,85.00,-1,-1.00000,0.000,0.000,0.000,0.000,0.000,0.000,0,0.00,0,0,0,0,0,0,4.2594,-7.483,0.000,0.0000,0.6245,0.0000,4,1.2872,0.000
299,4.9833,0.0000,4.0611,-41.9732,0.0000,-5.2487,-23.3219,23.3219,0.000,0.000,-8.594,0,VEHICLE,0,-,0.0000,50,150,0,0.0800,0,0,0.000,0.000,0.000,0.0000,0.0000,0.0000,1,1.0000,0,0,0.0000,1,4.1486,0.0000,0.0000,0.0000,0.0000,0,85.00,0.0000,8.7864,-31.5919,0.0000,9.0611,-41.9732,85.00,-1,-1.00000,0.000,0.000,0.000,0.000,0.000,0.000,0,0.00,0,0,0,0,0,0,4.1767,-8.081,0.000,0.0000,0.6264,0.0000,4,1.2872,0.000
300,5.0000,0.0000,3.9682,-42.3619,0.0000,-5.5721,-23.3219,23.3219,0.000,0.000,-8.594,0,VEHICLE,0,-,0.0000,50,150,0,0.0800,0,0,0.000,0.000,0.000,0.0000,0.0000,0.0000,1,1.0000,0,0,0.0000,1,4.0611,0.0000,0.0000,0.0000,0.0000,0,85.00,0.0000,8.8000,-31.9973,0.0000,8.9682,-42.3619,85.00,-1,-1.00000,0.000,0.000,0.000,0.000,0.000,0.000,0,0.00,0,0,0,0,0,0,4.0886,-8.681,0.000,0.0000,0.6282,0.0000,4,1.2872,0.000
301,5.0167,0.0000,3.8700,-42.7506,0.0000,-5.8955,-23.3219,23.3219,0.000,0.000,-8.594,0,VEHICLE,0,-,0.0000,50,150,0,0.0800,0,0,0.000,0.000,0.000,0.0000,0.0000,0.0000,1,1.0000,0,0,0.0000,1,3.9682,0.0000,0.0000,0.0000,0.0000,0,85.00,0.0000,8.8093,-32.4041,0.0000,8.8700,-42.7506,85.00,-1,-1.00000,0.000,0.000,0.000,0.000,0.000,0.000,0,0.00,0,0,0,0,0,0,3.9951,-9.282,0.000,0.0000,0.6299,0.0000,4,1.2872,0.000
302,5.0333,0.0000,3.7663,-43.1393,0.0000,-6.2189,-23.3219,23.3219,0.000,0.000,-8.594,0,VEHICLE,0,-,0.0000,50,150,0,0.0800,0,0,0.000,0.000,0.000,0.0000,0.0000,0.0000,1,1.0000,0,0,0.0000,1,3.8700,0.0000,0.0000,0.0000,0.0000,0,85.00,0.0000,8.8143,-32.8122,0.0000,8.7663,-43.1393,85.00,-1,-1.00000,0.000,0.000,0.000,0.000,0.000,0.000,0,0.00,0,0,0,0,0,0,3.8963,-9.885,0.000,0.0000,0.6315,0.0000,4,1.2872,0.000
303,5.0500,0.0000,3.6573,-43.5280,0.0000,-6.5423,-23.3219,23.3219,0.000,0.000,-8.594,0,VEHICLE,0,-,0.0000,50,150,0,0.0800,0,0,0.000,0.000,0.000,0.0000,0.0000,0.0000,1,1.0000,0,0,0.0000,1,3.7663,0.0000,0.0000,0.0000,0.0000,0,85.00,0.0000,8.8147,-33.2216,0.0000,8.6573,-43.5280,85.00,-1,-1.00000,0.000,0.000,0.000,0.000,0.000,0.000,0,0.00,0,0,0,0,0,0,3.7920,-10.490,0.000,0.0000,0.6329,0.0000,4,1.2872,0.000
304,5.0667,0.0000,3.5429,-43.9167,0.0000,-6.8657,-23.3219,23.3219,0.000,0.000,-8.594,0,VEHICLE,0,-,0.0000,50,150,0,0.0800,0,0,0.000,0.000,0.000,0.0000,0.0000,0.0000,1,1.0000,0,0,0.0000,1,3.6573,0.0000,0.0000,0.0000,0.0000,0,85.00,0.0000,8.8106,-33.6324,0.0000,8.5429,-43.9167,85.00,-1,-1.00000,0.000,0.000,0.000,0.000,0.000,0.000,0,0.00,0,0,0,0,0,0,3.6824,-11.095,0.000,0.0000,0.6342,0.0000,4,1.2872,0.000
305,5.0833,0.0000,3.4230,-44.3054,0.0000,-7.1891,-23.3219,23.3219,0.000,0.000,-8.594,0,VEHICLE,0,-,0.0000,50,150,0,0.0800,0,0,0.000,0.000,0.000,0.0000,0.0000,0.0000,1,1.0000,0,0,0.0000,1,3.5429,0.0000,0.0000,0.0000,0.0000,0,85.00,0.0000,8.8018,-34.0446,0.0000,8.4230,-44.3054,85.00,-1,-1.00000,0.000,0.000,0.000,0.000,0.000,0.000,0,0.00,0,0,0,0,0,0,3.5673,-11.702,0.000,0.0000,0.6354,0.0000,4,1.2872,0.000
306,5.1000,0.0000,3.2978,-44.6941,0.0000,-7.5125,-23.3219,23.3219,0.000,0.000,-8.594,0,VEHICLE,0,-,0.0000,50,150,0,0.0800,0,0,0.000,0.000,0.000,0.0000,0.0000,0.0000,1,1.0000,0,0,0.0000,1,3.4230,0.0000,0.0000,0.0000,0.0000,0,85.00,0.0000,8.7882,-34.4582,0.0000,8.2978,-44.6941,85.00,-1,-1.00000,0.000,0.000,0.000,0.000,0.000,0.000,0,0.00,0,0,0,0,0,0,3.4469,-12.310,0.000,0.0000,0.6365,0.0000,4,1.2872,0.000
307,5.1167,0.0000,3.1672,-45.0828,0.0000,-7.8359,-23.3219,23.3219,0.000,0.000,-8.594,0,VEHICLE,0,-,0.0000,50,150,0,0.0800,0,0,0.000,0.000,0.000,0.0000,0.0000,0.0000,1,1.0000,0,0,0.0000,1,3.2978,0.0000,0.0000,0.0000,0.0000,0,85.00,0.0000,8.7699,-34.8732,0.0000,8.1672,-45.0828,85.00,-1,-1.00000,0.000,0.000,0.000,0.000,0.000,0.000,0,0.00,0,0,0,0,0,0,3.3210,-12.919,0.000,0.0000,0.6376,0.0000,4,1.2872,0.000
308,5.1333,0.0000,3.0312,-45.4715,0.0000,-8.1593,-23.3219,23.3219,0.000,0.000,-8.594,0,VEHICLE,0,-,0.0000,50,150,0,0.0800,0,0,0.000,0.000,0.000,0.0000,0.0000,0.0000,1,1.0000,0,0,0.0000,1,3.1672,0.0000,0.0000,0.0000,0.0000,0,85.00,0.0000,8.7465,-35.2896,0.0000,8.0312,-45.4715,85.00,-1,-1.00000,0.000,0.000,0.000,0.000,0.000,0.000,0,0.00,0,0,0,0,0,0,3.1898,-13.528,0.000,0.0000,0.6385,0.0000,4,1.2872,0.000
309,5.1500,0.0000,2.8899,-45.8602,0.0000,-8.4827,-23.3219,23.3219,0.000,0.000,-8.594,0,VEHICLE,0,-,0.0000,50,150,0,0.0800,0,0,0.000,0.000,0.000,0.0000,0.0000,0.0000,1,1.0000,0,0,0.0000,1,3.0312,0.0000,0.0000,0.0000,0.0000,0,85.00,0.0000,8.7182,-35.7075,0.0000,7.8899,-45.8602,85.00,-1,-1.00000,0.000,0.000,0.000,0.000,0.000,0.000,0,0.00,0,0,0,0,0,0,3.0532,-14.139,0.000,0.0000,0.6394,0.0000,4,1.2872,0.000
310,5.1667,0.0000,2.7431,-46.2489,0.0000,-8.8061,-23.3219,23.3219,0.000,0.000,-8.594,0,VEHICLE,0,-,0.0000,50,150,0,0.0800,0,0,0.000,0.000,0.000,0.0000,0.0000,0.0000,1,1.0000,0,0,0.0000,1,2.8899,0.0000,0.0000,0.0000,0.0000,0,85.00,0.0000,8.6848,-36.1268,0.0000,7.7431,-46.2489,85.00,-1,-1.00000,0.000,0.000,0.000,0.000,0.000,0.000,0,0.00,0,0,0,0,0,0,2.9111,-14.750,0.000,0.0000,0.6402,0.0000,4,1.2872,0.000
311,5.1833,0.0000,2.5909,-46.6376,0.0000,-9.1295,-23.3219,23.3219,0.000,0.000,-8.594,0,VEHICLE,0,-,0.0000,50,150,0,0.0800,0,0,0.000,0.000,0.000,0.0000,0.0000,0.0000,1,1.0000,0,0,0.0000,1,2.7431,0.0000,0.0000,0.0000,0.0000,0,85.00,0.0000,8.6462,-36.5475,0.0000,7.5909,-46.6376,85.00,-1,-1.00000,0.000,0.000,0.000,0.000,0.000,0.000,0,0.00,0,0,0,0,0,0,2.7637,-15.363,0.000,0.0000,0.6410,0.0000,4,1.2872,0.000
312,5.2000,0.0000,2.4334,-47.0263,0.0000,-9.4529,-23.3219,23.3219,0.000,0.000,-8.594,0,VEHICLE,0,-,0.0000,50,150,0,0.0800,0,0,0.000,0.000,0.000,0.0000,0.0000,0.0000,1,1.0000,0,0,0.0000,1,2.5909,0.0000,0.0000,0.0000,0.0000,0,85.00,0.0000,8.6024,-36.9696,0.0000,7.4334,-47.0263,85.00,-1,-1.00000,0.000,0.000,0.000,0.000,0.000,0.000,0,0.00,0,0,0,0,0,0,2.6108,-15.975,0.000,0.0000,0.6417,0.0000,4,1.2872,0.000
313,5.2167,0.0000,2.2705,-47.4150,0.0000,-9.7763,-23.3219,23.3219,0.000,0.000,-8.594,0,VEHICLE,0,-,0.0000,50,150,0,0.0800,0,0,0.000,0.000,0.000,0.0000,0.0000,0.0000,1,1.0000,0,0,0.0000,1,2.4334,0.0000,0.0000,0.0000,0.0000,0,85.00,0.0000,8.5532,-37.3932,0.0000,7.2705,-47.4150,85.00,-1,-1.00000,0.000,0.000,0.000,0.000,0.000,0.000,0,0.00,0,0,0,0,0,0,2.4526,-16.589,0.000,0.0000,0.6423,0.0000,4,1.2872,0.000
314,5.2333,0.0000,2.1021,-47.8037,0.0000,-10.0997,-23.3219,23.3219,0.000,0.000,-8.594,0,VEHICLE,0,-,0.0000,50,150,0,0.0800,0,0,0.000,0.000,0.000,0.0000,0.0000,0.0000,1,1.0000,0,0,0.0000,1,2.2705,0.0000,0.0000,0.0000,0.0000,0,85.00,0.0000,8.4986,-37.8181,0.0000,7.1021,-47.8037,85.00,-1,-1.00000,0.000,0.000,0.000,0.000,0.000,0.000,0,0.00,0,0,0,0,0,0,2.2889,-17.203,0.000,0.0000,0.6429,0.0000,4,1.2872,0.000
315,5.2500,0.0000,1.9284,-48.1924,0.0000,-10.4231,-23.3219,23.3219,0.000,0.000,-8.594,0,VEHICLE,0,-,0.0000,50,150,0,0.0800,0,0,0.000,0.000,0.000,0.0000,0.0000,0.0000,1,1.0000,0,0,0.0000,1,2.1021,0.0000,0.0000,0.0000,0.0000,0,85.00,0.0000,8.4385,-38.2445,0.0000,6.9284,-48.1924,85.00,-1,-1.00000,0.000,0.000,0.000,0.000,0.000,0.000,0,0.00,0,0,0,0,0,0,2.1198,-17.817,0.000,0.0000,0.6435,0.0000,4,1.2872,0.000
316,5.2667,0.0000,1.7493,-48.5811,0.0000,-10.7465,-23.3219,23.3219,0.000,0.000,-8.594,0,VEHICLE,0,-,0.0000,50,150,0,0.0800,0,0,0.000,0.000,0.000,0.0000,0.0000,0.0000,1,1.0000,0,0,0.0000,1,1.9284,0.0000,0.0000,0.0000,0.0000,0,85.00,0.0000,8.3729,-38.6723,0.0000,6.7493,-48.5811,85.00,-1,-1.00000,0.000,0.000,0.000,0.000,0.000,0.000,0,0.00,0,0,0,0,0,0,1.9453,-18.432,0.000,0.0000,0.6440,0.0000,4,1.2872,0.000
317,5.2833,0.0000,1.5648,-48.9698,0.0000,-11.0699,-23.3219,23.3219,0.000,0.000,-8.594,0,VEHICLE,0,-,0.0000,50,150,0,0.0800,0,0,0.000,0.000,0.000,0.0000,0.0000,0.0000,1,1.0000,0,0,0.0000,1,1.7493,0.0000,0.0000,0.0000,0.0000,0,85.00,0.0000,8.3016,-39.1014,0.0000,6.5648,-48.9698,85.00,-1,-1.00000,0.000,0.000,0.000,0.000,0.000,0.000,0,0.00,0,0,0,0,0,0,1.7654,-19.047,0.000,0.0000,0.6444,0.0000,4,1.2872,0.000
318,5.3000,0.0000,1.3749,-49.3585,0.0000,-11.3933,-23.3219,23.3219,0.000,0.000,-8.594,0,VEHICLE,0,-,0.0000,50,150,0,0.0800,0,0,0.000,0.000,0.000,0.0000,0.0000,0.0000,1,1.0000,0,0,0.0000,1,1.5648,0.0000,0.0000,0.0000,0.0000,0,85.00,0.0000,8.2247,-39.5319,0.0000,6.3749,-49.3585,85.00,-1,-1.00000,0.000,0.000,0.000,0.000,0.000,0.000,0,0.00,0,0,0,0,0,0,1.5801,-19.663,0.000,0.0000,0.6448,0.0000,4,1.2872,0.000
319,5.3167,0.0000,1.1796,-49.7472,0.0000,-11.7167,-23.3219,23.3219,0.000,0.000,-8.594,0,VEHICLE,0,-,0.0000,50,150,0,0.0800,0,0,0.000,0.000,0.000,0.0000,0.0000,0.0000,1,1.0000,0,0,0.0000,1,1.3749,0.0000,0.0000,0.0000,0.0000,0,85.00,0.0000,8.1420,-39.9637,0.0000,6.1796,-49.7472,85.00,-1,-1.00000,0.000,0.000,0.000,0.000,0.000,0.000,0,0.00,0,0,0,0,0,0,1.3894,-20.279,0.000,0.0000,0.6452,0.0000,4,1.2872,0.000
320,5.3333,0.0000,0.9790,-50.1359,0.0000,-12.0401,-23.3219,23.3219,0.000,0.000,-8.594,0,VEHICLE,0,-,0.0000,50,150,0,0.0800,0,0,0.000,0.000,0.000,0.0000,0.0000,0.0000,1,1.0000,0,0,0.0000,1,1.1796,0.0000,0.0000,0.0000,0.0000,0,85.00,0.0000,8.0535,-40.3968,0.0000,5.9790,-50.1359,85.00,-1,-1.00000,0.000,0.000,0.000,0.000,0.000,0.000,0,0.00,0,0,0,0,0,0,1.1933,-20.896,0.000,0.0000,0.6456,0.0000,4,1.2872,0.000
321,5.3500,0.0000,0.7729,-50.5246,0.0000,-12.3635,-23.3219,23.3219,0.000,0.000,-8.594,0,VEHICLE,0,-,0.0000,50,150,0,0.0800,0,0,0.000,0.000,0.000,0.0000,0.0000,0.0000,1,1.0000,0,0,0.0000,1,0.9790,0.0000,0.0000,0.0000,0.0000,0,85.00,0.0000,7.9591,-40.8313,0.0000,5.7729,-50.5246,85.00,-1,-1.00000,0.000,0.000,0.000,0.000,0.000,0.000,0,0.00,0,0,0,0,0,0,0.9918,-21.513,0.000,0.0000,0.6459,0.0000,4,1.2872,0.000
322,5.3667,0.0000,0.5615,-50.9133,0.0000,-12.6869,-23.3219,23.3219,0.000,0.000,-8.594,0,VEHICLE,0,-,0.0000,50,150,0,0.0800,0,0,0.000,0.000,0.000,0.0000,0.0000,0.0000,1,1.0000,0,0,0.0000,1,0.7729,0.0000,0.0000,0.0000,0.0000,0,85.00,0.0000,7.8587,-41.2670,0.0000,5.5615,-50.9133,85.00,-1,-1.00000,0.000,0.000,0.000,0.000,0.000,0.000,0,0.00,0,0,0,0,0,0,0.7848,-22.130,0.000,0.0000,0.6463,0.0000,4,1.2872,0.000
323,5.3833,0.0000,0.3446,-51.3020,0.0000,-13.0103,-23.3219,23.3219,0.000,0.000,-8.594,0,VEHICLE,0,-,0.0000,50,150,0,0.0800,0,0,0.000,0.000,0.000,0.0000,0.0000,0.0000,1,1.0000,0,0,0.0000,1,0.5615,0.0000,0.0000,0.0000,0.0000,0,85.00,0.0000,7.7523,-41.7039,0.0000,5.3446,-51.3020,85.00,-1,-1.00000,0.000,0.000,0.000,0.000,0.000,0.000,0,0.00,0,0,0,0,0,0,0.5725,-22.747,0.000,0.0000,0.6465,0.0000,4,1.2872,0.000
324,5.4000,0.0000,0.1224,-51.6907,0.0000,-13.3337,-23.3219,23.3219,0.000,0.000,-8.594,0,VEHICLE,0,-,0.0000,50,150,0,0.0800,0,0,0.000,0.000,0.000,0.0000,0.0000,0.0000,1,1.0000,0,0,0.0000,1,0.3446,0.0000,0.0000,0.0000,0.0000,0,85.00,0.0000,7.6399,-42.1421,0.0000,5.1224,-51.6907,85.00,-1,-1.00000,0.000,0.000,0.000,0.000,0.000,0.000,0,0.00,0,0,0,0,0,0,0.3547,-23.365,0.000,0.0000,0.6468,0.0000,4,1.2872,0.000
325,5.4167,0.0000,0.0000,-52.0794,0.0000,0.0000,-23.3219,23.3219,0.000,0.000,-8.594,1,VEHICLE,0,-,0.0000,50,150,0,0.0800,0,0,0.000,0.000,0.000,0.0000,0.0000,0.0000,1,1.0000,0,0,0.0000,1,0.1224,0.0000,0.0000,0.0000,0.0000,0,85.00,0.0000,7.6266,-42.5815,0.0000,5.0000,-52.0794,85.00,-1,-1.00000,0.000,0.000,0.000,0.000,0.000,0.000,0,0.00,0,0,0,0,0,0,0.2367,-23.983,0.000,0.0000,0.6471,0.0000,4,1.2872,0.000
326,5.4333,0.0000,0.0000,-52.4700,0.0000,0.0000,-23.4358,23.4358,0.000,0.000,-8.594,1,VEHICLE,0,-,0.0000,50,150,0,0.0800,0,0,0.000,0.000,0.000,0.0000,0.0000,0.0000,1,1.0000,0,0,0.0000,1,0.0000,0.0000,0.0000,0.0000,0.0000,0,85.00,0.0000,7.5329,-42.9284,0.0000,5.0000,-52.4700,85.00,-1,-1.00000,0.000,0.000,0.000,0.000,0.000,0.000,0,0.00,0,0,0,0,0,0,0.2100,-20.301,0.000,0.0000,0.0000,0.0000,4,1.2872,0.000
327,5.4500,0.0000,0.0000,-52.8624,0.0000,0.0000,-23.5465,23.5465,0.000,0.000,-8.594,1,VEHICLE,0,-,0.0000,50,150,0,0.0800,0,0,0.000,0.000,0.000,0.0000,0.0000,0.0000,1,1.0000,0,0,0.0000,1,0.0000,0.0000,0.0000,0.0000,0.0000,0,85.00,0.0000,7.4360,-43.2770,0.0000,5.0000,-52.8624,85.00,-1,-1.00000,0.000,0.000,0.000,0.000,0.000,0.000,0,0.00,0,0,0,0,0,0,0.1866,-17.184,0.000,0.0000,0.0000,0.0000,4,1.2872,0.000
328,5.4667,0.0000,0.0000,-53.2566,0.0000,0.0000,-23.6542,23.6542,0.000,0.000,-8.594,1,VEHICLE,0,-,0.0000,50,150,0,0.0800,0,0,0.000,0.000,0.000,0.0000,0.0000,0.0000,1,1.0000,0,0,0.0000,1,0.0000,0.0000,0.0000,0.0000,0.0000,0,85.00,0.0000,7.3374,-43.6277,0.0000,5.0000,-53.2566,85.00,-1,-1.00000,0.000,0.000,0.000,0.000,0.000,0.000,0,0.00,0,0,0,0,0,0,0.1664,-14.546,0.000,0.0000,0.0000,0.0000,4,1.2872,0.000
329,5.4833,0.0000,0.0000,-53.6526,0.0000,0.0000,-23.7591,23.7591,0.000,0.000,-8.594,1,VEHICLE,0,-,0.0000,50,150,0,0.0800,0,0,0.000,0.000,0.000,0.0000,0.0000,0.0000,1,1.0000,0,0,0.0000,1,0.0000,0.0000,0.0000,0.0000,0.0000,0,85.00,0.0000,7.2384,-43.9813,0.0000,5.0000,-53.6526,85.00,-1,-1.00000,0.000,0.000,0.000,0.000,0.000,0.000,0,0.00,0,0,0,0,0,0,0.1491,-12.313,0.000,0.0000,0.0000,0.0000,4,1.2872,0.000
330,5.5000,0.0000,0.0000,-54.0503,0.0000,0.0000,-23.8616,23.8616,0.000,0.000,-8.594,1,VEHICLE,0,-,0.0000,50,150,0,0.0800,0,0,0.000,0.000,0.000,0.0000,0.0000,0.0000,1,1.0000,0,0,0.0000,1,0.0000,0.0000,0.0000,0.0000,0.0000,0,85.00,0.0000,7.1401,-44.3380,0.0000,5.0000,-54.0503,85.00,-1,-1.00000,0.000,0.000,0.000,0.000,0.000,0.000,0,0.00,0,0,0,0,0,0,0.1342,-10.423,0.000,0.0000,0.0000,0.0000,4,1.2872,0.000
331,5.5167,0.0000,0.0000,-54.4497,0.0000,0.0000,-23.9619,23.9619,0.000,0.000,-8.594,1,VEHICLE,0,-,0.0000,50,150,0,0.0800,0,0,0.000,0.000,0.000,0.0000,0.0000,0.0000,1,1.0000,0,0,0.0000,1,0.0000,0.0000,0.0000,0.0000,0.0000,0,85.00,0.0000,7.0433,-44.6982,0.0000,5.0000,-54.4497,85.00,-1,-1.00000,0.000,0.000,0.000,0.000,0.000,0.000,0,0.00,0,0,0,0,0,0,0.1215,-8.823,0.000,0.0000,0.0000,0.0000,4,1.2872,0.000
332,5.5333,0.0000,0.0000,-54.8507,0.0000,0.0000,-24.0602,24.0602,0.000,0.000,-8.594,1,VEHICLE,0,-,0.0000,50,150,0,0.0800,0,0,0.000,0.000,0.000,0.0000,0.0000,0.0000,1,1.0000,0,0,0.0000,1,0.0000,0.0000,0.0000,0.0000,0.0000,0,85.00,0.0000,6.9486,-45.0619,0.0000,5.0000,-54.8507,85.00,-1,-1.00000,0.000,0.000,0.000,0.000,0.000,0.000,0,0.00,0,0,0,0,0,0,0.1107,-7.468,0.000,0.0000,0.0000,0.0000,4,1.2872,0.000
333,5.5500,0.0000,0.0000,-55.2533,0.0000,0.0000,-24.1565,24.1565,0.000,0.000,-8.594,1,VEHICLE,0,-,0.0000,50,150,0,0.0800,0,0,0.000,0.000,0.000,0.0000,0.0000,0.0000,1,1.0000,0,0,0.0000,1,0.0000,0.0000,0.0000,0.0000,0.0000,0,85.00,0.0000,6.8564,-45.4292,0.0000,5.0000,-55.2533,85.00,-1,-1.00000,0.000,0.000,0.000,0.000,0.000,0.000,0,0.00,0,0,0,0,0,0,0.1014,-6.322,0.000,0.0000,0.0000,0.0000,4,1.2872,0.000
334,5.5667,0.0000,0.0000,-55.6575,0.0000,0.0000,-24.2511,24.2511,0.000,0.000,-8.594,1,VEHICLE,0,-,0.0000,50,150,0,0.0800,0,0,0.000,0.000,0.000,0.0000,0.0000,0.0000,1,1.0000,0,0,0.0000,1,0.0000,0.0000,0.0000,0.0000,0.0000,0,85.00,0.0000,6.7671,-45.8001,0.0000,5.0000,-55.6575,85.00,-1,-1.00000,0.000,0.000,0.000,0.000,0.000,0.000,0,0.00,0,0,0,0,0,0,0.0936,-5.351,0.000,0.0000,0.0000,0.0000,4,1.2872,0.000
335,5.5833,0.0000,0.0000,-56.0632,0.0000,0.0000,-24.3440,24.3440,0.000,0.000,-8.594,1,VEHICLE,0,-,0.0000,50,150,0,0.0800,0,0,0.000,0.000,0.000,0.0000,0.0000,0.0000,1,1.0000,0,0,0.0000,1,0.0000,0.0000,0.0000,0.0000,0.0000,0,85.00,0.0000,6.6809,-46.1747,0.0000,5.0000,-56.0632,85.00,-1,-1.00000,0.000,0.000,0.000,0.000,0.000,0.000,0,0.00,0,0,0,0,0,0,0.0870,-4.530,0.000,0.0000,0.0000,0.0000,4,1.2872,0.000
336,5.6000,0.0000,0.0000,-56.4705,0.0000,0.0000,-24.4353,24.4353,0.000,0.000,-8.594,1,VEHICLE,0,-,0.0000,50,150,0,0.0800,0,0,0.000,0.000,0.000,0.0000,0.0000,0.0000,1,1.0000,0,0,0.0000,1,0.0000,0.0000,0.0000,0.0000,0.0000,0,85.00,0.0000,6.5980,-46.5527,0.0000,5.0000,-56.4705,85.00,-1,-1.00000,0.000,0.000,0.000,0.000,0.000,0.000,0,0.00,0,0,0,0,0,0,0.0813,-3.834,0.000,0.0000,0.0000,0.0000,4,1.2872,0.000
337,5.6167,0.0000,0.0000,-56.8792,0.0000,0.0000,-24.5251,24.5251,0.000,0.000,-8.594,1,VEHICLE,0,-,0.0000,50,150,0,0.0800,0,0,0.000,0.000,0.000,0.0000,0.0000,0.0000,1,1.0000,0,0,0.0000,1,0.0000,0.0000,0.0000,0.0000,0.0000,0,85.00,0.0000,6.5185,-46.9342,0.0000,5.0000,-56.8792,85.00,-1,-1.00000,0.000,0.000,0.000,0.000,0.000,0.000,0,0.00,0,0,0,0,0,0,0.0765,-3.246,0.000,0.0000,0.0000,0.0000,4,1.2872,0.000
338,5.6333,0.0000,0.0000,-57.2895,0.0000,0.0000,-24.6134,24.6134,0.000,0.000,-8.594,1,VEHICLE,0,-,0.0000,50,150,0,0.0800,0,0,0.000,0.000,0.000,0.0000,0.0000,0.0000,1,1.0000,0,0,0.0000,1,0.0000,0.0000,0.0000,0.0000,0.0000,0,85.00,0.0000,6.4424,-47.3189,0.0000,5.0000,-57.2895,85.00,-1,-1.00000,0.000,0.000,0.000,0.000,0.000,0.000,0,0.00,0,0,0,0,0,0,0.0725,-2.747,0.000,0.0000,0.0000,0.0000,4,1.2872,0.000
339,5.6500,0.0000,0.0000,-57.7011,0.0000,0.0000,-24.7003,24.7003,0.000,0.000,-8.594,1,VEHICLE,0,-,0.0000,50,150,0,0.0800,0,0,0.000,0.000,0.000,0.0000,0.0000,0.0000,1,1.0000,0,0,0.0000,1,0.0000,0.0000,0.0000,0.0000,0.0000,0,85.00,0.0000,6.3696,-47.7068,0.0000,5.0000,-57.7011,85.00,-1,-1.00000,0.000,0.000,0.000,0.000,0.000,0.000,0,0.00,0,0,0,0,0,0,0.0690,-2.326,0.000,0.0000,0.0000,0.0000,4,1.2872,0.000
340,5.6667,0.0000,0.0000,-58.1142,0.0000,0.0000,-24.7858,24.7858,0.000,0.000,-8.594,1,VEHICLE,0,-,0.0000,50,150,0,0.0800,0,0,0.000,0.000,0.000,0.0000,0.0000,0.0000,1,1.0000,0,0,0.0000,1,0.0000,0.0000,0.0000,0.0000,0.0000,0,85.00,0.0000,6.3002,-48.0978,0.0000,5.0000,-58.1142,85.00,-1,-1.00000,0.000,0.000,0.000,0.000,0.000,0.000,0,0.00,0,0,0,0,0,0,0.0661,-1.969,0.000,0.0000,0.0000,0.0000,4,1.2872,0.000
341,5.6833,0.0000,0.0000,-58.5287,0.0000,0.0000,-24.8699,24.8699,0.000,0.000,-8.594,1,VEHICLE,0,-,0.0000,50,150,0,0.0800,0,0,0.000,0.000,0.000,0.0000,0.0000,0.0000,1,1.0000,0,0,0.0000,1,0.0000,0.0000,0.0000,0.0000,0.0000,0,85.00,0.0000,6.2340,-48.4917,0.0000,5.0000,-58.5287,85.00,-1,-1.00000,0.000,0.000,0.000,0.000,0.000,0.000,0,0.00,0,0,0,0,0,0,0.0636,-1.666,0.000,0.0000,0.0000,0.0000,4,1.2872,0.000
342,5.7000,0.0000,0.0000,-58.9446,0.0000,0.0000,-24.9527,24.9527,0.000,0.000,-8.594,1,VEHICLE,0,-,0.0000,50,150,0,0.0800,0,0,0.000,0.000,0.000,0.0000,0.0000,0.0000,1,1.0000,0,0,0.0000,1,0.0000,0.0000,0.0000,0.0000,0.0000,0,85.00,0.0000,6.1709,-48.8883,0.0000,5.0000,-58.9446,85.00,-1,-1.00000,0.000,0.000,0.000,0.000,0.000,0.000,0,0.00,0,0,0,0,0,0,0.0616,-1.411,0.000,0.0000,0.0000,0.0000,4,1.2872,0.000
343,5.7167,0.0000,0.0000,-59.3618,0.0000,0.0000,-25.0341,25.0341,0.000,0.000,-8.594,1,VEHICLE,0,-,0.0000,50,150,0,0.0800,0,0,0.000,0.000,0.000,0.0000,0.0000,0.0000,1,1.0000,0,0,0.0000,1,0.0000,0.0000,0.0000,0.0000,0.0000,0,85.00,0.0000,6.1109,-49.2877,0.0000,5.0000,-59.3618,85.00,-1,-1.00000,0.000,0.000,0.000,0.000,0.000,0.000,0,0.00,0,0,0,0,0,0,0.0598,-1.194,0.000,0.0000,0.0000,0.0000,4,1.2872,0.000
344,5.7333,0.0000,0.0000,-59.7804,0.0000,0.0000,-25.1143,25.1143,0.000,0.000,-8.594,1,VEHICLE,0,-,0.0000,50,150,0,0.0800,0,0,0.000,0.000,0.000,0.0000,0.0000,0.0000,1,1.0000,0,0,0.0000,1,0.0000,0.0000,0.0000,0.0000,0.0000,0,85.00,0.0000,6.0538,-49.6896,0.0000,5.0000,-59.7804,85.00,-1,-1.00000,0.000,0.000,0.000,0.000,0.000,0.000,0,0.00,0,0,0,0,0,0,0.0583,-1.011,0.000,0.0000,0.0000,0.0000,4,1.2872,0.000
345,5.7500,0.0000,0.0000,-60.2003,0.0000,0.0000,-25.1932,25.1932,0.000,0.000,-8.594,1,VEHICLE,0,-,0.0000,50,150,0,0.0800,0,0,0.000,0.000,0.000,0.0000,0.0000,0.0000,1,1.0000,0,0,0.0000,1,0.0000,0.0000,0.0000,0.0000,0.0000,0,85.00,0.0000,5.9995,-50.0940,0.0000,5.0000,-60.2003,85.00,-1,-1.00000,0.000,0.000,0.000,0.000,0.000,0.000,0,0.00,0,0,0,0,0,0,0.0570,-0.856,0.000,0.0000,0.0000,0.0000,4,1.2872,0.000
346,5.7667,0.0000,0.0000,-60.6215,0.0000,0.0000,-25.2709,25.2709,0.000,0.000,-8.594,1,VEHICLE,0,-,0.0000,50,150,0,0.0800,0,0,0.000,0.000,0.000,0.0000,0.0000,0.0000,1,1.0000,0,0,0.0000,1,0.0000,0.0000,0.0000,0.0000,0.0000,0,85.00,0.0000,5.9479,-50.5007,0.0000,5.0000,-60.6215,85.00,-1,-1.00000,0.000,0.000,0.000,0.000,0.000,0.000,0,0.00,0,0,0,0,0,0,0.0559,-0.724,0.000,0.0000,0.0000,0.0000,4,1.2872,0.000
347,5.7833,0.0000,0.0000,-61.0439,0.0000,0.0000,-25.3473,25.3473,0.000,0.000,-8.594,1,VEHICLE,0,-,0.0000,50,150,0,0.0800,0,0,0.000,0.000,0.000,0.0000,0.0000,0.0000,1,1.0000,0,0,0.0000,1,0.0000,0.0000,0.0000,0.0000,0.0000,0,85.00,0.0000,5.8988,-50.9096,0.0000,5.0000,-61.0439,85.00,-1,-1.00000,0.000,0.000,0.000,0.000,0.000,0.000,0,0.00,0,0,0,0,0,0,0.0550,-0.613,0.000,0.0000,0.0000,0.0000,4,1.2872,0.000
348,5.8000,0.0000,0.0000,-61.4676,0.0000,0.0000,-25.4225,25.4225,0.000,0.000,-8.594,1,VEHICLE,0,-,0.0000,50,150,0,0.0800,0,0,0.000,0.000,0.000,0.0000,0.0000,0.0000,1,1.0000,0,0,0.0000,1,0.0000,0.0000,0.0000,0.0000,0.0000,0,85.00,0.0000,5.8521,-51.3208,0.0000,5.0000,-61.4676,85.00,-1,-1.00000,0.000,0.000,0.000,0.000,0.000,0.000,0,0.00,0,0,0,0,0,0,0.0543,-0.519,0.000,0.0000,0.0000,0.0000,4,1.2872,0.000
349,5.8167,0.0000,0.0000,-61.8926,0.0000,0.0000,-25.4965,25.4965,0.000,0.000,-8.594,1,VEHICLE,0,-,0.0000,50,150,0,0.0800,0,0,0.000,0.000,0.000,0.0000,0.0000,0.0000,1,1.0000,0,0,0.0000,1,0.0000,0.0000,0.0000,0.0000,0.0000,0,85.00,0.0000,5.8078,-51.7339,0.0000,5.0000,-61.8926,85.00,-1,-1.00000,0.000,0.000,0.000,0.000,0.000,0.000,0,0.00,0,0,0,0,0,0,0.0536,-0.439,0.000,0.0000,0.0000,0.0000,4,1.2872,0.000
350,5.8333,0.0000,0.0000,-62.3187,0.0000,0.0000,-25.5694,25.5694,0.000,0.000,-8.594,1,VEHICLE,0,-,0.0000,50,150,0,0.0800,0,0,0.000,0.000,0.000,0.0000,0.0000,0.0000,1,1.0000,0,0,0.0000,1,0.0000,0.0000,0.0000,0.0000,0.0000,0,85.00,0.0000,5.7656,-52.1491,0.0000,5.0000,-62.3187,85.00,-1,-1.00000,0.000,0.000,0.000,0.000,0.000,0.000,0,0.00,0,0,0,0,0,0,0.0530,-0.372,0.000,0.0000,0.0000,0.0000,4,1.2872,0.000
351,5.8500,0.0000,0.0000,-62.7461,0.0000,0.0000,-25.6411,25.6411,0.000,0.000,-8.594,1,VEHICLE,0,-,0.0000,50,150,0,0.0800,0,0,0.000,0.000,0.000,0.0000,0.0000,0.0000,1,1.0000,0,0,0.0000,1,0.0000,0.0000,0.0000,0.0000,0.0000,0,85.00,0.0000,5.7255,-52.5661,0.0000,5.0000,-62.7461,85.00,-1,-1.00000,0.000,0.000,0.000,0.000,0.000,0.000,0,0.00,0,0,0,0,0,0,0.0526,-0.315,0.000,0.0000,0.0000,0.0000,4,1.2872,0.000
352,5.8667,0.0000,0.0000,-63.1746,0.0000,0.0000,-25.7117,25.7117,0.000,0.000,-8.594,1,VEHICLE,0,-,0.0000,50,150,0,0.0800,0,0,0.000,0.000,0.000,0.0000,0.0000,0.0000,1,1.0000,0,0,0.0000,1,0.0000,0.0000,0.0000,0.0000,0.0000,0,85.00,0.0000,5.6873,-52.9850,0.0000,5.0000,-63.1746,85.00,-1,-1.00000,0.000,0.000,0.000,0.000,0.000,0.000,0,0.00,0,0,0,0,0,0,0.0522,-0.266,0.000,0.0000,0.0000,0.0000,4,1.2872,0.000
353,5.8833,0.0000,0.0000,-63.6043,0.0000,0.0000,-25.7812,25.7812,0.000,0.000,-8.594,1,VEHICLE,0,-,0.0000,50,150,0,0.0800,0,0,0.000,0.000,0.000,0.0000,0.0000,0.0000,1,1.0000,0,0,0.0000,1,0.0000,0.0000,0.0000,0.0000,0.0000,0,85.00,0.0000,5.6510,-53.4057,0.0000,5.0000,-63.6043,85.00,-1,-1.00000,0.000,0.000,0.000,0.000,0.000,0.000,0,0.00,0,0,0,0,0,0,0.0518,-0.226,0.000,0.0000,0.0000,0.0000,4,1.2872,0.000
354,5.9000,0.0000,0.0000,-64.0351,0.0000,0.0000,-25.8495,25.8495,0.000,0.000,-8.594,1,VEHICLE,0,-,0.0000,50,150,0,0.0800,0,0,0.000,0.000,0.000,0.0000,0.0000,0.0000,1,1.0000,0,0,0.0000,1,0.0000,0.0000,0.0000,0.0000,0.0000,0,85.00,0.0000,5.6165,-53.8280,0.0000,5.0000,-64.0351,85.00,-1,-1.00000,0.000,0.000,0.000,0.000,0.000,0.000,0,0.00,0,0,0,0,0,0,0.0516,-0.191,0.000,0.0000,0.0000,0.0000,4,1.2872,0.000
355,5.9167,0.0000,0.0000,-64.4671,0.0000,0.0000,-25.9168,25.9168,0.000,0.000,-8.594,1,VEHICLE,0,-,0.0000,50,150,0,0.0800,0,0,0.000,0.000,0.000,0.0000,0.0000,0.0000,1,1.0000,0,0,0.0000,1,0.0000,0.0000,0.0000,0.0000,0.0000,0,85.00,0.0000,5.5835,-54.2520,0.0000,5.0000,-64.4671,85.00,-1,-1.00000,0.000,0.000,0.000,0.000,0.000,0.000,0,0.00,0,0,0,0,0,0,0.0513,-0.162,0.000,0.0000,0.0000,0.0000,4,1.2872,0.000
356,5.9333,0.0000,0.0000,-64.9001,0.0000,0.0000,-25.9830,25.9830,0.000,0.000,-8.594,1,VEHICLE,0,-,0.0000,50,150,0,0.0800,0,0,0.000,0.000,0.000,0.0000,0.0000,0.0000,1,1.0000,0,0,0.0000,1,0.0000,0.0000,0.0000,0.0000,0.0000,0,85.00,0.0000,5.5522,-54.6775,0.0000,5.0000,-64.9001,85.00,-1,-1.00000,0.000,0.000,0.000,0.000,0.000,0.000,0,0.00,0,0,0,0,0,0,0.0511,-0.137,0.000,0.0000,0.0000,0.0000,4,1.2872,0.000
357,5.9500,0.0000,0.0000,-65.3343,0.0000,0.0000,-26.0482,26.0482,0.000,0.000,-8.594,1,VEHICLE,0,-,0.0000,50,150,0,0.0800,0,0,0.000,0.000,0.000,0.0000,0.0000,0.0000,1,1.0000,0,0,0.0000,1,0.0000,0.0000,0.0000,0.0000,0.0000,0,85.00,0.0000,5.5223,-55.1046,0.0000,5.0000,-65.3343,85.00,-1,-1.00000,0.000,0.000,0.000,0.000,0.000,0.000,0,0.00,0,0,0,0,0,0,0.0509,-0.116,0.000,0.0000,0.0000,0.0000,4,1.2872,0.000
358,5.9667,0.0000,0.0000,-65.7695,0.0000,0.0000,-26.1123,26.1123,0.000,0.000,-8.594,1,VEHICLE,0,-,0.0000,50,150,0,0.0800,0,0,0.000,0.000,0.000,0.0000,0.0000,0.0000,1,1.0000,0,0,0.0000,1,0.0000,0.0000,0.0000,0.0000,0.0000,0,85.00,0.0000,5.4938,-55.5332,0.0000,5.0000,-65.7695,85.00,-1,-1.00000,0.000,0.000,0.000,0.000,0.000,0.000,0,0.00,0,0,0,0,0,0,0.0508,-0.098,0.000,0.0000,0.0000,0.0000,4,1.2872,0.000
359,5.9833,0.0000,0.0000,-66.2057,0.0000,0.0000,-26.1755,26.1755,0.000,0.000,-8.594,1,VEHICLE,0,-,0.0000,50,150,0,0.0800,0,0,0.000,0.000,0.000,0.0000,0.0000,0.0000,1,1.0000,0,0,0.0000,1,0.0000,0.0000,0.0000,0.0000,0.0000,0,85.00,0.0000,5.4666,-55.9632,0.0000,5.0000,-66.2057,85.00,-1,-1.00000,0.000,0.000,0.000,0.000,0.000,0.000,0,0.00,0,0,0,0,0,0,0.0507,-0.083,0.000,0.0000,0.0000,0.0000,4,1.2872,0.000
360,6.0000,0.0000,0.0000,-66.6430,0.0000,0.0000,-26.2376,26.2376,0.000,0.000,-8.594,1,VEHICLE,0,-,0.0000,50,150,0,0.0800,0,0,0.000,0.000,0.000,0.0000,0.0000,0.0000,1,1.0000,0,0,0.0000,1,0.0000,0.0000,0.0000,0.0000,0.0000,0,85.00,0.0000,5.4406,-56.3946,0.0000,5.0000,-66.6430,85.00,-1,-1.00000,0.000,0.000,0.000,0.000,0.000,0.000,0,0.00,0,0,0,0,0,0,0.0506,-0.070,0.000,0.0000,0.0000,0.0000,4,1.2872,0.000
361,6.0167,0.0000,0.0000,-67.0813,0.0000,0.0000,-26.2987,26.2987,0.000,0.000,-8.594,1,VEHICLE,0,-,0.0000,50,150,0,0.0800,0,0,0.000,0.000,0.000,0.0000,0.0000,0.0000,1,1.0000,0,0,0.0000,1,0.0000,0.0000,0.0000,0.0000,0.0000,0,85.00,0.0000,5.4158,-56.8274,0.0000,5.0000,-67.0813,85.00,-1,-1.00000,0.000,0.000,0.000,0.000,0.000,0.000,0,0.00,0,0,0,0,0,0,0.0505,-0.059,0.000,0.0000,0.0000,0.0000,4,1.2872,0.000
