step,t,x,y,z,vx,vy,vz,hspeed,yaw_deg,cam_yaw_deg,cam_pitch_deg,grounded,form,transforming,anim,anim_t,ammo,reserve,reloading,spread,shots,weapon_visible,reload_w,aim_w,aim_pitch_n,muzzle_x,muzzle_y,muzzle_z,move_form,progress,weapon_usable,weapon_restored,mesh_off_y,veh_driving,veh_ride,veh_dash,veh_dash_cd,veh_nitro,veh_nitro_cd,fine_aim,fov,cam_x,cam_y,cam_z,cam_focus_x,cam_focus_y,cam_focus_z,cam_fov,drawn_model,pose_delta,bb_min_x,bb_min_y,bb_min_z,bb_max_x,bb_max_y,bb_max_z,far_verts,far_max,partner_far_verts,partner_shown,arm_shown,hand_shrunk,robot_visible,vehicle_visible,com_h,pitch_deg,roll_deg,ang_x,ang_y,ang_z,contacts,spring_mean,rammed_remain
1,0.0167,0.0000,0.5500,0.0000,0.0000,0.2969,0.0000,0.0000,0.000,0.000,-8.594,1,VEHICLE,0,-,0.0000,50,150,0,0.0800,0,0,0.000,0.000,0.000,0.0000,0.0000,0.0000,1,1.0000,0,0,0.0000,0,0.0500,0.0000,0.0000,0.0000,0.0000,0,80.00,2.9761,4.1808,6.4911,0.0000,5.5500,0.0000,80.00,-1,-1.00000,0.000,0.000,0.000,0.000,0.000,0.000,0,0.00,0,0,0,0,0,0,0.6000,-0.000,0.000,-0.0000,0.0000,-0.0000,4,0.0500,0.000
2,0.0333,0.0000,0.5500,-0.0000,0.0000,0.0000,-0.0000,0.0000,0.000,0.000,-8.594,1,VEHICLE,0,-,0.0000,50,150,0,0.0800,0,0,0.000,0.000,0.000,0.0000,0.0000,0.0000,1,1.0000,0,0,0.0000,0,0.6000,0.0000,0.0000,0.0000,0.0000,0,80.00,2.9116,4.1958,6.5231,0.0000,5.5500,-0.0000,80.00,-1,-1.00000,0.000,0.000,0.000,0.000,0.000,0.000,0,0.00,0,0,0,0,0,0,0.6000,-0.000,0.000,-0.0000,0.0000,-0.0000,4,0.6000,0.000
3,0.0500,0.0000,0.5527,-0.0000,0.0000,0.1649,-0.0000,0.0000,0.000,0.000,-8.594,1,VEHICLE,0,-,0.0000,50,150,0,0.0800,0,0,0.000,0.000,0.000,0.0000,0.0000,0.0000,1,1.0000,0,0,0.0000,0,0.6000,0.0000,0.0000,0.0000,0.0000,0,80.00,2.8169,4.2205,6.5704,0.0000,5.5527,-0.0000,80.00,-1,-1.00000,0.000,0.000,0.000,0.000,0.000,0.000,0,0.00,0,0,0,0,0,0,0.6027,-0.000,0.000,-0.0000,0.0000,-0.0000,4,0.6000,0.000
4,0.0667,0.0000,0.5580,-0.0000,0.0000,0.3127,-0.0000,0.0000,0.000,0.000,-8.594,1,VEHICLE,0,-,0.0000,50,150,0,0.0800,0,0,0.000,0.000,0.000,0.0000,0.0000,0.0000,1,1.0000,0,0,0.0000,0,0.6027,0.0000,0.0000,0.0000,0.0000,0,80.00,2.7005,4.2527,6.6288,0.0000,5.5580,-0.0000,80.00,-1,-1.00000,0.000,0.000,0.000,0.000,0.000,0.000,0,0.00,0,0,0,0,0,0,0.6080,-0.000,0.000,-0.0000,0.0000,-0.0000,4,0.6027,0.000
5,0.0833,0.0000,0.5654,-0.0000,0.0000,0.4445,-0.0000,0.0000,0.000,0.000,-8.594,1,VEHICLE,0,-,0.0000,50,150,0,0.0800,0,0,0.000,0.000,0.000,0.0000,0.0000,0.0000,1,1.0000,0,0,0.0000,0,0.6080,0.0000,0.0000,0.0000,0.0000,0,80.00,2.5694,4.2906,6.6953,0.0000,5.5654,-0.0000,80.00,-1,-1.00000,0.000,0.000,0.000,0.000,0.000,0.000,0,0.00,0,0,0,0,0,0,0.6154,-0.000,0.000,-0.0000,0.0000,-0.0000,4,0.6080,0.000
6,0.1000,0.0000,0.5747,-0.0000,0.0000,0.5613,-0.0000,0.0000,0.000,0.000,-8.594,1,VEHICLE,0,-,0.0000,50,150,0,0.0800,0,0,0.000,0.000,0.000,0.0000,0.0000,0.0000,1,1.0000,0,0,0.0000,0,0.6154,0.0000,0.0000,0.0000,0.0000,0,80.00,2.4290,4.3326,6.7670,0.0000,5.5747,-0.0000,80.00,-1,-1.00000,0.000,0.000,0.000,0.000,0.000,0.000,0,0.00,0,0,0,0,0,0,0.6247,-0.000,0.000,-0.0000,0.0000,-0.0000,4,0.6154,0.000
7,0.1167,0.0000,0.5858,-0.0000,0.0000,0.6642,-0.0000,0.0000,0.000,0.000,-8.594,1,VEHICLE,0,-,0.0000,50,150,0,0.0800,0,0,0.000,0.000,0.000,0.0000,0.0000,0.0000,1,1.0000,0,0,0.0000,0,0.6247,0.0000,0.0000,0.0000,0.0000,0,80.00,2.2837,4.3775,6.8421,0.0000,5.5858,-0.0000,80.00,-1,-1.00000,0.000,0.000,0.000,0.000,0.000,0.000,0,0.00,0,0,0,0,0,0,0.6358,-0.000,0.000,-0.0000,0.0000,-0.0000,4,0.6247,0.000
8,0.1333,0.0000,0.5984,-0.0000,0.0000,0.7541,-0.0000,0.0000,0.000,0.000,-8.594,1,VEHICLE,0,-,0.0000,50,150,0,0.0800,0,0,0.000,0.000,0.000,0.0000,0.0000,0.0000,1,1.0000,0,0,0.0000,0,0.6358,0.0000,0.0000,0.0000,0.0000,0,80.00,2.1368,4.4243,6.9188,0.0000,5.5984,-0.0000,80.00,-1,-1.00000,0.000,0.000,0.000,0.000,0.000,0.000,0,0.00,0,0,0,0,0,0,0.6484,-0.000,0.000,-0.0000,0.0000,-0.0000,4,0.6358,0.000
9,0.1500,0.0000,0.6122,-0.0000,0.0000,0.8320,-0.0000,0.0000,0.000,0.000,-8.594,1,VEHICLE,0,-,0.0000,50,150,0,0.0800,0,0,0.000,0.000,0.000,0.0000,0.0000,0.0000,1,1.0000,0,0,0.0000,0,0.6484,0.0000,0.0000,0.0000,0.0000,0,80.00,1.9911,4.4722,6.9958,0.0000,5.6122,-0.0000,80.00,-1,-1.00000,0.000,0.000,0.000,0.000,0.000,0.000,0,0.00,0,0,0,0,0,0,0.6622,-0.000,0.000,-0.0000,0.0000,-0.0000,4,0.6484,0.000
10,0.1667,0.0000,0.6272,-0.0000,0.0000,0.8988,-0.0000,0.0000,0.000,0.000,-8.594,1,VEHICLE,0,-,0.0000,50,150,0,0.0800,0,0,0.000,0.000,0.000,0.0000,0.0000,0.0000,1,1.0000,0,0,0.0000,0,0.6622,0.0000,0.0000,0.0000,0.0000,0,80.00,1.8485,4.5206,7.0723,0.0000,5.6272,-0.0000,80.00,-1,-1.00000,0.000,0.000,0.000,0.000,0.000,0.000,0,0.00,0,0,0,0,0,0,0.6772,-0.000,0.000,-0.0000,0.0000,-0.0000,4,0.6622,0.000
11,0.1833,0.0000,0.6431,-0.0000,0.0000,0.9554,-0.0000,0.0000,0.000,0.000,-8.594,1,VEHICLE,0,-,0.0000,50,150,0,0.0800,0,0,0.000,0.000,0.000,0.0000,0.0000,0.0000,1,1.0000,0,0,0.0000,0,0.6772,0.0000,0.0000,0.0000,0.0000,0,80.00,1.7105,4.5688,7.1475,0.0000,5.6431,-0.0000,80.00,-1,-1.00000,0.000,0.000,0.000,0.000,0.000,0.000,0,0.00,0,0,0,0,0,0,0.6931,-0.000,0.000,-0.0000,0.0000,-0.0000,4,0.6772,0.000
12,0.2000,0.0000,0.6598,-0.0000,0.0000,1.0024,-0.0000,0.0000,0.000,0.000,-8.594,1,VEHICLE,0,-,0.0000,50,150,0,0.0800,0,0,0.000,0.000,0.000,0.0000,0.0000,0.0000,1,1.0000,0,0,0.0000,0,0.6931,0.0000,0.0000,0.0000,0.0000,0,80.00,1.5782,4.6166,7.2208,0.0000,5.6598,-0.0000,80.00,-1,-1.00000,0.000,0.000,0.000,0.000,0.000,0.000,0,0.00,0,0,0,0,0,0,0.7098,-0.000,0.000,-0.0000,0.0000,-0.0000,4,0.6931,0.000
13,0.2167,0.0000,0.6772,-0.0000,0.0000,1.0407,-0.0000,0.0000,0.000,0.000,-8.594,1,VEHICLE,0,-,0.0000,50,150,0,0.0800,0,0,0.000,0.000,0.000,0.0000,0.0000,0.0000,1,1.0000,0,0,0.0000,0,0.7098,0.0000,0.0000,0.0000,0.0000,0,80.00,1.4523,4.6636,7.2919,0.0000,5.6772,-0.0000,80.00,-1,-1.00000,0.000,0.000,0.000,0.000,0.000,0.000,0,0.00,0,0,0,0,0,0,0.7272,-0.000,0.000,-0.0000,0.0000,-0.0000,4,0.7098,0.000
14,0.2333,0.0000,0.6950,-0.0000,0.0000,1.0711,-0.0000,0.0000,0.000,0.000,-8.594,1,VEHICLE,0,-,0.0000,50,150,0,0.0800,0,0,0.000,0.000,0.000,0.0000,0.0000,0.0000,1,1.0000,0,0,0.0000,0,0.7272,0.0000,0.0000,0.0000,0.0000,0,80.00,1.3333,4.7095,7.3606,0.0000,5.6950,-0.0000,80.00,-1,-1.00000,0.000,0.000,0.000,0.000,0.000,0.000,0,0.00,0,0,0,0,0,0,0.7450,-0.000,0.000,-0.0000,0.0000,-0.0000,4,0.7272,0.000
15,0.2500,0.0000,0.7133,-0.0000,0.0000,1.0941,-0.0000,0.0000,0.000,0.000,-8.594,1,VEHICLE,0,-,0.0000,50,150,0,0.0800,0,0,0.000,0.000,0.000,0.0000,0.0000,0.0000,1,1.0000,0,0,0.0000,0,0.7450,0.0000,0.0000,0.0000,0.0000,0,80.00,1.2213,4.7542,7.4266,0.0000,5.7133,-0.0000,80.00,-1,-1.00000,0.000,0.000,0.000,0.000,0.000,0.000,0,0.00,0,0,0,0,0,0,0.7633,-0.000,0.000,0.0000,0.0000,-0.0000,4,0.7450,0.000
16,0.2667,0.0000,0.7318,-0.0000,0.0000,1.1105,-0.0000,0.0000,0.000,0.000,-8.594,1,VEHICLE,0,-,0.0000,50,150,0,0.0800,0,0,0.000,0.000,0.000,0.0000,0.0000,0.0000,1,1.0000,0,0,0.0000,0,0.7633,0.0000,0.0000,0.0000,0.0000,0,80.00,1.1166,4.7976,7.4900,0.0000,5.7318,-0.0000,80.00,-1,-1.00000,0.000,0.000,0.000,0.000,0.000,0.000,0,0.00,0,0,0,0,0,0,0.7818,-0.000,0.000,0.0000,-0.0000,-0.0000,4,0.7633,0.000
17,0.2833,0.0000,0.7505,-0.0000,0.0000,1.1207,-0.0000,0.0000,0.000,0.000,-8.594,1,VEHICLE,0,-,0.0000,50,150,0,0.0800,0,0,0.000,0.000,0.000,0.0000,0.0000,0.0000,1,1.0000,0,0,0.0000,0,0.7818,0.0000,0.0000,0.0000,0.0000,0,80.00,1.0190,4.8395,7.5508,0.0000,5.7505,-0.0000,80.00,-1,-1.00000,0.000,0.000,0.000,0.000,0.000,0.000,0,0.00,0,0,0,0,0,0,0.8005,-0.000,0.000,-0.0000,0.0000,-0.0000,4,0.7818,0.000
18,0.3000,0.0000,0.7692,-0.0000,0.0000,1.1255,-0.0000,0.0000,0.000,0.000,-8.594,1,VEHICLE,0,-,0.0000,50,150,0,0.0800,0,0,0.000,0.000,0.000,0.0000,0.0000,0.0000,1,1.0000,0,0,0.0000,0,0.8005,0.0000,0.0000,0.0000,0.0000,0,80.00,0.9283,4.8799,7.6090,0.0000,5.7692,-0.0000,80.00,-1,-1.00000,0.000,0.000,0.000,0.000,0.000,0.000,0,0.00,0,0,0,0,0,0,0.8192,-0.000,0.000,0.0000,-0.0000,-0.0000,4,0.8005,0.000
19,0.3167,0.0000,0.7880,-0.0000,0.0000,1.1253,-0.0000,0.0000,0.000,0.000,-8.594,1,VEHICLE,0,-,0.0000,50,150,0,0.0800,0,0,0.000,0.000,0.000,0.0000,0.0000,0.0000,1,1.0000,0,0,0.0000,0,0.8192,0.0000,0.0000,0.0000,0.0000,0,80.00,0.8445,4.9188,7.6646,0.0000,5.7880,-0.0000,80.00,-1,-1.00000,0.000,0.000,0.000,0.000,0.000,0.000,0,0.00,0,0,0,0,0,0,0.8380,-0.000,0.000,-0.0000,-0.0000,-0.0000,4,0.8192,0.000
20,0.3333,0.0000,0.8066,-0.0000,0.0000,1.1206,-0.0000,0.0000,0.000,0.000,-8.594,1,VEHICLE,0,-,0.0000,50,150,0,0.0800,0,0,0.000,0.000,0.000,0.0000,0.0000,0.0000,1,1.0000,0,0,0.0000,0,0.8380,0.0000,0.0000,0.0000,0.0000,0,80.00,0.7671,4.9562,7.7178,0.0000,5.8066,-0.0000,80.00,-1,-1.00000,0.000,0.000,0.000,0.000,0.000,0.000,0,0.00,0,0,0,0,0,0,0.8566,-0.000,0.000,0.0000,-0.0000,-0.0000,4,0.8380,0.000
21,0.3500,0.0000,0.8252,-0.0000,0.0000,1.1118,-0.0000,0.0000,0.000,0.000,-8.594,1,VEHICLE,0,-,0.0000,50,150,0,0.0800,0,0,0.000,0.000,0.000,0.0000,0.0000,0.0000,1,1.0000,0,0,0.0000,0,0.8566,0.0000,0.0000,0.0000,0.0000,0,80.00,0.6959,4.9920,7.7687,0.0000,5.8252,-0.0000,80.00,-1,-1.00000,0.000,0.000,0.000,0.000,0.000,0.000,0,0.00,0,0,0,0,0,0,0.8752,-0.000,0.000,-0.0000,0.0000,-0.0000,4,0.8566,0.000
22,0.3667,0.0000,0.8435,-0.0000,0.0000,1.0996,-0.0000,0.0000,0.000,0.000,-8.594,1,VEHICLE,0,-,0.0000,50,150,0,0.0800,0,0,0.000,0.000,0.000,0.0000,0.0000,0.0000,1,1.0000,0,0,0.0000,0,0.8752,0.0000,0.0000,0.0000,0.0000,0,80.00,0.6305,5.0263,7.8175,0.0000,5.8435,-0.0000,80.00,-1,-1.00000,0.000,0.000,0.000,0.000,0.000,0.000,0,0.00,0,0,0,0,0,0,0.8935,-0.000,0.000,0.0000,-0.0000,-0.0000,4,0.8752,0.000
23,0.3833,0.0000,0.8616,-0.0000,0.0000,1.0841,-0.0000,0.0000,0.000,0.000,-8.594,1,VEHICLE,0,-,0.0000,50,150,0,0.0800,0,0,0.000,0.000,0.000,0.0000,0.0000,0.0000,1,1.0000,0,0,0.0000,0,0.8935,0.0000,0.0000,0.0000,0.0000,0,80.00,0.5706,5.0591,7.8642,0.0000,5.8616,-0.0000,80.00,-1,-1.00000,0.000,0.000,0.000,0.000,0.000,0.000,0,0.00,0,0,0,0,0,0,0.9116,-0.000,0.000,-0.0000,-0.0000,-0.0000,4,0.8935,0.000
24,0.4000,0.0000,0.8793,-0.0000,0.0000,1.0659,-0.0000,0.0000,0.000,0.000,-8.594,1,VEHICLE,0,-,0.0000,50,150,0,0.0800,0,0,0.000,0.000,0.000,0.0000,0.0000,0.0000,1,1.0000,0,0,0.0000,0,0.9116,0.0000,0.0000,0.0000,0.0000,0,80.00,0.5158,5.0905,7.9091,0.0000,5.8793,-0.0000,80.00,-1,-1.00000,0.000,0.000,0.000,0.000,0.000,0.000,0,0.00,0,0,0,0,0,0,0.9293,-0.000,0.000,0.0000,-0.0000,-0.0000,4,0.9116,0.000
25,0.4167,0.0000,0.8968,-0.0000,0.0000,1.0452,-0.0000,0.0000,0.000,0.000,-8.594,1,VEHICLE,0,-,0.0000,50,150,0,0.0800,0,0,0.000,0.000,0.000,0.0000,0.0000,0.0000,1,1.0000,0,0,0.0000,0,0.9293,0.0000,0.0000,0.0000,0.0000,0,80.00,0.4659,5.1204,7.9522,0.0000,5.8968,-0.0000,80.00,-1,-1.00000,0.000,0.000,0.000,0.000,0.000,0.000,0,0.00,0,0,0,0,0,0,0.9468,-0.000,0.000,-0.0000,-0.0000,-0.0000,4,0.9293,0.000
26,0.4333,0.0000,0.9138,-0.0000,0.0000,1.0224,-0.0000,0.0000,0.000,0.000,-8.594,1,VEHICLE,0,-,0.0000,50,150,0,0.0800,0,0,0.000,0.000,0.000,0.0000,0.0000,0.0000,1,1.0000,0,0,0.0000,0,0.9468,0.0000,0.0000,0.0000,0.0000,0,80.00,0.4203,5.1490,7.9937,0.0000,5.9138,-0.0000,80.00,-1,-1.00000,0.000,0.000,0.000,0.000,0.000,0.000,0,0.00,0,0,0,0,0,0,0.9638,-0.000,0.000,-0.0000,0.0000,-0.0000,4,0.9468,0.000
27,0.4500,0.0000,0.9304,-0.0000,0.0000,0.9978,-0.0000,0.0000,0.000,0.000,-8.594,1,VEHICLE,0,-,0.0000,50,150,0,0.0800,0,0,0.000,0.000,0.000,0.0000,0.0000,0.0000,1,1.0000,0,0,0.0000,0,0.9638,0.0000,0.0000,0.0000,0.0000,0,80.00,0.3789,5.1762,8.0337,0.0000,5.9304,-0.0000,80.00,-1,-1.00000,0.000,0.000,0.000,0.000,0.000,0.000,0,0.00,0,0,0,0,0,0,0.9804,-0.000,0.000,0.0000,-0.0000,-0.0000,4,0.9638,0.000
28,0.4667,0.0000,0.9466,-0.0000,0.0000,0.9716,-0.0000,0.0000,0.000,0.000,-8.594,1,VEHICLE,0,-,0.0000,50,150,0,0.0800,0,0,0.000,0.000,0.000,0.0000,0.0000,0.0000,1,1.0000,0,0,0.0000,0,0.9804,0.0000,0.0000,0.0000,0.0000,0,80.00,0.3413,5.2021,8.0724,0.0000,5.9466,-0.0000,80.00,-1,-1.00000,0.000,0.000,0.000,0.000,0.000,0.000,0,0.00,0,0,0,0,0,0,0.9966,-0.000,0.000,0.0000,0.0000,-0.0000,4,0.9804,0.000
29,0.4833,0.0000,0.9624,-0.0000,0.0000,0.9442,-0.0000,0.0000,0.000,0.000,-8.594,1,VEHICLE,0,-,0.0000,50,150,0,0.0800,0,0,0.000,0.000,0.000,0.0000,0.0000,0.0000,1,1.0000,0,0,0.0000,0,0.9966,0.0000,0.0000,0.0000,0.0000,0,80.00,0.3072,5.2268,8.1099,0.0000,5.9624,-0.0000,80.00,-1,-1.00000,0.000,0.000,0.000,0.000,0.000,0.000,0,0.00,0,0,0,0,0,0,1.0124,-0.000,0.000,-0.0000,0.0000,-0.0000,4,0.9966,0.000
30,0.5000,0.0000,0.9776,-0.0000,0.0000,0.9158,-0.0000,0.0000,0.000,0.000,-8.594,1,VEHICLE,0,-,0.0000,50,150,0,0.0800,0,0,0.000,0.000,0.000,0.0000,0.0000,0.0000,1,1.0000,0,0,0.0000,0,1.0124,0.0000,0.0000,0.0000,0.0000,0,80.00,0.2762,5.2502,8.1463,0.0000,5.9776,-0.0000,80.00,-1,-1.00000,0.000,0.000,0.000,0.000,0.000,0.000,0,0.00,0,0,0,0,0,0,1.0276,-0.000,0.000,-0.0000,0.0000,-0.0000,4,1.0124,0.000
31,0.5167,0.0000,0.9924,-0.0000,0.0000,0.8865,-0.0000,0.0000,0.000,0.000,-8.594,1,VEHICLE,0,-,0.0000,50,150,0,0.0800,0,0,0.000,0.000,0.000,0.0000,0.0000,0.0000,1,1.0000,0,0,0.0000,0,1.0276,0.0000,0.0000,0.0000,0.0000,0,80.00,0.2482,5.2726,8.1816,0.0000,5.9924,-0.0000,80.00,-1,-1.00000,0.000,0.000,0.000,0.000,0.000,0.000,0,0.00,0,0,0,0,0,0,1.0424,-0.000,0.000,-0.0000,0.0000,-0.0000,4,1.0276,0.000
32,0.5333,0.0000,1.0067,-0.0000,0.0000,0.8566,-0.0000,0.0000,0.000,0.000,-8.594,1,VEHICLE,0,-,0.0000,50,150,0,0.0800,0,0,0.000,0.000,0.000,0.0000,0.0000,0.0000,1,1.0000,0,0,0.0000,0,1.0424,0.0000,0.0000,0.0000,0.0000,0,80.00,0.2229,5.2938,8.2160,0.0000,6.0067,-0.0000,80.00,-1,-1.00000,0.000,0.000,0.000,0.000,0.000,0.000,0,0.00,0,0,0,0,0,0,1.0567,-0.000,0.000,-0.0000,0.0000,-0.0000,4,1.0424,0.000
33,0.5500,0.0000,1.0204,-0.0000,0.0000,0.8263,-0.0000,0.0000,0.000,0.000,-8.594,1,VEHICLE,0,-,0.0000,50,150,0,0.0800,0,0,0.000,0.000,0.000,0.0000,0.0000,0.0000,1,1.0000,0,0,0.0000,0,1.0567,0.0000,0.0000,0.0000,0.0000,0,80.00,0.2001,5.3140,8.2496,0.0000,6.0204,-0.0000,80.00,-1,-1.00000,0.000,0.000,0.000,0.000,0.000,0.000,0,0.00,0,0,0,0,0,0,1.0704,-0.000,0.000,0.0000,0.0000,-0.0000,4,1.0567,0.000
34,0.5667,0.0000,1.0337,-0.0000,0.0000,0.7957,-0.0000,0.0000,0.000,0.000,-8.594,1,VEHICLE,0,-,0.0000,50,150,0,0.0800,0,0,0.000,0.000,0.000,0.0000,0.0000,0.0000,1,1.0000,0,0,0.0000,0,1.0704,0.0000,0.0000,0.0000,0.0000,0,80.00,0.1795,5.3332,8.2824,0.0000,6.0337,-0.0000,80.00,-1,-1.00000,0.000,0.000,0.000,0.000,0.000,0.000,0,0.00,0,0,0,0,0,0,1.0837,-0.000,0.000,-0.0000,-0.0000,-0.0000,4,1.0704,0.000
35,0.5833,0.0000,1.0465,-0.0000,0.0000,0.7650,-0.0000,0.0000,0.000,0.000,-8.594,1,VEHICLE,0,-,0.0000,50,150,0,0.0800,0,0,0.000,0.000,0.000,0.0000,0.0000,0.0000,1,1.0000,0,0,0.0000,0,1.0837,0.0000,0.0000,0.0000,0.0000,0,80.00,0.1609,5.3514,8.3145,0.0000,6.0465,-0.0000,80.00,-1,-1.00000,0.000,0.000,0.000,0.000,0.000,0.000,0,0.00,0,0,0,0,0,0,1.0965,-0.000,0.000,0.0000,0.0000,-0.0000,4,1.0837,0.000
36,0.6000,0.0000,1.0587,-0.0000,0.0000,0.7343,-0.0000,0.0000,0.000,0.000,-8.594,1,VEHICLE,0,-,0.0000,50,150,0,0.0800,0,0,0.000,0.000,0.000,0.0000,0.0000,0.0000,1,1.0000,0,0,0.0000,0,1.0965,0.0000,0.0000,0.0000,0.0000,0,80.00,0.1441,5.3687,8.3460,0.0000,6.0587,-0.0000,80.00,-1,-1.00000,0.000,0.000,0.000,0.000,0.000,0.000,0,0.00,0,0,0,0,0,0,1.1087,-0.000,0.000,0.0000,0.0000,-0.0000,4,1.0965,0.000
37,0.6167,0.0000,1.0704,-0.0000,0.0000,0.7037,-0.0000,0.0000,0.000,0.000,-8.594,1,VEHICLE,0,-,0.0000,50,150,0,0.0800,0,0,0.000,0.000,0.000,0.0000,0.0000,0.0000,1,1.0000,0,0,0.0000,0,1.1087,0.0000,0.0000,0.0000,0.0000,0,80.00,0.1291,5.3851,8.3769,0.0000,6.0704,-0.0000,80.00,-1,-1.00000,0.000,0.000,0.000,0.000,0.000,0.000,0,0.00,0,0,0,0,0,0,1.1204,-0.000,0.000,-0.0000,-0.0000,-0.0000,4,1.1087,0.000
38,0.6333,0.0000,1.0816,-0.0000,0.0000,0.6734,-0.0000,0.0000,0.000,0.000,-8.594,1,VEHICLE,0,-,0.0000,50,150,0,0.0800,0,0,0.000,0.000,0.000,0.0000,0.0000,0.0000,1,1.0000,0,0,0.0000,0,1.1204,0.0000,0.0000,0.0000,0.0000,0,80.00,0.1155,5.4006,8.4073,0.0000,6.0816,-0.0000,80.00,-1,-1.00000,0.000,0.000,0.000,0.000,0.000,0.000,0,0.00,0,0,0,0,0,0,1.1316,-0.000,0.000,-0.0000,0.0000,-0.0000,4,1.1204,0.000
39,0.6500,0.0000,1.0924,-0.0000,0.0000,0.6434,-0.0000,0.0000,0.000,0.000,-8.594,1,VEHICLE,0,-,0.0000,50,150,0,0.0800,0,0,0.000,0.000,0.000,0.0000,0.0000,0.0000,1,1.0000,0,0,0.0000,0,1.1316,0.0000,0.0000,0.0000,0.0000,0,80.00,0.1033,5.4153,8.4373,0.0000,6.0924,-0.0000,80.00,-1,-1.00000,0.000,0.000,0.000,0.000,0.000,0.000,0,0.00,0,0,0,0,0,0,1.1424,-0.000,0.000,-0.0000,0.0000,-0.0000,4,1.1316,0.000
40,0.6667,0.0000,1.1026,-0.0000,0.0000,0.6138,-0.0000,0.0000,0.000,0.000,-8.594,1,VEHICLE,0,-,0.0000,50,150,0,0.0800,0,0,0.000,0.000,0.000,0.0000,0.0000,0.0000,1,1.0000,0,0,0.0000,0,1.1424,0.0000,0.0000,0.0000,0.0000,0,80.00,0.0924,5.4293,8.4668,0.0000,6.1026,-0.0000,80.00,-1,-1.00000,0.000,0.000,0.000,0.000,0.000,0.000,0,0.00,0,0,0,0,0,0,1.1526,-0.000,0.000,0.0000,-0.0000,-0.0000,4,1.1424,0.000
41,0.6833,0.0000,1.1123,-0.0000,0.0000,0.5848,-0.0000,0.0000,0.000,0.000,-8.594,1,VEHICLE,0,-,0.0000,50,150,0,0.0800,0,0,0.000,0.000,0.000,0.0000,0.0000,0.0000,1,1.0000,0,0,0.0000,0,1.1526,0.0000,0.0000,0.0000,0.0000,0,80.00,0.0826,5.4425,8.4959,0.0000,6.1123,-0.0000,80.00,-1,-1.00000,0.000,0.000,0.000,0.000,0.000,0.000,0,0.00,0,0,0,0,0,0,1.1623,-0.000,0.000,-0.0000,0.0000,-0.0000,4,1.1526,0.000
42,0.7000,0.0000,1.1216,-0.0000,0.0000,0.5563,-0.0000,0.0000,0.000,0.000,-8.594,1,VEHICLE,0,-,0.0000,50,150,0,0.0800,0,0,0.000,0.000,0.000,0.0000,0.0000,0.0000,1,1.0000,0,0,0.0000,0,1.1623,0.0000,0.0000,0.0000,0.0000,0,80.00,0.0738,5.4551,8.5246,0.0000,6.1216,-0.0000,80.00,-1,-1.00000,0.000,0.000,0.000,0.000,0.000,0.000,0,0.00,0,0,0,0,0,0,1.1716,-0.000,0.000,-0.0000,-0.0000,-0.0000,4,1.1623,0.000
43,0.7167,0.0000,1.1304,-0.0000,0.0000,0.5284,-0.0000,0.0000,0.000,0.000,-8.594,1,VEHICLE,0,-,0.0000,50,150,0,0.0800,0,0,0.000,0.000,0.000,0.0000,0.0000,0.0000,1,1.0000,0,0,0.0000,0,1.1716,0.0000,0.0000,0.0000,0.0000,0,80.00,0.0659,5.4669,8.5529,0.0000,6.1304,-0.0000,80.00,-1,-1.00000,0.000,0.000,0.000,0.000,0.000,0.000,0,0.00,0,0,0,0,0,0,1.1804,-0.000,0.000,-0.0000,-0.0000,-0.0000,4,1.1716,0.000
44,0.7333,0.0000,1.1388,-0.0000,0.0000,0.5012,-0.0000,0.0000,0.000,0.000,-8.594,1,VEHICLE,0,-,0.0000,50,150,0,0.0800,0,0,0.000,0.000,0.000,0.0000,0.0000,0.0000,1,1.0000,0,0,0.0000,0,1.1804,0.0000,0.0000,0.0000,0.0000,0,80.00,0.0588,5.4782,8.5810,0.0000,6.1388,-0.0000,80.00,-1,-1.00000,0.000,0.000,0.000,0.000,0.000,0.000,0,0.00,0,0,0,0,0,0,1.1888,-0.000,0.000,-0.0000,0.0000,-0.0000,4,1.1804,0.000
45,0.7500,0.0000,1.1467,-0.0000,0.0000,0.4747,-0.0000,0.0000,0.000,0.000,-8.594,1,VEHICLE,0,-,0.0000,50,150,0,0.0800,0,0,0.000,0.000,0.000,0.0000,0.0000,0.0000,1,1.0000,0,0,0.0000,0,1.1888,0.0000,0.0000,0.0000,0.0000,0,80.00,0.0525,5.4888,8.6087,0.0000,6.1467,-0.0000,80.00,-1,-1.00000,0.000,0.000,0.000,0.000,0.000,0.000,0,0.00,0,0,0,0,0,0,1.1967,-0.000,0.000,0.0000,0.0000,-0.0000,4,1.1888,0.000
46,0.7667,0.0000,1.1542,-0.0000,0.0000,0.4490,-0.0000,0.0000,0.000,0.000,-8.594,1,VEHICLE,0,-,0.0000,50,150,0,0.0800,0,0,0.000,0.000,0.000,0.0000,0.0000,0.0000,1,1.0000,0,0,0.0000,0,1.1967,0.0000,0.0000,0.0000,0.0000,0,80.00,0.0468,5.4988,8.6360,0.0000,6.1542,-0.0000,80.00,-1,-1.00000,0.000,0.000,0.000,0.000,0.000,0.000,0,0.00,0,0,0,0,0,0,1.2042,-0.000,0.000,-0.0000,-0.0000,-0.0000,4,1.1967,0.000
47,0.7833,0.0000,1.1612,-0.0000,0.0000,0.4240,-0.0000,0.0000,0.000,0.000,-8.594,1,VEHICLE,0,-,0.0000,50,150,0,0.0800,0,0,0.000,0.000,0.000,0.0000,0.0000,0.0000,1,1.0000,0,0,0.0000,0,1.2042,0.0000,0.0000,0.0000,0.0000,0,80.00,0.0417,5.5083,8.6631,0.0000,6.1612,-0.0000,80.00,-1,-1.00000,0.000,0.000,0.000,0.000,0.000,0.000,0,0.00,0,0,0,0,0,0,1.2112,-0.000,0.000,-0.0000,0.0000,-0.0000,4,1.2042,0.000
48,0.8000,0.0000,1.1679,-0.0000,0.0000,0.3999,-0.0000,0.0000,0.000,0.000,-8.594,1,VEHICLE,0,-,0.0000,50,150,0,0.0800,0,0,0.000,0.000,0.000,0.0000,0.0000,0.0000,1,1.0000,0,0,0.0000,0,1.2112,0.0000,0.0000,0.0000,0.0000,0,80.00,0.0372,5.5172,8.6899,0.0000,6.1679,-0.0000,80.00,-1,-1.00000,0.000,0.000,0.000,0.000,0.000,0.000,0,0.00,0,0,0,0,0,0,1.2179,-0.000,0.000,-0.0000,0.0000,-0.0000,4,1.2112,0.000
49,0.8167,0.0000,1.1742,-0.0000,0.0000,0.3765,-0.0000,0.0000,0.000,0.000,-8.594,1,VEHICLE,0,-,0.0000,50,150,0,0.0800,0,0,0.000,0.000,0.000,0.0000,0.0000,0.0000,1,1.0000,0,0,0.0000,0,1.2179,0.0000,0.0000,0.0000,0.0000,0,80.00,0.0332,5.5256,8.7164,0.0000,6.1742,-0.0000,80.00,-1,-1.00000,0.000,0.000,0.000,0.000,0.000,0.000,0,0.00,0,0,0,0,0,0,1.2242,-0.000,0.000,-0.0000,-0.0000,-0.0000,4,1.2179,0.000
50,0.8333,0.0000,1.1801,-0.0000,0.0000,0.3540,-0.0000,0.0000,0.000,0.000,-8.594,1,VEHICLE,0,-,0.0000,50,150,0,0.0800,0,0,0.000,0.000,0.000,0.0000,0.0000,0.0000,1,1.0000,0,0,0.0000,0,1.2242,0.0000,0.0000,0.0000,0.0000,0,80.00,0.0295,5.5336,8.7425,0.0000,6.1801,-0.0000,80.00,-1,-1.00000,0.000,0.000,0.000,0.000,0.000,0.000,0,0.00,0,0,0,0,0,0,1.2301,-0.000,0.000,0.0000,-0.0000,-0.0000,4,1.2242,0.000
51,0.8500,0.0000,1.1856,-0.0000,0.0000,0.3323,-0.0000,0.0000,0.000,0.000,-8.594,1,VEHICLE,0,-,0.0000,50,150,0,0.0800,0,0,0.000,0.000,0.000,0.0000,0.0000,0.0000,1,1.0000,0,0,0.0000,0,1.2301,0.0000,0.0000,0.0000,0.0000,0,80.00,0.0263,5.5411,8.7684,0.0000,6.1856,-0.0000,80.00,-1,-1.00000,0.000,0.000,0.000,0.000,0.000,0.000,0,0.00,0,0,0,0,0,0,1.2356,-0.000,0.000,-0.0000,0.0000,-0.0000,4,1.2301,0.000
52,0.8667,0.0000,1.1908,-0.0000,0.0000,0.3115,-0.0000,0.0000,0.000,0.000,-8.594,1,VEHICLE,0,-,0.0000,50,150,0,0.0800,0,0,0.000,0.000,0.000,0.0000,0.0000,0.0000,1,1.0000,0,0,0.0000,0,1.2356,0.0000,0.0000,0.0000,0.0000,0,80.00,0.0234,5.5482,8.7940,0.0000,6.1908,-0.0000,80.00,-1,-1.00000,0.000,0.000,0.000,0.000,0.000,0.000,0,0.00,0,0,0,0,0,0,1.2408,-0.000,0.000,-0.0000,-0.0000,-0.0000,4,1.2356,0.000
53,0.8833,0.0000,1.1957,-0.0000,0.0000,0.2915,-0.0000,0.0000,0.000,0.000,-8.594,1,VEHICLE,0,-,0.0000,50,150,0,0.0800,0,0,0.000,0.000,0.000,0.0000,0.0000,0.0000,1,1.0000,0,0,0.0000,0,1.2408,0.0000,0.0000,0.0000,0.0000,0,80.00,0.0208,5.5548,8.8192,0.0000,6.1957,-0.0000,80.00,-1,-1.00000,0.000,0.000,0.000,0.000,0.000,0.000,0,0.00,0,0,0,0,0,0,1.2457,-0.000,0.000,-0.0000,-0.0000,-0.0000,4,1.2408,0.000
54,0.9000,0.0000,1.2002,-0.0000,0.0000,0.2723,-0.0000,0.0000,0.000,0.000,-8.594,1,VEHICLE,0,-,0.0000,50,150,0,0.0800,0,0,0.000,0.000,0.000,0.0000,0.0000,0.0000,1,1.0000,0,0,0.0000,0,1.2457,0.0000,0.0000,0.0000,0.0000,0,80.00,0.0185,5.5611,8.8441,0.0000,6.2002,-0.0000,80.00,-1,-1.00000,0.000,0.000,0.000,0.000,0.000,0.000,0,0.00,0,0,0,0,0,0,1.2502,-0.000,0.000,0.0000,0.0000,-0.0000,4,1.2457,0.000
55,0.9167,0.0000,1.2044,-0.0000,0.0000,0.2540,-0.0000,0.0000,0.000,0.000,-8.594,1,VEHICLE,0,-,0.0000,50,150,0,0.0800,0,0,0.000,0.000,0.000,0.0000,0.0000,0.0000,1,1.0000,0,0,0.0000,0,1.2502,0.0000,0.0000,0.0000,0.0000,0,80.00,0.0165,5.5670,8.8687,0.0000,6.2044,-0.0000,80.00,-1,-1.00000,0.000,0.000,0.000,0.000,0.000,0.000,0,0.00,0,0,0,0,0,0,1.2544,-0.000,0.000,-0.0000,-0.0000,-0.0000,4,1.2502,0.000
56,0.9333,0.0000,1.2084,-0.0000,0.0000,0.2365,-0.0000,0.0000,0.000,0.000,-8.594,1,VEHICLE,0,-,0.0000,50,150,0,0.0800,0,0,0.000,0.000,0.000,0.0000,0.0000,0.0000,1,1.0000,0,0,0.0000,0,1.2544,0.0000,0.0000,0.0000,0.0000,0,80.00,0.0147,5.5725,8.8930,0.0000,6.2084,-0.0000,80.00,-1,-1.00000,0.000,0.000,0.000,0.000,0.000,0.000,0,0.00,0,0,0,0,0,0,1.2584,-0.000,0.000,-0.0000,0.0000,-0.0000,4,1.2544,0.000
57,0.9500,0.0000,1.2120,-0.0000,0.0000,0.2197,-0.0000,0.0000,0.000,0.000,-8.594,1,VEHICLE,0,-,0.0000,50,150,0,0.0800,0,0,0.000,0.000,0.000,0.0000,0.0000,0.0000,1,1.0000,0,0,0.0000,0,1.2584,0.0000,0.0000,0.0000,0.0000,0,80.00,0.0130,5.5777,8.9168,0.0000,6.2120,-0.0000,80.00,-1,-1.00000,0.000,0.000,0.000,0.000,0.000,0.000,0,0.00,0,0,0,0,0,0,1.2620,-0.000,0.000,-0.0000,-0.0000,-0.0000,4,1.2584,0.000
58,0.9667,0.0000,1.2154,-0.0000,0.0000,0.2038,-0.0000,0.0000,0.000,0.000,-8.594,1,VEHICLE,0,-,0.0000,50,150,0,0.0800,0,0,0.000,0.000,0.000,0.0000,0.0000,0.0000,1,1.0000,0,0,0.0000,0,1.2620,0.0000,0.0000,0.0000,0.0000,0,80.00,0.0116,5.5826,8.9403,0.0000,6.2154,-0.0000,80.00,-1,-1.00000,0.000,0.000,0.000,0.000,0.000,0.000,0,0.00,0,0,0,0,0,0,1.2654,-0.000,0.000,-0.0000,-0.0000,-0.0000,4,1.2620,0.000
59,0.9833,0.0000,1.2186,-0.0000,0.0000,0.1887,-0.0000,0.0000,0.000,0.000,-8.594,1,VEHICLE,0,-,0.0000,50,150,0,0.0800,0,0,0.000,0.000,0.000,0.0000,0.0000,0.0000,1,1.0000,0,0,0.0000,0,1.2654,0.0000,0.0000,0.0000,0.0000,0,80.00,0.0103,5.5871,8.9634,0.0000,6.2186,-0.0000,80.00,-1,-1.00000,0.000,0.000,0.000,0.000,0.000,0.000,0,0.00,0,0,0,0,0,0,1.2686,-0.000,0.000,-0.0000,0.0000,-0.0000,4,1.2654,0.000
60,1.0000,0.0000,1.2215,-0.0000,0.0000,0.1743,-0.0000,0.0000,0.000,0.000,-8.594,1,VEHICLE,0,-,0.0000,50,150,0,0.0800,0,0,0.000,0.000,0.000,0.0000,0.0000,0.0000,1,1.0000,0,0,0.0000,0,1.2686,0.0000,0.0000,0.0000,0.0000,0,80.00,0.0092,5.5914,8.9861,0.0000,6.2215,-0.0000,80.00,-1,-1.00000,0.000,0.000,0.000,0.000,0.000,0.000,0,0.00,0,0,0,0,0,0,1.2715,-0.000,0.000,-0.0000,0.0000,-0.0000,4,1.2686,0.000
61,1.0167,0.0000,1.2242,-0.0000,0.0000,0.1606,-0.0000,0.0000,0.000,0.000,-8.594,1,VEHICLE,0,-,0.0000,50,150,0,0.0800,0,0,0.000,0.000,0.000,0.0000,0.0000,0.0000,1,1.0000,0,0,0.0000,0,1.2715,0.0000,0.0000,0.0000,0.0000,0,80.00,0.0081,5.5954,9.0084,0.0000,6.2242,-0.0000,80.00,-1,-1.00000,0.000,0.000,0.000,0.000,0.000,0.000,0,0.00,0,0,0,0,0,0,1.2742,-0.000,0.000,0.0000,-0.0000,-0.0000,4,1.2715,0.000
62,1.0333,0.0000,1.2266,-0.0000,0.0000,0.1477,-0.0000,0.0000,0.000,0.000,-8.594,1,VEHICLE,0,-,0.0000,50,150,0,0.0800,0,0,0.000,0.000,0.000,0.0000,0.0000,0.0000,1,1.0000,0,0,0.0000,0,1.2742,0.0000,0.0000,0.0000,0.0000,0,80.00,0.0072,5.5991,9.0302,0.0000,6.2266,-0.0000,80.00,-1,-1.00000,0.000,0.000,0.000,0.000,0.000,0.000,0,0.00,0,0,0,0,0,0,1.2766,-0.000,0.000,-0.0000,-0.0000,-0.0000,4,1.2742,0.000
63,1.0500,0.0000,1.2289,-0.0000,0.0000,0.1355,-0.0000,0.0000,0.000,0.000,-8.594,1,VEHICLE,0,-,0.0000,50,150,0,0.0800,0,0,0.000,0.000,0.000,0.0000,0.0000,0.0000,1,1.0000,0,0,0.0000,0,1.2766,0.0000,0.0000,0.0000,0.0000,0,80.00,0.0064,5.6026,9.0516,0.0000,6.2289,-0.0000,80.00,-1,-1.00000,0.000,0.000,0.000,0.000,0.000,0.000,0,0.00,0,0,0,0,0,0,1.2789,-0.000,0.000,-0.0000,0.0000,-0.0000,4,1.2766,0.000
64,1.0667,0.0000,1.2309,-0.0000,0.0000,0.1240,-0.0000,0.0000,0.000,0.000,-8.594,1,VEHICLE,0,-,0.0000,50,150,0,0.0800,0,0,0.000,0.000,0.000,0.0000,0.0000,0.0000,1,1.0000,0,0,0.0000,0,1.2789,0.0000,0.0000,0.0000,0.0000,0,80.00,0.0057,5.6059,9.0724,0.0000,6.2309,-0.0000,80.00,-1,-1.00000,0.000,0.000,0.000,0.000,0.000,0.000,0,0.00,0,0,0,0,0,0,1.2809,-0.000,0.000,-0.0000,-0.0000,-0.0000,4,1.2789,0.000
65,1.0833,0.0000,1.2328,-0.0000,0.0000,0.1131,-0.0000,0.0000,0.000,0.000,-8.594,1,VEHICLE,0,-,0.0000,50,150,0,0.0800,0,0,0.000,0.000,0.000,0.0000,0.0000,0.0000,1,1.0000,0,0,0.0000,0,1.2809,0.0000,0.0000,0.0000,0.0000,0,80.00,0.0051,5.6089,9.0928,0.0000,6.2328,-0.0000,80.00,-1,-1.00000,0.000,0.000,0.000,0.000,0.000,0.000,0,0.00,0,0,0,0,0,0,1.2828,-0.000,0.000,0.0000,0.0000,-0.0000,4,1.2809,0.000
66,1.1000,0.0000,1.2345,-0.0000,0.0000,0.1028,-0.0000,0.0000,0.000,0.000,-8.594,1,VEHICLE,0,-,0.0000,50,150,0,0.0800,0,0,0.000,0.000,0.000,0.0000,0.0000,0.0000,1,1.0000,0,0,0.0000,0,1.2828,0.0000,0.0000,0.0000,0.0000,0,80.00,0.0045,5.6118,9.1127,0.0000,6.2345,-0.0000,80.00,-1,-1.00000,0.000,0.000,0.000,0.000,0.000,0.000,0,0.00,0,0,0,0,0,0,1.2845,-0.000,0.000,-0.0000,0.0000,-0.0000,4,1.2828,0.000
67,1.1167,0.0000,1.2361,-0.0000,0.0000,0.0932,-0.0000,0.0000,0.000,0.000,-8.594,1,VEHICLE,0,-,0.0000,50,150,0,0.0800,0,0,0.000,0.000,0.000,0.0000,0.0000,0.0000,1,1.0000,0,0,0.0000,0,1.2845,0.0000,0.0000,0.0000,0.0000,0,80.00,0.0040,5.6144,9.1320,0.0000,6.2361,-0.0000,80.00,-1,-1.00000,0.000,0.000,0.000,0.000,0.000,0.000,0,0.00,0,0,0,0,0,0,1.2861,-0.000,0.000,-0.0000,-0.0000,-0.0000,4,1.2845,0.000
68,1.1333,0.0000,1.2375,-0.0000,0.0000,0.0842,-0.0000,0.0000,0.000,0.000,-8.594,1,VEHICLE,0,-,0.0000,50,150,0,0.0800,0,0,0.000,0.000,0.000,0.0000,0.0000,0.0000,1,1.0000,0,0,0.0000,0,1.2861,0.0000,0.0000,0.0000,0.0000,0,80.00,0.0035,5.6168,9.1507,0.0000,6.2375,-0.0000,80.00,-1,-1.00000,0.000,0.000,0.000,0.000,0.000,0.000,0,0.00,0,0,0,0,0,0,1.2875,-0.000,0.000,-0.0000,0.0000,-0.0000,4,1.2861,0.000
69,1.1500,0.0000,1.2388,-0.0000,0.0000,0.0757,-0.0000,0.0000,0.000,0.000,-8.594,1,VEHICLE,0,-,0.0000,50,150,0,0.0800,0,0,0.000,0.000,0.000,0.0000,0.0000,0.0000,1,1.0000,0,0,0.0000,0,1.2875,0.0000,0.0000,0.0000,0.0000,0,80.00,0.0031,5.6191,9.1689,0.0000,6.2388,-0.0000,80.00,-1,-1.00000,0.000,0.000,0.000,0.000,0.000,0.000,0,0.00,0,0,0,0,0,0,1.2888,-0.000,0.000,-0.0000,-0.0000,-0.0000,4,1.2875,0.000
70,1.1667,0.0000,1.2399,-0.0000,0.0000,0.0677,-0.0000,0.0000,0.000,0.000,-8.594,1,VEHICLE,0,-,0.0000,50,150,0,0.0800,0,0,0.000,0.000,0.000,0.0000,0.0000,0.0000,1,1.0000,0,0,0.0000,0,1.2888,0.0000,0.0000,0.0000,0.0000,0,80.00,0.0028,5.6212,9.1865,0.0000,6.2399,-0.0000,80.00,-1,-1.00000,0.000,0.000,0.000,0.000,0.000,0.000,0,0.00,0,0,0,0,0,0,1.2899,-0.000,0.000,-0.0000,0.0000,-0.0000,4,1.2888,0.000
71,1.1833,0.0000,1.2409,-0.0000,0.0000,0.0603,-0.0000,0.0000,0.000,0.000,-8.594,1,VEHICLE,0,-,0.0000,50,150,0,0.0800,0,0,0.000,0.000,0.000,0.0000,0.0000,0.0000,1,1.0000,0,0,0.0000,0,1.2899,0.0000,0.0000,0.0000,0.0000,0,80.00,0.0025,5.6231,9.2034,0.0000,6.2409,-0.0000,80.00,-1,-1.00000,0.000,0.000,0.000,0.000,0.000,0.000,0,0.00,0,0,0,0,0,0,1.2909,-0.000,0.000,-0.0000,0.0000,-0.0000,4,1.2899,0.000
72,1.2000,0.0000,1.2418,-0.0000,0.0000,0.0534,-0.0000,0.0000,0.000,0.000,-8.594,1,VEHICLE,0,-,0.0000,50,150,0,0.0800,0,0,0.000,0.000,0.000,0.0000,0.0000,0.0000,1,1.0000,0,0,0.0000,0,1.2909,0.0000,0.0000,0.0000,0.0000,0,80.00,0.0022,5.6248,9.2197,0.0000,6.2418,-0.0000,80.00,-1,-1.00000,0.000,0.000,0.000,0.000,0.000,0.000,0,0.00,0,0,0,0,0,0,1.2918,-0.000,0.000,0.0000,-0.0000,-0.0000,4,1.2909,0.000
73,1.2167,0.0000,1.2426,-0.0000,0.0000,0.0470,-0.0000,0.0000,0.000,0.000,-8.594,1,VEHICLE,0,-,0.0000,50,150,0,0.0800,0,0,0.000,0.000,0.000,0.0000,0.0000,0.0000,1,1.0000,0,0,0.0000,0,1.2918,0.0000,0.0000,0.0000,0.0000,0,80.00,0.0019,5.6264,9.2353,0.0000,6.2426,-0.0000,80.00,-1,-1.00000,0.000,0.000,0.000,0.000,0.000,0.000,0,0.00,0,0,0,0,0,0,1.2926,-0.000,0.000,-0.0000,-0.0000,-0.0000,4,1.2918,0.000
74,1.2333,0.0000,1.2433,-0.0000,0.0000,0.0410,-0.0000,0.0000,0.000,0.000,-8.594,1,VEHICLE,0,-,0.0000,50,150,0,0.0800,0,0,0.000,0.000,0.000,0.0000,0.0000,0.0000,1,1.0000,0,0,0.0000,0,1.2926,0.0000,0.0000,0.0000,0.0000,0,80.00,0.0017,5.6279,9.2502,0.0000,6.2433,-0.0000,80.00,-1,-1.00000,0.000,0.000,0.000,0.000,0.000,0.000,0,0.00,0,0,0,0,0,0,1.2933,-0.000,0.000,-0.0000,0.0000,-0.0000,4,1.2926,0.000
75,1.2500,0.0000,1.2438,-0.0000,0.0000,0.0355,-0.0000,0.0000,0.000,0.000,-8.594,1,VEHICLE,0,-,0.0000,50,150,0,0.0800,0,0,0.000,0.000,0.000,0.0000,0.0000,0.0000,1,1.0000,0,0,0.0000,0,1.2933,0.0000,0.0000,0.0000,0.0000,0,80.00,0.0015,5.6293,9.2644,0.0000,6.2438,-0.0000,80.00,-1,-1.00000,0.000,0.000,0.000,0.000,0.000,0.000,0,0.00,0,0,0,0,0,0,1.2938,-0.000,0.000,0.0000,0.0000,-0.0000,4,1.2933,0.000
76,1.2667,0.0000,1.2443,-0.0000,0.0000,0.0303,-0.0000,0.0000,0.000,0.000,-8.594,1,VEHICLE,0,-,0.0000,50,150,0,0.0800,0,0,0.000,0.000,0.000,0.0000,0.0000,0.0000,1,1.0000,0,0,0.0000,0,1.2938,0.0000,0.0000,0.0000,0.0000,0,80.00,0.0013,5.6305,9.2778,0.0000,6.2443,-0.0000,80.00,-1,-1.00000,0.000,0.000,0.000,0.000,0.000,0.000,0,0.00,0,0,0,0,0,0,1.2943,-0.000,0.000,-0.0000,-0.0000,-0.0000,4,1.2938,0.000
77,1.2833,0.0000,1.2448,-0.0000,0.0000,0.0256,-0.0000,0.0000,0.000,0.000,-8.594,1,VEHICLE,0,-,0.0000,50,150,0,0.0800,0,0,0.000,0.000,0.000,0.0000,0.0000,0.0000,1,1.0000,0,0,0.0000,0,1.2943,0.0000,0.0000,0.0000,0.0000,0,80.00,0.0012,5.6316,9.2905,0.0000,6.2448,-0.0000,80.00,-1,-1.00000,0.000,0.000,0.000,0.000,0.000,0.000,0,0.00,0,0,0,0,0,0,1.2948,-0.000,0.000,0.0000,0.0000,-0.0000,4,1.2943,0.000
78,1.3000,0.0000,1.2451,-0.0000,0.0000,0.0212,-0.0000,0.0000,0.000,0.000,-8.594,1,VEHICLE,0,-,0.0000,50,150,0,0.0800,0,0,0.000,0.000,0.000,0.0000,0.0000,0.0000,1,1.0000,0,0,0.0000,0,1.2948,0.0000,0.0000,0.0000,0.0000,0,80.00,0.0011,5.6325,9.3024,0.0000,6.2451,-0.0000,80.00,-1,-1.00000,0.000,0.000,0.000,0.000,0.000,0.000,0,0.00,0,0,0,0,0,0,1.2951,-0.000,0.000,-0.0000,-0.0000,-0.0000,4,1.2948,0.000
79,1.3167,0.0000,1.2454,-0.0000,0.0000,0.0172,-0.0000,0.0000,0.000,0.000,-8.594,1,VEHICLE,0,-,0.0000,50,150,0,0.0800,0,0,0.000,0.000,0.000,0.0000,0.0000,0.0000,1,1.0000,0,0,0.0000,0,1.2951,0.0000,0.0000,0.0000,0.0000,0,80.00,0.0009,5.6334,9.3135,0.0000,6.2454,-0.0000,80.00,-1,-1.00000,0.000,0.000,0.000,0.000,0.000,0.000,0,0.00,0,0,0,0,0,0,1.2954,-0.000,0.000,-0.0000,0.0000,-0.0000,4,1.2951,0.000
80,1.3333,0.0000,1.2456,-0.0000,0.0000,0.0135,-0.0000,0.0000,0.000,0.000,-8.594,1,VEHICLE,0,-,0.0000,50,150,0,0.0800,0,0,0.000,0.000,0.000,0.0000,0.0000,0.0000,1,1.0000,0,0,0.0000,0,1.2954,0.0000,0.0000,0.0000,0.0000,0,80.00,0.0008,5.6342,9.3237,0.0000,6.2456,-0.0000,80.00,-1,-1.00000,0.000,0.000,0.000,0.000,0.000,0.000,0,0.00,0,0,0,0,0,0,1.2956,-0.000,0.000,-0.0000,-0.0000,-0.0000,4,1.2954,0.000
81,1.3500,0.0000,1.2458,-0.0000,0.0000,0.0102,-0.0000,0.0000,0.000,0.000,-8.594,1,VEHICLE,0,-,0.0000,50,150,0,0.0800,0,0,0.000,0.000,0.000,0.0000,0.0000,0.0000,1,1.0000,0,0,0.0000,0,1.2956,0.0000,0.0000,0.0000,0.0000,0,80.00,0.0007,5.6348,9.3331,0.0000,6.2458,-0.0000,80.00,-1,-1.00000,0.000,0.000,0.000,0.000,0.000,0.000,0,0.00,0,0,0,0,0,0,1.2958,-0.000,0.000,-0.0000,0.0000,-0.0000,4,1.2956,0.000
82,1.3667,0.0000,1.2459,-0.0000,0.0000,0.0071,-0.0000,0.0000,0.000,0.000,-8.594,1,VEHICLE,0,-,0.0000,50,150,0,0.0800,0,0,0.000,0.000,0.000,0.0000,0.0000,0.0000,1,1.0000,0,0,0.0000,0,1.2958,0.0000,0.0000,0.0000,0.0000,0,80.00,0.0006,5.6354,9.3416,0.0000,6.2459,-0.0000,80.00,-1,-1.00000,0.000,0.000,0.000,0.000,0.000,0.000,0,0.00,0,0,0,0,0,0,1.2959,-0.000,0.000,0.0000,0.0000,-0.0000,4,1.2958,0.000
83,1.3833,0.0000,1.2460,-0.0000,0.0000,0.0043,-0.0000,0.0000,0.000,0.000,-8.594,1,VEHICLE,0,-,0.0000,50,150,0,0.0800,0,0,0.000,0.000,0.000,0.0000,0.0000,0.0000,1,1.0000,0,0,0.0000,0,1.2959,0.0000,0.0000,0.0000,0.0000,0,80.00,0.0006,5.6359,9.3492,0.0000,6.2460,-0.0000,80.00,-1,-1.00000,0.000,0.000,0.000,0.000,0.000,0.000,0,0.00,0,0,0,0,0,0,1.2960,-0.000,0.000,-0.0000,-0.0000,-0.0000,4,1.2959,0.000
84,1.4000,0.0000,1.2460,-0.0000,0.0000,0.0018,-0.0000,0.0000,0.000,0.000,-8.594,1,VEHICLE,0,-,0.0000,50,150,0,0.0800,0,0,0.000,0.000,0.000,0.0000,0.0000,0.0000,1,1.0000,0,0,0.0000,0,1.2960,0.0000,0.0000,0.0000,0.0000,0,80.00,0.0005,5.6362,9.3558,0.0000,6.2460,-0.0000,80.00,-1,-1.00000,0.000,0.000,0.000,0.000,0.000,0.000,0,0.00,0,0,0,0,0,0,1.2960,-0.000,0.000,0.0000,0.0000,-0.0000,4,1.2960,0.000
85,1.4167,0.0000,1.2460,-0.0000,0.0000,-0.0005,-0.0000,0.0000,0.000,0.000,-8.594,1,VEHICLE,0,-,0.0000,50,150,0,0.0800,0,0,0.000,0.000,0.000,0.0000,0.0000,0.0000,1,1.0000,0,0,0.0000,0,1.2960,0.0000,0.0000,0.0000,0.0000,0,80.00,0.0004,5.6365,9.3615,0.0000,6.2460,-0.0000,80.00,-1,-1.00000,0.000,0.000,0.000,0.000,0.000,0.000,0,0.00,0,0,0,0,0,0,1.2960,-0.000,0.000,-0.0000,-0.0000,-0.0000,4,1.2960,0.000
86,1.4333,0.0000,1.2460,-0.0000,0.0000,-0.0026,-0.0000,0.0000,0.000,0.000,-8.594,1,VEHICLE,0,-,0.0000,50,150,0,0.0800,0,0,0.000,0.000,0.000,0.0000,0.0000,0.0000,1,1.0000,0,0,0.0000,0,1.2960,0.0000,0.0000,0.0000,0.0000,0,80.00,0.0004,5.6367,9.3662,0.0000,6.2460,-0.0000,80.00,-1,-1.00000,0.000,0.000,0.000,0.000,0.000,0.000,0,0.00,0,0,0,0,0,0,1.2960,-0.000,0.000,0.0000,0.0000,-0.0000,4,1.2960,0.000
87,1.4500,0.0000,1.2459,-0.0000,0.0000,-0.0044,-0.0000,0.0000,0.000,0.000,-8.594,1,VEHICLE,0,-,0.0000,50,150,0,0.0800,0,0,0.000,0.000,0.000,0.0000,0.0000,0.0000,1,1.0000,0,0,0.0000,0,1.2960,0.0000,0.0000,0.0000,0.0000,0,80.00,0.0004,5.6368,9.3699,0.0000,6.2459,-0.0000,80.00,-1,-1.00000,0.000,0.000,0.000,0.000,0.000,0.000,0,0.00,0,0,0,0,0,0,1.2959,-0.000,0.000,-0.0000,0.0000,-0.0000,4,1.2960,0.000
88,1.4667,0.0000,1.2458,-0.0000,0.0000,-0.0060,-0.0000,0.0000,0.000,0.000,-8.594,1,VEHICLE,0,-,0.0000,50,150,0,0.0800,0,0,0.000,0.000,0.000,0.0000,0.0000,0.0000,1,1.0000,0,0,0.0000,0,1.2959,0.0000,0.0000,0.0000,0.0000,0,80.00,0.0003,5.6369,9.3726,0.0000,6.2458,-0.0000,80.00,-1,-1.00000,0.000,0.000,0.000,0.000,0.000,0.000,0,0.00,0,0,0,0,0,0,1.2958,-0.000,0.000,-0.0000,-0.0000,-0.0000,4,1.2959,0.000
89,1.4833,0.0000,1.2457,-0.0000,0.0000,-0.0075,-0.0000,0.0000,0.000,0.000,-8.594,1,VEHICLE,0,-,0.0000,50,150,0,0.0800,0,0,0.000,0.000,0.000,0.0000,0.0000,0.0000,1,1.0000,0,0,0.0000,0,1.2958,0.0000,0.0000,0.0000,0.0000,0,80.00,0.0003,5.6369,9.3743,0.0000,6.2457,-0.0000,80.00,-1,-1.00000,0.000,0.000,0.000,0.000,0.000,0.000,0,0.00,0,0,0,0,0,0,1.2957,-0.000,0.000,-0.0000,0.0000,-0.0000,4,1.2958,0.000
90,1.5000,0.0000,1.2455,-0.0000,0.0000,-0.0088,-0.0000,0.0000,0.000,0.000,-8.594,1,VEHICLE,0,-,0.0000,50,150,0,0.0800,0,0,0.000,0.000,0.000,0.0000,0.0000,0.0000,1,1.0000,0,0,0.0000,0,1.2957,0.0000,0.0000,0.0000,0.0000,0,80.00,0.0002,5.6367,9.3748,0.0000,6.2455,-0.0000,80.00,-1,-1.00000,0.000,0.000,0.000,0.000,0.000,0.000,0,0.00,0,0,0,0,0,0,1.2955,-0.000,0.000,-0.0000,-0.0000,-0.0000,4,1.2957,0.000
91,1.5167,0.0000,1.2454,-0.0000,0.0000,-0.0099,-0.0000,0.0000,0.000,0.000,-8.594,1,VEHICLE,0,-,0.0000,50,150,0,0.0800,0,0,0.000,0.000,0.000,0.0000,0.0000,0.0000,1,1.0000,0,0,0.0000,0,1.2955,0.0000,0.0000,0.0000,0.0000,0,80.00,0.0002,5.6366,9.3748,0.0000,6.2454,-0.0000,80.00,-1,-1.00000,0.000,0.000,0.000,0.000,0.000,0.000,0,0.00,0,0,0,0,0,0,1.2954,-0.000,0.000,0.0000,0.0000,-0.0000,4,1.2955,0.000
92,1.5333,0.0000,1.2452,-0.0000,0.0000,-0.0108,-0.0000,0.0000,0.000,0.000,-8.594,1,VEHICLE,0,-,0.0000,50,150,0,0.0800,0,0,0.000,0.000,0.000,0.0000,0.0000,0.0000,1,1.0000,0,0,0.0000,0,1.2954,0.0000,0.0000,0.0000,0.0000,0,80.00,0.0002,5.6364,9.3749,0.0000,6.2452,-0.0000,80.00,-1,-1.00000,0.000,0.000,0.000,0.000,0.000,0.000,0,0.00,0,0,0,0,0,0,1.2952,-0.000,0.000,-0.0000,0.0000,-0.0000,4,1.2954,0.000
93,1.5500,0.0000,1.2450,-0.0000,0.0000,-0.0117,-0.0000,0.0000,0.000,0.000,-8.594,1,VEHICLE,0,-,0.0000,50,150,0,0.0800,0,0,0.000,0.000,0.000,0.0000,0.0000,0.0000,1,1.0000,0,0,0.0000,0,1.2952,0.0000,0.0000,0.0000,0.0000,0,80.00,0.0002,5.6362,9.3749,0.0000,6.2450,-0.0000,80.00,-1,-1.00000,0.000,0.000,0.000,0.000,0.000,0.000,0,0.00,0,0,0,0,0,0,1.2950,-0.000,0.000,-0.0000,-0.0000,-0.0000,4,1.2952,0.000
94,1.5667,0.0000,1.2448,-0.0000,0.0000,-0.0124,-0.0000,0.0000,0.000,0.000,-8.594,1,VEHICLE,0,-,0.0000,50,150,0,0.0800,0,0,0.000,0.000,0.000,0.0000,0.0000,0.0000,1,1.0000,0,0,0.0000,0,1.2950,0.0000,0.0000,0.0000,0.0000,0,80.00,0.0001,5.6360,9.3749,0.0000,6.2448,-0.0000,80.00,-1,-1.00000,0.000,0.000,0.000,0.000,0.000,0.000,0,0.00,0,0,0,0,0,0,1.2948,-0.000,0.000,-0.0000,0.0000,-0.0000,4,1.2950,0.000
95,1.5833,0.0000,1.2446,-0.0000,0.0000,-0.0129,-0.0000,0.0000,0.000,0.000,-8.594,1,VEHICLE,0,-,0.0000,50,150,0,0.0800,0,0,0.000,0.000,0.000,0.0000,0.0000,0.0000,1,1.0000,0,0,0.0000,0,1.2948,0.0000,0.0000,0.0000,0.0000,0,80.00,0.0001,5.6358,9.3749,0.0000,6.2446,-0.0000,80.00,-1,-1.00000,0.000,0.000,0.000,0.000,0.000,0.000,0,0.00,0,0,0,0,0,0,1.2946,-0.000,0.000,0.0000,0.0000,-0.0000,4,1.2948,0.000
96,1.6000,0.0000,1.2444,-0.0000,0.0000,-0.0134,-0.0000,0.0000,0.000,0.000,-8.594,1,VEHICLE,0,-,0.0000,50,150,0,0.0800,0,0,0.000,0.000,0.000,0.0000,0.0000,0.0000,1,1.0000,0,0,0.0000,0,1.2946,0.0000,0.0000,0.0000,0.0000,0,80.00,0.0001,5.6356,9.3749,0.0000,6.2444,-0.0000,80.00,-1,-1.00000,0.000,0.000,0.000,0.000,0.000,0.000,0,0.00,0,0,0,0,0,0,1.2944,-0.000,0.000,-0.0000,-0.0000,-0.0000,4,1.2946,0.000
97,1.6167,0.0000,1.2441,-0.0000,0.0000,-0.0138,-0.0000,0.0000,0.000,0.000,-8.594,1,VEHICLE,0,-,0.0000,50,150,0,0.0800,0,0,0.000,0.000,0.000,0.0000,0.0000,0.0000,1,1.0000,0,0,0.0000,0,1.2944,0.0000,0.0000,0.0000,0.0000,0,80.00,0.0001,5.6354,9.3749,0.0000,6.2441,-0.0000,80.00,-1,-1.00000,0.000,0.000,0.000,0.000,0.000,0.000,0,0.00,0,0,0,0,0,0,1.2941,-0.000,0.000,-0.0000,0.0000,-0.0000,4,1.2944,0.000
98,1.6333,0.0000,1.2439,-0.0000,0.0000,-0.0140,-0.0000,0.0000,0.000,0.000,-8.594,1,VEHICLE,0,-,0.0000,50,150,0,0.0800,0,0,0.000,0.000,0.000,0.0000,0.0000,0.0000,1,1.0000,0,0,0.0000,0,1.2941,0.0000,0.0000,0.0000,0.0000,0,80.00,0.0001,5.6351,9.3749,0.0000,6.2439,-0.0000,80.00,-1,-1.00000,0.000,0.000,0.000,0.000,0.000,0.000,0,0.00,0,0,0,0,0,0,1.2939,-0.000,0.000,-0.0000,0.0000,-0.0000,4,1.2941,0.000
99,1.6500,0.0000,1.2437,-0.0000,0.0000,-0.0142,-0.0000,0.0000,0.000,0.000,-8.594,1,VEHICLE,0,-,0.0000,50,150,0,0.0800,0,0,0.000,0.000,0.000,0.0000,0.0000,0.0000,1,1.0000,0,0,0.0000,0,1.2939,0.0000,0.0000,0.0000,0.0000,0,80.00,0.0001,5.6349,9.3749,0.0000,6.2437,-0.0000,80.00,-1,-1.00000,0.000,0.000,0.000,0.000,0.000,0.000,0,0.00,0,0,0,0,0,0,1.2937,-0.000,0.000,-0.0000,-0.0000,-0.0000,4,1.2939,0.000
100,1.6667,0.0000,1.2434,-0.0000,0.0000,-0.0143,-0.0000,0.0000,0.000,0.000,-8.594,1,VEHICLE,0,-,0.0000,50,150,0,0.0800,0,0,0.000,0.000,0.000,0.0000,0.0000,0.0000,1,1.0000,0,0,0.0000,0,1.2937,0.0000,0.0000,0.0000,0.0000,0,80.00,0.0001,5.6347,9.3749,0.0000,6.2434,-0.0000,80.00,-1,-1.00000,0.000,0.000,0.000,0.000,0.000,0.000,0,0.00,0,0,0,0,0,0,1.2934,-0.000,0.000,-0.0000,-0.0000,-0.0000,4,1.2937,0.000
101,1.6833,0.0000,1.2432,-0.0000,0.0000,-0.0144,-0.0000,0.0000,0.000,0.000,-8.594,1,VEHICLE,0,-,0.0000,50,150,0,0.0800,0,0,0.000,0.000,0.000,0.0000,0.0000,0.0000,1,1.0000,0,0,0.0000,0,1.2934,0.0000,0.0000,0.0000,0.0000,0,80.00,0.0001,5.6344,9.3749,0.0000,6.2432,-0.0000,80.00,-1,-1.00000,0.000,0.000,0.000,0.000,0.000,0.000,0,0.00,0,0,0,0,0,0,1.2932,-0.000,0.000,-0.0000,0.0000,-0.0000,4,1.2934,0.000
102,1.7000,0.0000,1.2429,-0.0000,0.0000,-0.0144,-0.0000,0.0000,0.000,0.000,-8.594,1,VEHICLE,0,-,0.0000,50,150,0,0.0800,0,0,0.000,0.000,0.000,0.0000,0.0000,0.0000,1,1.0000,0,0,0.0000,0,1.2932,0.0000,0.0000,0.0000,0.0000,0,80.00,0.0001,5.6342,9.3749,0.0000,6.2429,-0.0000,80.00,-1,-1.00000,0.000,0.000,0.000,0.000,0.000,0.000,0,0.00,0,0,0,0,0,0,1.2929,-0.000,0.000,0.0000,0.0000,-0.0000,4,1.2932,0.000
103,1.7167,0.0000,1.2427,-0.0000,0.0000,-0.0143,-0.0000,0.0000,0.000,0.000,-8.594,1,VEHICLE,0,-,0.0000,50,150,0,0.0800,0,0,0.000,0.000,0.000,0.0000,0.0000,0.0000,1,1.0000,0,0,0.0000,0,1.2929,0.0000,0.0000,0.0000,0.0000,0,80.00,0.0000,5.6339,9.3749,0.0000,6.2427,-0.0000,80.00,-1,-1.00000,0.000,0.000,0.000,0.000,0.000,0.000,0,0.00,0,0,0,0,0,0,1.2927,-0.000,0.000,-0.0000,-0.0000,-0.0000,4,1.2929,0.000
104,1.7333,0.0000,1.2425,-0.0000,0.0000,-0.0142,-0.0000,0.0000,0.000,0.000,-8.594,1,VEHICLE,0,-,0.0000,50,150,0,0.0800,0,0,0.000,0.000,0.000,0.0000,0.0000,0.0000,1,1.0000,0,0,0.0000,0,1.2927,0.0000,0.0000,0.0000,0.0000,0,80.00,0.0000,5.6337,9.3749,0.0000,6.2425,-0.0000,80.00,-1,-1.00000,0.000,0.000,0.000,0.000,0.000,0.000,0,0.00,0,0,0,0,0,0,1.2925,-0.000,0.000,-0.0000,0.0000,-0.0000,4,1.2927,0.000
105,1.7500,0.0000,1.2422,-0.0000,0.0000,-0.0140,-0.0000,0.0000,0.000,0.000,-8.594,1,VEHICLE,0,-,0.0000,50,150,0,0.0800,0,0,0.000,0.000,0.000,0.0000,0.0000,0.0000,1,1.0000,0,0,0.0000,0,1.2925,0.0000,0.0000,0.0000,0.0000,0,80.00,0.0000,5.6335,9.3749,0.0000,6.2422,-0.0000,80.00,-1,-1.00000,0.000,0.000,0.000,0.000,0.000,0.000,0,0.00,0,0,0,0,0,0,1.2922,-0.000,0.000,-0.0000,0.0000,-0.0000,4,1.2925,0.000
106,1.7667,0.0000,1.2420,-0.0000,0.0000,-0.0138,-0.0000,0.0000,0.000,0.000,-8.594,1,VEHICLE,0,-,0.0000,50,150,0,0.0800,0,0,0.000,0.000,0.000,0.0000,0.0000,0.0000,1,1.0000,0,0,0.0000,0,1.2922,0.0000,0.0000,0.0000,0.0000,0,80.00,0.0000,5.6333,9.3749,0.0000,6.2420,-0.0000,80.00,-1,-1.00000,0.000,0.000,0.000,0.000,0.000,0.000,0,0.00,0,0,0,0,0,0,1.2920,-0.000,0.000,-0.0000,0.0000,-0.0000,4,1.2922,0.000
107,1.7833,0.0000,1.2418,-0.0000,0.0000,-0.0136,-0.0000,0.0000,0.000,0.000,-8.594,1,VEHICLE,0,-,0.0000,50,150,0,0.0800,0,0,0.000,0.000,0.000,0.0000,0.0000,0.0000,1,1.0000,0,0,0.0000,0,1.2920,0.0000,0.0000,0.0000,0.0000,0,80.00,0.0000,5.6330,9.3749,0.0000,6.2418,-0.0000,80.00,-1,-1.00000,0.000,0.000,0.000,0.000,0.000,0.000,0,0.00,0,0,0,0,0,0,1.2918,-0.000,0.000,0.0000,-0.0000,-0.0000,4,1.2920,0.000
108,1.8000,0.0000,1.2415,-0.0000,0.0000,-0.0133,-0.0000,0.0000,0.000,0.000,-8.594,1,VEHICLE,0,-,0.0000,50,150,0,0.0800,0,0,0.000,0.000,0.000,0.0000,0.0000,0.0000,1,1.0000,0,0,0.0000,0,1.2918,0.0000,0.0000,0.0000,0.0000,0,80.00,0.0000,5.6328,9.3749,0.0000,6.2415,-0.0000,80.00,-1,-1.00000,0.000,0.000,0.000,0.000,0.000,0.000,0,0.00,0,0,0,0,0,0,1.2915,-0.000,0.000,-0.0000,0.0000,-0.0000,4,1.2918,0.000
109,1.8167,0.0000,1.2413,-0.0000,0.0000,-0.0130,-0.0000,0.0000,0.000,0.000,-8.594,1,VEHICLE,0,-,0.0000,50,150,0,0.0800,0,0,0.000,0.000,0.000,0.0000,0.0000,0.0000,1,1.0000,0,0,0.0000,0,1.2915,0.0000,0.0000,0.0000,0.0000,0,80.00,0.0000,5.6326,9.3749,0.0000,6.2413,-0.0000,80.00,-1,-1.00000,0.000,0.000,0.000,0.000,0.000,0.000,0,0.00,0,0,0,0,0,0,1.2913,-0.000,0.000,-0.0000,0.0000,-0.0000,4,1.2915,0.000
110,1.8333,0.0000,1.2411,-0.0000,0.0000,-0.0127,-0.0000,0.0000,0.000,0.000,-8.594,1,VEHICLE,0,-,0.0000,50,150,0,0.0800,0,0,0.000,0.000,0.000,0.0000,0.0000,0.0000,1,1.0000,0,0,0.0000,0,1.2913,0.0000,0.0000,0.0000,0.0000,0,80.00,0.0000,5.6324,9.3749,0.0000,6.2411,-0.0000,80.00,-1,-1.00000,0.000,0.000,0.000,0.000,0.000,0.000,0,0.00,0,0,0,0,0,0,1.2911,-0.000,0.000,-0.0000,-0.0000,-0.0000,4,1.2913,0.000
111,1.8500,0.0000,1.2409,-0.0000,0.0000,-0.0123,-0.0000,0.0000,0.000,0.000,-8.594,1,VEHICLE,0,-,0.0000,50,150,0,0.0800,0,0,0.000,0.000,0.000,0.0000,0.0000,0.0000,1,1.0000,0,0,0.0000,0,1.2911,0.0000,0.0000,0.0000,0.0000,0,80.00,0.0000,5.6322,9.3749,0.0000,6.2409,-0.0000,80.00,-1,-1.00000,0.000,0.000,0.000,0.000,0.000,0.000,0,0.00,0,0,0,0,0,0,1.2909,-0.000,0.000,-0.0000,0.0000,-0.0000,4,1.2911,0.000
112,1.8667,0.0000,1.2407,-0.0000,0.0000,-0.0120,-0.0000,0.0000,0.000,0.000,-8.594,1,VEHICLE,0,-,0.0000,50,150,0,0.0800,0,0,0.000,0.000,0.000,0.0000,0.0000,0.0000,1,1.0000,0,0,0.0000,0,1.2909,0.0000,0.0000,0.0000,0.0000,0,80.00,0.0000,5.6320,9.3749,0.0000,6.2407,-0.0000,80.00,-1,-1.00000,0.000,0.000,0.000,0.000,0.000,0.000,0,0.00,0,0,0,0,0,0,1.2907,-0.000,0.000,0.0000,-0.0000,-0.0000,4,1.2909,0.000
113,1.8833,0.0000,1.2405,-0.0000,0.0000,-0.0116,-0.0000,0.0000,0.000,0.000,-8.594,1,VEHICLE,0,-,0.0000,50,150,0,0.0800,0,0,0.000,0.000,0.000,0.0000,0.0000,0.0000,1,1.0000,0,0,0.0000,0,1.2907,0.0000,0.0000,0.0000,0.0000,0,80.00,0.0000,5.6318,9.3749,0.0000,6.2405,-0.0000,80.00,-1,-1.00000,0.000,0.000,0.000,0.000,0.000,0.000,0,0.00,0,0,0,0,0,0,1.2905,-0.000,0.000,-0.0000,0.0000,-0.0000,4,1.2907,0.000
114,1.9000,0.0000,1.2403,-0.0000,0.0000,-0.0112,-0.0000,0.0000,0.000,0.000,-8.594,1,VEHICLE,0,-,0.0000,50,150,0,0.0800,0,0,0.000,0.000,0.000,0.0000,0.0000,0.0000,1,1.0000,0,0,0.0000,0,1.2905,0.0000,0.0000,0.0000,0.0000,0,80.00,0.0000,5.6316,9.3749,0.0000,6.2403,-0.0000,80.00,-1,-1.00000,0.000,0.000,0.000,0.000,0.000,0.000,0,0.00,0,0,0,0,0,0,1.2903,-0.000,0.000,-0.0000,0.0000,-0.0000,4,1.2905,0.000
115,1.9167,0.0000,1.2402,-0.0000,0.0000,-0.0109,-0.0000,0.0000,0.000,0.000,-8.594,1,VEHICLE,0,-,0.0000,50,150,0,0.0800,0,0,0.000,0.000,0.000,0.0000,0.0000,0.0000,1,1.0000,0,0,0.0000,0,1.2903,0.0000,0.0000,0.0000,0.0000,0,80.00,0.0000,5.6314,9.3749,0.0000,6.2402,-0.0000,80.00,-1,-1.00000,0.000,0.000,0.000,0.000,0.000,0.000,0,0.00,0,0,0,0,0,0,1.2902,-0.000,0.000,-0.0000,-0.0000,-0.0000,4,1.2903,0.000
116,1.9333,0.0000,1.2400,-0.0000,0.0000,-0.0105,-0.0000,0.0000,0.000,0.000,-8.594,1,VEHICLE,0,-,0.0000,50,150,0,0.0800,0,0,0.000,0.000,0.000,0.0000,0.0000,0.0000,1,1.0000,0,0,0.0000,0,1.2902,0.0000,0.0000,0.0000,0.0000,0,80.00,0.0000,5.6312,9.3749,0.0000,6.2400,-0.0000,80.00,-1,-1.00000,0.000,0.000,0.000,0.000,0.000,0.000,0,0.00,0,0,0,0,0,0,1.2900,-0.000,0.000,-0.0000,0.0000,-0.0000,4,1.2902,0.000
117,1.9500,0.0000,1.2398,-0.0000,0.0000,-0.0101,-0.0000,0.0000,0.000,0.000,-8.594,1,VEHICLE,0,-,0.0000,50,150,0,0.0800,0,0,0.000,0.000,0.000,0.0000,0.0000,0.0000,1,1.0000,0,0,0.0000,0,1.2900,0.0000,0.0000,0.0000,0.0000,0,80.00,0.0000,5.6311,9.3749,0.0000,6.2398,-0.0000,80.00,-1,-1.00000,0.000,0.000,0.000,0.000,0.000,0.000,0,0.00,0,0,0,0,0,0,1.2898,-0.000,0.000,-0.0000,0.0000,-0.0000,4,1.2900,0.000
118,1.9667,0.0000,1.2397,-0.0000,0.0000,-0.0097,-0.0000,0.0000,0.000,0.000,-8.594,1,VEHICLE,0,-,0.0000,50,150,0,0.0800,0,0,0.000,0.000,0.000,0.0000,0.0000,0.0000,1,1.0000,0,0,0.0000,0,1.2898,0.0000,0.0000,0.0000,0.0000,0,80.00,0.0000,5.6309,9.3749,0.0000,6.2397,-0.0000,80.00,-1,-1.00000,0.000,0.000,0.000,0.000,0.000,0.000,0,0.00,0,0,0,0,0,0,1.2897,-0.000,0.000,0.0000,-0.0000,-0.0000,4,1.2898,0.000
119,1.9833,0.0000,1.2395,-0.0000,0.0000,-0.0093,-0.0000,0.0000,0.000,0.000,-8.594,1,VEHICLE,0,-,0.0000,50,150,0,0.0800,0,0,0.000,0.000,0.000,0.0000,0.0000,0.0000,1,1.0000,0,0,0.0000,0,1.2897,0.0000,0.0000,0.0000,0.0000,0,80.00,0.0000,5.6308,9.3749,0.0000,6.2395,-0.0000,80.00,-1,-1.00000,0.000,0.000,0.000,0.000,0.000,0.000,0,0.00,0,0,0,0,0,0,1.2895,-0.000,0.000,-0.0000,0.0000,-0.0000,4,1.2897,0.000
120,2.0000,0.0000,1.2393,-0.0000,0.0000,-0.0089,-0.0000,0.0000,0.000,0.000,-8.594,1,VEHICLE,0,-,0.0000,50,150,0,0.0800,0,0,0.000,0.000,0.000,0.0000,0.0000,0.0000,1,1.0000,0,0,0.0000,0,1.2895,0.0000,0.0000,0.0000,0.0000,0,80.00,0.0000,5.6306,9.3749,0.0000,6.2393,-0.0000,80.00,-1,-1.00000,0.000,0.000,0.000,0.000,0.000,0.000,0,0.00,0,0,0,0,0,0,1.2893,-0.000,0.000,-0.0000,0.0000,-0.0000,4,1.2895,0.000
121,2.0167,0.0000,1.2392,-0.0000,0.0000,-0.0085,-0.0000,0.0000,0.000,0.000,-8.594,1,VEHICLE,0,-,0.0000,50,150,0,0.0800,0,0,0.000,0.000,0.000,0.0000,0.0000,0.0000,1,1.0000,0,0,0.0000,0,1.2893,0.0000,0.0000,0.0000,0.0000,0,80.00,0.0000,5.6305,9.3749,0.0000,6.2392,-0.0000,80.00,-1,-1.00000,0.000,0.000,0.000,0.000,0.000,0.000,0,0.00,0,0,0,0,0,0,1.2892,-0.000,0.000,-0.0000,-0.0000,-0.0000,4,1.2893,0.000
122,2.0333,0.0000,1.2391,-0.0000,0.0000,-0.0081,-0.0000,0.0000,0.000,0.000,-8.594,1,VEHICLE,0,-,0.0000,50,150,0,0.0800,0,0,0.000,0.000,0.000,0.0000,0.0000,0.0000,1,1.0000,0,0,0.0000,0,1.2892,0.0000,0.0000,0.0000,0.0000,0,80.00,0.0000,5.6303,9.3749,0.0000,6.2391,-0.0000,80.00,-1,-1.00000,0.000,0.000,0.000,0.000,0.000,0.000,0,0.00,0,0,0,0,0,0,1.2891,-0.000,0.000,-0.0000,0.0000,-0.0000,4,1.2892,0.000
123,2.0500,0.0000,1.2389,-0.0000,0.0000,-0.0078,-0.0000,0.0000,0.000,0.000,-8.594,1,VEHICLE,0,-,0.0000,50,150,0,0.0800,0,0,0.000,0.000,0.000,0.0000,0.0000,0.0000,1,1.0000,0,0,0.0000,0,1.2891,0.0000,0.0000,0.0000,0.0000,0,80.00,0.0000,5.6302,9.3749,0.0000,6.2389,-0.0000,80.00,-1,-1.00000,0.000,0.000,0.000,0.000,0.000,0.000,0,0.00,0,0,0,0,0,0,1.2889,-0.000,0.000,-0.0000,-0.0000,-0.0000,4,1.2891,0.000
124,2.0667,0.0000,1.2388,-0.0000,0.0000,-0.0074,-0.0000,0.0000,0.000,0.000,-8.594,1,VEHICLE,0,-,0.0000,50,150,0,0.0800,0,0,0.000,0.000,0.000,0.0000,0.0000,0.0000,1,1.0000,0,0,0.0000,0,1.2889,0.0000,0.0000,0.0000,0.0000,0,80.00,0.0000,5.6301,9.3749,0.0000,6.2388,-0.0000,80.00,-1,-1.00000,0.000,0.000,0.000,0.000,0.000,0.000,0,0.00,0,0,0,0,0,0,1.2888,-0.000,0.000,0.0000,0.0000,-0.0000,4,1.2889,0.000
125,2.0833,0.0000,1.2387,-0.0000,0.0000,-0.0070,-0.0000,0.0000,0.000,0.000,-8.594,1,VEHICLE,0,-,0.0000,50,150,0,0.0800,0,0,0.000,0.000,0.000,0.0000,0.0000,0.0000,1,1.0000,0,0,0.0000,0,1.2888,0.0000,0.0000,0.0000,0.0000,0,80.00,0.0000,5.6300,9.3749,0.0000,6.2387,-0.0000,80.00,-1,-1.00000,0.000,0.000,0.000,0.000,0.000,0.000,0,0.00,0,0,0,0,0,0,1.2887,-0.000,0.000,-0.0000,-0.0000,-0.0000,4,1.2888,0.000
126,2.1000,0.0000,1.2386,-0.0000,0.0000,-0.0067,-0.0000,0.0000,0.000,0.000,-8.594,1,VEHICLE,0,-,0.0000,50,150,0,0.0800,0,0,0.000,0.000,0.000,0.0000,0.0000,0.0000,1,1.0000,0,0,0.0000,0,1.2887,0.0000,0.0000,0.0000,0.0000,0,80.00,0.0000,5.6299,9.3749,0.0000,6.2386,-0.0000,80.00,-1,-1.00000,0.000,0.000,0.000,0.000,0.000,0.000,0,0.00,0,0,0,0,0,0,1.2886,-0.000,0.000,-0.0000,0.0000,-0.0000,4,1.2887,0.000
127,2.1167,0.0000,1.2385,-0.0000,0.0000,-0.0063,-0.0000,0.0000,0.000,0.000,-8.594,1,VEHICLE,0,-,0.0000,50,150,0,0.0800,0,0,0.000,0.000,0.000,0.0000,0.0000,0.0000,1,1.0000,0,0,0.0000,0,1.2886,0.0000,0.0000,0.0000,0.0000,0,80.00,0.0000,5.6297,9.3749,0.0000,6.2385,-0.0000,80.00,-1,-1.00000,0.000,0.000,0.000,0.000,0.000,0.000,0,0.00,0,0,0,0,0,0,1.2885,-0.000,0.000,-0.0000,-0.0000,-0.0000,4,1.2886,0.000
128,2.1333,0.0000,1.2384,-0.0000,0.0000,-0.0060,-0.0000,0.0000,0.000,0.000,-8.594,1,VEHICLE,0,-,0.0000,50,150,0,0.0800,0,0,0.000,0.000,0.000,0.0000,0.0000,0.0000,1,1.0000,0,0,0.0000,0,1.2885,0.0000,0.0000,0.0000,0.0000,0,80.00,0.0000,5.6296,9.3749,0.0000,6.2384,-0.0000,80.00,-1,-1.00000,0.000,0.000,0.000,0.000,0.000,0.000,0,0.00,0,0,0,0,0,0,1.2884,-0.000,0.000,0.0000,0.0000,-0.0000,4,1.2885,0.000
129,2.1500,0.0000,1.2383,-0.0000,0.0000,-0.0057,-0.0000,0.0000,0.000,0.000,-8.594,1,VEHICLE,0,-,0.0000,50,150,0,0.0800,0,0,0.000,0.000,0.000,0.0000,0.0000,0.0000,1,1.0000,0,0,0.0000,0,1.2884,0.0000,0.0000,0.0000,0.0000,0,80.00,0.0000,5.6296,9.3749,0.0000,6.2383,-0.0000,80.00,-1,-1.00000,0.000,0.000,0.000,0.000,0.000,0.000,0,0.00,0,0,0,0,0,0,1.2883,-0.000,0.000,-0.0000,0.0000,-0.0000,4,1.2884,0.000
130,2.1667,0.0000,1.2382,-0.0000,0.0000,-0.0053,-0.0000,0.0000,0.000,0.000,-8.594,1,VEHICLE,0,-,0.0000,50,150,0,0.0800,0,0,0.000,0.000,0.000,0.0000,0.0000,0.0000,1,1.0000,0,0,0.0000,0,1.2883,0.0000,0.0000,0.0000,0.0000,0,80.00,0.0000,5.6295,9.3749,0.0000,6.2382,-0.0000,80.00,-1,-1.00000,0.000,0.000,0.000,0.000,0.000,0.000,0,0.00,0,0,0,0,0,0,1.2882,-0.000,0.000,-0.0000,-0.0000,-0.0000,4,1.2883,0.000
131,2.1833,0.0000,1.2381,-0.0000,0.0000,-0.0050,-0.0000,0.0000,0.000,0.000,-8.594,1,VEHICLE,0,-,0.0000,50,150,0,0.0800,0,0,0.000,0.000,0.000,0.0000,0.0000,0.0000,1,1.0000,0,0,0.0000,0,1.2882,0.0000,0.0000,0.0000,0.0000,0,80.00,0.0000,5.6294,9.3749,0.0000,6.2381,-0.0000,80.00,-1,-1.00000,0.000,0.000,0.000,0.000,0.000,0.000,0,0.00,0,0,0,0,0,0,1.2881,-0.000,0.000,0.0000,0.0000,-0.0000,4,1.2882,0.000
132,2.2000,0.0000,1.2380,-0.0000,0.0000,-0.0047,-0.0000,0.0000,0.000,0.000,-8.594,1,VEHICLE,0,-,0.0000,50,150,0,0.0800,0,0,0.000,0.000,0.000,0.0000,0.0000,0.0000,1,1.0000,0,0,0.0000,0,1.2881,0.0000,0.0000,0.0000,0.0000,0,80.00,0.0000,5.6293,9.3749,0.0000,6.2380,-0.0000,80.00,-1,-1.00000,0.000,0.000,0.000,0.000,0.000,0.000,0,0.00,0,0,0,0,0,0,1.2880,-0.000,0.000,-0.0000,0.0000,-0.0000,4,1.2881,0.000
133,2.2167,0.0000,1.2380,-0.0000,0.0000,-0.0045,-0.0000,0.0000,0.000,0.000,-8.594,1,VEHICLE,0,-,0.0000,50,150,0,0.0800,0,0,0.000,0.000,0.000,0.0000,0.0000,0.0000,1,1.0000,0,0,0.0000,0,1.2880,0.0000,0.0000,0.0000,0.0000,0,80.00,0.0000,5.6292,9.3749,0.0000,6.2380,-0.0000,80.00,-1,-1.00000,0.000,0.000,0.000,0.000,0.000,0.000,0,0.00,0,0,0,0,0,0,1.2880,-0.000,0.000,-0.0000,-0.0000,-0.0000,4,1.2880,0.000
134,2.2333,0.0000,1.2379,-0.0000,0.0000,-0.0042,-0.0000,0.0000,0.000,0.000,-8.594,1,VEHICLE,0,-,0.0000,50,150,0,0.0800,0,0,0.000,0.000,0.000,0.0000,0.0000,0.0000,1,1.0000,0,0,0.0000,0,1.2880,0.0000,0.0000,0.0000,0.0000,0,80.00,0.0000,5.6292,9.3749,0.0000,6.2379,-0.0000,80.00,-1,-1.00000,0.000,0.000,0.000,0.000,0.000,0.000,0,0.00,0,0,0,0,0,0,1.2879,-0.000,0.000,-0.0000,0.0000,-0.0000,4,1.2880,0.000
135,2.2500,0.0000,1.2378,-0.0000,0.0000,-0.0039,-0.0000,0.0000,0.000,0.000,-8.594,1,VEHICLE,0,-,0.0000,50,150,0,0.0800,0,0,0.000,0.000,0.000,0.0000,0.0000,0.0000,1,1.0000,0,0,0.0000,0,1.2879,0.0000,0.0000,0.0000,0.0000,0,80.00,0.0000,5.6291,9.3749,0.0000,6.2378,-0.0000,80.00,-1,-1.00000,0.000,0.000,0.000,0.000,0.000,0.000,0,0.00,0,0,0,0,0,0,1.2878,-0.000,0.000,-0.0000,-0.0000,-0.0000,4,1.2879,0.000
136,2.2667,0.0000,1.2378,-0.0000,0.0000,-0.0037,-0.0000,0.0000,0.000,0.000,-8.594,1,VEHICLE,0,-,0.0000,50,150,0,0.0800,0,0,0.000,0.000,0.000,0.0000,0.0000,0.0000,1,1.0000,0,0,0.0000,0,1.2878,0.0000,0.0000,0.0000,0.0000,0,80.00,0.0000,5.6290,9.3749,0.0000,6.2378,-0.0000,80.00,-1,-1.00000,0.000,0.000,0.000,0.000,0.000,0.000,0,0.00,0,0,0,0,0,0,1.2878,-0.000,0.000,-0.0000,0.0000,-0.0000,4,1.2878,0.000
137,2.2833,0.0000,1.2377,-0.0000,0.0000,-0.0034,-0.0000,0.0000,0.000,0.000,-8.594,1,VEHICLE,0,-,0.0000,50,150,0,0.0800,0,0,0.000,0.000,0.000,0.0000,0.0000,0.0000,1,1.0000,0,0,0.0000,0,1.2878,0.0000,0.0000,0.0000,0.0000,0,80.00,0.0000,5.6290,9.3749,0.0000,6.2377,-0.0000,80.00,-1,-1.00000,0.000,0.000,0.000,0.000,0.000,0.000,0,0.00,0,0,0,0,0,0,1.2877,-0.000,0.000,-0.0000,-0.0000,-0.0000,4,1.2878,0.000
138,2.3000,0.0000,1.2377,-0.0000,0.0000,-0.0032,-0.0000,0.0000,0.000,0.000,-8.594,1,VEHICLE,0,-,0.0000,50,150,0,0.0800,0,0,0.000,0.000,0.000,0.0000,0.0000,0.0000,1,1.0000,0,0,0.0000,0,1.2877,0.0000,0.0000,0.0000,0.0000,0,80.00,0.0000,5.6289,9.3749,0.0000,6.2377,-0.0000,80.00,-1,-1.00000,0.000,0.000,0.000,0.000,0.000,0.000,0,0.00,0,0,0,0,0,0,1.2877,-0.000,0.000,-0.0000,0.0000,-0.0000,4,1.2877,0.000
139,2.3167,0.0000,1.2376,-0.0000,0.0000,-0.0030,-0.0000,0.0000,0.000,0.000,-8.594,1,VEHICLE,0,-,0.0000,50,150,0,0.0800,0,0,0.000,0.000,0.000,0.0000,0.0000,0.0000,1,1.0000,0,0,0.0000,0,1.2877,0.0000,0.0000,0.0000,0.0000,0,80.00,0.0000,5.6289,9.3749,0.0000,6.2376,-0.0000,80.00,-1,-1.00000,0.000,0.000,0.000,0.000,0.000,0.000,0,0.00,0,0,0,0,0,0,1.2876,-0.000,0.000,0.0000,-0.0000,-0.0000,4,1.2877,0.000
140,2.3333,0.0000,1.2376,-0.0000,0.0000,-0.0028,-0.0000,0.0000,0.000,0.000,-8.594,1,VEHICLE,0,-,0.0000,50,150,0,0.0800,0,0,0.000,0.000,0.000,0.0000,0.0000,0.0000,1,1.0000,0,0,0.0000,0,1.2876,0.0000,0.0000,0.0000,0.0000,0,80.00,0.0000,5.6288,9.3749,0.0000,6.2376,-0.0000,80.00,-1,-1.00000,0.000,0.000,0.000,0.000,0.000,0.000,0,0.00,0,0,0,0,0,0,1.2876,-0.000,0.000,-0.0000,0.0000,-0.0000,4,1.2876,0.000
141,2.3500,0.0000,1.2375,-0.0000,0.0000,-0.0026,-0.0000,0.0000,0.000,0.000,-8.594,1,VEHICLE,0,-,0.0000,50,150,0,0.0800,0,0,0.000,0.000,0.000,0.0000,0.0000,0.0000,1,1.0000,0,0,0.0000,0,1.2876,0.0000,0.0000,0.0000,0.0000,0,80.00,0.0000,5.6288,9.3749,0.0000,6.2375,-0.0000,80.00,-1,-1.00000,0.000,0.000,0.000,0.000,0.000,0.000,0,0.00,0,0,0,0,0,0,1.2875,-0.000,0.000,-0.0000,-0.0000,-0.0000,4,1.2876,0.000
142,2.3667,0.0000,1.2375,-0.0000,0.0000,-0.0024,-0.0000,0.0000,0.000,0.000,-8.594,1,VEHICLE,0,-,0.0000,50,150,0,0.0800,0,0,0.000,0.000,0.000,0.0000,0.0000,0.0000,1,1.0000,0,0,0.0000,0,1.2875,0.0000,0.0000,0.0000,0.0000,0,80.00,0.0000,5.6287,9.3749,0.0000,6.2375,-0.0000,80.00,-1,-1.00000,0.000,0.000,0.000,0.000,0.000,0.000,0,0.00,0,0,0,0,0,0,1.2875,-0.000,0.000,-0.0000,-0.0000,-0.0000,4,1.2875,0.000
143,2.3833,0.0000,1.2374,-0.0000,0.0000,-0.0022,-0.0000,0.0000,0.000,0.000,-8.594,1,VEHICLE,0,-,0.0000,50,150,0,0.0800,0,0,0.000,0.000,0.000,0.0000,0.0000,0.0000,1,1.0000,0,0,0.0000,0,1.2875,0.0000,0.0000,0.0000,0.0000,0,80.00,0.0000,5.6287,9.3749,0.0000,6.2374,-0.0000,80.00,-1,-1.00000,0.000,0.000,0.000,0.000,0.000,0.000,0,0.00,0,0,0,0,0,0,1.2874,-0.000,0.000,-0.0000,0.0000,-0.0000,4,1.2875,0.000
144,2.4000,0.0000,1.2374,-0.0000,0.0000,-0.0020,-0.0000,0.0000,0.000,0.000,-8.594,1,VEHICLE,0,-,0.0000,50,150,0,0.0800,0,0,0.000,0.000,0.000,0.0000,0.0000,0.0000,1,1.0000,0,0,0.0000,0,1.2874,0.0000,0.0000,0.0000,0.0000,0,80.00,0.0000,5.6287,9.3749,0.0000,6.2374,-0.0000,80.00,-1,-1.00000,0.000,0.000,0.000,0.000,0.000,0.000,0,0.00,0,0,0,0,0,0,1.2874,-0.000,0.000,0.0000,0.0000,-0.0000,4,1.2874,0.000
145,2.4167,0.0000,1.2374,-0.0000,0.0000,-0.0019,-0.0000,0.0000,0.000,0.000,-8.594,1,VEHICLE,0,-,0.0000,50,150,0,0.0800,0,0,0.000,0.000,0.000,0.0000,0.0000,0.0000,1,1.0000,0,0,0.0000,0,1.2874,0.0000,0.0000,0.0000,0.0000,0,80.00,0.0000,5.6286,9.3749,0.0000,6.2374,-0.0000,80.00,-1,-1.00000,0.000,0.000,0.000,0.000,0.000,0.000,0,0.00,0,0,0,0,0,0,1.2874,-0.000,0.000,-0.0000,-0.0000,-0.0000,4,1.2874,0.000
146,2.4333,0.0000,1.2374,-0.0000,0.0000,-0.0017,-0.0000,0.0000,0.000,0.000,-8.594,1,VEHICLE,0,-,0.0000,50,150,0,0.0800,0,0,0.000,0.000,0.000,0.0000,0.0000,0.0000,1,1.0000,0,0,0.0000,0,1.2874,0.0000,0.0000,0.0000,0.0000,0,80.00,0.0000,5.6286,9.3749,0.0000,6.2374,-0.0000,80.00,-1,-1.00000,0.000,0.000,0.000,0.000,0.000,0.000,0,0.00,0,0,0,0,0,0,1.2874,-0.000,0.000,-0.0000,0.0000,-0.0000,4,1.2874,0.000
147,2.4500,0.0000,1.2373,-0.0000,0.0000,-0.0016,-0.0000,0.0000,0.000,0.000,-8.594,1,VEHICLE,0,-,0.0000,50,150,0,0.0800,0,0,0.000,0.000,0.000,0.0000,0.0000,0.0000,1,1.0000,0,0,0.0000,0,1.2874,0.0000,0.0000,0.0000,0.0000,0,80.00,0.0000,5.6286,9.3749,0.0000,6.2373,-0.0000,80.00,-1,-1.00000,0.000,0.000,0.000,0.000,0.000,0.000,0,0.00,0,0,0,0,0,0,1.2873,-0.000,0.000,-0.0000,0.0000,-0.0000,4,1.2874,0.000
148,2.4667,0.0000,1.2373,-0.0000,0.0000,-0.0014,-0.0000,0.0000,0.000,0.000,-8.594,1,VEHICLE,0,-,0.0000,50,150,0,0.0800,0,0,0.000,0.000,0.000,0.0000,0.0000,0.0000,1,1.0000,0,0,0.0000,0,1.2873,0.0000,0.0000,0.0000,0.0000,0,80.00,0.0000,5.6286,9.3749,0.0000,6.2373,-0.0000,80.00,-1,-1.00000,0.000,0.000,0.000,0.000,0.000,0.000,0,0.00,0,0,0,0,0,0,1.2873,-0.000,0.000,-0.0000,0.0000,-0.0000,4,1.2873,0.000
149,2.4833,0.0000,1.2373,-0.0000,0.0000,-0.0013,-0.0000,0.0000,0.000,0.000,-8.594,1,VEHICLE,0,-,0.0000,50,150,0,0.0800,0,0,0.000,0.000,0.000,0.0000,0.0000,0.0000,1,1.0000,0,0,0.0000,0,1.2873,0.0000,0.0000,0.0000,0.0000,0,80.00,0.0000,5.6285,9.3749,0.0000,6.2373,-0.0000,80.00,-1,-1.00000,0.000,0.000,0.000,0.000,0.000,0.000,0,0.00,0,0,0,0,0,0,1.2873,-0.000,0.000,-0.0000,-0.0000,-0.0000,4,1.2873,0.000
150,2.5000,0.0000,1.2373,-0.0000,0.0000,-0.0012,-0.0000,0.0000,0.000,0.000,-8.594,1,VEHICLE,0,-,0.0000,50,150,0,0.0800,0,0,0.000,0.000,0.000,0.0000,0.0000,0.0000,1,1.0000,0,0,0.0000,0,1.2873,0.0000,0.0000,0.0000,0.0000,0,80.00,0.0000,5.6285,9.3749,0.0000,6.2373,-0.0000,80.00,-1,-1.00000,0.000,0.000,0.000,0.000,0.000,0.000,0,0.00,0,0,0,0,0,0,1.2873,-0.000,0.000,-0.0000,0.0000,-0.0000,4,1.2873,0.000
151,2.5167,0.0000,1.2372,-0.0083,0.0000,-0.0010,-0.5000,0.5000,0.000,0.000,-8.594,1,VEHICLE,0,-,0.0000,50,150,0,0.0800,0,0,0.000,0.000,0.000,0.0000,0.0000,0.0000,1,1.0000,0,0,0.0000,0,1.2873,0.0000,0.0000,0.0000,0.0000,0,80.00,0.0000,5.6285,9.3666,0.0000,6.2372,-0.0083,80.00,-1,-1.00000,0.000,0.000,0.000,0.000,0.000,0.000,0,0.00,0,0,0,0,0,0,1.2872,-0.000,0.000,0.0000,-0.0000,-0.0000,4,1.2873,0.000
152,2.5333,0.0000,1.2372,-0.0250,0.0000,-0.0009,-1.0000,1.0000,0.000,0.000,-8.594,1,VEHICLE,0,-,0.0000,50,150,0,0.0800,0,0,0.000,0.000,0.000,0.0000,0.0000,0.0000,1,1.0000,0,0,0.0000,0,1.2872,0.0000,0.0000,0.0000,0.0000,0,80.00,0.0000,5.6285,9.3499,0.0000,6.2372,-0.0250,80.00,-1,-1.00000,0.000,0.000,0.000,0.000,0.000,0.000,0,0.00,0,0,0,0,0,0,1.2872,-0.000,0.000,-0.0000,0.0000,-0.0000,4,1.2872,0.000
153,2.5500,0.0000,1.2372,-0.0500,0.0000,-0.0008,-1.5000,1.5000,0.000,0.000,-8.594,1,VEHICLE,0,-,0.0000,50,150,0,0.0800,0,0,0.000,0.000,0.000,0.0000,0.0000,0.0000,1,1.0000,0,0,0.0000,0,1.2872,0.0000,0.0000,0.0000,0.0000,0,80.00,0.0000,5.6285,9.3249,0.0000,6.2372,-0.0500,80.00,-1,-1.00000,0.000,0.000,0.000,0.000,0.000,0.000,0,0.00,0,0,0,0,0,0,1.2872,-0.000,0.000,-0.0000,-0.0000,-0.0000,4,1.2872,0.000
154,2.5667,0.0000,1.2372,-0.0833,0.0000,-0.0007,-2.0000,2.0000,0.000,0.000,-8.594,1,VEHICLE,0,-,0.0000,50,150,0,0.0800,0,0,0.000,0.000,0.000,0.0000,0.0000,0.0000,1,1.0000,0,0,0.0000,0,1.2872,0.0000,0.0000,0.0000,0.0000,0,80.00,0.0000,5.6285,9.2916,0.0000,6.2372,-0.0833,80.00,-1,-1.00000,0.000,0.000,0.000,0.000,0.000,0.000,0,0.00,0,0,0,0,0,0,1.2872,-0.000,0.000,-0.0000,0.0000,-0.0000,4,1.2872,0.000
155,2.5833,0.0000,1.2372,-0.1250,0.0000,-0.0007,-2.5000,2.5000,0.000,0.000,-8.594,1,VEHICLE,0,-,0.0000,50,150,0,0.0800,0,0,0.000,0.000,0.000,0.0000,0.0000,0.0000,1,1.0000,0,0,0.0000,0,1.2872,0.0000,0.0000,0.0000,0.0000,0,80.00,0.0000,5.6285,9.2499,0.0000,6.2372,-0.1250,80.00,-1,-1.00000,0.000,0.000,0.000,0.000,0.000,0.000,0,0.00,0,0,0,0,0,0,1.2872,-0.000,0.000,-0.0000,0.0000,-0.0000,4,1.2872,0.000
156,2.6000,0.0000,1.2372,-0.1750,0.0000,-0.0006,-3.0000,3.0000,0.000,0.000,-8.594,1,VEHICLE,0,-,0.0000,50,150,0,0.0800,0,0,0.000,0.000,0.000,0.0000,0.0000,0.0000,1,1.0000,0,0,0.0000,0,1.2872,0.0000,0.0000,0.0000,0.0000,0,80.00,0.0000,5.6284,9.1999,0.0000,6.2372,-0.1750,80.00,-1,-1.00000,0.000,0.000,0.000,0.000,0.000,0.000,0,0.00,0,0,0,0,0,0,1.2872,-0.000,0.000,0.0000,0.0000,-0.0000,4,1.2872,0.000
157,2.6167,0.0000,1.2372,-0.2333,0.0000,-0.0005,-3.5000,3.5000,0.000,0.000,-8.594,1,VEHICLE,0,-,0.0000,50,150,0,0.0800,0,0,0.000,0.000,0.000,0.0000,0.0000,0.0000,1,1.0000,0,0,0.0000,0,1.2872,0.0000,0.0000,0.0000,0.0000,0,80.00,0.0000,5.6284,9.1416,0.0000,6.2372,-0.2333,80.00,-1,-1.00000,0.000,0.000,0.000,0.000,0.000,0.000,0,0.00,0,0,0,0,0,0,1.2872,-0.000,0.000,0.0000,-0.0000,-0.0000,4,1.2872,0.000
158,2.6333,0.0000,1.2372,-0.3000,0.0000,-0.0004,-4.0000,4.0000,0.000,0.000,-8.594,1,VEHICLE,0,-,0.0000,50,150,0,0.0800,0,0,0.000,0.000,0.000,0.0000,0.0000,0.0000,1,1.0000,0,0,0.0000,0,1.2872,0.0000,0.0000,0.0000,0.0000,0,80.00,0.0000,5.6284,9.0749,0.0000,6.2372,-0.3000,80.00,-1,-1.00000,0.000,0.000,0.000,0.000,0.000,0.000,0,0.00,0,0,0,0,0,0,1.2872,-0.000,0.000,-0.0000,0.0000,-0.0000,4,1.2872,0.000
159,2.6500,0.0000,1.2372,-0.3750,0.0000,-0.0004,-4.5000,4.5000,0.000,0.000,-8.594,1,VEHICLE,0,-,0.0000,50,150,0,0.0800,0,0,0.000,0.000,0.000,0.0000,0.0000,0.0000,1,1.0000,0,0,0.0000,0,1.2872,0.0000,0.0000,0.0000,0.0000,0,80.00,0.0000,5.6284,8.9999,0.0000,6.2372,-0.3750,80.00,-1,-1.00000,0.000,0.000,0.000,0.000,0.000,0.000,0,0.00,0,0,0,0,0,0,1.2872,-0.000,0.000,-0.0000,-0.0000,-0.0000,4,1.2872,0.000
160,2.6667,0.0000,1.2372,-0.4583,0.0000,-0.0003,-5.0000,5.0000,0.000,0.000,-8.594,1,VEHICLE,0,-,0.0000,50,150,0,0.0800,0,0,0.000,0.000,0.000,0.0000,0.0000,0.0000,1,1.0000,0,0,0.0000,0,1.2872,0.0000,0.0000,0.0000,0.0000,0,80.00,0.0000,5.6284,8.9166,0.0000,6.2372,-0.4583,80.00,-1,-1.00000,0.000,0.000,0.000,0.000,0.000,0.000,0,0.00,0,0,0,0,0,0,1.2872,-0.000,0.000,-0.0000,-0.0000,-0.0000,4,1.2872,0.000
161,2.6833,0.0000,1.2371,-0.5500,0.0000,-0.0003,-5.5000,5.5000,0.000,0.000,-8.594,1,VEHICLE,0,-,0.0000,50,150,0,0.0800,0,0,0.000,0.000,0.000,0.0000,0.0000,0.0000,1,1.0000,0,0,0.0000,0,1.2872,0.0000,0.0000,0.0000,0.0000,0,80.00,0.0000,5.6284,8.8249,0.0000,6.2371,-0.5500,80.00,-1,-1.00000,0.000,0.000,0.000,0.000,0.000,0.000,0,0.00,0,0,0,0,0,0,1.2871,-0.000,0.000,0.0000,0.0000,-0.0000,4,1.2872,0.000
162,2.7000,0.0000,1.2371,-0.6500,0.0000,-0.0002,-6.0000,6.0000,0.000,0.000,-8.594,1,VEHICLE,0,-,0.0000,50,150,0,0.0800,0,0,0.000,0.000,0.000,0.0000,0.0000,0.0000,1,1.0000,0,0,0.0000,0,1.2871,0.0000,0.0000,0.0000,0.0000,0,80.00,0.0000,5.6284,8.7249,0.0000,6.2371,-0.6500,80.00,-1,-1.00000,0.000,0.000,0.000,0.000,0.000,0.000,0,0.00,0,0,0,0,0,0,1.2871,-0.000,0.000,-0.0000,0.0000,-0.0000,4,1.2871,0.000
163,2.7167,0.0000,1.2371,-0.7583,0.0000,-0.0002,-6.5000,6.5000,0.000,0.000,-8.594,1,VEHICLE,0,-,0.0000,50,150,0,0.0800,0,0,0.000,0.000,0.000,0.0000,0.0000,0.0000,1,1.0000,0,0,0.0000,0,1.2871,0.0000,0.0000,0.0000,0.0000,0,80.00,0.0000,5.6284,8.6166,0.0000,6.2371,-0.7583,80.00,-1,-1.00000,0.000,0.000,0.000,0.000,0.000,0.000,0,0.00,0,0,0,0,0,0,1.2871,-0.000,0.000,0.0000,-0.0000,-0.0000,4,1.2871,0.000
164,2.7333,0.0000,1.2371,-0.8750,0.0000,-0.0001,-7.0000,7.0000,0.000,0.000,-8.594,1,VEHICLE,0,-,0.0000,50,150,0,0.0800,0,0,0.000,0.000,0.000,0.0000,0.0000,0.0000,1,1.0000,0,0,0.0000,0,1.2871,0.0000,0.0000,0.0000,0.0000,0,80.00,0.0000,5.6284,8.4999,0.0000,6.2371,-0.8750,80.00,-1,-1.00000,0.000,0.000,0.000,0.000,0.000,0.000,0,0.00,0,0,0,0,0,0,1.2871,-0.000,0.000,-0.0000,0.0000,-0.0000,4,1.2871,0.000
165,2.7500,0.0000,1.2371,-1.0000,0.0000,-0.0001,-7.5000,7.5000,0.000,0.000,-8.594,1,VEHICLE,0,-,0.0000,50,150,0,0.0800,0,0,0.000,0.000,0.000,0.0000,0.0000,0.0000,1,1.0000,0,0,0.0000,0,1.2871,0.0000,0.0000,0.0000,0.0000,0,80.00,0.0000,5.6284,8.3749,0.0000,6.2371,-1.0000,80.00,-1,-1.00000,0.000,0.000,0.000,0.000,0.000,0.000,0,0.00,0,0,0,0,0,0,1.2871,-0.000,0.000,-0.0000,0.0000,-0.0000,4,1.2871,0.000
166,2.7667,0.0000,1.2371,-1.1333,0.0000,-0.0000,-8.0000,8.0000,0.000,0.000,-8.594,1,VEHICLE,0,-,0.0000,50,150,0,0.0800,0,0,0.000,0.000,0.000,0.0000,0.0000,0.0000,1,1.0000,0,0,0.0000,0,1.2871,0.0000,0.0000,0.0000,0.0000,0,80.00,0.0000,5.6284,8.2416,0.0000,6.2371,-1.1333,80.00,-1,-1.00000,0.000,0.000,0.000,0.000,0.000,0.000,0,0.00,0,0,0,0,0,0,1.2871,-0.000,0.000,-0.0000,-0.0000,-0.0000,4,1.2871,0.000
167,2.7833,0.0000,1.2371,-1.2750,0.0000,-0.0000,-8.5000,8.5000,0.000,0.000,-8.594,1,VEHICLE,0,-,0.0000,50,150,0,0.0800,0,0,0.000,0.000,0.000,0.0000,0.0000,0.0000,1,1.0000,0,0,0.0000,0,1.2871,0.0000,0.0000,0.0000,0.0000,0,80.00,0.0000,5.6284,8.0999,0.0000,6.2371,-1.2750,80.00,-1,-1.00000,0.000,0.000,0.000,0.000,0.000,0.000,0,0.00,0,0,0,0,0,0,1.2871,-0.000,0.000,-0.0000,0.0000,-0.0000,4,1.2871,0.000
168,2.8000,0.0000,1.2371,-1.4250,0.0000,0.0000,-9.0000,9.0000,0.000,0.000,-8.594,1,VEHICLE,0,-,0.0000,50,150,0,0.0800,0,0,0.000,0.000,0.000,0.0000,0.0000,0.0000,1,1.0000,0,0,0.0000,0,1.2871,0.0000,0.0000,0.0000,0.0000,0,80.00,0.0000,5.6284,7.9499,0.0000,6.2371,-1.4250,80.00,-1,-1.00000,0.000,0.000,0.000,0.000,0.000,0.000,0,0.00,0,0,0,0,0,0,1.2871,-0.000,0.000,0.0000,0.0000,-0.0000,4,1.2871,0.000
169,2.8167,0.0000,1.2371,-1.5833,0.0000,0.0000,-9.5000,9.5000,0.000,0.000,-8.594,1,VEHICLE,0,-,0.0000,50,150,0,0.0800,0,0,0.000,0.000,0.000,0.0000,0.0000,0.0000,1,1.0000,0,0,0.0000,0,1.2871,0.0000,0.0000,0.0000,0.0000,0,80.00,0.0000,5.6284,7.7916,0.0000,6.2371,-1.5833,80.00,-1,-1.00000,0.000,0.000,0.000,0.000,0.000,0.000,0,0.00,0,0,0,0,0,0,1.2871,-0.000,0.000,-0.0000,-0.0000,-0.0000,4,1.2871,0.000
170,2.8333,0.0000,1.2371,-1.7500,0.0000,0.0001,-10.0000,10.0000,0.000,0.000,-8.594,1,VEHICLE,0,-,0.0000,50,150,0,0.0800,0,0,0.000,0.000,0.000,0.0000,0.0000,0.0000,1,1.0000,0,0,0.0000,0,1.2871,0.0000,0.0000,0.0000,0.0000,0,80.00,0.0000,5.6284,7.6249,0.0000,6.2371,-1.7500,80.00,-1,-1.00000,0.000,0.000,0.000,0.000,0.000,0.000,0,0.00,0,0,0,0,0,0,1.2871,-0.000,0.000,-0.0000,-0.0000,-0.0000,4,1.2871,0.000
171,2.8500,0.0000,1.2371,-1.9250,0.0000,0.0001,-10.5000,10.5000,0.000,0.000,-8.594,1,VEHICLE,0,-,0.0000,50,150,0,0.0800,0,0,0.000,0.000,0.000,0.0000,0.0000,0.0000,1,1.0000,0,0,0.0000,0,1.2871,0.0000,0.0000,0.0000,0.0000,0,80.00,0.0000,5.6284,7.4499,0.0000,6.2371,-1.9250,80.00,-1,-1.00000,0.000,0.000,0.000,0.000,0.000,0.000,0,0.00,0,0,0,0,0,0,1.2871,-0.000,0.000,-0.0000,-0.0000,-0.0000,4,1.2871,0.000
172,2.8667,0.0000,1.2371,-2.1083,0.0000,0.0001,-11.0000,11.0000,0.000,0.000,-8.594,1,VEHICLE,0,-,0.0000,50,150,0,0.0800,0,0,0.000,0.000,0.000,0.0000,0.0000,0.0000,1,1.0000,0,0,0.0000,0,1.2871,0.0000,0.0000,0.0000,0.0000,0,80.00,0.0000,5.6284,7.2666,0.0000,6.2371,-2.1083,80.00,-1,-1.00000,0.000,0.000,0.000,0.000,0.000,0.000,0,0.00,0,0,0,0,0,0,1.2871,-0.000,0.000,-0.0000,0.0000,-0.0000,4,1.2871,0.000
173,2.8833,0.0000,1.2371,-2.3000,0.0000,0.0001,-11.5000,11.5000,0.000,0.000,-8.594,1,VEHICLE,0,-,0.0000,50,150,0,0.0800,0,0,0.000,0.000,0.000,0.0000,0.0000,0.0000,1,1.0000,0,0,0.0000,0,1.2871,0.0000,0.0000,0.0000,0.0000,0,80.00,0.0000,5.6284,7.0749,0.0000,6.2371,-2.3000,80.00,-1,-1.00000,0.000,0.000,0.000,0.000,0.000,0.000,0,0.00,0,0,0,0,0,0,1.2871,-0.000,0.000,-0.0000,0.0000,-0.0000,4,1.2871,0.000
174,2.9000,0.0000,1.2371,-2.5000,0.0000,0.0001,-12.0000,12.0000,0.000,0.000,-8.594,1,VEHICLE,0,-,0.0000,50,150,0,0.0800,0,0,0.000,0.000,0.000,0.0000,0.0000,0.0000,1,1.0000,0,0,0.0000,0,1.2871,0.0000,0.0000,0.0000,0.0000,0,80.00,0.0000,5.6284,6.8749,0.0000,6.2371,-2.5000,80.00,-1,-1.00000,0.000,0.000,0.000,0.000,0.000,0.000,0,0.00,0,0,0,0,0,0,1.2871,-0.000,0.000,-0.0000,-0.0000,-0.0000,4,1.2871,0.000
175,2.9167,0.0000,1.2371,-2.7083,0.0000,0.0001,-12.5000,12.5000,0.000,0.000,-8.594,1,VEHICLE,0,-,0.0000,50,150,0,0.0800,0,0,0.000,0.000,0.000,0.0000,0.0000,0.0000,1,1.0000,0,0,0.0000,0,1.2871,0.0000,0.0000,0.0000,0.0000,0,80.00,0.0000,5.6284,6.6666,0.0000,6.2371,-2.7083,80.00,-1,-1.00000,0.000,0.000,0.000,0.000,0.000,0.000,0,0.00,0,0,0,0,0,0,1.2871,-0.000,0.000,0.0000,-0.0000,-0.0000,4,1.2871,0.000
176,2.9333,0.0000,1.2372,-2.9250,0.0000,0.0002,-13.0000,13.0000,0.000,0.000,-8.594,1,VEHICLE,0,-,0.0000,50,150,0,0.0800,0,0,0.000,0.000,0.000,0.0000,0.0000,0.0000,1,1.0000,0,0,0.0000,0,1.2871,0.0000,0.0000,0.0000,0.0000,0,80.00,0.0000,5.6284,6.4499,0.0000,6.2372,-2.9250,80.00,-1,-1.00000,0.000,0.000,0.000,0.000,0.000,0.000,0,0.00,0,0,0,0,0,0,1.2872,-0.000,0.000,-0.0000,-0.0000,-0.0000,4,1.2871,0.000
177,2.9500,0.0000,1.2372,-3.1500,0.0000,0.0002,-13.5000,13.5000,0.000,0.000,-8.594,1,VEHICLE,0,-,0.0000,50,150,0,0.0800,0,0,0.000,0.000,0.000,0.0000,0.0000,0.0000,1,1.0000,0,0,0.0000,0,1.2872,0.0000,0.0000,0.0000,0.0000,0,80.00,0.0000,5.6284,6.2249,0.0000,6.2372,-3.1500,80.00,-1,-1.00000,0.000,0.000,0.000,0.000,0.000,0.000,0,0.00,0,0,0,0,0,0,1.2872,-0.000,0.000,-0.0000,0.0000,-0.0000,4,1.2872,0.000
178,2.9667,0.0000,1.2372,-3.3833,0.0000,0.0002,-14.0000,14.0000,0.000,0.000,-8.594,1,VEHICLE,0,-,0.0000,50,150,0,0.0800,0,0,0.000,0.000,0.000,0.0000,0.0000,0.0000,1,1.0000,0,0,0.0000,0,1.2872,0.0000,0.0000,0.0000,0.0000,0,80.00,0.0000,5.6284,5.9916,0.0000,6.2372,-3.3833,80.00,-1,-1.00000,0.000,0.000,0.000,0.000,0.000,0.000,0,0.00,0,0,0,0,0,0,1.2872,-0.000,0.000,0.0000,0.0000,-0.0000,4,1.2872,0.000
179,2.9833,0.0000,1.2372,-3.6250,0.0000,0.0002,-14.5000,14.5000,0.000,0.000,-8.594,1,VEHICLE,0,-,0.0000,50,150,0,0.0800,0,0,0.000,0.000,0.000,0.0000,0.0000,0.0000,1,1.0000,0,0,0.0000,0,1.2872,0.0000,0.0000,0.0000,0.0000,0,80.00,0.0000,5.6284,5.7499,0.0000,6.2372,-3.6250,80.00,-1,-1.00000,0.000,0.000,0.000,0.000,0.000,0.000,0,0.00,0,0,0,0,0,0,1.2872,-0.000,0.000,-0.0000,-0.0000,-0.0000,4,1.2872,0.000
180,3.0000,0.0000,1.2372,-3.8750,0.0000,0.0002,-15.0000,15.0000,0.000,0.000,-8.594,1,VEHICLE,0,-,0.0000,50,150,0,0.0800,0,0,0.000,0.000,0.000,0.0000,0.0000,0.0000,1,1.0000,0,0,0.0000,0,1.2872,0.0000,0.0000,0.0000,0.0000,0,80.00,0.0000,5.6284,5.4999,0.0000,6.2372,-3.8750,80.00,-1,-1.00000,0.000,0.000,0.000,0.000,0.000,0.000,0,0.00,0,0,0,0,0,0,1.2872,-0.000,0.000,-0.0000,0.0000,-0.0000,4,1.2872,0.000
181,3.0167,0.0000,1.2372,-4.1250,0.0000,0.0002,-15.0000,15.0000,0.000,0.000,-8.594,1,VEHICLE,0,-,0.0000,50,150,0,0.0800,0,0,0.000,0.000,0.000,0.0000,0.0000,0.0000,1,1.0000,0,0,0.0000,0,1.2872,0.0000,0.0000,0.0000,0.0000,0,80.00,0.0000,5.6284,5.2499,0.0000,6.2372,-4.1250,80.00,-1,-1.00000,0.000,0.000,0.000,0.000,0.000,0.000,0,0.00,0,0,0,0,0,0,1.2872,-0.000,0.000,-0.0000,-0.0000,-0.0000,4,1.2872,0.000
182,3.0333,0.0000,1.2372,-4.3750,0.0000,0.0002,-15.0000,15.0000,0.000,0.000,-8.594,1,VEHICLE,0,-,0.0000,50,150,0,0.0800,0,0,0.000,0.000,0.000,0.0000,0.0000,0.0000,1,1.0000,0,0,0.0000,0,1.2872,0.0000,0.0000,0.0000,0.0000,0,80.00,0.0000,5.6284,4.9999,0.0000,6.2372,-4.3750,80.00,-1,-1.00000,0.000,0.000,0.000,0.000,0.000,0.000,0,0.00,0,0,0,0,0,0,1.2872,-0.000,0.000,0.0000,-0.0000,-0.0000,4,1.2872,0.000
183,3.0500,0.0000,1.2372,-4.6250,0.0000,0.0002,-15.0000,15.0000,0.000,0.000,-8.594,1,VEHICLE,0,-,0.0000,50,150,0,0.0800,0,0,0.000,0.000,0.000,0.0000,0.0000,0.0000,1,1.0000,0,0,0.0000,0,1.2872,0.0000,0.0000,0.0000,0.0000,0,80.00,0.0000,5.6284,4.7499,0.0000,6.2372,-4.6250,80.00,-1,-1.00000,0.000,0.000,0.000,0.000,0.000,0.000,0,0.00,0,0,0,0,0,0,1.2872,-0.000,0.000,-0.0000,0.0000,-0.0000,4,1.2872,0.000
184,3.0667,0.0000,1.2372,-4.8750,0.0000,0.0002,-15.0000,15.0000,0.000,0.000,-8.594,1,VEHICLE,0,-,0.0000,50,150,0,0.0800,0,0,0.000,0.000,0.000,0.0000,0.0000,0.0000,1,1.0000,0,0,0.0000,0,1.2872,0.0000,0.0000,0.0000,0.0000,0,80.00,0.0000,5.6284,4.4999,0.0000,6.2372,-4.8750,80.00,-1,-1.00000,0.000,0.000,0.000,0.000,0.000,0.000,0,0.00,0,0,0,0,0,0,1.2872,-0.000,0.000,-0.0000,-0.0000,-0.0000,4,1.2872,0.000
185,3.0833,0.0000,1.2372,-5.1250,0.0000,0.0002,-15.0000,15.0000,0.000,0.000,-8.594,1,VEHICLE,0,-,0.0000,50,150,0,0.0800,0,0,0.000,0.000,0.000,0.0000,0.0000,0.0000,1,1.0000,0,0,0.0000,0,1.2872,0.0000,0.0000,0.0000,0.0000,0,80.00,0.0000,5.6284,4.2499,0.0000,6.2372,-5.1250,80.00,-1,-1.00000,0.000,0.000,0.000,0.000,0.000,0.000,0,0.00,0,0,0,0,0,0,1.2872,-0.000,0.000,-0.0000,0.0000,-0.0000,4,1.2872,0.000
186,3.1000,0.0000,1.2372,-5.3750,0.0000,0.0002,-15.0000,15.0000,0.000,0.000,-8.594,1,VEHICLE,0,-,0.0000,50,150,0,0.0800,0,0,0.000,0.000,0.000,0.0000,0.0000,0.0000,1,1.0000,0,0,0.0000,0,1.2872,0.0000,0.0000,0.0000,0.0000,0,80.00,0.0000,5.6284,3.9999,0.0000,6.2372,-5.3750,80.00,-1,-1.00000,0.000,0.000,0.000,0.000,0.000,0.000,0,0.00,0,0,0,0,0,0,1.2872,-0.000,0.000,0.0000,0.0000,-0.0000,4,1.2872,0.000
187,3.1167,0.0000,1.2372,-5.6250,0.0000,0.0002,-15.0000,15.0000,0.000,0.000,-8.594,1,VEHICLE,0,-,0.0000,50,150,0,0.0800,0,0,0.000,0.000,0.000,0.0000,0.0000,0.0000,1,1.0000,0,0,0.0000,0,1.2872,0.0000,0.0000,0.0000,0.0000,0,80.00,0.0000,5.6284,3.7499,0.0000,6.2372,-5.6250,80.00,-1,-1.00000,0.000,0.000,0.000,0.000,0.000,0.000,0,0.00,0,0,0,0,0,0,1.2872,-0.000,0.000,-0.0000,0.0000,-0.0000,4,1.2872,0.000
188,3.1333,0.0000,1.2372,-5.8750,0.0000,0.0002,-15.0000,15.0000,0.000,0.000,-8.594,1,VEHICLE,0,-,0.0000,50,150,0,0.0800,0,0,0.000,0.000,0.000,0.0000,0.0000,0.0000,1,1.0000,0,0,0.0000,0,1.2872,0.0000,0.0000,0.0000,0.0000,0,80.00,0.0000,5.6284,3.4999,0.0000,6.2372,-5.8750,80.00,-1,-1.00000,0.000,0.000,0.000,0.000,0.000,0.000,0,0.00,0,0,0,0,0,0,1.2872,-0.000,0.000,-0.0000,-0.0000,-0.0000,4,1.2872,0.000
189,3.1500,0.0000,1.2372,-6.1250,0.0000,0.0002,-15.0000,15.0000,0.000,0.000,-8.594,1,VEHICLE,0,-,0.0000,50,150,0,0.0800,0,0,0.000,0.000,0.000,0.0000,0.0000,0.0000,1,1.0000,0,0,0.0000,0,1.2872,0.0000,0.0000,0.0000,0.0000,0,80.00,0.0000,5.6285,3.2499,0.0000,6.2372,-6.1250,80.00,-1,-1.00000,0.000,0.000,0.000,0.000,0.000,0.000,0,0.00,0,0,0,0,0,0,1.2872,-0.000,0.000,-0.0000,-0.0000,-0.0000,4,1.2872,0.000
190,3.1667,0.0000,1.2372,-6.3750,0.0000,0.0002,-15.0000,15.0000,0.000,0.000,-8.594,1,VEHICLE,0,-,0.0000,50,150,0,0.0800,0,0,0.000,0.000,0.000,0.0000,0.0000,0.0000,1,1.0000,0,0,0.0000,0,1.2872,0.0000,0.0000,0.0000,0.0000,0,80.00,0.0000,5.6285,2.9999,0.0000,6.2372,-6.3750,80.00,-1,-1.00000,0.000,0.000,0.000,0.000,0.000,0.000,0,0.00,0,0,0,0,0,0,1.2872,-0.000,0.000,-0.0000,-0.0000,-0.0000,4,1.2872,0.000
191,3.1833,0.0000,1.2372,-6.6250,0.0000,0.0002,-15.0000,15.0000,0.000,0.000,-8.594,1,VEHICLE,0,-,0.0000,50,150,0,0.0800,0,0,0.000,0.000,0.000,0.0000,0.0000,0.0000,1,1.0000,0,0,0.0000,0,1.2872,0.0000,0.0000,0.0000,0.0000,0,80.00,0.0000,5.6285,2.7499,0.0000,6.2372,-6.6250,80.00,-1,-1.00000,0.000,0.000,0.000,0.000,0.000,0.000,0,0.00,0,0,0,0,0,0,1.2872,-0.000,0.000,-0.0000,0.0000,-0.0000,4,1.2872,0.000
192,3.2000,0.0000,1.2372,-6.8750,0.0000,0.0002,-15.0000,15.0000,0.000,0.000,-8.594,1,VEHICLE,0,-,0.0000,50,150,0,0.0800,0,0,0.000,0.000,0.000,0.0000,0.0000,0.0000,1,1.0000,0,0,0.0000,0,1.2872,0.0000,0.0000,0.0000,0.0000,0,80.00,0.0000,5.6285,2.4999,0.0000,6.2372,-6.8750,80.00,-1,-1.00000,0.000,0.000,0.000,0.000,0.000,0.000,0,0.00,0,0,0,0,0,0,1.2872,-0.000,0.000,-0.0000,-0.0000,-0.0000,4,1.2872,0.000
193,3.2167,0.0000,1.2372,-7.1250,0.0000,0.0002,-15.0000,15.0000,0.000,0.000,-8.594,1,VEHICLE,0,-,0.0000,50,150,0,0.0800,0,0,0.000,0.000,0.000,0.0000,0.0000,0.0000,1,1.0000,0,0,0.0000,0,1.2872,0.0000,0.0000,0.0000,0.0000,0,80.00,0.0000,5.6285,2.2499,0.0000,6.2372,-7.1250,80.00,-1,-1.00000,0.000,0.000,0.000,0.000,0.000,0.000,0,0.00,0,0,0,0,0,0,1.2872,-0.000,0.000,-0.0000,0.0000,-0.0000,4,1.2872,0.000
194,3.2333,0.0000,1.2372,-7.3750,0.0000,0.0002,-15.0000,15.0000,0.000,0.000,-8.594,1,VEHICLE,0,-,0.0000,50,150,0,0.0800,0,0,0.000,0.000,0.000,0.0000,0.0000,0.0000,1,1.0000,0,0,0.0000,0,1.2872,0.0000,0.0000,0.0000,0.0000,0,80.00,0.0000,5.6285,1.9999,0.0000,6.2372,-7.3750,80.00,-1,-1.00000,0.000,0.000,0.000,0.000,0.000,0.000,0,0.00,0,0,0,0,0,0,1.2872,-0.000,0.000,0.0000,-0.0000,-0.0000,4,1.2872,0.000
195,3.2500,0.0000,1.2372,-7.6250,0.0000,0.0002,-15.0000,15.0000,0.000,0.000,-8.594,1,VEHICLE,0,-,0.0000,50,150,0,0.0800,0,0,0.000,0.000,0.000,0.0000,0.0000,0.0000,1,1.0000,0,0,0.0000,0,1.2872,0.0000,0.0000,0.0000,0.0000,0,80.00,0.0000,5.6285,1.7499,0.0000,6.2372,-7.6250,80.00,-1,-1.00000,0.000,0.000,0.000,0.000,0.000,0.000,0,0.00,0,0,0,0,0,0,1.2872,-0.000,0.000,-0.0000,0.0000,-0.0000,4,1.2872,0.000
196,3.2667,0.0000,1.2372,-7.8750,0.0000,0.0001,-15.0000,15.0000,0.000,0.000,-8.594,1,VEHICLE,0,-,0.0000,50,150,0,0.0800,0,0,0.000,0.000,0.000,0.0000,0.0000,0.0000,1,1.0000,0,0,0.0000,0,1.2872,0.0000,0.0000,0.0000,0.0000,0,80.00,0.0000,5.6285,1.4999,0.0000,6.2372,-7.8750,80.00,-1,-1.00000,0.000,0.000,0.000,0.000,0.000,0.000,0,0.00,0,0,0,0,0,0,1.2872,-0.000,0.000,-0.0000,-0.0000,-0.0000,4,1.2872,0.000
197,3.2833,0.0000,1.2372,-8.1250,0.0000,0.0001,-15.0000,15.0000,0.000,0.000,-8.594,1,VEHICLE,0,-,0.0000,50,150,0,0.0800,0,0,0.000,0.000,0.000,0.0000,0.0000,0.0000,1,1.0000,0,0,0.0000,0,1.2872,0.0000,0.0000,0.0000,0.0000,0,80.00,0.0000,5.6285,1.2499,0.0000,6.2372,-8.1250,80.00,-1,-1.00000,0.000,0.000,0.000,0.000,0.000,0.000,0,0.00,0,0,0,0,0,0,1.2872,-0.000,0.000,-0.0000,0.0000,-0.0000,4,1.2872,0.000
198,3.3000,0.0000,1.2372,-8.3750,0.0000,0.0001,-15.0000,15.0000,0.000,0.000,-8.594,1,VEHICLE,0,-,0.0000,50,150,0,0.0800,0,0,0.000,0.000,0.000,0.0000,0.0000,0.0000,1,1.0000,0,0,0.0000,0,1.2872,0.0000,0.0000,0.0000,0.0000,0,80.00,0.0000,5.6285,0.9999,0.0000,6.2372,-8.3750,80.00,-1,-1.00000,0.000,0.000,0.000,0.000,0.000,0.000,0,0.00,0,0,0,0,0,0,1.2872,-0.000,0.000,-0.0000,0.0000,-0.0000,4,1.2872,0.000
199,3.3167,0.0000,1.2372,-8.6250,0.0000,0.0001,-15.0000,15.0000,0.000,0.000,-8.594,1,VEHICLE,0,-,0.0000,50,150,0,0.0800,0,0,0.000,0.000,0.000,0.0000,0.0000,0.0000,1,1.0000,0,0,0.0000,0,1.2872,0.0000,0.0000,0.0000,0.0000,0,80.00,0.0000,5.6285,0.7499,0.0000,6.2372,-8.6250,80.00,-1,-1.00000,0.000,0.000,0.000,0.000,0.000,0.000,0,0.00,0,0,0,0,0,0,1.2872,-0.000,0.000,0.0000,-0.0000,-0.0000,4,1.2872,0.000
200,3.3333,0.0000,1.2372,-8.8750,0.0000,0.0001,-15.0000,15.0000,0.000,0.000,-8.594,1,VEHICLE,0,-,0.0000,50,150,0,0.0800,0,0,0.000,0.000,0.000,0.0000,0.0000,0.0000,1,1.0000,0,0,0.0000,0,1.2872,0.0000,0.0000,0.0000,0.0000,0,80.00,0.0000,5.6285,0.4999,0.0000,6.2372,-8.8750,80.00,-1,-1.00000,0.000,0.000,0.000,0.000,0.000,0.000,0,0.00,0,0,0,0,0,0,1.2872,-0.000,0.000,-0.0000,-0.0000,-0.0000,4,1.2872,0.000
201,3.3500,0.0000,1.2372,-9.1250,0.0000,0.0001,-15.0000,15.0000,0.000,0.000,-8.594,1,VEHICLE,0,-,0.0000,50,150,0,0.0800,0,0,0.000,0.000,0.000,0.0000,0.0000,0.0000,1,1.0000,0,0,0.0000,0,1.2872,0.0000,0.0000,0.0000,0.0000,0,80.00,0.0000,5.6285,0.2499,0.0000,6.2372,-9.1250,80.00,-1,-1.00000,0.000,0.000,0.000,0.000,0.000,0.000,0,0.00,0,0,0,0,0,0,1.2872,-0.000,0.000,-0.0000,0.0000,-0.0000,4,1.2872,0.000
202,3.3667,0.0000,1.2372,-9.3750,0.0000,0.0001,-15.0000,15.0000,0.000,0.000,-8.594,1,VEHICLE,0,-,0.0000,50,150,0,0.0800,0,0,0.000,0.000,0.000,0.0000,0.0000,0.0000,1,1.0000,0,0,0.0000,0,1.2872,0.0000,0.0000,0.0000,0.0000,0,80.00,0.0000,5.6285,-0.0001,0.0000,6.2372,-9.3750,80.00,-1,-1.00000,0.000,0.000,0.000,0.000,0.000,0.000,0,0.00,0,0,0,0,0,0,1.2872,-0.000,0.000,0.0000,0.0000,-0.0000,4,1.2872,0.000
203,3.3833,0.0000,1.2372,-9.6250,0.0000,0.0001,-15.0000,15.0000,0.000,0.000,-8.594,1,VEHICLE,0,-,0.0000,50,150,0,0.0800,0,0,0.000,0.000,0.000,0.0000,0.0000,0.0000,1,1.0000,0,0,0.0000,0,1.2872,0.0000,0.0000,0.0000,0.0000,0,80.00,0.0000,5.6285,-0.2501,0.0000,6.2372,-9.6250,80.00,-1,-1.00000,0.000,0.000,0.000,0.000,0.000,0.000,0,0.00,0,0,0,0,0,0,1.2872,-0.000,0.000,-0.0000,-0.0000,-0.0000,4,1.2872,0.000
204,3.4000,0.0000,1.2372,-9.8750,0.0000,0.0001,-15.0000,15.0000,0.000,0.000,-8.594,1,VEHICLE,0,-,0.0000,50,150,0,0.0800,0,0,0.000,0.000,0.000,0.0000,0.0000,0.0000,1,1.0000,0,0,0.0000,0,1.2872,0.0000,0.0000,0.0000,0.0000,0,80.00,0.0000,5.6285,-0.5001,0.0000,6.2372,-9.8750,80.00,-1,-1.00000,0.000,0.000,0.000,0.000,0.000,0.000,0,0.00,0,0,0,0,0,0,1.2872,-0.000,0.000,0.0000,0.0000,-0.0000,4,1.2872,0.000
205,3.4167,0.0000,1.2372,-10.1250,0.0000,0.0001,-15.0000,15.0000,0.000,0.000,-8.594,1,VEHICLE,0,-,0.0000,50,150,0,0.0800,0,0,0.000,0.000,0.000,0.0000,0.0000,0.0000,1,1.0000,0,0,0.0000,0,1.2872,0.0000,0.0000,0.0000,0.0000,0,80.00,0.0000,5.6285,-0.7501,0.0000,6.2372,-10.1250,80.00,-1,-1.00000,0.000,0.000,0.000,0.000,0.000,0.000,0,0.00,0,0,0,0,0,0,1.2872,-0.000,0.000,-0.0000,-0.0000,-0.0000,4,1.2872,0.000
206,3.4333,0.0000,1.2372,-10.3750,0.0000,0.0001,-15.0000,15.0000,0.000,0.000,-8.594,1,VEHICLE,0,-,0.0000,50,150,0,0.0800,0,0,0.000,0.000,0.000,0.0000,0.0000,0.0000,1,1.0000,0,0,0.0000,0,1.2872,0.0000,0.0000,0.0000,0.0000,0,80.00,0.0000,5.6285,-1.0001,0.0000,6.2372,-10.3750,80.00,-1,-1.00000,0.000,0.000,0.000,0.000,0.000,0.000,0,0.00,0,0,0,0,0,0,1.2872,-0.000,0.000,0.0000,0.0000,-0.0000,4,1.2872,0.000
207,3.4500,0.0000,1.2372,-10.6250,0.0000,0.0001,-15.0000,15.0000,0.000,0.000,-8.594,1,VEHICLE,0,-,0.0000,50,150,0,0.0800,0,0,0.000,0.000,0.000,0.0000,0.0000,0.0000,1,1.0000,0,0,0.0000,0,1.2872,0.0000,0.0000,0.0000,0.0000,0,80.00,0.0000,5.6285,-1.2501,0.0000,6.2372,-10.6250,80.00,-1,-1.00000,0.000,0.000,0.000,0.000,0.000,0.000,0,0.00,0,0,0,0,0,0,1.2872,-0.000,0.000,-0.0000,-0.0000,-0.0000,4,1.2872,0.000
208,3.4667,0.0000,1.2372,-10.8750,0.0000,0.0001,-15.0000,15.0000,0.000,0.000,-8.594,1,VEHICLE,0,-,0.0000,50,150,0,0.0800,0,0,0.000,0.000,0.000,0.0000,0.0000,0.0000,1,1.0000,0,0,0.0000,0,1.2872,0.0000,0.0000,0.0000,0.0000,0,80.00,0.0000,5.6285,-1.5001,0.0000,6.2372,-10.8750,80.00,-1,-1.00000,0.000,0.000,0.000,0.000,0.000,0.000,0,0.00,0,0,0,0,0,0,1.2872,-0.000,0.000,-0.0000,-0.0000,-0.0000,4,1.2872,0.000
209,3.4833,0.0000,1.2372,-11.1250,0.0000,0.0001,-15.0000,15.0000,0.000,0.000,-8.594,1,VEHICLE,0,-,0.0000,50,150,0,0.0800,0,0,0.000,0.000,0.000,0.0000,0.0000,0.0000,1,1.0000,0,0,0.0000,0,1.2872,0.0000,0.0000,0.0000,0.0000,0,80.00,0.0000,5.6285,-1.7501,0.0000,6.2372,-11.1250,80.00,-1,-1.00000,0.000,0.000,0.000,0.000,0.000,0.000,0,0.00,0,0,0,0,0,0,1.2872,-0.000,0.000,-0.0000,0.0000,-0.0000,4,1.2872,0.000
210,3.5000,0.0000,1.2372,-11.3750,0.0000,0.0001,-15.0000,15.0000,0.000,0.000,-8.594,1,VEHICLE,0,-,0.0000,50,150,0,0.0800,0,0,0.000,0.000,0.000,0.0000,0.0000,0.0000,1,1.0000,0,0,0.0000,0,1.2872,0.0000,0.0000,0.0000,0.0000,0,80.00,0.0000,5.6285,-2.0001,0.0000,6.2372,-11.3750,80.00,-1,-1.00000,0.000,0.000,0.000,0.000,0.000,0.000,0,0.00,0,0,0,0,0,0,1.2872,-0.000,0.000,-0.0000,-0.0000,-0.0000,4,1.2872,0.000
211,3.5167,0.0000,1.2372,-11.6250,0.0000,0.0001,-15.0000,15.0000,0.000,0.000,-8.594,1,VEHICLE,0,-,0.0000,50,150,0,0.0800,0,0,0.000,0.000,0.000,0.0000,0.0000,0.0000,1,1.0000,0,0,0.0000,0,1.2872,0.0000,0.0000,0.0000,0.0000,0,80.00,0.0000,5.6285,-2.2501,0.0000,6.2372,-11.6250,80.00,-1,-1.00000,0.000,0.000,0.000,0.000,0.000,0.000,0,0.00,0,0,0,0,0,0,1.2872,-0.000,0.000,-0.0000,0.0000,-0.0000,4,1.2872,0.000
212,3.5333,0.0000,1.2372,-11.8750,0.0000,0.0001,-15.0000,15.0000,0.000,0.000,-8.594,1,VEHICLE,0,-,0.0000,50,150,0,0.0800,0,0,0.000,0.000,0.000,0.0000,0.0000,0.0000,1,1.0000,0,0,0.0000,0,1.2872,0.0000,0.0000,0.0000,0.0000,0,80.00,0.0000,5.6285,-2.5001,0.0000,6.2372,-11.8750,80.00,-1,-1.00000,0.000,0.000,0.000,0.000,0.000,0.000,0,0.00,0,0,0,0,0,0,1.2872,-0.000,0.000,-0.0000,-0.0000,-0.0000,4,1.2872,0.000
213,3.5500,0.0000,1.2372,-12.1250,0.0000,0.0001,-15.0000,15.0000,0.000,0.000,-8.594,1,VEHICLE,0,-,0.0000,50,150,0,0.0800,0,0,0.000,0.000,0.000,0.0000,0.0000,0.0000,1,1.0000,0,0,0.0000,0,1.2872,0.0000,0.0000,0.0000,0.0000,0,80.00,0.0000,5.6285,-2.7501,0.0000,6.2372,-12.1250,80.00,-1,-1.00000,0.000,0.000,0.000,0.000,0.000,0.000,0,0.00,0,0,0,0,0,0,1.2872,-0.000,0.000,0.0000,0.0000,-0.0000,4,1.2872,0.000
214,3.5667,0.0000,1.2372,-12.3750,0.0000,0.0001,-15.0000,15.0000,0.000,0.000,-8.594,1,VEHICLE,0,-,0.0000,50,150,0,0.0800,0,0,0.000,0.000,0.000,0.0000,0.0000,0.0000,1,1.0000,0,0,0.0000,0,1.2872,0.0000,0.0000,0.0000,0.0000,0,80.00,0.0000,5.6285,-3.0001,0.0000,6.2372,-12.3750,80.00,-1,-1.00000,0.000,0.000,0.000,0.000,0.000,0.000,0,0.00,0,0,0,0,0,0,1.2872,-0.000,0.000,-0.0000,0.0000,-0.0000,4,1.2872,0.000
215,3.5833,0.0000,1.2372,-12.6250,0.0000,0.0001,-15.0000,15.0000,0.000,0.000,-8.594,1,VEHICLE,0,-,0.0000,50,150,0,0.0800,0,0,0.000,0.000,0.000,0.0000,0.0000,0.0000,1,1.0000,0,0,0.0000,0,1.2872,0.0000,0.0000,0.0000,0.0000,0,80.00,0.0000,5.6285,-3.2501,0.0000,6.2372,-12.6250,80.00,-1,-1.00000,0.000,0.000,0.000,0.000,0.000,0.000,0,0.00,0,0,0,0,0,0,1.2872,-0.000,0.000,-0.0000,0.0000,-0.0000,4,1.2872,0.000
216,3.6000,0.0000,1.2372,-12.8750,0.0000,0.0001,-15.0000,15.0000,0.000,0.000,-8.594,1,VEHICLE,0,-,0.0000,50,150,0,0.0800,0,0,0.000,0.000,0.000,0.0000,0.0000,0.0000,1,1.0000,0,0,0.0000,0,1.2872,0.0000,0.0000,0.0000,0.0000,0,80.00,0.0000,5.6285,-3.5001,0.0000,6.2372,-12.8750,80.00,-1,-1.00000,0.000,0.000,0.000,0.000,0.000,0.000,0,0.00,0,0,0,0,0,0,1.2872,-0.000,0.000,-0.0000,-0.0000,-0.0000,4,1.2872,0.000
217,3.6167,0.0000,1.2372,-13.1250,0.0000,0.0001,-15.0000,15.0000,0.000,0.000,-8.594,1,VEHICLE,0,-,0.0000,50,150,0,0.0800,0,0,0.000,0.000,0.000,0.0000,0.0000,0.0000,1,1.0000,0,0,0.0000,0,1.2872,0.0000,0.0000,0.0000,0.0000,0,80.00,0.0000,5.6285,-3.7501,0.0000,6.2372,-13.1250,80.00,-1,-1.00000,0.000,0.000,0.000,0.000,0.000,0.000,0,0.00,0,0,0,0,0,0,1.2872,-0.000,0.000,0.0000,0.0000,-0.0000,4,1.2872,0.000
218,3.6333,0.0000,1.2372,-13.3750,0.0000,0.0000,-15.0000,15.0000,0.000,0.000,-8.594,1,VEHICLE,0,-,0.0000,50,150,0,0.0800,0,0,0.000,0.000,0.000,0.0000,0.0000,0.0000,1,1.0000,0,0,0.0000,0,1.2872,0.0000,0.0000,0.0000,0.0000,0,80.00,0.0000,5.6285,-4.0001,0.0000,6.2372,-13.3750,80.00,-1,-1.00000,0.000,0.000,0.000,0.000,0.000,0.000,0,0.00,0,0,0,0,0,0,1.2872,-0.000,0.000,-0.0000,-0.0000,-0.0000,4,1.2872,0.000
219,3.6500,0.0000,1.2372,-13.6250,0.0000,0.0000,-15.0000,15.0000,0.000,0.000,-8.594,1,VEHICLE,0,-,0.0000,50,150,0,0.0800,0,0,0.000,0.000,0.000,0.0000,0.0000,0.0000,1,1.0000,0,0,0.0000,0,1.2872,0.0000,0.0000,0.0000,0.0000,0,80.00,0.0000,5.6285,-4.2501,0.0000,6.2372,-13.6250,80.00,-1,-1.00000,0.000,0.000,0.000,0.000,0.000,0.000,0,0.00,0,0,0,0,0,0,1.2872,-0.000,0.000,-0.0000,0.0000,-0.0000,4,1.2872,0.000
220,3.6667,0.0000,1.2372,-13.8750,0.0000,0.0000,-15.0000,15.0000,0.000,0.000,-8.594,1,VEHICLE,0,-,0.0000,50,150,0,0.0800,0,0,0.000,0.000,0.000,0.0000,0.0000,0.0000,1,1.0000,0,0,0.0000,0,1.2872,0.0000,0.0000,0.0000,0.0000,0,80.00,0.0000,5.6285,-4.5001,0.0000,6.2372,-13.8750,80.00,-1,-1.00000,0.000,0.000,0.000,0.000,0.000,0.000,0,0.00,0,0,0,0,0,0,1.2872,-0.000,0.000,-0.0000,-0.0000,-0.0000,4,1.2872,0.000
221,3.6833,0.0000,1.2372,-14.1250,0.0000,0.0000,-15.0000,15.0000,0.000,0.000,-8.594,1,VEHICLE,0,-,0.0000,50,150,0,0.0800,0,0,0.000,0.000,0.000,0.0000,0.0000,0.0000,1,1.0000,0,0,0.0000,0,1.2872,0.0000,0.0000,0.0000,0.0000,0,80.00,0.0000,5.6285,-4.7501,0.0000,6.2372,-14.1250,80.00,-1,-1.00000,0.000,0.000,0.000,0.000,0.000,0.000,0,0.00,0,0,0,0,0,0,1.2872,-0.000,0.000,0.0000,-0.0000,-0.0000,4,1.2872,0.000
222,3.7000,0.0000,1.2372,-14.3750,0.0000,0.0000,-15.0000,15.0000,0.000,0.000,-8.594,1,VEHICLE,0,-,0.0000,50,150,0,0.0800,0,0,0.000,0.000,0.000,0.0000,0.0000,0.0000,1,1.0000,0,0,0.0000,0,1.2872,0.0000,0.0000,0.0000,0.0000,0,80.00,0.0000,5.6285,-5.0001,0.0000,6.2372,-14.3750,80.00,-1,-1.00000,0.000,0.000,0.000,0.000,0.000,0.000,0,0.00,0,0,0,0,0,0,1.2872,-0.000,0.000,-0.0000,0.0000,-0.0000,4,1.2872,0.000
223,3.7167,0.0000,1.2372,-14.6250,0.0000,0.0000,-15.0000,15.0000,0.000,0.000,-8.594,1,VEHICLE,0,-,0.0000,50,150,0,0.0800,0,0,0.000,0.000,0.000,0.0000,0.0000,0.0000,1,1.0000,0,0,0.0000,0,1.2872,0.0000,0.0000,0.0000,0.0000,0,80.00,0.0000,5.6285,-5.2501,0.0000,6.2372,-14.6250,80.00,-1,-1.00000,0.000,0.000,0.000,0.000,0.000,0.000,0,0.00,0,0,0,0,0,0,1.2872,-0.000,0.000,-0.0000,0.0000,-0.0000,4,1.2872,0.000
224,3.7333,0.0000,1.2372,-14.8750,0.0000,0.0000,-15.0000,15.0000,0.000,0.000,-8.594,1,VEHICLE,0,-,0.0000,50,150,0,0.0800,0,0,0.000,0.000,0.000,0.0000,0.0000,0.0000,1,1.0000,0,0,0.0000,0,1.2872,0.0000,0.0000,0.0000,0.0000,0,80.00,0.0000,5.6285,-5.5001,0.0000,6.2372,-14.8750,80.00,-1,-1.00000,0.000,0.000,0.000,0.000,0.000,0.000,0,0.00,0,0,0,0,0,0,1.2872,-0.000,0.000,0.0000,-0.0000,-0.0000,4,1.2872,0.000
225,3.7500,0.0000,1.2372,-15.1250,0.0000,0.0000,-15.0000,15.0000,0.000,0.000,-8.594,1,VEHICLE,0,-,0.0000,50,150,0,0.0800,0,0,0.000,0.000,0.000,0.0000,0.0000,0.0000,1,1.0000,0,0,0.0000,0,1.2872,0.0000,0.0000,0.0000,0.0000,0,80.00,0.0000,5.6285,-5.7501,0.0000,6.2372,-15.1250,80.00,-1,-1.00000,0.000,0.000,0.000,0.000,0.000,0.000,0,0.00,0,0,0,0,0,0,1.2872,-0.000,0.000,-0.0000,0.0000,-0.0000,4,1.2872,0.000
226,3.7667,0.0000,1.2372,-15.3750,0.0000,0.0000,-15.0000,15.0000,0.000,0.000,-8.594,1,VEHICLE,0,-,0.0000,50,150,0,0.0800,0,0,0.000,0.000,0.000,0.0000,0.0000,0.0000,1,1.0000,0,0,0.0000,0,1.2872,0.0000,0.0000,0.0000,0.0000,0,80.00,0.0000,5.6285,-6.0001,0.0000,6.2372,-15.3750,80.00,-1,-1.00000,0.000,0.000,0.000,0.000,0.000,0.000,0,0.00,0,0,0,0,0,0,1.2872,-0.000,0.000,-0.0000,-0.0000,-0.0000,4,1.2872,0.000
227,3.7833,0.0000,1.2372,-15.6250,0.0000,0.0000,-15.0000,15.0000,0.000,0.000,-8.594,1,VEHICLE,0,-,0.0000,50,150,0,0.0800,0,0,0.000,0.000,0.000,0.0000,0.0000,0.0000,1,1.0000,0,0,0.0000,0,1.2872,0.0000,0.0000,0.0000,0.0000,0,80.00,0.0000,5.6285,-6.2501,0.0000,6.2372,-15.6250,80.00,-1,-1.00000,0.000,0.000,0.000,0.000,0.000,0.000,0,0.00,0,0,0,0,0,0,1.2872,-0.000,0.000,-0.0000,0.0000,-0.0000,4,1.2872,0.000
228,3.8000,0.0000,1.2372,-15.8750,0.0000,0.0000,-15.0000,15.0000,0.000,0.000,-8.594,1,VEHICLE,0,-,0.0000,50,150,0,0.0800,0,0,0.000,0.000,0.000,0.0000,0.0000,0.0000,1,1.0000,0,0,0.0000,0,1.2872,0.0000,0.0000,0.0000,0.0000,0,80.00,0.0000,5.6285,-6.5001,0.0000,6.2372,-15.8750,80.00,-1,-1.00000,0.000,0.000,0.000,0.000,0.000,0.000,0,0.00,0,0,0,0,0,0,1.2872,-0.000,0.000,0.0000,0.0000,-0.0000,4,1.2872,0.000
229,3.8167,0.0000,1.2372,-16.1250,0.0000,0.0000,-15.0000,15.0000,0.000,0.000,-8.594,1,VEHICLE,0,-,0.0000,50,150,0,0.0800,0,0,0.000,0.000,0.000,0.0000,0.0000,0.0000,1,1.0000,0,0,0.0000,0,1.2872,0.0000,0.0000,0.0000,0.0000,0,80.00,0.0000,5.6285,-6.7501,0.0000,6.2372,-16.1250,80.00,-1,-1.00000,0.000,0.000,0.000,0.000,0.000,0.000,0,0.00,0,0,0,0,0,0,1.2872,-0.000,0.000,-0.0000,-0.0000,-0.0000,4,1.2872,0.000
230,3.8333,0.0000,1.2372,-16.3750,0.0000,0.0000,-15.0000,15.0000,0.000,0.000,-8.594,1,VEHICLE,0,-,0.0000,50,150,0,0.0800,0,0,0.000,0.000,0.000,0.0000,0.0000,0.0000,1,1.0000,0,0,0.0000,0,1.2872,0.0000,0.0000,0.0000,0.0000,0,80.00,0.0000,5.6285,-7.0001,0.0000,6.2372,-16.3750,80.00,-1,-1.00000,0.000,0.000,0.000,0.000,0.000,0.000,0,0.00,0,0,0,0,0,0,1.2872,-0.000,0.000,-0.0000,0.0000,-0.0000,4,1.2872,0.000
231,3.8500,0.0000,1.2372,-16.6250,0.0000,0.0000,-15.0000,15.0000,0.000,0.000,-8.594,1,VEHICLE,0,-,0.0000,50,150,0,0.0800,0,0,0.000,0.000,0.000,0.0000,0.0000,0.0000,1,1.0000,0,0,0.0000,0,1.2872,0.0000,0.0000,0.0000,0.0000,0,80.00,0.0000,5.6285,-7.2501,0.0000,6.2372,-16.6250,80.00,-1,-1.00000,0.000,0.000,0.000,0.000,0.000,0.000,0,0.00,0,0,0,0,0,0,1.2872,-0.000,0.000,0.0000,0.0000,-0.0000,4,1.2872,0.000
232,3.8667,0.0000,1.2372,-16.8750,0.0000,0.0000,-15.0000,15.0000,0.000,0.000,-8.594,1,VEHICLE,0,-,0.0000,50,150,0,0.0800,0,0,0.000,0.000,0.000,0.0000,0.0000,0.0000,1,1.0000,0,0,0.0000,0,1.2872,0.0000,0.0000,0.0000,0.0000,0,80.00,0.0000,5.6285,-7.5001,0.0000,6.2372,-16.8750,80.00,-1,-1.00000,0.000,0.000,0.000,0.000,0.000,0.000,0,0.00,0,0,0,0,0,0,1.2872,-0.000,0.000,-0.0000,0.0000,-0.0000,4,1.2872,0.000
233,3.8833,0.0000,1.2372,-17.1250,0.0000,0.0000,-15.0000,15.0000,0.000,0.000,-8.594,1,VEHICLE,0,-,0.0000,50,150,0,0.0800,0,0,0.000,0.000,0.000,0.0000,0.0000,0.0000,1,1.0000,0,0,0.0000,0,1.2872,0.0000,0.0000,0.0000,0.0000,0,80.00,0.0000,5.6285,-7.7501,0.0000,6.2372,-17.1250,80.00,-1,-1.00000,0.000,0.000,0.000,0.000,0.000,0.000,0,0.00,0,0,0,0,0,0,1.2872,-0.000,0.000,0.0000,-0.0000,-0.0000,4,1.2872,0.000
234,3.9000,0.0000,1.2373,-17.3750,0.0000,0.0000,-15.0000,15.0000,0.000,0.000,-8.594,1,VEHICLE,0,-,0.0000,50,150,0,0.0800,0,0,0.000,0.000,0.000,0.0000,0.0000,0.0000,1,1.0000,0,0,0.0000,0,1.2872,0.0000,0.0000,0.0000,0.0000,0,80.00,0.0000,5.6285,-8.0001,0.0000,6.2373,-17.3750,80.00,-1,-1.00000,0.000,0.000,0.000,0.000,0.000,0.000,0,0.00,0,0,0,0,0,0,1.2873,-0.000,0.000,-0.0000,0.0000,-0.0000,4,1.2872,0.000
235,3.9167,0.0000,1.2373,-17.6250,0.0000,0.0000,-15.0000,15.0000,0.000,0.000,-8.594,1,VEHICLE,0,-,0.0000,50,150,0,0.0800,0,0,0.000,0.000,0.000,0.0000,0.0000,0.0000,1,1.0000,0,0,0.0000,0,1.2873,0.0000,0.0000,0.0000,0.0000,0,80.00,0.0000,5.6285,-8.2501,0.0000,6.2373,-17.6250,80.00,-1,-1.00000,0.000,0.000,0.000,0.000,0.000,0.000,0,0.00,0,0,0,0,0,0,1.2873,-0.000,0.000,-0.0000,-0.0000,-0.0000,4,1.2873,0.000
236,3.9333,0.0000,1.2373,-17.8750,0.0000,0.0000,-15.0000,15.0000,0.000,0.000,-8.594,1,VEHICLE,0,-,0.0000,50,150,0,0.0800,0,0,0.000,0.000,0.000,0.0000,0.0000,0.0000,1,1.0000,0,0,0.0000,0,1.2873,0.0000,0.0000,0.0000,0.0000,0,80.00,0.0000,5.6285,-8.5001,0.0000,6.2373,-17.8750,80.00,-1,-1.00000,0.000,0.000,0.000,0.000,0.000,0.000,0,0.00,0,0,0,0,0,0,1.2873,-0.000,0.000,-0.0000,0.0000,-0.0000,4,1.2873,0.000
237,3.9500,0.0000,1.2373,-18.1250,0.0000,0.0000,-15.0000,15.0000,0.000,0.000,-8.594,1,VEHICLE,0,-,0.0000,50,150,0,0.0800,0,0,0.000,0.000,0.000,0.0000,0.0000,0.0000,1,1.0000,0,0,0.0000,0,1.2873,0.0000,0.0000,0.0000,0.0000,0,80.00,0.0000,5.6285,-8.7501,0.0000,6.2373,-18.1250,80.00,-1,-1.00000,0.000,0.000,0.000,0.000,0.000,0.000,0,0.00,0,0,0,0,0,0,1.2873,-0.000,0.000,0.0000,-0.0000,-0.0000,4,1.2873,0.000
238,3.9667,0.0000,1.2373,-18.3750,0.0000,0.0000,-15.0000,15.0000,0.000,0.000,-8.594,1,VEHICLE,0,-,0.0000,50,150,0,0.0800,0,0,0.000,0.000,0.000,0.0000,0.0000,0.0000,1,1.0000,0,0,0.0000,0,1.2873,0.0000,0.0000,0.0000,0.0000,0,80.00,0.0000,5.6285,-9.0001,0.0000,6.2373,-18.3750,80.00,-1,-1.00000,0.000,0.000,0.000,0.000,0.000,0.000,0,0.00,0,0,0,0,0,0,1.2873,-0.000,0.000,-0.0000,0.0000,-0.0000,4,1.2873,0.000
239,3.9833,0.0000,1.2373,-18.6250,0.0000,0.0000,-15.0000,15.0000,0.000,0.000,-8.594,1,VEHICLE,0,-,0.0000,50,150,0,0.0800,0,0,0.000,0.000,0.000,0.0000,0.0000,0.0000,1,1.0000,0,0,0.0000,0,1.2873,0.0000,0.0000,0.0000,0.0000,0,80.00,0.0000,5.6285,-9.2501,0.0000,6.2373,-18.6250,80.00,-1,-1.00000,0.000,0.000,0.000,0.000,0.000,0.000,0,0.00,0,0,0,0,0,0,1.2873,-0.000,0.000,-0.0000,0.0000,-0.0000,4,1.2873,0.000
240,4.0000,0.0000,1.2373,-18.8750,0.0000,0.0000,-15.0000,15.0000,0.000,0.000,-8.594,1,VEHICLE,0,-,0.0000,50,150,0,0.0800,0,0,0.000,0.000,0.000,0.0000,0.0000,0.0000,1,1.0000,0,0,0.0000,0,1.2873,0.0000,0.0000,0.0000,0.0000,0,80.00,0.0000,5.6285,-9.5001,0.0000,6.2373,-18.8750,80.00,-1,-1.00000,0.000,0.000,0.000,0.000,0.000,0.000,0,0.00,0,0,0,0,0,0,1.2873,-0.000,0.000,-0.0000,-0.0000,-0.0000,4,1.2873,0.000
241,4.0167,0.0000,1.2373,-19.1250,0.0000,0.0000,-15.0000,15.0000,0.000,0.000,-8.594,1,VEHICLE,0,-,0.0000,50,150,0,0.0800,0,0,0.000,0.000,0.000,0.0000,0.0000,0.0000,1,1.0000,0,0,0.0000,0,1.2873,0.0000,0.0000,0.0000,0.0000,0,80.00,0.0000,5.6285,-9.7501,0.0000,6.2373,-19.1250,80.00,-1,-1.00000,0.000,0.000,0.000,0.000,0.000,0.000,0,0.00,0,0,0,0,0,0,1.2873,-0.000,0.000,0.0000,-0.0000,-0.0000,4,1.2873,0.000
242,4.0333,0.0000,1.2373,-19.3750,0.0000,0.0000,-15.0000,15.0000,0.000,0.000,-8.594,1,VEHICLE,0,-,0.0000,50,150,0,0.0800,0,0,0.000,0.000,0.000,0.0000,0.0000,0.0000,1,1.0000,0,0,0.0000,0,1.2873,0.0000,0.0000,0.0000,0.0000,0,80.00,0.0000,5.6285,-10.0001,0.0000,6.2373,-19.3750,80.00,-1,-1.00000,0.000,0.000,0.000,0.000,0.000,0.000,0,0.00,0,0,0,0,0,0,1.2873,-0.000,0.000,-0.0000,0.0000,-0.0000,4,1.2873,0.000
243,4.0500,0.0000,1.2373,-19.6250,0.0000,0.0000,-15.0000,15.0000,0.000,0.000,-8.594,1,VEHICLE,0,-,0.0000,50,150,0,0.0800,0,0,0.000,0.000,0.000,0.0000,0.0000,0.0000,1,1.0000,0,0,0.0000,0,1.2873,0.0000,0.0000,0.0000,0.0000,0,80.00,0.0000,5.6285,-10.2501,0.0000,6.2373,-19.6250,80.00,-1,-1.00000,0.000,0.000,0.000,0.000,0.000,0.000,0,0.00,0,0,0,0,0,0,1.2873,-0.000,0.000,-0.0000,-0.0000,-0.0000,4,1.2873,0.000
244,4.0667,0.0000,1.2373,-19.8750,0.0000,0.0000,-15.0000,15.0000,0.000,0.000,-8.594,1,VEHICLE,0,-,0.0000,50,150,0,0.0800,0,0,0.000,0.000,0.000,0.0000,0.0000,0.0000,1,1.0000,0,0,0.0000,0,1.2873,0.0000,0.0000,0.0000,0.0000,0,80.00,0.0000,5.6285,-10.5001,0.0000,6.2373,-19.8750,80.00,-1,-1.00000,0.000,0.000,0.000,0.000,0.000,0.000,0,0.00,0,0,0,0,0,0,1.2873,-0.000,0.000,-0.0000,0.0000,-0.0000,4,1.2873,0.000
245,4.0833,0.0000,1.2373,-20.1250,0.0000,0.0000,-15.0000,15.0000,0.000,0.000,-8.594,1,VEHICLE,0,-,0.0000,50,150,0,0.0800,0,0,0.000,0.000,0.000,0.0000,0.0000,0.0000,1,1.0000,0,0,0.0000,0,1.2873,0.0000,0.0000,0.0000,0.0000,0,80.00,0.0000,5.6285,-10.7501,0.0000,6.2373,-20.1250,80.00,-1,-1.00000,0.000,0.000,0.000,0.000,0.000,0.000,0,0.00,0,0,0,0,0,0,1.2873,-0.000,0.000,0.0000,0.0000,-0.0000,4,1.2873,0.000
246,4.1000,0.0000,1.2373,-20.3750,0.0000,0.0000,-15.0000,15.0000,0.000,0.000,-8.594,1,VEHICLE,0,-,0.0000,50,150,0,0.0800,0,0,0.000,0.000,0.000,0.0000,0.0000,0.0000,1,1.0000,0,0,0.0000,0,1.2873,0.0000,0.0000,0.0000,0.0000,0,80.00,0.0000,5.6285,-11.0001,0.0000,6.2373,-20.3750,80.00,-1,-1.00000,0.000,0.000,0.000,0.000,0.000,0.000,0,0.00,0,0,0,0,0,0,1.2873,-0.000,0.000,-0.0000,-0.0000,-0.0000,4,1.2873,0.000
247,4.1167,0.0000,1.2373,-20.6250,0.0000,0.0000,-15.0000,15.0000,0.000,0.000,-8.594,1,VEHICLE,0,-,0.0000,50,150,0,0.0800,0,0,0.000,0.000,0.000,0.0000,0.0000,0.0000,1,1.0000,0,0,0.0000,0,1.2873,0.0000,0.0000,0.0000,0.0000,0,80.00,0.0000,5.6285,-11.2501,0.0000,6.2373,-20.6250,80.00,-1,-1.00000,0.000,0.000,0.000,0.000,0.000,0.000,0,0.00,0,0,0,0,0,0,1.2873,-0.000,0.000,-0.0000,0.0000,-0.0000,4,1.2873,0.000
248,4.1333,0.0000,1.2373,-20.8750,0.0000,0.0000,-15.0000,15.0000,0.000,0.000,-8.594,1,VEHICLE,0,-,0.0000,50,150,0,0.0800,0,0,0.000,0.000,0.000,0.0000,0.0000,0.0000,1,1.0000,0,0,0.0000,0,1.2873,0.0000,0.0000,0.0000,0.0000,0,80.00,0.0000,5.6285,-11.5001,0.0000,6.2373,-20.8750,80.00,-1,-1.00000,0.000,0.000,0.000,0.000,0.000,0.000,0,0.00,0,0,0,0,0,0,1.2873,-0.000,0.000,-0.0000,0.0000,-0.0000,4,1.2873,0.000
249,4.1500,0.0000,1.2373,-21.1250,0.0000,0.0000,-15.0000,15.0000,0.000,0.000,-8.594,1,VEHICLE,0,-,0.0000,50,150,0,0.0800,0,0,0.000,0.000,0.000,0.0000,0.0000,0.0000,1,1.0000,0,0,0.0000,0,1.2873,0.0000,0.0000,0.0000,0.0000,0,80.00,0.0000,5.6285,-11.7501,0.0000,6.2373,-21.1250,80.00,-1,-1.00000,0.000,0.000,0.000,0.000,0.000,0.000,0,0.00,0,0,0,0,0,0,1.2873,-0.000,0.000,-0.0000,-0.0000,-0.0000,4,1.2873,0.000
250,4.1667,0.0000,1.2373,-21.3750,0.0000,0.0000,-15.0000,15.0000,0.000,0.000,-8.594,1,VEHICLE,0,-,0.0000,50,150,0,0.0800,0,0,0.000,0.000,0.000,0.0000,0.0000,0.0000,1,1.0000,0,0,0.0000,0,1.2873,0.0000,0.0000,0.0000,0.0000,0,80.00,0.0000,5.6285,-12.0001,0.0000,6.2373,-21.3750,80.00,-1,-1.00000,0.000,0.000,0.000,0.000,0.000,0.000,0,0.00,0,0,0,0,0,0,1.2873,-0.000,0.000,-0.0000,0.0000,-0.0000,4,1.2873,0.000
251,4.1833,0.0000,1.2373,-21.6250,0.0000,0.0000,-15.0000,15.0000,0.000,0.000,-8.594,1,VEHICLE,0,-,0.0000,50,150,0,0.0800,0,0,0.000,0.000,0.000,0.0000,0.0000,0.0000,1,1.0000,0,0,0.0000,0,1.2873,0.0000,0.0000,0.0000,0.0000,0,80.00,0.0000,5.6285,-12.2501,0.0000,6.2373,-21.6250,80.00,-1,-1.00000,0.000,0.000,0.000,0.000,0.000,0.000,0,0.00,0,0,0,0,0,0,1.2873,-0.000,0.000,0.0000,0.0000,-0.0000,4,1.2873,0.000
252,4.2000,0.0000,1.2373,-21.8750,0.0000,0.0000,-15.0000,15.0000,0.000,0.000,-8.594,1,VEHICLE,0,-,0.0000,50,150,0,0.0800,0,0,0.000,0.000,0.000,0.0000,0.0000,0.0000,1,1.0000,0,0,0.0000,0,1.2873,0.0000,0.0000,0.0000,0.0000,0,80.00,0.0000,5.6285,-12.5001,0.0000,6.2373,-21.8750,80.00,-1,-1.00000,0.000,0.000,0.000,0.000,0.000,0.000,0,0.00,0,0,0,0,0,0,1.2873,-0.000,0.000,-0.0000,-0.0000,-0.0000,4,1.2873,0.000
253,4.2167,0.0000,1.2373,-22.1250,0.0000,0.0000,-15.0000,15.0000,0.000,0.000,-8.594,1,VEHICLE,0,-,0.0000,50,150,0,0.0800,0,0,0.000,0.000,0.000,0.0000,0.0000,0.0000,1,1.0000,0,0,0.0000,0,1.2873,0.0000,0.0000,0.0000,0.0000,0,80.00,0.0000,5.6285,-12.7501,0.0000,6.2373,-22.1250,80.00,-1,-1.00000,0.000,0.000,0.000,0.000,0.000,0.000,0,0.00,0,0,0,0,0,0,1.2873,-0.000,0.000,-0.0000,0.0000,-0.0000,4,1.2873,0.000
254,4.2333,0.0000,1.2373,-22.3750,0.0000,0.0000,-15.0000,15.0000,0.000,0.000,-8.594,1,VEHICLE,0,-,0.0000,50,150,0,0.0800,0,0,0.000,0.000,0.000,0.0000,0.0000,0.0000,1,1.0000,0,0,0.0000,0,1.2873,0.0000,0.0000,0.0000,0.0000,0,80.00,0.0000,5.6285,-13.0001,0.0000,6.2373,-22.3750,80.00,-1,-1.00000,0.000,0.000,0.000,0.000,0.000,0.000,0,0.00,0,0,0,0,0,0,1.2873,-0.000,0.000,-0.0000,0.0000,-0.0000,4,1.2873,0.000
255,4.2500,0.0000,1.2373,-22.6250,0.0000,-0.0000,-15.0000,15.0000,0.000,0.000,-8.594,1,VEHICLE,0,-,0.0000,50,150,0,0.0800,0,0,0.000,0.000,0.000,0.0000,0.0000,0.0000,1,1.0000,0,0,0.0000,0,1.2873,0.0000,0.0000,0.0000,0.0000,0,80.00,0.0000,5.6285,-13.2501,0.0000,6.2373,-22.6250,80.00,-1,-1.00000,0.000,0.000,0.000,0.000,0.000,0.000,0,0.00,0,0,0,0,0,0,1.2873,-0.000,0.000,-0.0000,-0.0000,-0.0000,4,1.2873,0.000
256,4.2667,0.0000,1.2373,-22.8750,0.0000,-0.0000,-15.0000,15.0000,0.000,0.000,-8.594,1,VEHICLE,0,-,0.0000,50,150,0,0.0800,0,0,0.000,0.000,0.000,0.0000,0.0000,0.0000,1,1.0000,0,0,0.0000,0,1.2873,0.0000,0.0000,0.0000,0.0000,0,80.00,0.0000,5.6285,-13.5001,0.0000,6.2373,-22.8750,80.00,-1,-1.00000,0.000,0.000,0.000,0.000,0.000,0.000,0,0.00,0,0,0,0,0,0,1.2873,-0.000,0.000,-0.0000,0.0000,-0.0000,4,1.2873,0.000
257,4.2833,0.0000,1.2373,-23.1250,0.0000,-0.0000,-15.0000,15.0000,0.000,0.000,-8.594,1,VEHICLE,0,-,0.0000,50,150,0,0.0800,0,0,0.000,0.000,0.000,0.0000,0.0000,0.0000,1,1.0000,0,0,0.0000,0,1.2873,0.0000,0.0000,0.0000,0.0000,0,80.00,0.0000,5.6285,-13.7501,0.0000,6.2373,-23.1250,80.00,-1,-1.00000,0.000,0.000,0.000,0.000,0.000,0.000,0,0.00,0,0,0,0,0,0,1.2873,-0.000,0.000,-0.0000,0.0000,-0.0000,4,1.2873,0.000
258,4.3000,0.0000,1.2373,-23.3750,0.0000,-0.0000,-15.0000,15.0000,0.000,0.000,-8.594,1,VEHICLE,0,-,0.0000,50,150,0,0.0800,0,0,0.000,0.000,0.000,0.0000,0.0000,0.0000,1,1.0000,0,0,0.0000,0,1.2873,0.0000,0.0000,0.0000,0.0000,0,80.00,0.0000,5.6285,-14.0001,0.0000,6.2373,-23.3750,80.00,-1,-1.00000,0.000,0.000,0.000,0.000,0.000,0.000,0,0.00,0,0,0,0,0,0,1.2873,-0.000,0.000,0.0000,-0.0000,-0.0000,4,1.2873,0.000
259,4.3167,0.0000,1.2373,-23.6250,0.0000,-0.0000,-15.0000,15.0000,0.000,0.000,-8.594,1,VEHICLE,0,-,0.0000,50,150,0,0.0800,0,0,0.000,0.000,0.000,0.0000,0.0000,0.0000,1,1.0000,0,0,0.0000,0,1.2873,0.0000,0.0000,0.0000,0.0000,0,80.00,0.0000,5.6285,-14.2501,0.0000,6.2373,-23.6250,80.00,-1,-1.00000,0.000,0.000,0.000,0.000,0.000,0.000,0,0.00,0,0,0,0,0,0,1.2873,-0.000,0.000,-0.0000,0.0000,-0.0000,4,1.2873,0.000
260,4.3333,0.0000,1.2373,-23.8750,0.0000,-0.0000,-15.0000,15.0000,0.000,0.000,-8.594,1,VEHICLE,0,-,0.0000,50,150,0,0.0800,0,0,0.000,0.000,0.000,0.0000,0.0000,0.0000,1,1.0000,0,0,0.0000,0,1.2873,0.0000,0.0000,0.0000,0.0000,0,80.00,0.0000,5.6285,-14.5001,0.0000,6.2373,-23.8750,80.00,-1,-1.00000,0.000,0.000,0.000,0.000,0.000,0.000,0,0.00,0,0,0,0,0,0,1.2873,-0.000,0.000,-0.0000,-0.0000,-0.0000,4,1.2873,0.000
261,4.3500,0.0000,1.2373,-24.1250,0.0000,-0.0000,-15.0000,15.0000,0.000,0.000,-8.594,1,VEHICLE,0,-,0.0000,50,150,0,0.0800,0,0,0.000,0.000,0.000,0.0000,0.0000,0.0000,1,1.0000,0,0,0.0000,0,1.2873,0.0000,0.0000,0.0000,0.0000,0,80.00,0.0000,5.6285,-14.7501,0.0000,6.2373,-24.1250,80.00,-1,-1.00000,0.000,0.000,0.000,0.000,0.000,0.000,0,0.00,0,0,0,0,0,0,1.2873,-0.000,0.000,-0.0000,0.0000,-0.0000,4,1.2873,0.000
262,4.3667,0.0000,1.2373,-24.3750,0.0000,-0.0000,-15.0000,15.0000,0.000,0.000,-8.594,1,VEHICLE,0,-,0.0000,50,150,0,0.0800,0,0,0.000,0.000,0.000,0.0000,0.0000,0.0000,1,1.0000,0,0,0.0000,0,1.2873,0.0000,0.0000,0.0000,0.0000,0,80.00,0.0000,5.6285,-15.0001,0.0000,6.2373,-24.3750,80.00,-1,-1.00000,0.000,0.000,0.000,0.000,0.000,0.000,0,0.00,0,0,0,0,0,0,1.2873,-0.000,0.000,-0.0000,0.0000,-0.0000,4,1.2873,0.000
263,4.3833,0.0000,1.2373,-24.6250,0.0000,-0.0000,-15.0000,15.0000,0.000,0.000,-8.594,1,VEHICLE,0,-,0.0000,50,150,0,0.0800,0,0,0.000,0.000,0.000,0.0000,0.0000,0.0000,1,1.0000,0,0,0.0000,0,1.2873,0.0000,0.0000,0.0000,0.0000,0,80.00,0.0000,5.6285,-15.2501,0.0000,6.2373,-24.6250,80.00,-1,-1.00000,0.000,0.000,0.000,0.000,0.000,0.000,0,0.00,0,0,0,0,0,0,1.2873,-0.000,0.000,-0.0000,-0.0000,-0.0000,4,1.2873,0.000
264,4.4000,0.0000,1.2373,-24.8750,0.0000,-0.0000,-15.0000,15.0000,0.000,0.000,-8.594,1,VEHICLE,0,-,0.0000,50,150,0,0.0800,0,0,0.000,0.000,0.000,0.0000,0.0000,0.0000,1,1.0000,0,0,0.0000,0,1.2873,0.0000,0.0000,0.0000,0.0000,0,80.00,0.0000,5.6285,-15.5001,0.0000,6.2373,-24.8750,80.00,-1,-1.00000,0.000,0.000,0.000,0.000,0.000,0.000,0,0.00,0,0,0,0,0,0,1.2873,-0.000,0.000,0.0000,0.0000,-0.0000,4,1.2873,0.000
265,4.4167,0.0000,1.2373,-25.1250,0.0000,-0.0000,-15.0000,15.0000,0.000,0.000,-8.594,1,VEHICLE,0,-,0.0000,50,150,0,0.0800,0,0,0.000,0.000,0.000,0.0000,0.0000,0.0000,1,1.0000,0,0,0.0000,0,1.2873,0.0000,0.0000,0.0000,0.0000,0,80.00,0.0000,5.6285,-15.7501,0.0000,6.2373,-25.1250,80.00,-1,-1.00000,0.000,0.000,0.000,0.000,0.000,0.000,0,0.00,0,0,0,0,0,0,1.2873,-0.000,0.000,-0.0000,0.0000,-0.0000,4,1.2873,0.000
266,4.4333,0.0000,1.2373,-25.3750,0.0000,-0.0000,-15.0000,15.0000,0.000,0.000,-8.594,1,VEHICLE,0,-,0.0000,50,150,0,0.0800,0,0,0.000,0.000,0.000,0.0000,0.0000,0.0000,1,1.0000,0,0,0.0000,0,1.2873,0.0000,0.0000,0.0000,0.0000,0,80.00,0.0000,5.6285,-16.0001,0.0000,6.2373,-25.3750,80.00,-1,-1.00000,0.000,0.000,0.000,0.000,0.000,0.000,0,0.00,0,0,0,0,0,0,1.2873,-0.000,0.000,-0.0000,-0.0000,-0.0000,4,1.2873,0.000
267,4.4500,0.0000,1.2373,-25.6250,0.0000,-0.0000,-15.0000,15.0000,0.000,0.000,-8.594,1,VEHICLE,0,-,0.0000,50,150,0,0.0800,0,0,0.000,0.000,0.000,0.0000,0.0000,0.0000,1,1.0000,0,0,0.0000,0,1.2873,0.0000,0.0000,0.0000,0.0000,0,80.00,0.0000,5.6285,-16.2501,0.0000,6.2373,-25.6250,80.00,-1,-1.00000,0.000,0.000,0.000,0.000,0.000,0.000,0,0.00,0,0,0,0,0,0,1.2873,-0.000,0.000,-0.0000,0.0000,-0.0000,4,1.2873,0.000
268,4.4667,0.0000,1.2373,-25.8750,0.0000,-0.0000,-15.0000,15.0000,0.000,0.000,-8.594,1,VEHICLE,0,-,0.0000,50,150,0,0.0800,0,0,0.000,0.000,0.000,0.0000,0.0000,0.0000,1,1.0000,0,0,0.0000,0,1.2873,0.0000,0.0000,0.0000,0.0000,0,80.00,0.0000,5.6285,-16.5001,0.0000,6.2373,-25.8750,80.00,-1,-1.00000,0.000,0.000,0.000,0.000,0.000,0.000,0,0.00,0,0,0,0,0,0,1.2873,-0.000,0.000,-0.0000,0.0000,-0.0000,4,1.2873,0.000
269,4.4833,0.0000,1.2373,-26.1250,0.0000,-0.0000,-15.0000,15.0000,0.000,0.000,-8.594,1,VEHICLE,0,-,0.0000,50,150,0,0.0800,0,0,0.000,0.000,0.000,0.0000,0.0000,0.0000,1,1.0000,0,0,0.0000,0,1.2873,0.0000,0.0000,0.0000,0.0000,0,80.00,0.0000,5.6285,-16.7501,0.0000,6.2373,-26.1250,80.00,-1,-1.00000,0.000,0.000,0.000,0.000,0.000,0.000,0,0.00,0,0,0,0,0,0,1.2873,-0.000,0.000,-0.0000,-0.0000,-0.0000,4,1.2873,0.000
270,4.5000,0.0000,1.2373,-26.3750,0.0000,-0.0000,-15.0000,15.0000,0.000,0.000,-8.594,1,VEHICLE,0,-,0.0000,50,150,0,0.0800,0,0,0.000,0.000,0.000,0.0000,0.0000,0.0000,1,1.0000,0,0,0.0000,0,1.2873,0.0000,0.0000,0.0000,0.0000,0,80.00,0.0000,5.6285,-17.0001,0.0000,6.2373,-26.3750,80.00,-1,-1.00000,0.000,0.000,0.000,0.000,0.000,0.000,0,0.00,0,0,0,0,0,0,1.2873,-0.000,0.000,-0.0000,0.0000,-0.0000,4,1.2873,0.000
271,4.5167,0.0000,1.2373,-26.6250,0.0000,-0.0000,-15.0000,15.0000,-13.062,-90.000,-8.594,1,VEHICLE,0,-,0.0000,50,150,0,0.0800,0,0,0.000,0.000,0.000,0.0000,0.0000,0.0000,1,1.0000,0,0,0.0000,0,1.2873,0.0000,0.0000,0.0000,0.0000,0,80.00,-2.1188,5.6285,-17.4926,0.0000,6.2373,-26.6250,80.00,-1,-1.00000,0.000,0.000,0.000,0.000,0.000,0.000,0,0.00,0,0,0,0,0,0,1.2873,-0.000,0.000,0.0000,0.0000,13.6788,4,1.2873,0.000
272,4.5333,0.0083,1.2373,-26.8741,0.4968,-0.0000,-14.9431,14.9514,-34.752,-90.000,-8.594,1,VEHICLE,0,-,0.0000,50,150,0,0.0800,0,0,0.000,0.000,0.000,0.0000,0.0000,0.0000,1,1.0000,0,0,0.0000,0,1.2873,0.0000,0.0000,0.0000,0.0000,0,80.00,-5.3357,5.6285,-19.1714,0.0083,6.2373,-26.8741,80.00,-1,-1.00000,0.000,0.000,0.000,0.000,0.000,0.000,0,0.00,0,0,0,0,0,0,1.2873,-0.000,0.218,-0.2280,-0.0000,22.7136,4,1.2873,0.000
273,4.5500,0.0245,1.2372,-27.1205,0.9732,-0.0019,-14.7878,14.8198,-53.566,-90.000,-8.594,1,VEHICLE,0,-,0.0000,50,150,0,0.0800,0,0,0.000,0.000,0.000,0.0000,0.0000,0.0000,1,1.0000,0,0,0.0000,0,1.2873,0.0000,0.0000,0.0000,0.0000,0,80.00,-7.5180,5.6285,-21.5528,0.0245,6.2372,-27.1205,80.00,-1,-1.00000,0.000,0.000,0.000,0.000,0.000,0.000,0,0.00,0,0,0,0,0,0,1.2872,-0.000,0.754,-0.5619,0.0000,19.7017,4,1.2873,0.000
274,4.5667,0.0481,1.2371,-27.3630,1.4175,-0.0083,-14.5504,14.6193,-67.160,-90.000,-8.594,1,VEHICLE,0,-,0.0000,50,150,0,0.0800,0,0,0.000,0.000,0.000,0.0000,0.0000,0.0000,1,1.0000,0,0,0.0000,0,1.2872,0.0000,0.0000,0.0000,0.0000,0,80.00,-8.5917,5.6283,-23.7240,0.0481,6.2371,-27.3630,80.00,-1,-1.00000,0.000,0.000,0.000,0.000,0.000,0.000,0,0.00,0,0,0,0,0,0,1.2871,-0.000,1.498,-0.7784,0.0000,14.2351,4,1.2873,0.000
275,4.5833,0.0786,1.2367,-27.6006,1.8294,-0.0207,-14.2553,14.3722,-76.155,-90.000,-8.594,1,VEHICLE,0,-,0.0000,50,150,0,0.0800,0,0,0.000,0.000,0.000,0.0000,0.0000,0.0000,1,1.0000,0,0,0.0000,0,1.2871,0.0000,0.0000,0.0000,0.0000,0,80.00,-9.0239,5.6280,-25.3572,0.0786,6.2367,-27.6006,80.00,-1,-1.00000,0.000,0.000,0.000,0.000,0.000,0.000,0,0.00,0,0,0,0,0,0,1.2867,-0.000,2.316,-0.8571,-0.0000,9.4197,4,1.2875,0.000
276,4.6000,0.1155,1.2361,-27.8327,2.2153,-0.0391,-13.9227,14.0978,-81.806,-90.000,-8.594,1,VEHICLE,0,-,0.0000,50,150,0,0.0800,0,0,0.000,0.000,0.000,0.0000,0.0000,0.0000,1,1.0000,0,0,0.0000,0,1.2867,0.0000,0.0000,0.0000,0.0000,0,80.00,-9.1637,5.6273,-26.4965,0.1155,6.2361,-27.8327,80.00,-1,-1.00000,0.000,0.000,0.000,0.000,0.000,0.000,0,0.00,0,0,0,0,0,0,1.2860,-0.000,3.113,-0.8342,0.0000,5.9180,4,1.2877,0.000
277,4.6167,0.1586,1.2350,-28.0588,2.5825,-0.0623,-13.5661,13.8098,-85.237,-90.000,-8.594,1,VEHICLE,0,-,0.0000,50,150,0,0.0800,0,0,0.000,0.000,0.000,0.0000,0.0000,0.0000,1,1.0000,0,0,0.0000,0,1.2860,0.0000,0.0000,0.0000,0.0000,0,80.00,-9.1840,5.6263,-27.2803,0.1586,6.2350,-28.0588,80.00,-1,-1.00000,0.000,0.000,0.000,0.000,0.000,0.000,0,0.00,0,0,0,0,0,0,1.2849,-0.000,3.830,-0.7510,-0.0000,3.5927,4,1.2879,0.000
278,4.6333,0.2075,1.2336,-28.2787,2.9372,-0.0887,-13.1946,13.5176,-87.269,-90.000,-8.594,1,VEHICLE,0,-,0.0000,50,150,0,0.0800,0,0,0.000,0.000,0.000,0.0000,0.0000,0.0000,1,1.0000,0,0,0.0000,0,1.2849,0.0000,0.0000,0.0000,0.0000,0,80.00,-9.1568,5.6248,-27.8320,0.2075,6.2336,-28.2787,80.00,-1,-1.00000,0.000,0.000,0.000,0.000,0.000,0.000,0,0.00,0,0,0,0,0,0,1.2834,-0.000,4.440,-0.6389,0.0000,2.1286,4,1.2878,0.000
279,4.6500,0.2623,1.2316,-28.4922,3.2842,-0.1165,-12.8136,13.2277,-88.452,-90.000,-8.594,1,VEHICLE,0,-,0.0000,50,150,0,0.0800,0,0,0.000,0.000,0.000,0.0000,0.0000,0.0000,1,1.0000,0,0,0.0000,0,1.2834,0.0000,0.0000,0.0000,0.0000,0,80.00,-9.1093,5.6229,-28.2390,0.2623,6.2316,-28.4922,80.00,-1,-1.00000,0.000,0.000,0.000,0.000,0.000,0.000,0,0.00,0,0,0,0,0,0,1.2814,-0.000,4.935,-0.5187,-0.0000,1.2384,4,1.2873,0.000
280,4.6667,0.3227,1.2292,-28.6993,3.6263,-0.1441,-12.4265,12.9448,-89.130,-90.000,-8.594,1,VEHICLE,0,-,0.0000,50,150,0,0.0800,0,0,0.000,0.000,0.000,0.0000,0.0000,0.0000,1,1.0000,0,0,0.0000,0,1.2814,0.0000,0.0000,0.0000,0.0000,0,80.00,-9.0512,5.6205,-28.5571,0.3227,6.2292,-28.6993,80.00,-1,-1.00000,0.000,0.000,0.000,0.000,0.000,0.000,0,0.00,0,0,0,0,0,0,1.2790,-0.000,5.319,-0.4024,0.0000,0.7104,4,1.2862,0.000
281,4.6833,0.3888,1.2264,-28.8999,3.9658,-0.1705,-12.0356,12.6721,-89.515,-90.000,-8.594,1,VEHICLE,0,-,0.0000,50,150,0,0.0800,0,0,0.000,0.000,0.000,0.0000,0.0000,0.0000,1,1.0000,0,0,0.0000,0,1.2790,0.0000,0.0000,0.0000,0.0000,0,80.00,-8.9858,5.6176,-28.8206,0.3888,6.2264,-28.8999,80.00,-1,-1.00000,0.000,0.000,0.000,0.000,0.000,0.000,0,0.00,0,0,0,0,0,0,1.2761,-0.000,5.602,-0.2962,0.0000,0.4029,4,1.2845,0.000
282,4.7000,0.4605,1.2231,-29.0940,4.3037,-0.1947,-11.6422,12.4122,-89.731,-90.000,-8.594,1,VEHICLE,0,-,0.0000,50,150,0,0.0800,0,0,0.000,0.000,0.000,0.0000,0.0000,0.0000,1,1.0000,0,0,0.0000,0,1.2761,0.0000,0.0000,0.0000,0.0000,0,80.00,-8.9143,5.6144,-29.0500,0.4605,6.2231,-29.0940,80.00,-1,-1.00000,0.000,0.000,0.000,0.000,0.000,0.000,0,0.00,0,0,0,0,0,0,1.2729,-0.000,5.796,-0.2027,-0.0000,0.2265,4,1.2823,0.000
283,4.7167,0.5379,1.2195,-29.2814,4.6411,-0.2161,-11.2474,12.1673,-89.852,-90.000,-8.594,1,VEHICLE,0,-,0.0000,50,150,0,0.0800,0,0,0.000,0.000,0.000,0.0000,0.0000,0.0000,1,1.0000,0,0,0.0000,0,1.2729,0.0000,0.0000,0.0000,0.0000,0,80.00,-8.8370,5.6108,-29.2572,0.5379,6.2195,-29.2814,80.00,-1,-1.00000,0.000,0.000,0.000,0.000,0.000,0.000,0,0.00,0,0,0,0,0,0,1.2693,-0.000,5.913,-0.1224,-0.0000,0.1263,4,1.2794,0.000
284,4.7333,0.6209,1.2156,-29.4623,4.9782,-0.2345,-10.8518,11.9392,-89.919,-90.000,-8.594,1,VEHICLE,0,-,0.0000,50,150,0,0.0800,0,0,0.000,0.000,0.000,0.0000,0.0000,0.0000,1,1.0000,0,0,0.0000,0,1.2693,0.0000,0.0000,0.0000,0.0000,0,80.00,-8.7541,5.6069,-29.4490,0.6209,6.2156,-29.4623,80.00,-1,-1.00000,0.000,0.000,0.000,0.000,0.000,0.000,0,0.00,0,0,0,0,0,0,1.2654,-0.000,5.965,-0.0547,-0.0000,0.0700,4,1.2761,0.000
285,4.7500,0.7094,1.2115,-29.6365,5.3156,-0.2496,-10.4559,11.7295,-89.956,-90.000,-8.594,1,VEHICLE,0,-,0.0000,50,150,0,0.0800,0,0,0.000,0.000,0.000,0.0000,0.0000,0.0000,1,1.0000,0,0,0.0000,0,1.2654,0.0000,0.0000,0.0000,0.0000,0,80.00,-8.6655,5.6027,-29.6293,0.7094,6.2115,-29.6365,80.00,-1,-1.00000,0.000,0.000,0.000,0.000,0.000,0.000,0,0.00,0,0,0,0,0,0,1.2612,-0.000,5.963,0.0015,0.0000,0.0386,4,1.2722,0.000
286,4.7667,0.8037,1.2071,-29.8042,5.6533,-0.2614,-10.0600,11.5397,-89.976,-90.000,-8.594,1,VEHICLE,0,-,0.0000,50,150,0,0.0800,0,0,0.000,0.000,0.000,0.0000,0.0000,0.0000,1,1.0000,0,0,0.0000,0,1.2612,0.0000,0.0000,0.0000,0.0000,0,80.00,-8.5713,5.5984,-29.8003,0.8037,6.2071,-29.8042,80.00,-1,-1.00000,0.000,0.000,0.000,0.000,0.000,0.000,0,0.00,0,0,0,0,0,0,1.2568,-0.000,5.918,0.0476,0.0000,0.0212,4,1.2681,0.000
287,4.7833,0.9035,1.2026,-29.9653,5.9916,-0.2700,-9.6645,11.3711,-89.987,-90.000,-8.594,1,VEHICLE,0,-,0.0000,50,150,0,0.0800,0,0,0.000,0.000,0.000,0.0000,0.0000,0.0000,1,1.0000,0,0,0.0000,0,1.2568,0.0000,0.0000,0.0000,0.0000,0,80.00,-8.4714,5.5939,-29.9632,0.9035,6.2026,-29.9653,80.00,-1,-1.00000,0.000,0.000,0.000,0.000,0.000,0.000,0,0.00,0,0,0,0,0,0,1.2524,-0.000,5.837,0.0848,-0.0000,0.0116,4,1.2636,0.000
288,4.8000,1.0090,1.1980,-30.1198,6.3305,-0.2756,-9.2696,11.2250,-89.993,-90.000,-8.594,1,VEHICLE,0,-,0.0000,50,150,0,0.0800,0,0,0.000,0.000,0.000,0.0000,0.0000,0.0000,1,1.0000,0,0,0.0000,0,1.2524,0.0000,0.0000,0.0000,0.0000,0,80.00,-8.3659,5.5893,-30.1186,1.0090,6.1980,-30.1198,80.00,-1,-1.00000,0.000,0.000,0.000,0.000,0.000,0.000,0,0.00,0,0,0,0,0,0,1.2478,-0.000,5.728,0.1146,0.0000,0.0063,4,1.2589,0.000
289,4.8167,1.1202,1.1934,-30.2677,6.6701,-0.2782,-8.8755,11.1025,-89.996,-90.000,-8.594,1,VEHICLE,0,-,0.0000,50,150,0,0.0800,0,0,0.000,0.000,0.000,0.0000,0.0000,0.0000,1,1.0000,0,0,0.0000,0,1.2478,0.0000,0.0000,0.0000,0.0000,0,80.00,-8.2547,5.5846,-30.2671,1.1202,6.1934,-30.2677,80.00,-1,-1.00000,0.000,0.000,0.000,0.000,0.000,0.000,0,0.00,0,0,0,0,0,0,1.2431,-0.000,5.596,0.1379,-0.0000,0.0034,4,1.2540,0.000
290,4.8333,1.2370,1.1887,-30.4091,7.0105,-0.2781,-8.4823,11.0044,-89.998,-90.000,-8.594,1,VEHICLE,0,-,0.0000,50,150,0,0.0800,0,0,0.000,0.000,0.000,0.0000,0.0000,0.0000,1,1.0000,0,0,0.0000,0,1.2431,0.0000,0.0000,0.0000,0.0000,0,80.00,-8.1379,5.5800,-30.4087,1.2370,6.1887,-30.4091,80.00,-1,-1.00000,0.000,0.000,0.000,0.000,0.000,0.000,0,0.00,0,0,0,0,0,0,1.2385,-0.000,5.447,0.1558,0.0000,0.0018,4,1.2491,0.000
291,4.8500,1.3596,1.1842,-30.5439,7.3516,-0.2756,-8.0902,10.9315,-89.999,-90.000,-8.594,1,VEHICLE,0,-,0.0000,50,150,0,0.0800,0,0,0.000,0.000,0.000,0.0000,0.0000,0.0000,1,1.0000,0,0,0.0000,0,1.2385,0.0000,0.0000,0.0000,0.0000,0,80.00,-8.0154,5.5754,-30.5437,1.3596,6.1842,-30.5439,80.00,-1,-1.00000,0.000,0.000,0.000,0.000,0.000,0.000,0,0.00,0,0,0,0,0,0,1.2339,-0.000,5.286,0.1692,0.0000,0.0010,4,1.2441,0.000
292,4.8667,1.4878,1.1796,-30.6722,7.6935,-0.2708,-7.6993,10.8844,-89.999,-90.000,-8.594,1,VEHICLE,0,-,0.0000,50,150,0,0.0800,0,0,0.000,0.000,0.000,0.0000,0.0000,0.0000,1,1.0000,0,0,0.0000,0,1.2339,0.0000,0.0000,0.0000,0.0000,0,80.00,-7.8871,5.5709,-30.6721,1.4878,6.1796,-30.6722,80.00,-1,-1.00000,0.000,0.000,0.000,0.000,0.000,0.000,0,0.00,0,0,0,0,0,0,1.2294,-0.000,5.115,0.1788,-0.0000,0.0005,4,1.2392,0.000
293,4.8833,1.6217,1.1752,-30.7941,8.0363,-0.2639,-7.3097,10.8634,-90.000,-90.000,-8.594,1,VEHICLE,0,-,0.0000,50,150,0,0.0800,0,0,0.000,0.000,0.000,0.0000,0.0000,0.0000,1,1.0000,0,0,0.0000,0,1.2294,0.0000,0.0000,0.0000,0.0000,0,80.00,-7.7532,5.5665,-30.7940,1.6217,6.1752,-30.7941,80.00,-1,-1.00000,0.000,0.000,0.000,0.000,0.000,0.000,0,0.00,0,0,0,0,0,0,1.2251,-0.000,4.938,0.1853,0.0000,0.0003,4,1.2344,0.000
294,4.9000,1.7614,1.1710,-30.9094,8.3798,-0.2554,-6.9216,10.8687,-90.000,-90.000,-8.594,1,VEHICLE,0,-,0.0000,50,150,0,0.0800,0,0,0.000,0.000,0.000,0.0000,0.0000,0.0000,1,1.0000,0,0,0.0000,0,1.2251,0.0000,0.0000,0.0000,0.0000,0,80.00,-7.6135,5.5622,-30.9094,1.7614,6.1710,-30.9094,80.00,-1,-1.00000,0.000,0.000,0.000,0.000,0.000,0.000,0,0.00,0,0,0,0,0,0,1.2208,-0.000,4.757,0.1892,-0.0000,0.0002,4,1.2296,0.000
295,4.9167,1.9068,1.1669,-31.0183,8.7242,-0.2452,-6.5348,10.9003,-90.000,-90.000,-8.594,1,VEHICLE,0,-,0.0000,50,150,0,0.0800,0,0,0.000,0.000,0.000,0.0000,0.0000,0.0000,1,1.0000,0,0,0.0000,0,1.2208,0.0000,0.0000,0.0000,0.0000,0,80.00,-7.4681,5.5582,-31.0183,1.9068,6.1669,-31.0183,80.00,-1,-1.00000,0.000,0.000,0.000,0.000,0.000,0.000,0,0.00,0,0,0,0,0,0,1.2167,-0.000,4.575,0.1909,-0.0000,0.0001,4,1.2250,0.000
296,4.9333,2.0580,1.1630,-31.1208,9.0695,-0.2337,-6.1496,10.9578,-90.000,-90.000,-8.594,1,VEHICLE,0,-,0.0000,50,150,0,0.0800,0,0,0.000,0.000,0.000,0.0000,0.0000,0.0000,1,1.0000,0,0,0.0000,0,1.2167,0.0000,0.0000,0.0000,0.0000,0,80.00,-7.3170,5.5543,-31.1208,2.0580,6.1630,-31.1208,80.00,-1,-1.00000,0.000,0.000,0.000,0.000,0.000,0.000,0,0.00,0,0,0,0,0,0,1.2129,-0.000,4.393,0.1909,0.0000,0.0000,4,1.2206,0.000
297,4.9500,2.2149,1.1593,-31.2169,9.4155,-0.2211,-5.7660,11.0408,-90.000,-90.000,-8.594,1,VEHICLE,0,-,0.0000,50,150,0,0.0800,0,0,0.000,0.000,0.000,0.0000,0.0000,0.0000,1,1.0000,0,0,0.0000,0,1.2129,0.0000,0.0000,0.0000,0.0000,0,80.00,-7.1601,5.5506,-31.2169,2.2149,6.1593,-31.2169,80.00,-1,-1.00000,0.000,0.000,0.000,0.000,0.000,0.000,0,0.00,0,0,0,0,0,0,1.2092,-0.000,4.212,0.1894,0.0000,0.0000,4,1.2164,0.000
298,4.9667,2.3776,1.1559,-31.3067,9.7625,-0.2075,-5.3839,11.1487,-90.000,-90.000,-8.594,1,VEHICLE,0,-,0.0000,50,150,0,0.0800,0,0,0.000,0.000,0.000,0.0000,0.0000,0.0000,1,1.0000,0,0,0.0000,0,1.2092,0.0000,0.0000,0.0000,0.0000,0,80.00,-6.9973,5.5471,-31.3067,2.3776,6.1559,-31.3067,80.00,-1,-1.00000,0.000,0.000,0.000,0.000,0.000,0.000,0,0.00,0,0,0,0,0,0,1.2057,-0.000,4.033,0.1868,-0.0000,0.0000,4,1.2125,0.000
299,4.9833,2.5461,1.1526,-31.3901,10.1104,-0.1932,-5.0035,11.2807,-90.000,-90.000,-8.594,1,VEHICLE,0,-,0.0000,50,150,0,0.0800,0,0,0.000,0.000,0.000,0.0000,0.0000,0.0000,1,1.0000,0,0,0.0000,0,1.2057,0.0000,0.0000,0.0000,0.0000,0,80.00,-6.8288,5.5439,-31.3901,2.5461,6.1526,-31.3901,80.00,-1,-1.00000,0.000,0.000,0.000,0.000,0.000,0.000,0,0.00,0,0,0,0,0,0,1.2025,-0.000,3.858,0.1833,-0.0000,0.0000,4,1.2087,0.000
300,5.0000,2.7204,1.1497,-31.4671,10.4591,-0.1783,-4.6248,11.4360,-90.000,-90.000,-8.594,1,VEHICLE,0,-,0.0000,50,150,0,0.0800,0,0,0.000,0.000,0.000,0.0000,0.0000,0.0000,1,1.0000,0,0,0.0000,0,1.2025,0.0000,0.0000,0.0000,0.0000,0,80.00,-6.6545,5.5409,-31.4671,2.7204,6.1497,-31.4671,80.00,-1,-1.00000,0.000,0.000,0.000,0.000,0.000,0.000,0,0.00,0,0,0,0,0,0,1.1996,-0.000,3.687,0.1791,0.0000,-0.0000,4,1.2053,0.000
301,5.0167,2.9006,1.1470,-31.5379,10.8088,-0.1630,-4.2477,11.6135,-90.000,-90.000,-8.594,1,VEHICLE,0,-,0.0000,50,150,0,0.0800,0,0,0.000,0.000,0.000,0.0000,0.0000,0.0000,1,1.0000,0,0,0.0000,0,1.1996,0.0000,0.0000,0.0000,0.0000,0,80.00,-6.4744,5.5382,-31.5379,2.9006,6.1470,-31.5379,80.00,-1,-1.00000,0.000,0.000,0.000,0.000,0.000,0.000,0,0.00,0,0,0,0,0,0,1.1969,-0.000,3.521,0.1744,-0.0000,-0.0000,4,1.2021,0.000
302,5.0333,3.0866,1.1445,-31.6025,11.1594,-0.1474,-3.8724,11.8121,-90.000,-90.000,-8.594,1,VEHICLE,0,-,0.0000,50,150,0,0.0800,0,0,0.000,0.000,0.000,0.0000,0.0000,0.0000,1,1.0000,0,0,0.0000,0,1.1969,0.0000,0.0000,0.0000,0.0000,0,80.00,-6.2884,5.5358,-31.6025,3.0866,6.1445,-31.6025,80.00,-1,-1.00000,0.000,0.000,0.000,0.000,0.000,0.000,0,0.00,0,0,0,0,0,0,1.1944,-0.000,3.359,0.1692,-0.0000,-0.0000,4,1.1991,0.000
303,5.0500,3.2784,1.1423,-31.6608,11.5110,-0.1317,-3.4988,12.0309,-90.000,-90.000,-8.594,1,VEHICLE,0,-,0.0000,50,150,0,0.0800,0,0,0.000,0.000,0.000,0.0000,0.0000,0.0000,1,1.0000,0,0,0.0000,0,1.1944,0.0000,0.0000,0.0000,0.0000,0,80.00,-6.0965,5.5336,-31.6608,3.2784,6.1423,-31.6608,80.00,-1,-1.00000,0.000,0.000,0.000,0.000,0.000,0.000,0,0.00,0,0,0,0,0,0,1.1922,-0.000,3.203,0.1638,0.0000,-0.0000,4,1.1965,0.000
304,5.0667,3.4761,1.1404,-31.7129,11.8636,-0.1159,-3.1269,12.2687,-90.000,-90.000,-8.594,1,VEHICLE,0,-,0.0000,50,150,0,0.0800,0,0,0.000,0.000,0.000,0.0000,0.0000,0.0000,1,1.0000,0,0,0.0000,0,1.1922,0.0000,0.0000,0.0000,0.0000,0,80.00,-5.8988,5.5316,-31.7129,3.4761,6.1404,-31.7129,80.00,-1,-1.00000,0.000,0.000,0.000,0.000,0.000,0.000,0,0.00,0,0,0,0,0,0,1.1903,-0.000,3.052,0.1581,-0.0000,-0.0000,4,1.1941,0.000
305,5.0833,3.6798,1.1387,-31.7589,12.2173,-0.1002,-2.7569,12.5245,-90.000,-90.000,-8.594,1,VEHICLE,0,-,0.0000,50,150,0,0.0800,0,0,0.000,0.000,0.000,0.0000,0.0000,0.0000,1,1.0000,0,0,0.0000,0,1.1903,0.0000,0.0000,0.0000,0.0000,0,80.00,-5.6952,5.5300,-31.7589,3.6798,6.1387,-31.7589,80.00,-1,-1.00000,0.000,0.000,0.000,0.000,0.000,0.000,0,0.00,0,0,0,0,0,0,1.1886,-0.000,2.906,0.1524,0.0000,-0.0000,4,1.1920,0.000
306,5.1000,3.8893,1.1373,-31.7987,12.5721,-0.0847,-2.3888,12.7970,-90.000,-90.000,-8.594,1,VEHICLE,0,-,0.0000,50,150,0,0.0800,0,0,0.000,0.000,0.000,0.0000,0.0000,0.0000,1,1.0000,0,0,0.0000,0,1.1886,0.0000,0.0000,0.0000,0.0000,0,80.00,-5.4857,5.5285,-31.7987,3.8893,6.1373,-31.7987,80.00,-1,-1.00000,0.000,0.000,0.000,0.000,0.000,0.000,0,0.00,0,0,0,0,0,0,1.1872,-0.000,2.766,0.1465,-0.0000,-0.0000,4,1.1902,0.000
307,5.1167,4.1048,1.1361,-31.8324,12.9282,-0.0695,-2.0227,13.0854,-90.000,-90.000,-8.594,1,VEHICLE,0,-,0.0000,50,150,0,0.0800,0,0,0.000,0.000,0.000,0.0000,0.0000,0.0000,1,1.0000,0,0,0.0000,0,1.1872,0.0000,0.0000,0.0000,0.0000,0,80.00,-5.2702,5.5274,-31.8324,4.1048,6.1361,-31.8324,80.00,-1,-1.00000,0.000,0.000,0.000,0.000,0.000,0.000,0,0.00,0,0,0,0,0,0,1.1861,-0.000,2.632,0.1407,0.0000,-0.0000,4,1.1886,0.000
308,5.1333,4.3262,1.1352,-31.8600,13.2856,-0.0545,-1.6587,13.3888,-90.000,-90.000,-8.594,1,VEHICLE,0,-,0.0000,50,150,0,0.0800,0,0,0.000,0.000,0.000,0.0000,0.0000,0.0000,1,1.0000,0,0,0.0000,0,1.1861,0.0000,0.0000,0.0000,0.0000,0,80.00,-5.0488,5.5265,-31.8600,4.3262,6.1352,-31.8600,80.00,-1,-1.00000,0.000,0.000,0.000,0.000,0.000,0.000,0,0.00,0,0,0,0,0,0,1.1852,-0.000,2.503,0.1349,-0.0000,-0.0000,4,1.1873,0.000
309,5.1500,4.5536,1.1346,-31.8816,13.6447,-0.0400,-1.2970,13.7062,-90.000,-90.000,-8.594,1,VEHICLE,0,-,0.0000,50,150,0,0.0800,0,0,0.000,0.000,0.000,0.0000,0.0000,0.0000,1,1.0000,0,0,0.0000,0,1.1852,0.0000,0.0000,0.0000,0.0000,0,80.00,-4.8213,5.5258,-31.8816,4.5536,6.1346,-31.8816,80.00,-1,-1.00000,0.000,0.000,0.000,0.000,0.000,0.000,0,0.00,0,0,0,0,0,0,1.1845,-0.000,2.380,0.1292,0.0000,-0.0000,4,1.1863,0.000
310,5.1667,4.7870,1.1341,-31.8973,14.0057,-0.0259,-0.9380,14.0371,-90.000,-90.000,-8.594,1,VEHICLE,0,-,0.0000,50,150,0,0.0800,0,0,0.000,0.000,0.000,0.0000,0.0000,0.0000,1,1.0000,0,0,0.0000,0,1.1845,0.0000,0.0000,0.0000,0.0000,0,80.00,-4.5879,5.5254,-31.8973,4.7870,6.1341,-31.8973,80.00,-1,-1.00000,0.000,0.000,0.000,0.000,0.000,0.000,0,0.00,0,0,0,0,0,0,1.1841,-0.000,2.262,0.1236,-0.0000,-0.0000,4,1.1855,0.000
311,5.1833,5.0265,1.1339,-31.9070,14.3691,-0.0123,-0.5822,14.3809,-90.000,-90.000,-8.594,1,VEHICLE,0,-,0.0000,50,150,0,0.0800,0,0,0.000,0.000,0.000,0.0000,0.0000,0.0000,1,1.0000,0,0,0.0000,0,1.1841,0.0000,0.0000,0.0000,0.0000,0,80.00,-4.3484,5.5252,-31.9070,5.0265,6.1339,-31.9070,80.00,-1,-1.00000,0.000,0.000,0.000,0.000,0.000,0.000,0,0.00,0,0,0,0,0,0,1.1839,-0.000,2.149,0.1182,0.0000,-0.0000,4,1.1850,0.000
312,5.2000,5.2721,1.1339,-31.9108,14.7363,0.0009,-0.2310,14.7381,-90.000,-90.000,-8.594,1,VEHICLE,0,-,0.0000,50,150,0,0.0800,0,0,0.000,0.000,0.000,0.0000,0.0000,0.0000,1,1.0000,0,0,0.0000,0,1.1839,0.0000,0.0000,0.0000,0.0000,0,80.00,-4.1028,5.5252,-31.9108,5.2721,6.1339,-31.9108,80.00,-1,-1.00000,0.000,0.000,0.000,0.000,0.000,0.000,0,0.00,0,0,0,0,0,0,1.1839,-0.000,2.041,0.1128,-0.0000,-0.0000,4,1.1847,0.000
313,5.2167,5.5221,1.1342,-31.9106,15.0000,0.0172,0.0121,15.0000,-90.000,-90.000,-8.594,1,VEHICLE,0,-,0.0000,50,150,0,0.0800,0,0,0.000,0.000,0.000,0.0000,0.0000,0.0000,1,1.0000,0,0,0.0000,0,1.1839,0.0000,0.0000,0.0000,0.0000,0,80.00,-3.8528,5.5255,-31.9106,5.5221,6.1342,-31.9106,80.00,-1,-1.00000,0.000,0.000,0.000,0.000,0.000,0.000,0,0.00,0,0,0,0,0,0,1.1842,-0.000,1.938,0.1077,0.0000,-0.0000,4,1.1847,0.000
314,5.2333,5.7721,1.1349,-31.9104,15.0000,0.0404,0.0123,15.0000,-90.000,-90.000,-8.594,1,VEHICLE,0,-,0.0000,50,150,0,0.0800,0,0,0.000,0.000,0.000,0.0000,0.0000,0.0000,1,1.0000,0,0,0.0000,0,1.1842,0.0000,0.0000,0.0000,0.0000,0,80.00,-3.6028,5.5262,-31.9104,5.7721,6.1349,-31.9104,80.00,-1,-1.00000,0.000,0.000,0.000,0.000,0.000,0.000,0,0.00,0,0,0,0,0,0,1.1849,-0.000,1.840,0.1027,-0.0000,-0.0000,4,1.1849,0.000
315,5.2500,6.0221,1.1359,-31.9102,15.0000,0.0612,0.0124,15.0000,-90.000,-90.000,-8.594,1,VEHICLE,0,-,0.0000,50,150,0,0.0800,0,0,0.000,0.000,0.000,0.0000,0.0000,0.0000,1,1.0000,0,0,0.0000,0,1.1849,0.0000,0.0000,0.0000,0.0000,0,80.00,-3.3528,5.5272,-31.9102,6.0221,6.1359,-31.9102,80.00,-1,-1.00000,0.000,0.000,0.000,0.000,0.000,0.000,0,0.00,0,0,0,0,0,0,1.1859,-0.000,1.747,0.0978,-0.0000,-0.0000,4,1.1855,0.000
316,5.2667,6.2721,1.1372,-31.9100,15.0000,0.0796,0.0123,15.0000,-90.000,-90.000,-8.594,1,VEHICLE,0,-,0.0000,50,150,0,0.0800,0,0,0.000,0.000,0.000,0.0000,0.0000,0.0000,1,1.0000,0,0,0.0000,0,1.1859,0.0000,0.0000,0.0000,0.0000,0,80.00,-3.1028,5.5285,-31.9100,6.2721,6.1372,-31.9100,80.00,-1,-1.00000,0.000,0.000,0.000,0.000,0.000,0.000,0,0.00,0,0,0,0,0,0,1.1872,-0.000,1.658,0.0932,0.0000,-0.0000,4,1.1864,0.000
317,5.2833,6.5221,1.1388,-31.9098,15.0000,0.0958,0.0121,15.0000,-90.000,-90.000,-8.594,1,VEHICLE,0,-,0.0000,50,150,0,0.0800,0,0,0.000,0.000,0.000,0.0000,0.0000,0.0000,1,1.0000,0,0,0.0000,0,1.1872,0.0000,0.0000,0.0000,0.0000,0,80.00,-2.8528,5.5301,-31.9098,6.5221,6.1388,-31.9098,80.00,-1,-1.00000,0.000,0.000,0.000,0.000,0.000,0.000,0,0.00,0,0,0,0,0,0,1.1888,-0.000,1.573,0.0887,-0.0000,-0.0000,4,1.1877,0.000
318,5.3000,6.7721,1.1407,-31.9096,15.0000,0.1100,0.0119,15.0000,-90.000,-90.000,-8.594,1,VEHICLE,0,-,0.0000,50,150,0,0.0800,0,0,0.000,0.000,0.000,0.0000,0.0000,0.0000,1,1.0000,0,0,0.0000,0,1.1888,0.0000,0.0000,0.0000,0.0000,0,80.00,-2.6028,5.5319,-31.9096,6.7721,6.1407,-31.9096,80.00,-1,-1.00000,0.000,0.000,0.000,0.000,0.000,0.000,0,0.00,0,0,0,0,0,0,1.1907,-0.000,1.492,0.0844,0.0000,-0.0000,4,1.1893,0.000
319,5.3167,7.0221,1.1427,-31.9094,15.0000,0.1224,0.0116,15.0000,-90.000,-90.000,-8.594,1,VEHICLE,0,-,0.0000,50,150,0,0.0800,0,0,0.000,0.000,0.000,0.0000,0.0000,0.0000,1,1.0000,0,0,0.0000,0,1.1907,0.0000,0.0000,0.0000,0.0000,0,80.00,-2.3528,5.5340,-31.9094,7.0221,6.1427,-31.9094,80.00,-1,-1.00000,0.000,0.000,0.000,0.000,0.000,0.000,0,0.00,0,0,0,0,0,0,1.1927,-0.000,1.416,0.0802,-0.0000,-0.0000,4,1.1911,0.000
320,5.3333,7.2721,1.1449,-31.9092,15.0000,0.1330,0.0113,15.0000,-90.000,-90.000,-8.594,1,VEHICLE,0,-,0.0000,50,150,0,0.0800,0,0,0.000,0.000,0.000,0.0000,0.0000,0.0000,1,1.0000,0,0,0.0000,0,1.1927,0.0000,0.0000,0.0000,0.0000,0,80.00,-2.1028,5.5362,-31.9092,7.2721,6.1449,-31.9092,80.00,-1,-1.00000,0.000,0.000,0.000,0.000,0.000,0.000,0,0.00,0,0,0,0,0,0,1.1949,-0.000,1.343,0.0763,0.0000,-0.0000,4,1.1931,0.000
321,5.3500,7.5221,1.1473,-31.9090,15.0000,0.1420,0.0109,15.0000,-90.000,-90.000,-8.594,1,VEHICLE,0,-,0.0000,50,150,0,0.0800,0,0,0.000,0.000,0.000,0.0000,0.0000,0.0000,1,1.0000,0,0,0.0000,0,1.1949,0.0000,0.0000,0.0000,0.0000,0,80.00,-1.8528,5.5386,-31.9090,7.5221,6.1473,-31.9090,80.00,-1,-1.00000,0.000,0.000,0.000,0.000,0.000,0.000,0,0.00,0,0,0,0,0,0,1.1973,-0.000,1.274,0.0725,-0.0000,-0.0000,4,1.1952,0.000
322,5.3667,7.7721,1.1498,-31.9089,15.0000,0.1495,0.0105,15.0000,-90.000,-90.000,-8.594,1,VEHICLE,0,-,0.0000,50,150,0,0.0800,0,0,0.000,0.000,0.000,0.0000,0.0000,0.0000,1,1.0000,0,0,0.0000,0,1.1973,0.0000,0.0000,0.0000,0.0000,0,80.00,-1.6028,5.5410,-31.9089,7.7721,6.1498,-31.9089,80.00,-1,-1.00000,0.000,0.000,0.000,0.000,0.000,0.000,0,0.00,0,0,0,0,0,0,1.1998,-0.000,1.208,0.0689,0.0000,-0.0000,4,1.1976,0.000
323,5.3833,8.0221,1.1524,-31.9087,15.0000,0.1556,0.0101,15.0000,-90.000,-90.000,-8.594,1,VEHICLE,0,-,0.0000,50,150,0,0.0800,0,0,0.000,0.000,0.000,0.0000,0.0000,0.0000,1,1.0000,0,0,0.0000,0,1.1998,0.0000,0.0000,0.0000,0.0000,0,80.00,-1.3528,5.5436,-31.9087,8.0221,6.1524,-31.9087,80.00,-1,-1.00000,0.000,0.000,0.000,0.000,0.000,0.000,0,0.00,0,0,0,0,0,0,1.2024,-0.000,1.145,0.0654,-0.0000,-0.0000,4,1.2000,0.000
324,5.4000,8.2721,1.1551,-31.9085,15.0000,0.1605,0.0097,15.0000,-90.000,-90.000,-8.594,1,VEHICLE,0,-,0.0000,50,150,0,0.0800,0,0,0.000,0.000,0.000,0.0000,0.0000,0.0000,1,1.0000,0,0,0.0000,0,1.2024,0.0000,0.0000,0.0000,0.0000,0,80.00,-1.1028,5.5463,-31.9085,8.2721,6.1551,-31.9085,80.00,-1,-1.00000,0.000,0.000,0.000,0.000,0.000,0.000,0,0.00,0,0,0,0,0,0,1.2050,-0.000,1.086,0.0622,-0.0000,-0.0000,4,1.2026,0.000
325,5.4167,8.5221,1.1578,-31.9084,15.0000,0.1643,0.0092,15.0000,-90.000,-90.000,-8.594,1,VEHICLE,0,-,0.0000,50,150,0,0.0800,0,0,0.000,0.000,0.000,0.0000,0.0000,0.0000,1,1.0000,0,0,0.0000,0,1.2050,0.0000,0.0000,0.0000,0.0000,0,80.00,-0.8528,5.5491,-31.9084,8.5221,6.1578,-31.9084,80.00,-1,-1.00000,0.000,0.000,0.000,0.000,0.000,0.000,0,0.00,0,0,0,0,0,0,1.2078,-0.000,1.030,0.0590,0.0000,-0.0000,4,1.2053,0.000
326,5.4333,8.7721,1.1606,-31.9082,15.0000,0.1670,0.0088,15.0000,-90.000,-90.000,-8.594,1,VEHICLE,0,-,0.0000,50,150,0,0.0800,0,0,0.000,0.000,0.000,0.0000,0.0000,0.0000,1,1.0000,0,0,0.0000,0,1.2078,0.0000,0.0000,0.0000,0.0000,0,80.00,-0.6028,5.5518,-31.9082,8.7721,6.1606,-31.9082,80.00,-1,-1.00000,0.000,0.000,0.000,0.000,0.000,0.000,0,0.00,0,0,0,0,0,0,1.2106,-0.000,0.976,0.0560,-0.0000,-0.0000,4,1.2080,0.000
327,5.4500,9.0221,1.1634,-31.9081,15.0000,0.1688,0.0084,15.0000,-90.000,-90.000,-8.594,1,VEHICLE,0,-,0.0000,50,150,0,0.0800,0,0,0.000,0.000,0.000,0.0000,0.0000,0.0000,1,1.0000,0,0,0.0000,0,1.2106,0.0000,0.0000,0.0000,0.0000,0,80.00,-0.3528,5.5546,-31.9081,9.0221,6.1634,-31.9081,80.00,-1,-1.00000,0.000,0.000,0.000,0.000,0.000,0.000,0,0.00,0,0,0,0,0,0,1.2134,-0.000,0.925,0.0532,0.0000,-0.0000,4,1.2107,0.000
328,5.4667,9.2721,1.1662,-31.9080,15.0000,0.1697,0.0080,15.0000,-90.000,-90.000,-8.594,1,VEHICLE,0,-,0.0000,50,150,0,0.0800,0,0,0.000,0.000,0.000,0.0000,0.0000,0.0000,1,1.0000,0,0,0.0000,0,1.2134,0.0000,0.0000,0.0000,0.0000,0,80.00,-0.1028,5.5575,-31.9080,9.2721,6.1662,-31.9080,80.00,-1,-1.00000,0.000,0.000,0.000,0.000,0.000,0.000,0,0.00,0,0,0,0,0,0,1.2162,-0.000,0.877,0.0504,-0.0000,-0.0000,4,1.2135,0.000
329,5.4833,9.5221,1.1690,-31.9078,15.0000,0.1698,0.0076,15.0000,-90.000,-90.000,-8.594,1,VEHICLE,0,-,0.0000,50,150,0,0.0800,0,0,0.000,0.000,0.000,0.0000,0.0000,0.0000,1,1.0000,0,0,0.0000,0,1.2162,0.0000,0.0000,0.0000,0.0000,0,80.00,0.1472,5.5603,-31.9078,9.5221,6.1690,-31.9078,80.00,-1,-1.00000,0.000,0.000,0.000,0.000,0.000,0.000,0,0.00,0,0,0,0,0,0,1.2190,-0.000,0.832,0.0479,-0.0000,-0.0000,4,1.2164,0.000
330,5.5000,9.7721,1.1719,-31.9077,15.0000,0.1693,0.0072,15.0000,-90.000,-90.000,-8.594,1,VEHICLE,0,-,0.0000,50,150,0,0.0800,0,0,0.000,0.000,0.000,0.0000,0.0000,0.0000,1,1.0000,0,0,0.0000,0,1.2190,0.0000,0.0000,0.0000,0.0000,0,80.00,0.3972,5.5631,-31.9077,9.7721,6.1719,-31.9077,80.00,-1,-1.00000,0.000,0.000,0.000,0.000,0.000,0.000,0,0.00,0,0,0,0,0,0,1.2219,-0.000,0.788,0.0454,-0.0000,-0.0000,4,1.2192,0.000
331,5.5167,10.0221,1.1747,-31.9076,15.0000,0.1681,0.0068,15.0000,-90.000,-90.000,-8.594,1,VEHICLE,0,-,0.0000,50,150,0,0.0800,0,0,0.000,0.000,0.000,0.0000,0.0000,0.0000,1,1.0000,0,0,0.0000,0,1.2219,0.0000,0.0000,0.0000,0.0000,0,80.00,0.6472,5.5659,-31.9076,10.0221,6.1747,-31.9076,80.00,-1,-1.00000,0.000,0.000,0.000,0.000,0.000,0.000,0,0.00,0,0,0,0,0,0,1.2247,-0.000,0.747,0.0431,0.0000,-0.0000,4,1.2220,0.000
332,5.5333,10.2721,1.1774,-31.9075,15.0000,0.1663,0.0064,15.0000,-90.000,-90.000,-8.594,1,VEHICLE,0,-,0.0000,50,150,0,0.0800,0,0,0.000,0.000,0.000,0.0000,0.0000,0.0000,1,1.0000,0,0,0.0000,0,1.2247,0.0000,0.0000,0.0000,0.0000,0,80.00,0.8972,5.5687,-31.9075,10.2721,6.1774,-31.9075,80.00,-1,-1.00000,0.000,0.000,0.000,0.000,0.000,0.000,0,0.00,0,0,0,0,0,0,1.2274,-0.000,0.708,0.0409,-0.0000,-0.0000,4,1.2248,0.000
333,5.5500,10.5221,1.1802,-31.9074,15.0000,0.1641,0.0060,15.0000,-90.000,-90.000,-8.594,1,VEHICLE,0,-,0.0000,50,150,0,0.0800,0,0,0.000,0.000,0.000,0.0000,0.0000,0.0000,1,1.0000,0,0,0.0000,0,1.2274,0.0000,0.0000,0.0000,0.0000,0,80.00,1.1472,5.5714,-31.9074,10.5221,6.1802,-31.9074,80.00,-1,-1.00000,0.000,0.000,0.000,0.000,0.000,0.000,0,0.00,0,0,0,0,0,0,1.2302,-0.000,0.671,0.0387,-0.0000,-0.0000,4,1.2275,0.000
334,5.5667,10.7721,1.1829,-31.9073,15.0000,0.1614,0.0057,15.0000,-90.000,-90.000,-8.594,1,VEHICLE,0,-,0.0000,50,150,0,0.0800,0,0,0.000,0.000,0.000,0.0000,0.0000,0.0000,1,1.0000,0,0,0.0000,0,1.2302,0.0000,0.0000,0.0000,0.0000,0,80.00,1.3972,5.5741,-31.9073,10.7721,6.1829,-31.9073,80.00,-1,-1.00000,0.000,0.000,0.000,0.000,0.000,0.000,0,0.00,0,0,0,0,0,0,1.2329,-0.000,0.636,0.0367,0.0000,-0.0000,4,1.2303,0.000
335,5.5833,11.0221,1.1855,-31.9072,15.0000,0.1584,0.0053,15.0000,-90.000,-90.000,-8.594,1,VEHICLE,0,-,0.0000,50,150,0,0.0800,0,0,0.000,0.000,0.000,0.0000,0.0000,0.0000,1,1.0000,0,0,0.0000,0,1.2329,0.0000,0.0000,0.0000,0.0000,0,80.00,1.6472,5.5768,-31.9072,11.0221,6.1855,-31.9072,80.00,-1,-1.00000,0.000,0.000,0.000,0.000,0.000,0.000,0,0.00,0,0,0,0,0,0,1.2355,-0.000,0.603,0.0348,-0.0000,-0.0000,4,1.2329,0.000
336,5.6000,11.2721,1.1881,-31.9071,15.0000,0.1550,0.0050,15.0000,-90.000,-90.000,-8.594,1,VEHICLE,0,-,0.0000,50,150,0,0.0800,0,0,0.000,0.000,0.000,0.0000,0.0000,0.0000,1,1.0000,0,0,0.0000,0,1.2355,0.0000,0.0000,0.0000,0.0000,0,80.00,1.8972,5.5794,-31.9071,11.2721,6.1881,-31.9071,80.00,-1,-1.00000,0.000,0.000,0.000,0.000,0.000,0.000,0,0.00,0,0,0,0,0,0,1.2381,-0.000,0.571,0.0330,-0.0000,-0.0000,4,1.2356,0.000
337,5.6167,11.5221,1.1906,-31.9071,15.0000,0.1513,0.0047,15.0000,-90.000,-90.000,-8.594,1,VEHICLE,0,-,0.0000,50,150,0,0.0800,0,0,0.000,0.000,0.000,0.0000,0.0000,0.0000,1,1.0000,0,0,0.0000,0,1.2381,0.0000,0.0000,0.0000,0.0000,0,80.00,2.1472,5.5819,-31.9071,11.5221,6.1906,-31.9071,80.00,-1,-1.00000,0.000,0.000,0.000,0.000,0.000,0.000,0,0.00,0,0,0,0,0,0,1.2406,-0.000,0.541,0.0313,0.0000,-0.0000,4,1.2381,0.000
338,5.6333,11.7721,1.1931,-31.9070,15.0000,0.1474,0.0044,15.0000,-90.000,-90.000,-8.594,1,VEHICLE,0,-,0.0000,50,150,0,0.0800,0,0,0.000,0.000,0.000,0.0000,0.0000,0.0000,1,1.0000,0,0,0.0000,0,1.2406,0.0000,0.0000,0.0000,0.0000,0,80.00,2.3972,5.5843,-31.9070,11.7721,6.1931,-31.9070,80.00,-1,-1.00000,0.000,0.000,0.000,0.000,0.000,0.000,0,0.00,0,0,0,0,0,0,1.2431,-0.000,0.513,0.0297,-0.0000,-0.0000,4,1.2407,0.000
339,5.6500,12.0221,1.1955,-31.9069,15.0000,0.1433,0.0042,15.0000,-90.000,-90.000,-8.594,1,VEHICLE,0,-,0.0000,50,150,0,0.0800,0,0,0.000,0.000,0.000,0.0000,0.0000,0.0000,1,1.0000,0,0,0.0000,0,1.2431,0.0000,0.0000,0.0000,0.0000,0,80.00,2.6472,5.5867,-31.9069,12.0221,6.1955,-31.9069,80.00,-1,-1.00000,0.000,0.000,0.000,0.000,0.000,0.000,0,0.00,0,0,0,0,0,0,1.2455,-0.000,0.486,0.0281,0.0000,-0.0000,4,1.2431,0.000
340,5.6667,12.2721,1.1978,-31.9068,15.0000,0.1390,0.0039,15.0000,-90.000,-90.000,-8.594,1,VEHICLE,0,-,0.0000,50,150,0,0.0800,0,0,0.000,0.000,0.000,0.0000,0.0000,0.0000,1,1.0000,0,0,0.0000,0,1.2455,0.0000,0.0000,0.0000,0.0000,0,80.00,2.8972,5.5890,-31.9068,12.2721,6.1978,-31.9068,80.00,-1,-1.00000,0.000,0.000,0.000,0.000,0.000,0.000,0,0.00,0,0,0,0,0,0,1.2478,-0.000,0.461,0.0267,-0.0000,-0.0000,4,1.2455,0.000
341,5.6833,12.5221,1.2000,-31.9068,15.0000,0.1346,0.0037,15.0000,-90.000,-90.000,-8.594,1,VEHICLE,0,-,0.0000,50,150,0,0.0800,0,0,0.000,0.000,0.000,0.0000,0.0000,0.0000,1,1.0000,0,0,0.0000,0,1.2478,0.0000,0.0000,0.0000,0.0000,0,80.00,3.1472,5.5913,-31.9068,12.5221,6.2000,-31.9068,80.00,-1,-1.00000,0.000,0.000,0.000,0.000,0.000,0.000,0,0.00,0,0,0,0,0,0,1.2500,-0.000,0.436,0.0253,0.0000,-0.0000,4,1.2478,0.000
342,5.7000,12.7721,1.2022,-31.9067,15.0000,0.1301,0.0035,15.0000,-90.000,-90.000,-8.594,1,VEHICLE,0,-,0.0000,50,150,0,0.0800,0,0,0.000,0.000,0.000,0.0000,0.0000,0.0000,1,1.0000,0,0,0.0000,0,1.2500,0.0000,0.0000,0.0000,0.0000,0,80.00,3.3972,5.5934,-31.9067,12.7721,6.2022,-31.9067,80.00,-1,-1.00000,0.000,0.000,0.000,0.000,0.000,0.000,0,0.00,0,0,0,0,0,0,1.2522,-0.000,0.414,0.0240,-0.0000,-0.0000,4,1.2501,0.000
343,5.7167,13.0221,1.2043,-31.9067,15.0000,0.1255,0.0032,15.0000,-90.000,-90.000,-8.594,1,VEHICLE,0,-,0.0000,50,150,0,0.0800,0,0,0.000,0.000,0.000,0.0000,0.0000,0.0000,1,1.0000,0,0,0.0000,0,1.2522,0.0000,0.0000,0.0000,0.0000,0,80.00,3.6472,5.5955,-31.9067,13.0221,6.2043,-31.9067,80.00,-1,-1.00000,0.000,0.000,0.000,0.000,0.000,0.000,0,0.00,0,0,0,0,0,0,1.2543,-0.000,0.392,0.0227,0.0000,-0.0000,4,1.2522,0.000
344,5.7333,13.2721,1.2063,-31.9066,15.0000,0.1209,0.0030,15.0000,-90.000,-90.000,-8.594,1,VEHICLE,0,-,0.0000,50,150,0,0.0800,0,0,0.000,0.000,0.000,0.0000,0.0000,0.0000,1,1.0000,0,0,0.0000,0,1.2543,0.0000,0.0000,0.0000,0.0000,0,80.00,3.8972,5.5976,-31.9066,13.2721,6.2063,-31.9066,80.00,-1,-1.00000,0.000,0.000,0.000,0.000,0.000,0.000,0,0.00,0,0,0,0,0,0,1.2563,-0.000,0.371,0.0215,0.0000,-0.0000,4,1.2543,0.000
345,5.7500,13.5221,1.2082,-31.9066,15.0000,0.1162,0.0028,15.0000,-90.000,-90.000,-8.594,1,VEHICLE,0,-,0.0000,50,150,0,0.0800,0,0,0.000,0.000,0.000,0.0000,0.0000,0.0000,1,1.0000,0,0,0.0000,0,1.2563,0.0000,0.0000,0.0000,0.0000,0,80.00,4.1472,5.5995,-31.9066,13.5221,6.2082,-31.9066,80.00,-1,-1.00000,0.000,0.000,0.000,0.000,0.000,0.000,0,0.00,0,0,0,0,0,0,1.2582,-0.000,0.352,0.0204,-0.0000,-0.0000,4,1.2563,0.000
346,5.7667,13.7721,1.2101,-31.9065,15.0000,0.1116,0.0027,15.0000,-90.000,-90.000,-8.594,1,VEHICLE,0,-,0.0000,50,150,0,0.0800,0,0,0.000,0.000,0.000,0.0000,0.0000,0.0000,1,1.0000,0,0,0.0000,0,1.2582,0.0000,0.0000,0.0000,0.0000,0,80.00,4.3972,5.6013,-31.9065,13.7721,6.2101,-31.9065,80.00,-1,-1.00000,0.000,0.000,0.000,0.000,0.000,0.000,0,0.00,0,0,0,0,0,0,1.2601,-0.000,0.333,0.0193,0.0000,-0.0000,4,1.2583,0.000
347,5.7833,14.0221,1.2119,-31.9065,15.0000,0.1070,0.0025,15.0000,-90.000,-90.000,-8.594,1,VEHICLE,0,-,0.0000,50,150,0,0.0800,0,0,0.000,0.000,0.000,0.0000,0.0000,0.0000,1,1.0000,0,0,0.0000,0,1.2601,0.0000,0.0000,0.0000,0.0000,0,80.00,4.6472,5.6031,-31.9065,14.0221,6.2119,-31.9065,80.00,-1,-1.00000,0.000,0.000,0.000,0.000,0.000,0.000,0,0.00,0,0,0,0,0,0,1.2619,-0.000,0.316,0.0183,-0.0000,-0.0000,4,1.2601,0.000
348,5.8000,14.2721,1.2136,-31.9064,15.0000,0.1024,0.0023,15.0000,-90.000,-90.000,-8.594,1,VEHICLE,0,-,0.0000,50,150,0,0.0800,0,0,0.000,0.000,0.000,0.0000,0.0000,0.0000,1,1.0000,0,0,0.0000,0,1.2619,0.0000,0.0000,0.0000,0.0000,0,80.00,4.8972,5.6048,-31.9064,14.2721,6.2136,-31.9064,80.00,-1,-1.00000,0.000,0.000,0.000,0.000,0.000,0.000,0,0.00,0,0,0,0,0,0,1.2636,-0.000,0.299,0.0174,-0.0000,-0.0000,4,1.2619,0.000
349,5.8167,14.5221,1.2152,-31.9064,15.0000,0.0978,0.0022,15.0000,-90.000,-90.000,-8.594,1,VEHICLE,0,-,0.0000,50,150,0,0.0800,0,0,0.000,0.000,0.000,0.0000,0.0000,0.0000,1,1.0000,0,0,0.0000,0,1.2636,0.0000,0.0000,0.0000,0.0000,0,80.00,5.1472,5.6065,-31.9064,14.5221,6.2152,-31.9064,80.00,-1,-1.00000,0.000,0.000,0.000,0.000,0.000,0.000,0,0.00,0,0,0,0,0,0,1.2652,-0.000,0.284,0.0165,0.0000,-0.0000,4,1.2636,0.000
350,5.8333,14.7721,1.2168,-31.9064,15.0000,0.0933,0.0021,15.0000,-90.000,-90.000,-8.594,1,VEHICLE,0,-,0.0000,50,150,0,0.0800,0,0,0.000,0.000,0.000,0.0000,0.0000,0.0000,1,1.0000,0,0,0.0000,0,1.2652,0.0000,0.0000,0.0000,0.0000,0,80.00,5.3972,5.6080,-31.9064,14.7721,6.2168,-31.9064,80.00,-1,-1.00000,0.000,0.000,0.000,0.000,0.000,0.000,0,0.00,0,0,0,0,0,0,1.2668,-0.000,0.269,0.0156,0.0000,-0.0000,4,1.2652,0.000
351,5.8500,15.0221,1.2182,-31.9063,15.0000,0.0889,0.0019,15.0000,-90.000,-90.000,-8.594,1,VEHICLE,0,-,0.0000,50,150,0,0.0800,0,0,0.000,0.000,0.000,0.0000,0.0000,0.0000,1,1.0000,0,0,0.0000,0,1.2668,0.0000,0.0000,0.0000,0.0000,0,80.00,5.6472,5.6095,-31.9063,15.0221,6.2182,-31.9063,80.00,-1,-1.00000,0.000,0.000,0.000,0.000,0.000,0.000,0,0.00,0,0,0,0,0,0,1.2682,-0.000,0.255,0.0148,-0.0000,-0.0000,4,1.2668,0.000
352,5.8667,15.2721,1.2197,-31.9063,15.0000,0.0846,0.0018,15.0000,-90.000,-90.000,-8.594,1,VEHICLE,0,-,0.0000,50,150,0,0.0800,0,0,0.000,0.000,0.000,0.0000,0.0000,0.0000,1,1.0000,0,0,0.0000,0,1.2682,0.0000,0.0000,0.0000,0.0000,0,80.00,5.8972,5.6109,-31.9063,15.2721,6.2197,-31.9063,80.00,-1,-1.00000,0.000,0.000,0.000,0.000,0.000,0.000,0,0.00,0,0,0,0,0,0,1.2697,-0.000,0.241,0.0140,0.0000,-0.0000,4,1.2683,0.000
353,5.8833,15.5221,1.2210,-31.9063,15.0000,0.0804,0.0017,15.0000,-90.000,-90.000,-8.594,1,VEHICLE,0,-,0.0000,50,150,0,0.0800,0,0,0.000,0.000,0.000,0.0000,0.0000,0.0000,1,1.0000,0,0,0.0000,0,1.2697,0.0000,0.0000,0.0000,0.0000,0,80.00,6.1472,5.6123,-31.9063,15.5221,6.2210,-31.9063,80.00,-1,-1.00000,0.000,0.000,0.000,0.000,0.000,0.000,0,0.00,0,0,0,0,0,0,1.2710,-0.000,0.229,0.0133,-0.0000,-0.0000,4,1.2697,0.000
354,5.9000,15.7721,1.2223,-31.9063,15.0000,0.0762,0.0016,15.0000,-90.000,-90.000,-8.594,1,VEHICLE,0,-,0.0000,50,150,0,0.0800,0,0,0.000,0.000,0.000,0.0000,0.0000,0.0000,1,1.0000,0,0,0.0000,0,1.2710,0.0000,0.0000,0.0000,0.0000,0,80.00,6.3972,5.6135,-31.9063,15.7721,6.2223,-31.9063,80.00,-1,-1.00000,0.000,0.000,0.000,0.000,0.000,0.000,0,0.00,0,0,0,0,0,0,1.2723,-0.000,0.217,0.0126,0.0000,-0.0000,4,1.2710,0.000
355,5.9167,16.0221,1.2235,-31.9062,15.0000,0.0722,0.0015,15.0000,-90.000,-90.000,-8.594,1,VEHICLE,0,-,0.0000,50,150,0,0.0800,0,0,0.000,0.000,0.000,0.0000,0.0000,0.0000,1,1.0000,0,0,0.0000,0,1.2723,0.0000,0.0000,0.0000,0.0000,0,80.00,6.6472,5.6147,-31.9062,16.0221,6.2235,-31.9062,80.00,-1,-1.00000,0.000,0.000,0.000,0.000,0.000,0.000,0,0.00,0,0,0,0,0,0,1.2735,-0.000,0.205,0.0119,-0.0000,-0.0000,4,1.2723,0.000
356,5.9333,16.2721,1.2246,-31.9062,15.0000,0.0683,0.0014,15.0000,-90.000,-90.000,-8.594,1,VEHICLE,0,-,0.0000,50,150,0,0.0800,0,0,0.000,0.000,0.000,0.0000,0.0000,0.0000,1,1.0000,0,0,0.0000,0,1.2735,0.0000,0.0000,0.0000,0.0000,0,80.00,6.8972,5.6159,-31.9062,16.2721,6.2246,-31.9062,80.00,-1,-1.00000,0.000,0.000,0.000,0.000,0.000,0.000,0,0.00,0,0,0,0,0,0,1.2746,-0.000,0.194,0.0113,-0.0000,-0.0000,4,1.2735,0.000
357,5.9500,16.5221,1.2257,-31.9062,15.0000,0.0645,0.0013,15.0000,-90.000,-90.000,-8.594,1,VEHICLE,0,-,0.0000,50,150,0,0.0800,0,0,0.000,0.000,0.000,0.0000,0.0000,0.0000,1,1.0000,0,0,0.0000,0,1.2746,0.0000,0.0000,0.0000,0.0000,0,80.00,7.1472,5.6169,-31.9062,16.5221,6.2257,-31.9062,80.00,-1,-1.00000,0.000,0.000,0.000,0.000,0.000,0.000,0,0.00,0,0,0,0,0,0,1.2757,-0.000,0.184,0.0107,0.0000,-0.0000,4,1.2746,0.000
358,5.9667,16.7721,1.2267,-31.9062,15.0000,0.0608,0.0012,15.0000,-90.000,-90.000,-8.594,1,VEHICLE,0,-,0.0000,50,150,0,0.0800,0,0,0.000,0.000,0.000,0.0000,0.0000,0.0000,1,1.0000,0,0,0.0000,0,1.2757,0.0000,0.0000,0.0000,0.0000,0,80.00,7.3972,5.6180,-31.9062,16.7721,6.2267,-31.9062,80.00,-1,-1.00000,0.000,0.000,0.000,0.000,0.000,0.000,0,0.00,0,0,0,0,0,0,1.2767,-0.000,0.175,0.0101,-0.0000,-0.0000,4,1.2757,0.000
359,5.9833,17.0221,1.2277,-31.9062,15.0000,0.0573,0.0012,15.0000,-90.000,-90.000,-8.594,1,VEHICLE,0,-,0.0000,50,150,0,0.0800,0,0,0.000,0.000,0.000,0.0000,0.0000,0.0000,1,1.0000,0,0,0.0000,0,1.2767,0.0000,0.0000,0.0000,0.0000,0,80.00,7.6472,5.6189,-31.9062,17.0221,6.2277,-31.9062,80.00,-1,-1.00000,0.000,0.000,0.000,0.000,0.000,0.000,0,0.00,0,0,0,0,0,0,1.2776,-0.000,0.165,0.0096,0.0000,-0.0000,4,1.2767,0.000
360,6.0000,17.2721,1.2285,-31.9061,15.0000,0.0539,0.0011,15.0000,-90.000,-90.000,-8.594,1,VEHICLE,0,-,0.0000,50,150,0,0.0800,0,0,0.000,0.000,0.000,0.0000,0.0000,0.0000,1,1.0000,0,0,0.0000,0,1.2776,0.0000,0.0000,0.0000,0.0000,0,80.00,7.8972,5.6198,-31.9061,17.2721,6.2285,-31.9061,80.00,-1,-1.00000,0.000,0.000,0.000,0.000,0.000,0.000,0,0.00,0,0,0,0,0,0,1.2785,-0.000,0.157,0.0091,-0.0000,-0.0000,4,1.2777,0.000
361,6.0167,17.5221,1.2294,-31.9061,15.0000,0.0506,0.0010,15.0000,-90.000,-90.000,-8.594,1,VEHICLE,0,-,0.0000,50,150,0,0.0800,0,0,0.000,0.000,0.000,0.0000,0.0000,0.0000,1,1.0000,0,0,0.0000,0,1.2785,0.0000,0.0000,0.0000,0.0000,0,80.00,8.1472,5.6207,-31.9061,17.5221,6.2294,-31.9061,80.00,-1,-1.00000,0.000,0.000,0.000,0.000,0.000,0.000,0,0.00,0,0,0,0,0,0,1.2794,-0.000,0.148,0.0086,0.0000,-0.0000,4,1.2786,0.000
