step,t,x,y,z,vx,vy,vz,hspeed,yaw_deg,cam_yaw_deg,cam_pitch_deg,grounded,form,transforming,anim,anim_t,ammo,reserve,reloading,spread,shots,weapon_visible,reload_w,aim_w,aim_pitch_n,muzzle_x,muzzle_y,muzzle_z,move_form,progress,weapon_usable,weapon_restored,mesh_off_y,veh_driving,veh_ride,veh_dash,veh_dash_cd,veh_nitro,veh_nitro_cd,fine_aim,fov,cam_x,cam_y,cam_z,cam_focus_x,cam_focus_y,cam_focus_z,cam_fov,drawn_model,pose_delta,bb_min_x,bb_min_y,bb_min_z,bb_max_x,bb_max_y,bb_max_z,far_verts,far_max,partner_far_verts,partner_shown,arm_shown,hand_shrunk,robot_visible,vehicle_visible,com_h,pitch_deg,roll_deg,ang_x,ang_y,ang_z,contacts,spring_mean,rammed_remain
1,0.0167,0.0000,0.5500,0.0000,0.0000,0.2969,0.0000,0.0000,0.000,0.000,-8.594,1,VEHICLE,0,-,0.0000,50,150,0,0.0800,0,0,0.000,0.000,0.000,0.0000,0.0000,0.0000,1,1.0000,0,0,0.0000,0,0.0500,0.0000,0.0000,0.0000,0.0000,0,80.00,2.9761,4.1808,6.4911,0.0000,5.5500,0.0000,80.00,-1,-1.00000,0.000,0.000,0.000,0.000,0.000,0.000,0,0.00,0,0,0,0,0,0,0.6000,-0.000,0.000,-0.0000,0.0000,-0.0000,4,0.0500,0.000
2,0.0333,0.0000,0.5500,-0.0000,0.0000,0.0000,-0.0000,0.0000,0.000,0.000,-8.594,1,VEHICLE,0,-,0.0000,50,150,0,0.0800,0,0,0.000,0.000,0.000,0.0000,0.0000,0.0000,1,1.0000,0,0,0.0000,0,0.6000,0.0000,0.0000,0.0000,0.0000,0,80.00,2.9116,4.1958,6.5231,0.0000,5.5500,-0.0000,80.00,-1,-1.00000,0.000,0.000,0.000,0.000,0.000,0.000,0,0.00,0,0,0,0,0,0,0.6000,-0.000,0.000,-0.0000,0.0000,-0.0000,4,0.6000,0.000
3,0.0500,0.0000,0.5527,-0.0000,0.0000,0.1649,-0.0000,0.0000,0.000,0.000,-8.594,1,VEHICLE,0,-,0.0000,50,150,0,0.0800,0,0,0.000,0.000,0.000,0.0000,0.0000,0.0000,1,1.0000,0,0,0.0000,0,0.6000,0.0000,0.0000,0.0000,0.0000,0,80.00,2.8169,4.2205,6.5704,0.0000,5.5527,-0.0000,80.00,-1,-1.00000,0.000,0.000,0.000,0.000,0.000,0.000,0,0.00,0,0,0,0,0,0,0.6027,-0.000,0.000,-0.0000,0.0000,-0.0000,4,0.6000,0.000
4,0.0667,0.0000,0.5580,-0.0000,0.0000,0.3127,-0.0000,0.0000,0.000,0.000,-8.594,1,VEHICLE,0,-,0.0000,50,150,0,0.0800,0,0,0.000,0.000,0.000,0.0000,0.0000,0.0000,1,1.0000,0,0,0.0000,0,0.6027,0.0000,0.0000,0.0000,0.0000,0,80.00,2.7005,4.2527,6.6288,0.0000,5.5580,-0.0000,80.00,-1,-1.00000,0.000,0.000,0.000,0.000,0.000,0.000,0,0.00,0,0,0,0,0,0,0.6080,-0.000,0.000,-0.0000,0.0000,-0.0000,4,0.6027,0.000
5,0.0833,0.0000,0.5654,-0.0000,0.0000,0.4445,-0.0000,0.0000,0.000,0.000,-8.594,1,VEHICLE,0,-,0.0000,50,150,0,0.0800,0,0,0.000,0.000,0.000,0.0000,0.0000,0.0000,1,1.0000,0,0,0.0000,0,0.6080,0.0000,0.0000,0.0000,0.0000,0,80.00,2.5694,4.2906,6.6953,0.0000,5.5654,-0.0000,80.00,-1,-1.00000,0.000,0.000,0.000,0.000,0.000,0.000,0,0.00,0,0,0,0,0,0,0.6154,-0.000,0.000,-0.0000,0.0000,-0.0000,4,0.6080,0.000
6,0.1000,0.0000,0.5747,-0.0000,0.0000,0.5613,-0.0000,0.0000,0.000,0.000,-8.594,1,VEHICLE,0,-,0.0000,50,150,0,0.0800,0,0,0.000,0.000,0.000,0.0000,0.0000,0.0000,1,1.0000,0,0,0.0000,0,0.6154,0.0000,0.0000,0.0000,0.0000,0,80.00,2.4290,4.3326,6.7670,0.0000,5.5747,-0.0000,80.00,-1,-1.00000,0.000,0.000,0.000,0.000,0.000,0.000,0,0.00,0,0,0,0,0,0,0.6247,-0.000,0.000,-0.0000,0.0000,-0.0000,4,0.6154,0.000
7,0.1167,0.0000,0.5858,-0.0000,0.0000,0.6642,-0.0000,0.0000,0.000,0.000,-8.594,1,VEHICLE,0,-,0.0000,50,150,0,0.0800,0,0,0.000,0.000,0.000,0.0000,0.0000,0.0000,1,1.0000,0,0,0.0000,0,0.6247,0.0000,0.0000,0.0000,0.0000,0,80.00,2.2837,4.3775,6.8421,0.0000,5.5858,-0.0000,80.00,-1,-1.00000,0.000,0.000,0.000,0.000,0.000,0.000,0,0.00,0,0,0,0,0,0,0.6358,-0.000,0.000,-0.0000,0.0000,-0.0000,4,0.6247,0.000
8,0.1333,0.0000,0.5984,-0.0000,0.0000,0.7541,-0.0000,0.0000,0.000,0.000,-8.594,1,VEHICLE,0,-,0.0000,50,150,0,0.0800,0,0,0.000,0.000,0.000,0.0000,0.0000,0.0000,1,1.0000,0,0,0.0000,0,0.6358,0.0000,0.0000,0.0000,0.0000,0,80.00,2.1368,4.4243,6.9188,0.0000,5.5984,-0.0000,80.00,-1,-1.00000,0.000,0.000,0.000,0.000,0.000,0.000,0,0.00,0,0,0,0,0,0,0.6484,-0.000,0.000,-0.0000,0.0000,-0.0000,4,0.6358,0.000
9,0.1500,0.0000,0.6122,-0.0000,0.0000,0.8320,-0.0000,0.0000,0.000,0.000,-8.594,1,VEHICLE,0,-,0.0000,50,150,0,0.0800,0,0,0.000,0.000,0.000,0.0000,0.0000,0.0000,1,1.0000,0,0,0.0000,0,0.6484,0.0000,0.0000,0.0000,0.0000,0,80.00,1.9911,4.4722,6.9958,0.0000,5.6122,-0.0000,80.00,-1,-1.00000,0.000,0.000,0.000,0.000,0.000,0.000,0,0.00,0,0,0,0,0,0,0.6622,-0.000,0.000,-0.0000,0.0000,-0.0000,4,0.6484,0.000
10,0.1667,0.0000,0.6272,-0.0000,0.0000,0.8988,-0.0000,0.0000,0.000,0.000,-8.594,1,VEHICLE,0,-,0.0000,50,150,0,0.0800,0,0,0.000,0.000,0.000,0.0000,0.0000,0.0000,1,1.0000,0,0,0.0000,0,0.6622,0.0000,0.0000,0.0000,0.0000,0,80.00,1.8485,4.5206,7.0723,0.0000,5.6272,-0.0000,80.00,-1,-1.00000,0.000,0.000,0.000,0.000,0.000,0.000,0,0.00,0,0,0,0,0,0,0.6772,-0.000,0.000,-0.0000,0.0000,-0.0000,4,0.6622,0.000
11,0.1833,0.0000,0.6431,-0.0000,0.0000,0.9554,-0.0000,0.0000,0.000,0.000,-8.594,1,VEHICLE,0,-,0.0000,50,150,0,0.0800,0,0,0.000,0.000,0.000,0.0000,0.0000,0.0000,1,1.0000,0,0,0.0000,0,0.6772,0.0000,0.0000,0.0000,0.0000,0,80.00,1.7105,4.5688,7.1475,0.0000,5.6431,-0.0000,80.00,-1,-1.00000,0.000,0.000,0.000,0.000,0.000,0.000,0,0.00,0,0,0,0,0,0,0.6931,-0.000,0.000,-0.0000,0.0000,-0.0000,4,0.6772,0.000
12,0.2000,0.0000,0.6598,-0.0000,0.0000,1.0024,-0.0000,0.0000,0.000,0.000,-8.594,1,VEHICLE,0,-,0.0000,50,150,0,0.0800,0,0,0.000,0.000,0.000,0.0000,0.0000,0.0000,1,1.0000,0,0,0.0000,0,0.6931,0.0000,0.0000,0.0000,0.0000,0,80.00,1.5782,4.6166,7.2208,0.0000,5.6598,-0.0000,80.00,-1,-1.00000,0.000,0.000,0.000,0.000,0.000,0.000,0,0.00,0,0,0,0,0,0,0.7098,-0.000,0.000,-0.0000,0.0000,-0.0000,4,0.6931,0.000
13,0.2167,0.0000,0.6772,-0.0000,0.0000,1.0407,-0.0000,0.0000,0.000,0.000,-8.594,1,VEHICLE,0,-,0.0000,50,150,0,0.0800,0,0,0.000,0.000,0.000,0.0000,0.0000,0.0000,1,1.0000,0,0,0.0000,0,0.7098,0.0000,0.0000,0.0000,0.0000,0,80.00,1.4523,4.6636,7.2919,0.0000,5.6772,-0.0000,80.00,-1,-1.00000,0.000,0.000,0.000,0.000,0.000,0.000,0,0.00,0,0,0,0,0,0,0.7272,-0.000,0.000,-0.0000,0.0000,-0.0000,4,0.7098,0.000
14,0.2333,0.0000,0.6950,-0.0000,0.0000,1.0711,-0.0000,0.0000,0.000,0.000,-8.594,1,VEHICLE,0,-,0.0000,50,150,0,0.0800,0,0,0.000,0.000,0.000,0.0000,0.0000,0.0000,1,1.0000,0,0,0.0000,0,0.7272,0.0000,0.0000,0.0000,0.0000,0,80.00,1.3333,4.7095,7.3606,0.0000,5.6950,-0.0000,80.00,-1,-1.00000,0.000,0.000,0.000,0.000,0.000,0.000,0,0.00,0,0,0,0,0,0,0.7450,-0.000,0.000,-0.0000,0.0000,-0.0000,4,0.7272,0.000
15,0.2500,0.0000,0.7133,-0.0000,0.0000,1.0941,-0.0000,0.0000,0.000,0.000,-8.594,1,VEHICLE,0,-,0.0000,50,150,0,0.0800,0,0,0.000,0.000,0.000,0.0000,0.0000,0.0000,1,1.0000,0,0,0.0000,0,0.7450,0.0000,0.0000,0.0000,0.0000,0,80.00,1.2213,4.7542,7.4266,0.0000,5.7133,-0.0000,80.00,-1,-1.00000,0.000,0.000,0.000,0.000,0.000,0.000,0,0.00,0,0,0,0,0,0,0.7633,-0.000,0.000,0.0000,0.0000,-0.0000,4,0.7450,0.000
16,0.2667,0.0000,0.7318,-0.0000,0.0000,1.1105,-0.0000,0.0000,0.000,0.000,-8.594,1,VEHICLE,0,-,0.0000,50,150,0,0.0800,0,0,0.000,0.000,0.000,0.0000,0.0000,0.0000,1,1.0000,0,0,0.0000,0,0.7633,0.0000,0.0000,0.0000,0.0000,0,80.00,1.1166,4.7976,7.4900,0.0000,5.7318,-0.0000,80.00,-1,-1.00000,0.000,0.000,0.000,0.000,0.000,0.000,0,0.00,0,0,0,0,0,0,0.7818,-0.000,0.000,0.0000,-0.0000,-0.0000,4,0.7633,0.000
17,0.2833,0.0000,0.7505,-0.0000,0.0000,1.1207,-0.0000,0.0000,0.000,0.000,-8.594,1,VEHICLE,0,-,0.0000,50,150,0,0.0800,0,0,0.000,0.000,0.000,0.0000,0.0000,0.0000,1,1.0000,0,0,0.0000,0,0.7818,0.0000,0.0000,0.0000,0.0000,0,80.00,1.0190,4.8395,7.5508,0.0000,5.7505,-0.0000,80.00,-1,-1.00000,0.000,0.000,0.000,0.000,0.000,0.000,0,0.00,0,0,0,0,0,0,0.8005,-0.000,0.000,-0.0000,0.0000,-0.0000,4,0.7818,0.000
18,0.3000,0.0000,0.7692,-0.0000,0.0000,1.1255,-0.0000,0.0000,0.000,0.000,-8.594,1,VEHICLE,0,-,0.0000,50,150,0,0.0800,0,0,0.000,0.000,0.000,0.0000,0.0000,0.0000,1,1.0000,0,0,0.0000,0,0.8005,0.0000,0.0000,0.0000,0.0000,0,80.00,0.9283,4.8799,7.6090,0.0000,5.7692,-0.0000,80.00,-1,-1.00000,0.000,0.000,0.000,0.000,0.000,0.000,0,0.00,0,0,0,0,0,0,0.8192,-0.000,0.000,0.0000,-0.0000,-0.0000,4,0.8005,0.000
19,0.3167,0.0000,0.7880,-0.0000,0.0000,1.1253,-0.0000,0.0000,0.000,0.000,-8.594,1,VEHICLE,0,-,0.0000,50,150,0,0.0800,0,0,0.000,0.000,0.000,0.0000,0.0000,0.0000,1,1.0000,0,0,0.0000,0,0.8192,0.0000,0.0000,0.0000,0.0000,0,80.00,0.8445,4.9188,7.6646,0.0000,5.7880,-0.0000,80.00,-1,-1.00000,0.000,0.000,0.000,0.000,0.000,0.000,0,0.00,0,0,0,0,0,0,0.8380,-0.000,0.000,-0.0000,-0.0000,-0.0000,4,0.8192,0.000
20,0.3333,0.0000,0.8066,-0.0000,0.0000,1.1206,-0.0000,0.0000,0.000,0.000,-8.594,1,VEHICLE,0,-,0.0000,50,150,0,0.0800,0,0,0.000,0.000,0.000,0.0000,0.0000,0.0000,1,1.0000,0,0,0.0000,0,0.8380,0.0000,0.0000,0.0000,0.0000,0,80.00,0.7671,4.9562,7.7178,0.0000,5.8066,-0.0000,80.00,-1,-1.00000,0.000,0.000,0.000,0.000,0.000,0.000,0,0.00,0,0,0,0,0,0,0.8566,-0.000,0.000,0.0000,-0.0000,-0.0000,4,0.8380,0.000
21,0.3500,0.0000,0.8252,-0.0000,0.0000,1.1118,-0.0000,0.0000,0.000,0.000,-8.594,1,VEHICLE,0,-,0.0000,50,150,0,0.0800,0,0,0.000,0.000,0.000,0.0000,0.0000,0.0000,1,1.0000,0,0,0.0000,0,0.8566,0.0000,0.0000,0.0000,0.0000,0,80.00,0.6959,4.9920,7.7687,0.0000,5.8252,-0.0000,80.00,-1,-1.00000,0.000,0.000,0.000,0.000,0.000,0.000,0,0.00,0,0,0,0,0,0,0.8752,-0.000,0.000,-0.0000,0.0000,-0.0000,4,0.8566,0.000
22,0.3667,0.0000,0.8435,-0.0000,0.0000,1.0996,-0.0000,0.0000,0.000,0.000,-8.594,1,VEHICLE,0,-,0.0000,50,150,0,0.0800,0,0,0.000,0.000,0.000,0.0000,0.0000,0.0000,1,1.0000,0,0,0.0000,0,0.8752,0.0000,0.0000,0.0000,0.0000,0,80.00,0.6305,5.0263,7.8175,0.0000,5.8435,-0.0000,80.00,-1,-1.00000,0.000,0.000,0.000,0.000,0.000,0.000,0,0.00,0,0,0,0,0,0,0.8935,-0.000,0.000,0.0000,-0.0000,-0.0000,4,0.8752,0.000
23,0.3833,0.0000,0.8616,-0.0000,0.0000,1.0841,-0.0000,0.0000,0.000,0.000,-8.594,1,VEHICLE,0,-,0.0000,50,150,0,0.0800,0,0,0.000,0.000,0.000,0.0000,0.0000,0.0000,1,1.0000,0,0,0.0000,0,0.8935,0.0000,0.0000,0.0000,0.0000,0,80.00,0.5706,5.0591,7.8642,0.0000,5.8616,-0.0000,80.00,-1,-1.00000,0.000,0.000,0.000,0.000,0.000,0.000,0,0.00,0,0,0,0,0,0,0.9116,-0.000,0.000,-0.0000,-0.0000,-0.0000,4,0.8935,0.000
24,0.4000,0.0000,0.8793,-0.0000,0.0000,1.0659,-0.0000,0.0000,0.000,0.000,-8.594,1,VEHICLE,0,-,0.0000,50,150,0,0.0800,0,0,0.000,0.000,0.000,0.0000,0.0000,0.0000,1,1.0000,0,0,0.0000,0,0.9116,0.0000,0.0000,0.0000,0.0000,0,80.00,0.5158,5.0905,7.9091,0.0000,5.8793,-0.0000,80.00,-1,-1.00000,0.000,0.000,0.000,0.000,0.000,0.000,0,0.00,0,0,0,0,0,0,0.9293,-0.000,0.000,0.0000,-0.0000,-0.0000,4,0.9116,0.000
25,0.4167,0.0000,0.8968,-0.0000,0.0000,1.0452,-0.0000,0.0000,0.000,0.000,-8.594,1,VEHICLE,0,-,0.0000,50,150,0,0.0800,0,0,0.000,0.000,0.000,0.0000,0.0000,0.0000,1,1.0000,0,0,0.0000,0,0.9293,0.0000,0.0000,0.0000,0.0000,0,80.00,0.4659,5.1204,7.9522,0.0000,5.8968,-0.0000,80.00,-1,-1.00000,0.000,0.000,0.000,0.000,0.000,0.000,0,0.00,0,0,0,0,0,0,0.9468,-0.000,0.000,-0.0000,-0.0000,-0.0000,4,0.9293,0.000
26,0.4333,0.0000,0.9138,-0.0000,0.0000,1.0224,-0.0000,0.0000,0.000,0.000,-8.594,1,VEHICLE,0,-,0.0000,50,150,0,0.0800,0,0,0.000,0.000,0.000,0.0000,0.0000,0.0000,1,1.0000,0,0,0.0000,0,0.9468,0.0000,0.0000,0.0000,0.0000,0,80.00,0.4203,5.1490,7.9937,0.0000,5.9138,-0.0000,80.00,-1,-1.00000,0.000,0.000,0.000,0.000,0.000,0.000,0,0.00,0,0,0,0,0,0,0.9638,-0.000,0.000,-0.0000,0.0000,-0.0000,4,0.9468,0.000
27,0.4500,0.0000,0.9304,-0.0000,0.0000,0.9978,-0.0000,0.0000,0.000,0.000,-8.594,1,VEHICLE,0,-,0.0000,50,150,0,0.0800,0,0,0.000,0.000,0.000,0.0000,0.0000,0.0000,1,1.0000,0,0,0.0000,0,0.9638,0.0000,0.0000,0.0000,0.0000,0,80.00,0.3789,5.1762,8.0337,0.0000,5.9304,-0.0000,80.00,-1,-1.00000,0.000,0.000,0.000,0.000,0.000,0.000,0,0.00,0,0,0,0,0,0,0.9804,-0.000,0.000,0.0000,-0.0000,-0.0000,4,0.9638,0.000
28,0.4667,0.0000,0.9466,-0.0000,0.0000,0.9716,-0.0000,0.0000,0.000,0.000,-8.594,1,VEHICLE,0,-,0.0000,50,150,0,0.0800,0,0,0.000,0.000,0.000,0.0000,0.0000,0.0000,1,1.0000,0,0,0.0000,0,0.9804,0.0000,0.0000,0.0000,0.0000,0,80.00,0.3413,5.2021,8.0724,0.0000,5.9466,-0.0000,80.00,-1,-1.00000,0.000,0.000,0.000,0.000,0.000,0.000,0,0.00,0,0,0,0,0,0,0.9966,-0.000,0.000,0.0000,0.0000,-0.0000,4,0.9804,0.000
29,0.4833,0.0000,0.9624,-0.0000,0.0000,0.9442,-0.0000,0.0000,0.000,0.000,-8.594,1,VEHICLE,0,-,0.0000,50,150,0,0.0800,0,0,0.000,0.000,0.000,0.0000,0.0000,0.0000,1,1.0000,0,0,0.0000,0,0.9966,0.0000,0.0000,0.0000,0.0000,0,80.00,0.3072,5.2268,8.1099,0.0000,5.9624,-0.0000,80.00,-1,-1.00000,0.000,0.000,0.000,0.000,0.000,0.000,0,0.00,0,0,0,0,0,0,1.0124,-0.000,0.000,-0.0000,0.0000,-0.0000,4,0.9966,0.000
30,0.5000,0.0000,0.9776,-0.0000,0.0000,0.9158,-0.0000,0.0000,0.000,0.000,-8.594,1,VEHICLE,0,-,0.0000,50,150,0,0.0800,0,0,0.000,0.000,0.000,0.0000,0.0000,0.0000,1,1.0000,0,0,0.0000,0,1.0124,0.0000,0.0000,0.0000,0.0000,0,80.00,0.2762,5.2502,8.1463,0.0000,5.9776,-0.0000,80.00,-1,-1.00000,0.000,0.000,0.000,0.000,0.000,0.000,0,0.00,0,0,0,0,0,0,1.0276,-0.000,0.000,-0.0000,0.0000,-0.0000,4,1.0124,0.000
31,0.5167,0.0000,0.9924,-0.0000,0.0000,0.8865,-0.0000,0.0000,0.000,0.000,-8.594,1,VEHICLE,0,-,0.0000,50,150,0,0.0800,0,0,0.000,0.000,0.000,0.0000,0.0000,0.0000,1,1.0000,0,0,0.0000,0,1.0276,0.0000,0.0000,0.0000,0.0000,0,80.00,0.2482,5.2726,8.1816,0.0000,5.9924,-0.0000,80.00,-1,-1.00000,0.000,0.000,0.000,0.000,0.000,0.000,0,0.00,0,0,0,0,0,0,1.0424,-0.000,0.000,-0.0000,0.0000,-0.0000,4,1.0276,0.000
32,0.5333,0.0000,1.0067,-0.0000,0.0000,0.8566,-0.0000,0.0000,0.000,0.000,-8.594,1,VEHICLE,0,-,0.0000,50,150,0,0.0800,0,0,0.000,0.000,0.000,0.0000,0.0000,0.0000,1,1.0000,0,0,0.0000,0,1.0424,0.0000,0.0000,0.0000,0.0000,0,80.00,0.2229,5.2938,8.2160,0.0000,6.0067,-0.0000,80.00,-1,-1.00000,0.000,0.000,0.000,0.000,0.000,0.000,0,0.00,0,0,0,0,0,0,1.0567,-0.000,0.000,-0.0000,0.0000,-0.0000,4,1.0424,0.000
33,0.5500,0.0000,1.0204,-0.0000,0.0000,0.8263,-0.0000,0.0000,0.000,0.000,-8.594,1,VEHICLE,0,-,0.0000,50,150,0,0.0800,0,0,0.000,0.000,0.000,0.0000,0.0000,0.0000,1,1.0000,0,0,0.0000,0,1.0567,0.0000,0.0000,0.0000,0.0000,0,80.00,0.2001,5.3140,8.2496,0.0000,6.0204,-0.0000,80.00,-1,-1.00000,0.000,0.000,0.000,0.000,0.000,0.000,0,0.00,0,0,0,0,0,0,1.0704,-0.000,0.000,0.0000,0.0000,-0.0000,4,1.0567,0.000
34,0.5667,0.0000,1.0337,-0.0000,0.0000,0.7957,-0.0000,0.0000,0.000,0.000,-8.594,1,VEHICLE,0,-,0.0000,50,150,0,0.0800,0,0,0.000,0.000,0.000,0.0000,0.0000,0.0000,1,1.0000,0,0,0.0000,0,1.0704,0.0000,0.0000,0.0000,0.0000,0,80.00,0.1795,5.3332,8.2824,0.0000,6.0337,-0.0000,80.00,-1,-1.00000,0.000,0.000,0.000,0.000,0.000,0.000,0,0.00,0,0,0,0,0,0,1.0837,-0.000,0.000,-0.0000,-0.0000,-0.0000,4,1.0704,0.000
35,0.5833,0.0000,1.0465,-0.0000,0.0000,0.7650,-0.0000,0.0000,0.000,0.000,-8.594,1,VEHICLE,0,-,0.0000,50,150,0,0.0800,0,0,0.000,0.000,0.000,0.0000,0.0000,0.0000,1,1.0000,0,0,0.0000,0,1.0837,0.0000,0.0000,0.0000,0.0000,0,80.00,0.1609,5.3514,8.3145,0.0000,6.0465,-0.0000,80.00,-1,-1.00000,0.000,0.000,0.000,0.000,0.000,0.000,0,0.00,0,0,0,0,0,0,1.0965,-0.000,0.000,0.0000,0.0000,-0.0000,4,1.0837,0.000
36,0.6000,0.0000,1.0587,-0.0000,0.0000,0.7343,-0.0000,0.0000,0.000,0.000,-8.594,1,VEHICLE,0,-,0.0000,50,150,0,0.0800,0,0,0.000,0.000,0.000,0.0000,0.0000,0.0000,1,1.0000,0,0,0.0000,0,1.0965,0.0000,0.0000,0.0000,0.0000,0,80.00,0.1441,5.3687,8.3460,0.0000,6.0587,-0.0000,80.00,-1,-1.00000,0.000,0.000,0.000,0.000,0.000,0.000,0,0.00,0,0,0,0,0,0,1.1087,-0.000,0.000,0.0000,0.0000,-0.0000,4,1.0965,0.000
37,0.6167,0.0000,1.0704,-0.0000,0.0000,0.7037,-0.0000,0.0000,0.000,0.000,-8.594,1,VEHICLE,0,-,0.0000,50,150,0,0.0800,0,0,0.000,0.000,0.000,0.0000,0.0000,0.0000,1,1.0000,0,0,0.0000,0,1.1087,0.0000,0.0000,0.0000,0.0000,0,80.00,0.1291,5.3851,8.3769,0.0000,6.0704,-0.0000,80.00,-1,-1.00000,0.000,0.000,0.000,0.000,0.000,0.000,0,0.00,0,0,0,0,0,0,1.1204,-0.000,0.000,-0.0000,-0.0000,-0.0000,4,1.1087,0.000
38,0.6333,0.0000,1.0816,-0.0000,0.0000,0.6734,-0.0000,0.0000,0.000,0.000,-8.594,1,VEHICLE,0,-,0.0000,50,150,0,0.0800,0,0,0.000,0.000,0.000,0.0000,0.0000,0.0000,1,1.0000,0,0,0.0000,0,1.1204,0.0000,0.0000,0.0000,0.0000,0,80.00,0.1155,5.4006,8.4073,0.0000,6.0816,-0.0000,80.00,-1,-1.00000,0.000,0.000,0.000,0.000,0.000,0.000,0,0.00,0,0,0,0,0,0,1.1316,-0.000,0.000,-0.0000,0.0000,-0.0000,4,1.1204,0.000
39,0.6500,0.0000,1.0924,-0.0000,0.0000,0.6434,-0.0000,0.0000,0.000,0.000,-8.594,1,VEHICLE,0,-,0.0000,50,150,0,0.0800,0,0,0.000,0.000,0.000,0.0000,0.0000,0.0000,1,1.0000,0,0,0.0000,0,1.1316,0.0000,0.0000,0.0000,0.0000,0,80.00,0.1033,5.4153,8.4373,0.0000,6.0924,-0.0000,80.00,-1,-1.00000,0.000,0.000,0.000,0.000,0.000,0.000,0,0.00,0,0,0,0,0,0,1.1424,-0.000,0.000,-0.0000,0.0000,-0.0000,4,1.1316,0.000
40,0.6667,0.0000,1.1026,-0.0000,0.0000,0.6138,-0.0000,0.0000,0.000,0.000,-8.594,1,VEHICLE,0,-,0.0000,50,150,0,0.0800,0,0,0.000,0.000,0.000,0.0000,0.0000,0.0000,1,1.0000,0,0,0.0000,0,1.1424,0.0000,0.0000,0.0000,0.0000,0,80.00,0.0924,5.4293,8.4668,0.0000,6.1026,-0.0000,80.00,-1,-1.00000,0.000,0.000,0.000,0.000,0.000,0.000,0,0.00,0,0,0,0,0,0,1.1526,-0.000,0.000,0.0000,-0.0000,-0.0000,4,1.1424,0.000
41,0.6833,0.0000,1.1123,-0.0000,0.0000,0.5848,-0.0000,0.0000,0.000,0.000,-8.594,1,VEHICLE,0,-,0.0000,50,150,0,0.0800,0,0,0.000,0.000,0.000,0.0000,0.0000,0.0000,1,1.0000,0,0,0.0000,0,1.1526,0.0000,0.0000,0.0000,0.0000,0,80.00,0.0826,5.4425,8.4959,0.0000,6.1123,-0.0000,80.00,-1,-1.00000,0.000,0.000,0.000,0.000,0.000,0.000,0,0.00,0,0,0,0,0,0,1.1623,-0.000,0.000,-0.0000,0.0000,-0.0000,4,1.1526,0.000
42,0.7000,0.0000,1.1216,-0.0000,0.0000,0.5563,-0.0000,0.0000,0.000,0.000,-8.594,1,VEHICLE,0,-,0.0000,50,150,0,0.0800,0,0,0.000,0.000,0.000,0.0000,0.0000,0.0000,1,1.0000,0,0,0.0000,0,1.1623,0.0000,0.0000,0.0000,0.0000,0,80.00,0.0738,5.4551,8.5246,0.0000,6.1216,-0.0000,80.00,-1,-1.00000,0.000,0.000,0.000,0.000,0.000,0.000,0,0.00,0,0,0,0,0,0,1.1716,-0.000,0.000,-0.0000,-0.0000,-0.0000,4,1.1623,0.000
43,0.7167,0.0000,1.1304,-0.0000,0.0000,0.5284,-0.0000,0.0000,0.000,0.000,-8.594,1,VEHICLE,0,-,0.0000,50,150,0,0.0800,0,0,0.000,0.000,0.000,0.0000,0.0000,0.0000,1,1.0000,0,0,0.0000,0,1.1716,0.0000,0.0000,0.0000,0.0000,0,80.00,0.0659,5.4669,8.5529,0.0000,6.1304,-0.0000,80.00,-1,-1.00000,0.000,0.000,0.000,0.000,0.000,0.000,0,0.00,0,0,0,0,0,0,1.1804,-0.000,0.000,-0.0000,-0.0000,-0.0000,4,1.1716,0.000
44,0.7333,0.0000,1.1388,-0.0000,0.0000,0.5012,-0.0000,0.0000,0.000,0.000,-8.594,1,VEHICLE,0,-,0.0000,50,150,0,0.0800,0,0,0.000,0.000,0.000,0.0000,0.0000,0.0000,1,1.0000,0,0,0.0000,0,1.1804,0.0000,0.0000,0.0000,0.0000,0,80.00,0.0588,5.4782,8.5810,0.0000,6.1388,-0.0000,80.00,-1,-1.00000,0.000,0.000,0.000,0.000,0.000,0.000,0,0.00,0,0,0,0,0,0,1.1888,-0.000,0.000,-0.0000,0.0000,-0.0000,4,1.1804,0.000
45,0.7500,0.0000,1.1467,-0.0000,0.0000,0.4747,-0.0000,0.0000,0.000,0.000,-8.594,1,VEHICLE,0,-,0.0000,50,150,0,0.0800,0,0,0.000,0.000,0.000,0.0000,0.0000,0.0000,1,1.0000,0,0,0.0000,0,1.1888,0.0000,0.0000,0.0000,0.0000,0,80.00,0.0525,5.4888,8.6087,0.0000,6.1467,-0.0000,80.00,-1,-1.00000,0.000,0.000,0.000,0.000,0.000,0.000,0,0.00,0,0,0,0,0,0,1.1967,-0.000,0.000,0.0000,0.0000,-0.0000,4,1.1888,0.000
46,0.7667,0.0000,1.1542,-0.0000,0.0000,0.4490,-0.0000,0.0000,0.000,0.000,-8.594,1,VEHICLE,0,-,0.0000,50,150,0,0.0800,0,0,0.000,0.000,0.000,0.0000,0.0000,0.0000,1,1.0000,0,0,0.0000,0,1.1967,0.0000,0.0000,0.0000,0.0000,0,80.00,0.0468,5.4988,8.6360,0.0000,6.1542,-0.0000,80.00,-1,-1.00000,0.000,0.000,0.000,0.000,0.000,0.000,0,0.00,0,0,0,0,0,0,1.2042,-0.000,0.000,-0.0000,-0.0000,-0.0000,4,1.1967,0.000
47,0.7833,0.0000,1.1612,-0.0000,0.0000,0.4240,-0.0000,0.0000,0.000,0.000,-8.594,1,VEHICLE,0,-,0.0000,50,150,0,0.0800,0,0,0.000,0.000,0.000,0.0000,0.0000,0.0000,1,1.0000,0,0,0.0000,0,1.2042,0.0000,0.0000,0.0000,0.0000,0,80.00,0.0417,5.5083,8.6631,0.0000,6.1612,-0.0000,80.00,-1,-1.00000,0.000,0.000,0.000,0.000,0.000,0.000,0,0.00,0,0,0,0,0,0,1.2112,-0.000,0.000,-0.0000,0.0000,-0.0000,4,1.2042,0.000
48,0.8000,0.0000,1.1679,-0.0000,0.0000,0.3999,-0.0000,0.0000,0.000,0.000,-8.594,1,VEHICLE,0,-,0.0000,50,150,0,0.0800,0,0,0.000,0.000,0.000,0.0000,0.0000,0.0000,1,1.0000,0,0,0.0000,0,1.2112,0.0000,0.0000,0.0000,0.0000,0,80.00,0.0372,5.5172,8.6899,0.0000,6.1679,-0.0000,80.00,-1,-1.00000,0.000,0.000,0.000,0.000,0.000,0.000,0,0.00,0,0,0,0,0,0,1.2179,-0.000,0.000,-0.0000,0.0000,-0.0000,4,1.2112,0.000
49,0.8167,0.0000,1.1742,-0.0000,0.0000,0.3765,-0.0000,0.0000,0.000,0.000,-8.594,1,VEHICLE,0,-,0.0000,50,150,0,0.0800,0,0,0.000,0.000,0.000,0.0000,0.0000,0.0000,1,1.0000,0,0,0.0000,0,1.2179,0.0000,0.0000,0.0000,0.0000,0,80.00,0.0332,5.5256,8.7164,0.0000,6.1742,-0.0000,80.00,-1,-1.00000,0.000,0.000,0.000,0.000,0.000,0.000,0,0.00,0,0,0,0,0,0,1.2242,-0.000,0.000,-0.0000,-0.0000,-0.0000,4,1.2179,0.000
50,0.8333,0.0000,1.1801,-0.0000,0.0000,0.3540,-0.0000,0.0000,0.000,0.000,-8.594,1,VEHICLE,0,-,0.0000,50,150,0,0.0800,0,0,0.000,0.000,0.000,0.0000,0.0000,0.0000,1,1.0000,0,0,0.0000,0,1.2242,0.0000,0.0000,0.0000,0.0000,0,80.00,0.0295,5.5336,8.7425,0.0000,6.1801,-0.0000,80.00,-1,-1.00000,0.000,0.000,0.000,0.000,0.000,0.000,0,0.00,0,0,0,0,0,0,1.2301,-0.000,0.000,0.0000,-0.0000,-0.0000,4,1.2242,0.000
51,0.8500,0.0000,1.1856,-0.0000,0.0000,0.3323,-0.0000,0.0000,0.000,0.000,-8.594,1,VEHICLE,0,-,0.0000,50,150,0,0.0800,0,0,0.000,0.000,0.000,0.0000,0.0000,0.0000,1,1.0000,0,0,0.0000,0,1.2301,0.0000,0.0000,0.0000,0.0000,0,80.00,0.0263,5.5411,8.7684,0.0000,6.1856,-0.0000,80.00,-1,-1.00000,0.000,0.000,0.000,0.000,0.000,0.000,0,0.00,0,0,0,0,0,0,1.2356,-0.000,0.000,-0.0000,0.0000,-0.0000,4,1.2301,0.000
52,0.8667,0.0000,1.1908,-0.0000,0.0000,0.3115,-0.0000,0.0000,0.000,0.000,-8.594,1,VEHICLE,0,-,0.0000,50,150,0,0.0800,0,0,0.000,0.000,0.000,0.0000,0.0000,0.0000,1,1.0000,0,0,0.0000,0,1.2356,0.0000,0.0000,0.0000,0.0000,0,80.00,0.0234,5.5482,8.7940,0.0000,6.1908,-0.0000,80.00,-1,-1.00000,0.000,0.000,0.000,0.000,0.000,0.000,0,0.00,0,0,0,0,0,0,1.2408,-0.000,0.000,-0.0000,-0.0000,-0.0000,4,1.2356,0.000
53,0.8833,0.0000,1.1957,-0.0000,0.0000,0.2915,-0.0000,0.0000,0.000,0.000,-8.594,1,VEHICLE,0,-,0.0000,50,150,0,0.0800,0,0,0.000,0.000,0.000,0.0000,0.0000,0.0000,1,1.0000,0,0,0.0000,0,1.2408,0.0000,0.0000,0.0000,0.0000,0,80.00,0.0208,5.5548,8.8192,0.0000,6.1957,-0.0000,80.00,-1,-1.00000,0.000,0.000,0.000,0.000,0.000,0.000,0,0.00,0,0,0,0,0,0,1.2457,-0.000,0.000,-0.0000,-0.0000,-0.0000,4,1.2408,0.000
54,0.9000,0.0000,1.2002,-0.0000,0.0000,0.2723,-0.0000,0.0000,0.000,0.000,-8.594,1,VEHICLE,0,-,0.0000,50,150,0,0.0800,0,0,0.000,0.000,0.000,0.0000,0.0000,0.0000,1,1.0000,0,0,0.0000,0,1.2457,0.0000,0.0000,0.0000,0.0000,0,80.00,0.0185,5.5611,8.8441,0.0000,6.2002,-0.0000,80.00,-1,-1.00000,0.000,0.000,0.000,0.000,0.000,0.000,0,0.00,0,0,0,0,0,0,1.2502,-0.000,0.000,0.0000,0.0000,-0.0000,4,1.2457,0.000
55,0.9167,0.0000,1.2044,-0.0000,0.0000,0.2540,-0.0000,0.0000,0.000,0.000,-8.594,1,VEHICLE,0,-,0.0000,50,150,0,0.0800,0,0,0.000,0.000,0.000,0.0000,0.0000,0.0000,1,1.0000,0,0,0.0000,0,1.2502,0.0000,0.0000,0.0000,0.0000,0,80.00,0.0165,5.5670,8.8687,0.0000,6.2044,-0.0000,80.00,-1,-1.00000,0.000,0.000,0.000,0.000,0.000,0.000,0,0.00,0,0,0,0,0,0,1.2544,-0.000,0.000,-0.0000,-0.0000,-0.0000,4,1.2502,0.000
56,0.9333,0.0000,1.2084,-0.0000,0.0000,0.2365,-0.0000,0.0000,0.000,0.000,-8.594,1,VEHICLE,0,-,0.0000,50,150,0,0.0800,0,0,0.000,0.000,0.000,0.0000,0.0000,0.0000,1,1.0000,0,0,0.0000,0,1.2544,0.0000,0.0000,0.0000,0.0000,0,80.00,0.0147,5.5725,8.8930,0.0000,6.2084,-0.0000,80.00,-1,-1.00000,0.000,0.000,0.000,0.000,0.000,0.000,0,0.00,0,0,0,0,0,0,1.2584,-0.000,0.000,-0.0000,0.0000,-0.0000,4,1.2544,0.000
57,0.9500,0.0000,1.2120,-0.0000,0.0000,0.2197,-0.0000,0.0000,0.000,0.000,-8.594,1,VEHICLE,0,-,0.0000,50,150,0,0.0800,0,0,0.000,0.000,0.000,0.0000,0.0000,0.0000,1,1.0000,0,0,0.0000,0,1.2584,0.0000,0.0000,0.0000,0.0000,0,80.00,0.0130,5.5777,8.9168,0.0000,6.2120,-0.0000,80.00,-1,-1.00000,0.000,0.000,0.000,0.000,0.000,0.000,0,0.00,0,0,0,0,0,0,1.2620,-0.000,0.000,-0.0000,-0.0000,-0.0000,4,1.2584,0.000
58,0.9667,0.0000,1.2154,-0.0000,0.0000,0.2038,-0.0000,0.0000,0.000,0.000,-8.594,1,VEHICLE,0,-,0.0000,50,150,0,0.0800,0,0,0.000,0.000,0.000,0.0000,0.0000,0.0000,1,1.0000,0,0,0.0000,0,1.2620,0.0000,0.0000,0.0000,0.0000,0,80.00,0.0116,5.5826,8.9403,0.0000,6.2154,-0.0000,80.00,-1,-1.00000,0.000,0.000,0.000,0.000,0.000,0.000,0,0.00,0,0,0,0,0,0,1.2654,-0.000,0.000,-0.0000,-0.0000,-0.0000,4,1.2620,0.000
59,0.9833,0.0000,1.2186,-0.0000,0.0000,0.1887,-0.0000,0.0000,0.000,0.000,-8.594,1,VEHICLE,0,-,0.0000,50,150,0,0.0800,0,0,0.000,0.000,0.000,0.0000,0.0000,0.0000,1,1.0000,0,0,0.0000,0,1.2654,0.0000,0.0000,0.0000,0.0000,0,80.00,0.0103,5.5871,8.9634,0.0000,6.2186,-0.0000,80.00,-1,-1.00000,0.000,0.000,0.000,0.000,0.000,0.000,0,0.00,0,0,0,0,0,0,1.2686,-0.000,0.000,-0.0000,0.0000,-0.0000,4,1.2654,0.000
60,1.0000,0.0000,1.2215,-0.0000,0.0000,0.1743,-0.0000,0.0000,0.000,0.000,-8.594,1,VEHICLE,0,-,0.0000,50,150,0,0.0800,0,0,0.000,0.000,0.000,0.0000,0.0000,0.0000,1,1.0000,0,0,0.0000,0,1.2686,0.0000,0.0000,0.0000,0.0000,0,80.00,0.0092,5.5914,8.9861,0.0000,6.2215,-0.0000,80.00,-1,-1.00000,0.000,0.000,0.000,0.000,0.000,0.000,0,0.00,0,0,0,0,0,0,1.2715,-0.000,0.000,-0.0000,0.0000,-0.0000,4,1.2686,0.000
61,1.0167,0.0000,1.2242,-0.0000,0.0000,0.1606,-0.0000,0.0000,0.000,0.000,-8.594,1,VEHICLE,0,-,0.0000,50,150,0,0.0800,0,0,0.000,0.000,0.000,0.0000,0.0000,0.0000,1,1.0000,0,0,0.0000,0,1.2715,0.0000,0.0000,0.0000,0.0000,0,80.00,0.0081,5.5954,9.0084,0.0000,6.2242,-0.0000,80.00,-1,-1.00000,0.000,0.000,0.000,0.000,0.000,0.000,0,0.00,0,0,0,0,0,0,1.2742,-0.000,0.000,0.0000,-0.0000,-0.0000,4,1.2715,0.000
62,1.0333,0.0000,1.2266,-0.0000,0.0000,0.1477,-0.0000,0.0000,0.000,0.000,-8.594,1,VEHICLE,0,-,0.0000,50,150,0,0.0800,0,0,0.000,0.000,0.000,0.0000,0.0000,0.0000,1,1.0000,0,0,0.0000,0,1.2742,0.0000,0.0000,0.0000,0.0000,0,80.00,0.0072,5.5991,9.0302,0.0000,6.2266,-0.0000,80.00,-1,-1.00000,0.000,0.000,0.000,0.000,0.000,0.000,0,0.00,0,0,0,0,0,0,1.2766,-0.000,0.000,-0.0000,-0.0000,-0.0000,4,1.2742,0.000
63,1.0500,0.0000,1.2289,-0.0000,0.0000,0.1355,-0.0000,0.0000,0.000,0.000,-8.594,1,VEHICLE,0,-,0.0000,50,150,0,0.0800,0,0,0.000,0.000,0.000,0.0000,0.0000,0.0000,1,1.0000,0,0,0.0000,0,1.2766,0.0000,0.0000,0.0000,0.0000,0,80.00,0.0064,5.6026,9.0516,0.0000,6.2289,-0.0000,80.00,-1,-1.00000,0.000,0.000,0.000,0.000,0.000,0.000,0,0.00,0,0,0,0,0,0,1.2789,-0.000,0.000,-0.0000,0.0000,-0.0000,4,1.2766,0.000
64,1.0667,0.0000,1.2309,-0.0000,0.0000,0.1240,-0.0000,0.0000,0.000,0.000,-8.594,1,VEHICLE,0,-,0.0000,50,150,0,0.0800,0,0,0.000,0.000,0.000,0.0000,0.0000,0.0000,1,1.0000,0,0,0.0000,0,1.2789,0.0000,0.0000,0.0000,0.0000,0,80.00,0.0057,5.6059,9.0724,0.0000,6.2309,-0.0000,80.00,-1,-1.00000,0.000,0.000,0.000,0.000,0.000,0.000,0,0.00,0,0,0,0,0,0,1.2809,-0.000,0.000,-0.0000,-0.0000,-0.0000,4,1.2789,0.000
65,1.0833,0.0000,1.2328,-0.0000,0.0000,0.1131,-0.0000,0.0000,0.000,0.000,-8.594,1,VEHICLE,0,-,0.0000,50,150,0,0.0800,0,0,0.000,0.000,0.000,0.0000,0.0000,0.0000,1,1.0000,0,0,0.0000,0,1.2809,0.0000,0.0000,0.0000,0.0000,0,80.00,0.0051,5.6089,9.0928,0.0000,6.2328,-0.0000,80.00,-1,-1.00000,0.000,0.000,0.000,0.000,0.000,0.000,0,0.00,0,0,0,0,0,0,1.2828,-0.000,0.000,0.0000,0.0000,-0.0000,4,1.2809,0.000
66,1.1000,0.0000,1.2345,-0.0000,0.0000,0.1028,-0.0000,0.0000,0.000,0.000,-8.594,1,VEHICLE,0,-,0.0000,50,150,0,0.0800,0,0,0.000,0.000,0.000,0.0000,0.0000,0.0000,1,1.0000,0,0,0.0000,0,1.2828,0.0000,0.0000,0.0000,0.0000,0,80.00,0.0045,5.6118,9.1127,0.0000,6.2345,-0.0000,80.00,-1,-1.00000,0.000,0.000,0.000,0.000,0.000,0.000,0,0.00,0,0,0,0,0,0,1.2845,-0.000,0.000,-0.0000,0.0000,-0.0000,4,1.2828,0.000
67,1.1167,0.0000,1.2361,-0.0000,0.0000,0.0932,-0.0000,0.0000,0.000,0.000,-8.594,1,VEHICLE,0,-,0.0000,50,150,0,0.0800,0,0,0.000,0.000,0.000,0.0000,0.0000,0.0000,1,1.0000,0,0,0.0000,0,1.2845,0.0000,0.0000,0.0000,0.0000,0,80.00,0.0040,5.6144,9.1320,0.0000,6.2361,-0.0000,80.00,-1,-1.00000,0.000,0.000,0.000,0.000,0.000,0.000,0,0.00,0,0,0,0,0,0,1.2861,-0.000,0.000,-0.0000,-0.0000,-0.0000,4,1.2845,0.000
68,1.1333,0.0000,1.2375,-0.0000,0.0000,0.0842,-0.0000,0.0000,0.000,0.000,-8.594,1,VEHICLE,0,-,0.0000,50,150,0,0.0800,0,0,0.000,0.000,0.000,0.0000,0.0000,0.0000,1,1.0000,0,0,0.0000,0,1.2861,0.0000,0.0000,0.0000,0.0000,0,80.00,0.0035,5.6168,9.1507,0.0000,6.2375,-0.0000,80.00,-1,-1.00000,0.000,0.000,0.000,0.000,0.000,0.000,0,0.00,0,0,0,0,0,0,1.2875,-0.000,0.000,-0.0000,0.0000,-0.0000,4,1.2861,0.000
69,1.1500,0.0000,1.2388,-0.0000,0.0000,0.0757,-0.0000,0.0000,0.000,0.000,-8.594,1,VEHICLE,0,-,0.0000,50,150,0,0.0800,0,0,0.000,0.000,0.000,0.0000,0.0000,0.0000,1,1.0000,0,0,0.0000,0,1.2875,0.0000,0.0000,0.0000,0.0000,0,80.00,0.0031,5.6191,9.1689,0.0000,6.2388,-0.0000,80.00,-1,-1.00000,0.000,0.000,0.000,0.000,0.000,0.000,0,0.00,0,0,0,0,0,0,1.2888,-0.000,0.000,-0.0000,-0.0000,-0.0000,4,1.2875,0.000
70,1.1667,0.0000,1.2399,-0.0000,0.0000,0.0677,-0.0000,0.0000,0.000,0.000,-8.594,1,VEHICLE,0,-,0.0000,50,150,0,0.0800,0,0,0.000,0.000,0.000,0.0000,0.0000,0.0000,1,1.0000,0,0,0.0000,0,1.2888,0.0000,0.0000,0.0000,0.0000,0,80.00,0.0028,5.6212,9.1865,0.0000,6.2399,-0.0000,80.00,-1,-1.00000,0.000,0.000,0.000,0.000,0.000,0.000,0,0.00,0,0,0,0,0,0,1.2899,-0.000,0.000,-0.0000,0.0000,-0.0000,4,1.2888,0.000
71,1.1833,0.0000,1.2409,-0.0000,0.0000,0.0603,-0.0000,0.0000,0.000,0.000,-8.594,1,VEHICLE,0,-,0.0000,50,150,0,0.0800,0,0,0.000,0.000,0.000,0.0000,0.0000,0.0000,1,1.0000,0,0,0.0000,0,1.2899,0.0000,0.0000,0.0000,0.0000,0,80.00,0.0025,5.6231,9.2034,0.0000,6.2409,-0.0000,80.00,-1,-1.00000,0.000,0.000,0.000,0.000,0.000,0.000,0,0.00,0,0,0,0,0,0,1.2909,-0.000,0.000,-0.0000,0.0000,-0.0000,4,1.2899,0.000
72,1.2000,0.0000,1.2418,-0.0000,0.0000,0.0534,-0.0000,0.0000,0.000,0.000,-8.594,1,VEHICLE,0,-,0.0000,50,150,0,0.0800,0,0,0.000,0.000,0.000,0.0000,0.0000,0.0000,1,1.0000,0,0,0.0000,0,1.2909,0.0000,0.0000,0.0000,0.0000,0,80.00,0.0022,5.6248,9.2197,0.0000,6.2418,-0.0000,80.00,-1,-1.00000,0.000,0.000,0.000,0.000,0.000,0.000,0,0.00,0,0,0,0,0,0,1.2918,-0.000,0.000,0.0000,-0.0000,-0.0000,4,1.2909,0.000
73,1.2167,0.0000,1.2426,-0.0000,0.0000,0.0470,-0.0000,0.0000,0.000,0.000,-8.594,1,VEHICLE,0,-,0.0000,50,150,0,0.0800,0,0,0.000,0.000,0.000,0.0000,0.0000,0.0000,1,1.0000,0,0,0.0000,0,1.2918,0.0000,0.0000,0.0000,0.0000,0,80.00,0.0019,5.6264,9.2353,0.0000,6.2426,-0.0000,80.00,-1,-1.00000,0.000,0.000,0.000,0.000,0.000,0.000,0,0.00,0,0,0,0,0,0,1.2926,-0.000,0.000,-0.0000,-0.0000,-0.0000,4,1.2918,0.000
74,1.2333,0.0000,1.2433,-0.0000,0.0000,0.0410,-0.0000,0.0000,0.000,0.000,-8.594,1,VEHICLE,0,-,0.0000,50,150,0,0.0800,0,0,0.000,0.000,0.000,0.0000,0.0000,0.0000,1,1.0000,0,0,0.0000,0,1.2926,0.0000,0.0000,0.0000,0.0000,0,80.00,0.0017,5.6279,9.2502,0.0000,6.2433,-0.0000,80.00,-1,-1.00000,0.000,0.000,0.000,0.000,0.000,0.000,0,0.00,0,0,0,0,0,0,1.2933,-0.000,0.000,-0.0000,0.0000,-0.0000,4,1.2926,0.000
75,1.2500,0.0000,1.2438,-0.0000,0.0000,0.0355,-0.0000,0.0000,0.000,0.000,-8.594,1,VEHICLE,0,-,0.0000,50,150,0,0.0800,0,0,0.000,0.000,0.000,0.0000,0.0000,0.0000,1,1.0000,0,0,0.0000,0,1.2933,0.0000,0.0000,0.0000,0.0000,0,80.00,0.0015,5.6293,9.2644,0.0000,6.2438,-0.0000,80.00,-1,-1.00000,0.000,0.000,0.000,0.000,0.000,0.000,0,0.00,0,0,0,0,0,0,1.2938,-0.000,0.000,0.0000,0.0000,-0.0000,4,1.2933,0.000
76,1.2667,0.0000,1.2443,-0.0000,0.0000,0.0303,-0.0000,0.0000,0.000,0.000,-8.594,1,VEHICLE,0,-,0.0000,50,150,0,0.0800,0,0,0.000,0.000,0.000,0.0000,0.0000,0.0000,1,1.0000,0,0,0.0000,0,1.2938,0.0000,0.0000,0.0000,0.0000,0,80.00,0.0013,5.6305,9.2778,0.0000,6.2443,-0.0000,80.00,-1,-1.00000,0.000,0.000,0.000,0.000,0.000,0.000,0,0.00,0,0,0,0,0,0,1.2943,-0.000,0.000,-0.0000,-0.0000,-0.0000,4,1.2938,0.000
77,1.2833,0.0000,1.2448,-0.0000,0.0000,0.0256,-0.0000,0.0000,0.000,0.000,-8.594,1,VEHICLE,0,-,0.0000,50,150,0,0.0800,0,0,0.000,0.000,0.000,0.0000,0.0000,0.0000,1,1.0000,0,0,0.0000,0,1.2943,0.0000,0.0000,0.0000,0.0000,0,80.00,0.0012,5.6316,9.2905,0.0000,6.2448,-0.0000,80.00,-1,-1.00000,0.000,0.000,0.000,0.000,0.000,0.000,0,0.00,0,0,0,0,0,0,1.2948,-0.000,0.000,0.0000,0.0000,-0.0000,4,1.2943,0.000
78,1.3000,0.0000,1.2451,-0.0000,0.0000,0.0212,-0.0000,0.0000,0.000,0.000,-8.594,1,VEHICLE,0,-,0.0000,50,150,0,0.0800,0,0,0.000,0.000,0.000,0.0000,0.0000,0.0000,1,1.0000,0,0,0.0000,0,1.2948,0.0000,0.0000,0.0000,0.0000,0,80.00,0.0011,5.6325,9.3024,0.0000,6.2451,-0.0000,80.00,-1,-1.00000,0.000,0.000,0.000,0.000,0.000,0.000,0,0.00,0,0,0,0,0,0,1.2951,-0.000,0.000,-0.0000,-0.0000,-0.0000,4,1.2948,0.000
79,1.3167,0.0000,1.2454,-0.0000,0.0000,0.0172,-0.0000,0.0000,0.000,0.000,-8.594,1,VEHICLE,0,-,0.0000,50,150,0,0.0800,0,0,0.000,0.000,0.000,0.0000,0.0000,0.0000,1,1.0000,0,0,0.0000,0,1.2951,0.0000,0.0000,0.0000,0.0000,0,80.00,0.0009,5.6334,9.3135,0.0000,6.2454,-0.0000,80.00,-1,-1.00000,0.000,0.000,0.000,0.000,0.000,0.000,0,0.00,0,0,0,0,0,0,1.2954,-0.000,0.000,-0.0000,0.0000,-0.0000,4,1.2951,0.000
80,1.3333,0.0000,1.2456,-0.0000,0.0000,0.0135,-0.0000,0.0000,0.000,0.000,-8.594,1,VEHICLE,0,-,0.0000,50,150,0,0.0800,0,0,0.000,0.000,0.000,0.0000,0.0000,0.0000,1,1.0000,0,0,0.0000,0,1.2954,0.0000,0.0000,0.0000,0.0000,0,80.00,0.0008,5.6342,9.3237,0.0000,6.2456,-0.0000,80.00,-1,-1.00000,0.000,0.000,0.000,0.000,0.000,0.000,0,0.00,0,0,0,0,0,0,1.2956,-0.000,0.000,-0.0000,-0.0000,-0.0000,4,1.2954,0.000
81,1.3500,0.0000,1.2458,-0.0000,0.0000,0.0102,-0.0000,0.0000,0.000,0.000,-8.594,1,VEHICLE,0,-,0.0000,50,150,0,0.0800,0,0,0.000,0.000,0.000,0.0000,0.0000,0.0000,1,1.0000,0,0,0.0000,0,1.2956,0.0000,0.0000,0.0000,0.0000,0,80.00,0.0007,5.6348,9.3331,0.0000,6.2458,-0.0000,80.00,-1,-1.00000,0.000,0.000,0.000,0.000,0.000,0.000,0,0.00,0,0,0,0,0,0,1.2958,-0.000,0.000,-0.0000,0.0000,-0.0000,4,1.2956,0.000
82,1.3667,0.0000,1.2459,-0.0000,0.0000,0.0071,-0.0000,0.0000,0.000,0.000,-8.594,1,VEHICLE,0,-,0.0000,50,150,0,0.0800,0,0,0.000,0.000,0.000,0.0000,0.0000,0.0000,1,1.0000,0,0,0.0000,0,1.2958,0.0000,0.0000,0.0000,0.0000,0,80.00,0.0006,5.6354,9.3416,0.0000,6.2459,-0.0000,80.00,-1,-1.00000,0.000,0.000,0.000,0.000,0.000,0.000,0,0.00,0,0,0,0,0,0,1.2959,-0.000,0.000,0.0000,0.0000,-0.0000,4,1.2958,0.000
83,1.3833,0.0000,1.2460,-0.0000,0.0000,0.0043,-0.0000,0.0000,0.000,0.000,-8.594,1,VEHICLE,0,-,0.0000,50,150,0,0.0800,0,0,0.000,0.000,0.000,0.0000,0.0000,0.0000,1,1.0000,0,0,0.0000,0,1.2959,0.0000,0.0000,0.0000,0.0000,0,80.00,0.0006,5.6359,9.3492,0.0000,6.2460,-0.0000,80.00,-1,-1.00000,0.000,0.000,0.000,0.000,0.000,0.000,0,0.00,0,0,0,0,0,0,1.2960,-0.000,0.000,-0.0000,-0.0000,-0.0000,4,1.2959,0.000
84,1.4000,0.0000,1.2460,-0.0000,0.0000,0.0018,-0.0000,0.0000,0.000,0.000,-8.594,1,VEHICLE,0,-,0.0000,50,150,0,0.0800,0,0,0.000,0.000,0.000,0.0000,0.0000,0.0000,1,1.0000,0,0,0.0000,0,1.2960,0.0000,0.0000,0.0000,0.0000,0,80.00,0.0005,5.6362,9.3558,0.0000,6.2460,-0.0000,80.00,-1,-1.00000,0.000,0.000,0.000,0.000,0.000,0.000,0,0.00,0,0,0,0,0,0,1.2960,-0.000,0.000,0.0000,0.0000,-0.0000,4,1.2960,0.000
85,1.4167,0.0000,1.2460,-0.0000,0.0000,-0.0005,-0.0000,0.0000,0.000,0.000,-8.594,1,VEHICLE,0,-,0.0000,50,150,0,0.0800,0,0,0.000,0.000,0.000,0.0000,0.0000,0.0000,1,1.0000,0,0,0.0000,0,1.2960,0.0000,0.0000,0.0000,0.0000,0,80.00,0.0004,5.6365,9.3615,0.0000,6.2460,-0.0000,80.00,-1,-1.00000,0.000,0.000,0.000,0.000,0.000,0.000,0,0.00,0,0,0,0,0,0,1.2960,-0.000,0.000,-0.0000,-0.0000,-0.0000,4,1.2960,0.000
86,1.4333,0.0000,1.2460,-0.0000,0.0000,-0.0026,-0.0000,0.0000,0.000,0.000,-8.594,1,VEHICLE,0,-,0.0000,50,150,0,0.0800,0,0,0.000,0.000,0.000,0.0000,0.0000,0.0000,1,1.0000,0,0,0.0000,0,1.2960,0.0000,0.0000,0.0000,0.0000,0,80.00,0.0004,5.6367,9.3662,0.0000,6.2460,-0.0000,80.00,-1,-1.00000,0.000,0.000,0.000,0.000,0.000,0.000,0,0.00,0,0,0,0,0,0,1.2960,-0.000,0.000,0.0000,0.0000,-0.0000,4,1.2960,0.000
87,1.4500,0.0000,1.2459,-0.0000,0.0000,-0.0044,-0.0000,0.0000,0.000,0.000,-8.594,1,VEHICLE,0,-,0.0000,50,150,0,0.0800,0,0,0.000,0.000,0.000,0.0000,0.0000,0.0000,1,1.0000,0,0,0.0000,0,1.2960,0.0000,0.0000,0.0000,0.0000,0,80.00,0.0004,5.6368,9.3699,0.0000,6.2459,-0.0000,80.00,-1,-1.00000,0.000,0.000,0.000,0.000,0.000,0.000,0,0.00,0,0,0,0,0,0,1.2959,-0.000,0.000,-0.0000,0.0000,-0.0000,4,1.2960,0.000
88,1.4667,0.0000,1.2458,-0.0000,0.0000,-0.0060,-0.0000,0.0000,0.000,0.000,-8.594,1,VEHICLE,0,-,0.0000,50,150,0,0.0800,0,0,0.000,0.000,0.000,0.0000,0.0000,0.0000,1,1.0000,0,0,0.0000,0,1.2959,0.0000,0.0000,0.0000,0.0000,0,80.00,0.0003,5.6369,9.3726,0.0000,6.2458,-0.0000,80.00,-1,-1.00000,0.000,0.000,0.000,0.000,0.000,0.000,0,0.00,0,0,0,0,0,0,1.2958,-0.000,0.000,-0.0000,-0.0000,-0.0000,4,1.2959,0.000
89,1.4833,0.0000,1.2457,-0.0000,0.0000,-0.0075,-0.0000,0.0000,0.000,0.000,-8.594,1,VEHICLE,0,-,0.0000,50,150,0,0.0800,0,0,0.000,0.000,0.000,0.0000,0.0000,0.0000,1,1.0000,0,0,0.0000,0,1.2958,0.0000,0.0000,0.0000,0.0000,0,80.00,0.0003,5.6369,9.3743,0.0000,6.2457,-0.0000,80.00,-1,-1.00000,0.000,0.000,0.000,0.000,0.000,0.000,0,0.00,0,0,0,0,0,0,1.2957,-0.000,0.000,-0.0000,0.0000,-0.0000,4,1.2958,0.000
90,1.5000,0.0000,1.2455,-0.0000,0.0000,-0.0088,-0.0000,0.0000,0.000,0.000,-8.594,1,VEHICLE,0,-,0.0000,50,150,0,0.0800,0,0,0.000,0.000,0.000,0.0000,0.0000,0.0000,1,1.0000,0,0,0.0000,0,1.2957,0.0000,0.0000,0.0000,0.0000,0,80.00,0.0002,5.6367,9.3748,0.0000,6.2455,-0.0000,80.00,-1,-1.00000,0.000,0.000,0.000,0.000,0.000,0.000,0,0.00,0,0,0,0,0,0,1.2955,-0.000,0.000,-0.0000,-0.0000,-0.0000,4,1.2957,0.000
91,1.5167,0.0000,1.2454,-0.0000,0.0000,-0.0099,-0.0000,0.0000,0.000,0.000,-8.594,1,VEHICLE,0,-,0.0000,50,150,0,0.0800,0,0,0.000,0.000,0.000,0.0000,0.0000,0.0000,1,1.0000,0,0,0.0000,0,1.2955,0.0000,0.0000,0.0000,0.0000,0,80.00,0.0002,5.6366,9.3748,0.0000,6.2454,-0.0000,80.00,-1,-1.00000,0.000,0.000,0.000,0.000,0.000,0.000,0,0.00,0,0,0,0,0,0,1.2954,-0.000,0.000,0.0000,0.0000,-0.0000,4,1.2955,0.000
92,1.5333,0.0000,1.2452,-0.0000,0.0000,-0.0108,-0.0000,0.0000,0.000,0.000,-8.594,1,VEHICLE,0,-,0.0000,50,150,0,0.0800,0,0,0.000,0.000,0.000,0.0000,0.0000,0.0000,1,1.0000,0,0,0.0000,0,1.2954,0.0000,0.0000,0.0000,0.0000,0,80.00,0.0002,5.6364,9.3749,0.0000,6.2452,-0.0000,80.00,-1,-1.00000,0.000,0.000,0.000,0.000,0.000,0.000,0,0.00,0,0,0,0,0,0,1.2952,-0.000,0.000,-0.0000,0.0000,-0.0000,4,1.2954,0.000
93,1.5500,0.0000,1.2450,-0.0000,0.0000,-0.0117,-0.0000,0.0000,0.000,0.000,-8.594,1,VEHICLE,0,-,0.0000,50,150,0,0.0800,0,0,0.000,0.000,0.000,0.0000,0.0000,0.0000,1,1.0000,0,0,0.0000,0,1.2952,0.0000,0.0000,0.0000,0.0000,0,80.00,0.0002,5.6362,9.3749,0.0000,6.2450,-0.0000,80.00,-1,-1.00000,0.000,0.000,0.000,0.000,0.000,0.000,0,0.00,0,0,0,0,0,0,1.2950,-0.000,0.000,-0.0000,-0.0000,-0.0000,4,1.2952,0.000
94,1.5667,0.0000,1.2448,-0.0000,0.0000,-0.0124,-0.0000,0.0000,0.000,0.000,-8.594,1,VEHICLE,0,-,0.0000,50,150,0,0.0800,0,0,0.000,0.000,0.000,0.0000,0.0000,0.0000,1,1.0000,0,0,0.0000,0,1.2950,0.0000,0.0000,0.0000,0.0000,0,80.00,0.0001,5.6360,9.3749,0.0000,6.2448,-0.0000,80.00,-1,-1.00000,0.000,0.000,0.000,0.000,0.000,0.000,0,0.00,0,0,0,0,0,0,1.2948,-0.000,0.000,-0.0000,0.0000,-0.0000,4,1.2950,0.000
95,1.5833,0.0000,1.2446,-0.0000,0.0000,-0.0129,-0.0000,0.0000,0.000,0.000,-8.594,1,VEHICLE,0,-,0.0000,50,150,0,0.0800,0,0,0.000,0.000,0.000,0.0000,0.0000,0.0000,1,1.0000,0,0,0.0000,0,1.2948,0.0000,0.0000,0.0000,0.0000,0,80.00,0.0001,5.6358,9.3749,0.0000,6.2446,-0.0000,80.00,-1,-1.00000,0.000,0.000,0.000,0.000,0.000,0.000,0,0.00,0,0,0,0,0,0,1.2946,-0.000,0.000,0.0000,0.0000,-0.0000,4,1.2948,0.000
96,1.6000,0.0000,1.2444,-0.0000,0.0000,-0.0134,-0.0000,0.0000,0.000,0.000,-8.594,1,VEHICLE,0,-,0.0000,50,150,0,0.0800,0,0,0.000,0.000,0.000,0.0000,0.0000,0.0000,1,1.0000,0,0,0.0000,0,1.2946,0.0000,0.0000,0.0000,0.0000,0,80.00,0.0001,5.6356,9.3749,0.0000,6.2444,-0.0000,80.00,-1,-1.00000,0.000,0.000,0.000,0.000,0.000,0.000,0,0.00,0,0,0,0,0,0,1.2944,-0.000,0.000,-0.0000,-0.0000,-0.0000,4,1.2946,0.000
97,1.6167,0.0000,1.2441,-0.0000,0.0000,-0.0138,-0.0000,0.0000,0.000,0.000,-8.594,1,VEHICLE,0,-,0.0000,50,150,0,0.0800,0,0,0.000,0.000,0.000,0.0000,0.0000,0.0000,1,1.0000,0,0,0.0000,0,1.2944,0.0000,0.0000,0.0000,0.0000,0,80.00,0.0001,5.6354,9.3749,0.0000,6.2441,-0.0000,80.00,-1,-1.00000,0.000,0.000,0.000,0.000,0.000,0.000,0,0.00,0,0,0,0,0,0,1.2941,-0.000,0.000,-0.0000,0.0000,-0.0000,4,1.2944,0.000
98,1.6333,0.0000,1.2439,-0.0000,0.0000,-0.0140,-0.0000,0.0000,0.000,0.000,-8.594,1,VEHICLE,0,-,0.0000,50,150,0,0.0800,0,0,0.000,0.000,0.000,0.0000,0.0000,0.0000,1,1.0000,0,0,0.0000,0,1.2941,0.0000,0.0000,0.0000,0.0000,0,80.00,0.0001,5.6351,9.3749,0.0000,6.2439,-0.0000,80.00,-1,-1.00000,0.000,0.000,0.000,0.000,0.000,0.000,0,0.00,0,0,0,0,0,0,1.2939,-0.000,0.000,-0.0000,0.0000,-0.0000,4,1.2941,0.000
99,1.6500,0.0000,1.2437,-0.0000,0.0000,-0.0142,-0.0000,0.0000,0.000,0.000,-8.594,1,VEHICLE,0,-,0.0000,50,150,0,0.0800,0,0,0.000,0.000,0.000,0.0000,0.0000,0.0000,1,1.0000,0,0,0.0000,0,1.2939,0.0000,0.0000,0.0000,0.0000,0,80.00,0.0001,5.6349,9.3749,0.0000,6.2437,-0.0000,80.00,-1,-1.00000,0.000,0.000,0.000,0.000,0.000,0.000,0,0.00,0,0,0,0,0,0,1.2937,-0.000,0.000,-0.0000,-0.0000,-0.0000,4,1.2939,0.000
100,1.6667,0.0000,1.2434,-0.0000,0.0000,-0.0143,-0.0000,0.0000,0.000,0.000,-8.594,1,VEHICLE,0,-,0.0000,50,150,0,0.0800,0,0,0.000,0.000,0.000,0.0000,0.0000,0.0000,1,1.0000,0,0,0.0000,0,1.2937,0.0000,0.0000,0.0000,0.0000,0,80.00,0.0001,5.6347,9.3749,0.0000,6.2434,-0.0000,80.00,-1,-1.00000,0.000,0.000,0.000,0.000,0.000,0.000,0,0.00,0,0,0,0,0,0,1.2934,-0.000,0.000,-0.0000,-0.0000,-0.0000,4,1.2937,0.000
101,1.6833,0.0000,1.2432,-0.0000,0.0000,-0.0144,-0.0000,0.0000,0.000,0.000,-8.594,1,VEHICLE,0,-,0.0000,50,150,0,0.0800,0,0,0.000,0.000,0.000,0.0000,0.0000,0.0000,1,1.0000,0,0,0.0000,0,1.2934,0.0000,0.0000,0.0000,0.0000,0,80.00,0.0001,5.6344,9.3749,0.0000,6.2432,-0.0000,80.00,-1,-1.00000,0.000,0.000,0.000,0.000,0.000,0.000,0,0.00,0,0,0,0,0,0,1.2932,-0.000,0.000,-0.0000,0.0000,-0.0000,4,1.2934,0.000
102,1.7000,0.0000,1.2429,-0.0000,0.0000,-0.0144,-0.0000,0.0000,0.000,0.000,-8.594,1,VEHICLE,0,-,0.0000,50,150,0,0.0800,0,0,0.000,0.000,0.000,0.0000,0.0000,0.0000,1,1.0000,0,0,0.0000,0,1.2932,0.0000,0.0000,0.0000,0.0000,0,80.00,0.0001,5.6342,9.3749,0.0000,6.2429,-0.0000,80.00,-1,-1.00000,0.000,0.000,0.000,0.000,0.000,0.000,0,0.00,0,0,0,0,0,0,1.2929,-0.000,0.000,0.0000,0.0000,-0.0000,4,1.2932,0.000
103,1.7167,0.0000,1.2427,-0.0000,0.0000,-0.0143,-0.0000,0.0000,0.000,0.000,-8.594,1,VEHICLE,0,-,0.0000,50,150,0,0.0800,0,0,0.000,0.000,0.000,0.0000,0.0000,0.0000,1,1.0000,0,0,0.0000,0,1.2929,0.0000,0.0000,0.0000,0.0000,0,80.00,0.0000,5.6339,9.3749,0.0000,6.2427,-0.0000,80.00,-1,-1.00000,0.000,0.000,0.000,0.000,0.000,0.000,0,0.00,0,0,0,0,0,0,1.2927,-0.000,0.000,-0.0000,-0.0000,-0.0000,4,1.2929,0.000
104,1.7333,0.0000,1.2425,-0.0000,0.0000,-0.0142,-0.0000,0.0000,0.000,0.000,-8.594,1,VEHICLE,0,-,0.0000,50,150,0,0.0800,0,0,0.000,0.000,0.000,0.0000,0.0000,0.0000,1,1.0000,0,0,0.0000,0,1.2927,0.0000,0.0000,0.0000,0.0000,0,80.00,0.0000,5.6337,9.3749,0.0000,6.2425,-0.0000,80.00,-1,-1.00000,0.000,0.000,0.000,0.000,0.000,0.000,0,0.00,0,0,0,0,0,0,1.2925,-0.000,0.000,-0.0000,0.0000,-0.0000,4,1.2927,0.000
105,1.7500,0.0000,1.2422,-0.0000,0.0000,-0.0140,-0.0000,0.0000,0.000,0.000,-8.594,1,VEHICLE,0,-,0.0000,50,150,0,0.0800,0,0,0.000,0.000,0.000,0.0000,0.0000,0.0000,1,1.0000,0,0,0.0000,0,1.2925,0.0000,0.0000,0.0000,0.0000,0,80.00,0.0000,5.6335,9.3749,0.0000,6.2422,-0.0000,80.00,-1,-1.00000,0.000,0.000,0.000,0.000,0.000,0.000,0,0.00,0,0,0,0,0,0,1.2922,-0.000,0.000,-0.0000,0.0000,-0.0000,4,1.2925,0.000
106,1.7667,0.0000,1.2420,-0.0000,0.0000,-0.0138,-0.0000,0.0000,0.000,0.000,-8.594,1,VEHICLE,0,-,0.0000,50,150,0,0.0800,0,0,0.000,0.000,0.000,0.0000,0.0000,0.0000,1,1.0000,0,0,0.0000,0,1.2922,0.0000,0.0000,0.0000,0.0000,0,80.00,0.0000,5.6333,9.3749,0.0000,6.2420,-0.0000,80.00,-1,-1.00000,0.000,0.000,0.000,0.000,0.000,0.000,0,0.00,0,0,0,0,0,0,1.2920,-0.000,0.000,-0.0000,0.0000,-0.0000,4,1.2922,0.000
107,1.7833,0.0000,1.2418,-0.0000,0.0000,-0.0136,-0.0000,0.0000,0.000,0.000,-8.594,1,VEHICLE,0,-,0.0000,50,150,0,0.0800,0,0,0.000,0.000,0.000,0.0000,0.0000,0.0000,1,1.0000,0,0,0.0000,0,1.2920,0.0000,0.0000,0.0000,0.0000,0,80.00,0.0000,5.6330,9.3749,0.0000,6.2418,-0.0000,80.00,-1,-1.00000,0.000,0.000,0.000,0.000,0.000,0.000,0,0.00,0,0,0,0,0,0,1.2918,-0.000,0.000,0.0000,-0.0000,-0.0000,4,1.2920,0.000
108,1.8000,0.0000,1.2415,-0.0000,0.0000,-0.0133,-0.0000,0.0000,0.000,0.000,-8.594,1,VEHICLE,0,-,0.0000,50,150,0,0.0800,0,0,0.000,0.000,0.000,0.0000,0.0000,0.0000,1,1.0000,0,0,0.0000,0,1.2918,0.0000,0.0000,0.0000,0.0000,0,80.00,0.0000,5.6328,9.3749,0.0000,6.2415,-0.0000,80.00,-1,-1.00000,0.000,0.000,0.000,0.000,0.000,0.000,0,0.00,0,0,0,0,0,0,1.2915,-0.000,0.000,-0.0000,0.0000,-0.0000,4,1.2918,0.000
109,1.8167,0.0000,1.2413,-0.0000,0.0000,-0.0130,-0.0000,0.0000,0.000,0.000,-8.594,1,VEHICLE,0,-,0.0000,50,150,0,0.0800,0,0,0.000,0.000,0.000,0.0000,0.0000,0.0000,1,1.0000,0,0,0.0000,0,1.2915,0.0000,0.0000,0.0000,0.0000,0,80.00,0.0000,5.6326,9.3749,0.0000,6.2413,-0.0000,80.00,-1,-1.00000,0.000,0.000,0.000,0.000,0.000,0.000,0,0.00,0,0,0,0,0,0,1.2913,-0.000,0.000,-0.0000,0.0000,-0.0000,4,1.2915,0.000
110,1.8333,0.0000,1.2411,-0.0000,0.0000,-0.0127,-0.0000,0.0000,0.000,0.000,-8.594,1,VEHICLE,0,-,0.0000,50,150,0,0.0800,0,0,0.000,0.000,0.000,0.0000,0.0000,0.0000,1,1.0000,0,0,0.0000,0,1.2913,0.0000,0.0000,0.0000,0.0000,0,80.00,0.0000,5.6324,9.3749,0.0000,6.2411,-0.0000,80.00,-1,-1.00000,0.000,0.000,0.000,0.000,0.000,0.000,0,0.00,0,0,0,0,0,0,1.2911,-0.000,0.000,-0.0000,-0.0000,-0.0000,4,1.2913,0.000
111,1.8500,0.0000,1.2409,-0.0000,0.0000,-0.0123,-0.0000,0.0000,0.000,0.000,-8.594,1,VEHICLE,0,-,0.0000,50,150,0,0.0800,0,0,0.000,0.000,0.000,0.0000,0.0000,0.0000,1,1.0000,0,0,0.0000,0,1.2911,0.0000,0.0000,0.0000,0.0000,0,80.00,0.0000,5.6322,9.3749,0.0000,6.2409,-0.0000,80.00,-1,-1.00000,0.000,0.000,0.000,0.000,0.000,0.000,0,0.00,0,0,0,0,0,0,1.2909,-0.000,0.000,-0.0000,0.0000,-0.0000,4,1.2911,0.000
112,1.8667,0.0000,1.2407,-0.0000,0.0000,-0.0120,-0.0000,0.0000,0.000,0.000,-8.594,1,VEHICLE,0,-,0.0000,50,150,0,0.0800,0,0,0.000,0.000,0.000,0.0000,0.0000,0.0000,1,1.0000,0,0,0.0000,0,1.2909,0.0000,0.0000,0.0000,0.0000,0,80.00,0.0000,5.6320,9.3749,0.0000,6.2407,-0.0000,80.00,-1,-1.00000,0.000,0.000,0.000,0.000,0.000,0.000,0,0.00,0,0,0,0,0,0,1.2907,-0.000,0.000,0.0000,-0.0000,-0.0000,4,1.2909,0.000
113,1.8833,0.0000,1.2405,-0.0000,0.0000,-0.0116,-0.0000,0.0000,0.000,0.000,-8.594,1,VEHICLE,0,-,0.0000,50,150,0,0.0800,0,0,0.000,0.000,0.000,0.0000,0.0000,0.0000,1,1.0000,0,0,0.0000,0,1.2907,0.0000,0.0000,0.0000,0.0000,0,80.00,0.0000,5.6318,9.3749,0.0000,6.2405,-0.0000,80.00,-1,-1.00000,0.000,0.000,0.000,0.000,0.000,0.000,0,0.00,0,0,0,0,0,0,1.2905,-0.000,0.000,-0.0000,0.0000,-0.0000,4,1.2907,0.000
114,1.9000,0.0000,1.2403,-0.0000,0.0000,-0.0112,-0.0000,0.0000,0.000,0.000,-8.594,1,VEHICLE,0,-,0.0000,50,150,0,0.0800,0,0,0.000,0.000,0.000,0.0000,0.0000,0.0000,1,1.0000,0,0,0.0000,0,1.2905,0.0000,0.0000,0.0000,0.0000,0,80.00,0.0000,5.6316,9.3749,0.0000,6.2403,-0.0000,80.00,-1,-1.00000,0.000,0.000,0.000,0.000,0.000,0.000,0,0.00,0,0,0,0,0,0,1.2903,-0.000,0.000,-0.0000,0.0000,-0.0000,4,1.2905,0.000
115,1.9167,0.0000,1.2402,-0.0000,0.0000,-0.0109,-0.0000,0.0000,0.000,0.000,-8.594,1,VEHICLE,0,-,0.0000,50,150,0,0.0800,0,0,0.000,0.000,0.000,0.0000,0.0000,0.0000,1,1.0000,0,0,0.0000,0,1.2903,0.0000,0.0000,0.0000,0.0000,0,80.00,0.0000,5.6314,9.3749,0.0000,6.2402,-0.0000,80.00,-1,-1.00000,0.000,0.000,0.000,0.000,0.000,0.000,0,0.00,0,0,0,0,0,0,1.2902,-0.000,0.000,-0.0000,-0.0000,-0.0000,4,1.2903,0.000
116,1.9333,0.0000,1.2400,-0.0000,0.0000,-0.0105,-0.0000,0.0000,0.000,0.000,-8.594,1,VEHICLE,0,-,0.0000,50,150,0,0.0800,0,0,0.000,0.000,0.000,0.0000,0.0000,0.0000,1,1.0000,0,0,0.0000,0,1.2902,0.0000,0.0000,0.0000,0.0000,0,80.00,0.0000,5.6312,9.3749,0.0000,6.2400,-0.0000,80.00,-1,-1.00000,0.000,0.000,0.000,0.000,0.000,0.000,0,0.00,0,0,0,0,0,0,1.2900,-0.000,0.000,-0.0000,0.0000,-0.0000,4,1.2902,0.000
117,1.9500,0.0000,1.2398,-0.0000,0.0000,-0.0101,-0.0000,0.0000,0.000,0.000,-8.594,1,VEHICLE,0,-,0.0000,50,150,0,0.0800,0,0,0.000,0.000,0.000,0.0000,0.0000,0.0000,1,1.0000,0,0,0.0000,0,1.2900,0.0000,0.0000,0.0000,0.0000,0,80.00,0.0000,5.6311,9.3749,0.0000,6.2398,-0.0000,80.00,-1,-1.00000,0.000,0.000,0.000,0.000,0.000,0.000,0,0.00,0,0,0,0,0,0,1.2898,-0.000,0.000,-0.0000,0.0000,-0.0000,4,1.2900,0.000
118,1.9667,0.0000,1.2397,-0.0000,0.0000,-0.0097,-0.0000,0.0000,0.000,0.000,-8.594,1,VEHICLE,0,-,0.0000,50,150,0,0.0800,0,0,0.000,0.000,0.000,0.0000,0.0000,0.0000,1,1.0000,0,0,0.0000,0,1.2898,0.0000,0.0000,0.0000,0.0000,0,80.00,0.0000,5.6309,9.3749,0.0000,6.2397,-0.0000,80.00,-1,-1.00000,0.000,0.000,0.000,0.000,0.000,0.000,0,0.00,0,0,0,0,0,0,1.2897,-0.000,0.000,0.0000,-0.0000,-0.0000,4,1.2898,0.000
119,1.9833,0.0000,1.2395,-0.0000,0.0000,-0.0093,-0.0000,0.0000,0.000,0.000,-8.594,1,VEHICLE,0,-,0.0000,50,150,0,0.0800,0,0,0.000,0.000,0.000,0.0000,0.0000,0.0000,1,1.0000,0,0,0.0000,0,1.2897,0.0000,0.0000,0.0000,0.0000,0,80.00,0.0000,5.6308,9.3749,0.0000,6.2395,-0.0000,80.00,-1,-1.00000,0.000,0.000,0.000,0.000,0.000,0.000,0,0.00,0,0,0,0,0,0,1.2895,-0.000,0.000,-0.0000,0.0000,-0.0000,4,1.2897,0.000
120,2.0000,0.0000,1.2393,-0.0000,0.0000,-0.0089,-0.0000,0.0000,0.000,0.000,-8.594,1,VEHICLE,0,-,0.0000,50,150,0,0.0800,0,0,0.000,0.000,0.000,0.0000,0.0000,0.0000,1,1.0000,0,0,0.0000,0,1.2895,0.0000,0.0000,0.0000,0.0000,0,80.00,0.0000,5.6306,9.3749,0.0000,6.2393,-0.0000,80.00,-1,-1.00000,0.000,0.000,0.000,0.000,0.000,0.000,0,0.00,0,0,0,0,0,0,1.2893,-0.000,0.000,-0.0000,0.0000,-0.0000,4,1.2895,0.000
121,2.0167,0.0000,1.2392,-0.0000,0.0000,-0.0085,-0.0000,0.0000,0.000,0.000,-8.594,1,VEHICLE,0,-,0.0000,50,150,0,0.0800,0,0,0.000,0.000,0.000,0.0000,0.0000,0.0000,1,1.0000,0,0,0.0000,0,1.2893,0.0000,0.0000,0.0000,0.0000,0,80.00,0.0000,5.6305,9.3749,0.0000,6.2392,-0.0000,80.00,-1,-1.00000,0.000,0.000,0.000,0.000,0.000,0.000,0,0.00,0,0,0,0,0,0,1.2892,-0.000,0.000,-0.0000,-0.0000,-0.0000,4,1.2893,0.000
122,2.0333,0.0000,1.2391,-0.0000,0.0000,-0.0081,-0.0000,0.0000,0.000,0.000,-8.594,1,VEHICLE,0,-,0.0000,50,150,0,0.0800,0,0,0.000,0.000,0.000,0.0000,0.0000,0.0000,1,1.0000,0,0,0.0000,0,1.2892,0.0000,0.0000,0.0000,0.0000,0,80.00,0.0000,5.6303,9.3749,0.0000,6.2391,-0.0000,80.00,-1,-1.00000,0.000,0.000,0.000,0.000,0.000,0.000,0,0.00,0,0,0,0,0,0,1.2891,-0.000,0.000,-0.0000,0.0000,-0.0000,4,1.2892,0.000
123,2.0500,0.0000,1.2389,-0.0000,0.0000,-0.0078,-0.0000,0.0000,0.000,0.000,-8.594,1,VEHICLE,0,-,0.0000,50,150,0,0.0800,0,0,0.000,0.000,0.000,0.0000,0.0000,0.0000,1,1.0000,0,0,0.0000,0,1.2891,0.0000,0.0000,0.0000,0.0000,0,80.00,0.0000,5.6302,9.3749,0.0000,6.2389,-0.0000,80.00,-1,-1.00000,0.000,0.000,0.000,0.000,0.000,0.000,0,0.00,0,0,0,0,0,0,1.2889,-0.000,0.000,-0.0000,-0.0000,-0.0000,4,1.2891,0.000
124,2.0667,0.0000,1.2388,-0.0000,0.0000,-0.0074,-0.0000,0.0000,0.000,0.000,-8.594,1,VEHICLE,0,-,0.0000,50,150,0,0.0800,0,0,0.000,0.000,0.000,0.0000,0.0000,0.0000,1,1.0000,0,0,0.0000,0,1.2889,0.0000,0.0000,0.0000,0.0000,0,80.00,0.0000,5.6301,9.3749,0.0000,6.2388,-0.0000,80.00,-1,-1.00000,0.000,0.000,0.000,0.000,0.000,0.000,0,0.00,0,0,0,0,0,0,1.2888,-0.000,0.000,0.0000,0.0000,-0.0000,4,1.2889,0.000
125,2.0833,0.0000,1.2387,-0.0000,0.0000,-0.0070,-0.0000,0.0000,0.000,0.000,-8.594,1,VEHICLE,0,-,0.0000,50,150,0,0.0800,0,0,0.000,0.000,0.000,0.0000,0.0000,0.0000,1,1.0000,0,0,0.0000,0,1.2888,0.0000,0.0000,0.0000,0.0000,0,80.00,0.0000,5.6300,9.3749,0.0000,6.2387,-0.0000,80.00,-1,-1.00000,0.000,0.000,0.000,0.000,0.000,0.000,0,0.00,0,0,0,0,0,0,1.2887,-0.000,0.000,-0.0000,-0.0000,-0.0000,4,1.2888,0.000
126,2.1000,0.0000,1.2386,-0.0000,0.0000,-0.0067,-0.0000,0.0000,0.000,0.000,-8.594,1,VEHICLE,0,-,0.0000,50,150,0,0.0800,0,0,0.000,0.000,0.000,0.0000,0.0000,0.0000,1,1.0000,0,0,0.0000,0,1.2887,0.0000,0.0000,0.0000,0.0000,0,80.00,0.0000,5.6299,9.3749,0.0000,6.2386,-0.0000,80.00,-1,-1.00000,0.000,0.000,0.000,0.000,0.000,0.000,0,0.00,0,0,0,0,0,0,1.2886,-0.000,0.000,-0.0000,0.0000,-0.0000,4,1.2887,0.000
127,2.1167,0.0000,1.2385,-0.0000,0.0000,-0.0063,-0.0000,0.0000,0.000,0.000,-8.594,1,VEHICLE,0,-,0.0000,50,150,0,0.0800,0,0,0.000,0.000,0.000,0.0000,0.0000,0.0000,1,1.0000,0,0,0.0000,0,1.2886,0.0000,0.0000,0.0000,0.0000,0,80.00,0.0000,5.6297,9.3749,0.0000,6.2385,-0.0000,80.00,-1,-1.00000,0.000,0.000,0.000,0.000,0.000,0.000,0,0.00,0,0,0,0,0,0,1.2885,-0.000,0.000,-0.0000,-0.0000,-0.0000,4,1.2886,0.000
128,2.1333,0.0000,1.2384,-0.0000,0.0000,-0.0060,-0.0000,0.0000,0.000,0.000,-8.594,1,VEHICLE,0,-,0.0000,50,150,0,0.0800,0,0,0.000,0.000,0.000,0.0000,0.0000,0.0000,1,1.0000,0,0,0.0000,0,1.2885,0.0000,0.0000,0.0000,0.0000,0,80.00,0.0000,5.6296,9.3749,0.0000,6.2384,-0.0000,80.00,-1,-1.00000,0.000,0.000,0.000,0.000,0.000,0.000,0,0.00,0,0,0,0,0,0,1.2884,-0.000,0.000,0.0000,0.0000,-0.0000,4,1.2885,0.000
129,2.1500,0.0000,1.2383,-0.0000,0.0000,-0.0057,-0.0000,0.0000,0.000,0.000,-8.594,1,VEHICLE,0,-,0.0000,50,150,0,0.0800,0,0,0.000,0.000,0.000,0.0000,0.0000,0.0000,1,1.0000,0,0,0.0000,0,1.2884,0.0000,0.0000,0.0000,0.0000,0,80.00,0.0000,5.6296,9.3749,0.0000,6.2383,-0.0000,80.00,-1,-1.00000,0.000,0.000,0.000,0.000,0.000,0.000,0,0.00,0,0,0,0,0,0,1.2883,-0.000,0.000,-0.0000,0.0000,-0.0000,4,1.2884,0.000
130,2.1667,0.0000,1.2382,-0.0000,0.0000,-0.0053,-0.0000,0.0000,0.000,0.000,-8.594,1,VEHICLE,0,-,0.0000,50,150,0,0.0800,0,0,0.000,0.000,0.000,0.0000,0.0000,0.0000,1,1.0000,0,0,0.0000,0,1.2883,0.0000,0.0000,0.0000,0.0000,0,80.00,0.0000,5.6295,9.3749,0.0000,6.2382,-0.0000,80.00,-1,-1.00000,0.000,0.000,0.000,0.000,0.000,0.000,0,0.00,0,0,0,0,0,0,1.2882,-0.000,0.000,-0.0000,-0.0000,-0.0000,4,1.2883,0.000
131,2.1833,0.0000,1.2381,-0.0000,0.0000,-0.0050,-0.0000,0.0000,0.000,0.000,-8.594,1,VEHICLE,0,-,0.0000,50,150,0,0.0800,0,0,0.000,0.000,0.000,0.0000,0.0000,0.0000,1,1.0000,0,0,0.0000,0,1.2882,0.0000,0.0000,0.0000,0.0000,0,80.00,0.0000,5.6294,9.3749,0.0000,6.2381,-0.0000,80.00,-1,-1.00000,0.000,0.000,0.000,0.000,0.000,0.000,0,0.00,0,0,0,0,0,0,1.2881,-0.000,0.000,0.0000,0.0000,-0.0000,4,1.2882,0.000
132,2.2000,0.0000,1.2380,-0.0000,0.0000,-0.0047,-0.0000,0.0000,0.000,0.000,-8.594,1,VEHICLE,0,-,0.0000,50,150,0,0.0800,0,0,0.000,0.000,0.000,0.0000,0.0000,0.0000,1,1.0000,0,0,0.0000,0,1.2881,0.0000,0.0000,0.0000,0.0000,0,80.00,0.0000,5.6293,9.3749,0.0000,6.2380,-0.0000,80.00,-1,-1.00000,0.000,0.000,0.000,0.000,0.000,0.000,0,0.00,0,0,0,0,0,0,1.2880,-0.000,0.000,-0.0000,0.0000,-0.0000,4,1.2881,0.000
133,2.2167,0.0000,1.2380,-0.0000,0.0000,-0.0045,-0.0000,0.0000,0.000,0.000,-8.594,1,VEHICLE,0,-,0.0000,50,150,0,0.0800,0,0,0.000,0.000,0.000,0.0000,0.0000,0.0000,1,1.0000,0,0,0.0000,0,1.2880,0.0000,0.0000,0.0000,0.0000,0,80.00,0.0000,5.6292,9.3749,0.0000,6.2380,-0.0000,80.00,-1,-1.00000,0.000,0.000,0.000,0.000,0.000,0.000,0,0.00,0,0,0,0,0,0,1.2880,-0.000,0.000,-0.0000,-0.0000,-0.0000,4,1.2880,0.000
134,2.2333,0.0000,1.2379,-0.0000,0.0000,-0.0042,-0.0000,0.0000,0.000,0.000,-8.594,1,VEHICLE,0,-,0.0000,50,150,0,0.0800,0,0,0.000,0.000,0.000,0.0000,0.0000,0.0000,1,1.0000,0,0,0.0000,0,1.2880,0.0000,0.0000,0.0000,0.0000,0,80.00,0.0000,5.6292,9.3749,0.0000,6.2379,-0.0000,80.00,-1,-1.00000,0.000,0.000,0.000,0.000,0.000,0.000,0,0.00,0,0,0,0,0,0,1.2879,-0.000,0.000,-0.0000,0.0000,-0.0000,4,1.2880,0.000
135,2.2500,0.0000,1.2378,-0.0000,0.0000,-0.0039,-0.0000,0.0000,0.000,0.000,-8.594,1,VEHICLE,0,-,0.0000,50,150,0,0.0800,0,0,0.000,0.000,0.000,0.0000,0.0000,0.0000,1,1.0000,0,0,0.0000,0,1.2879,0.0000,0.0000,0.0000,0.0000,0,80.00,0.0000,5.6291,9.3749,0.0000,6.2378,-0.0000,80.00,-1,-1.00000,0.000,0.000,0.000,0.000,0.000,0.000,0,0.00,0,0,0,0,0,0,1.2878,-0.000,0.000,-0.0000,-0.0000,-0.0000,4,1.2879,0.000
136,2.2667,0.0000,1.2378,-0.0000,0.0000,-0.0037,-0.0000,0.0000,0.000,0.000,-8.594,1,VEHICLE,0,-,0.0000,50,150,0,0.0800,0,0,0.000,0.000,0.000,0.0000,0.0000,0.0000,1,1.0000,0,0,0.0000,0,1.2878,0.0000,0.0000,0.0000,0.0000,0,80.00,0.0000,5.6290,9.3749,0.0000,6.2378,-0.0000,80.00,-1,-1.00000,0.000,0.000,0.000,0.000,0.000,0.000,0,0.00,0,0,0,0,0,0,1.2878,-0.000,0.000,-0.0000,0.0000,-0.0000,4,1.2878,0.000
137,2.2833,0.0000,1.2377,-0.0000,0.0000,-0.0034,-0.0000,0.0000,0.000,0.000,-8.594,1,VEHICLE,0,-,0.0000,50,150,0,0.0800,0,0,0.000,0.000,0.000,0.0000,0.0000,0.0000,1,1.0000,0,0,0.0000,0,1.2878,0.0000,0.0000,0.0000,0.0000,0,80.00,0.0000,5.6290,9.3749,0.0000,6.2377,-0.0000,80.00,-1,-1.00000,0.000,0.000,0.000,0.000,0.000,0.000,0,0.00,0,0,0,0,0,0,1.2877,-0.000,0.000,-0.0000,-0.0000,-0.0000,4,1.2878,0.000
138,2.3000,0.0000,1.2377,-0.0000,0.0000,-0.0032,-0.0000,0.0000,0.000,0.000,-8.594,1,VEHICLE,0,-,0.0000,50,150,0,0.0800,0,0,0.000,0.000,0.000,0.0000,0.0000,0.0000,1,1.0000,0,0,0.0000,0,1.2877,0.0000,0.0000,0.0000,0.0000,0,80.00,0.0000,5.6289,9.3749,0.0000,6.2377,-0.0000,80.00,-1,-1.00000,0.000,0.000,0.000,0.000,0.000,0.000,0,0.00,0,0,0,0,0,0,1.2877,-0.000,0.000,-0.0000,0.0000,-0.0000,4,1.2877,0.000
139,2.3167,0.0000,1.2376,-0.0000,0.0000,-0.0030,-0.0000,0.0000,0.000,0.000,-8.594,1,VEHICLE,0,-,0.0000,50,150,0,0.0800,0,0,0.000,0.000,0.000,0.0000,0.0000,0.0000,1,1.0000,0,0,0.0000,0,1.2877,0.0000,0.0000,0.0000,0.0000,0,80.00,0.0000,5.6289,9.3749,0.0000,6.2376,-0.0000,80.00,-1,-1.00000,0.000,0.000,0.000,0.000,0.000,0.000,0,0.00,0,0,0,0,0,0,1.2876,-0.000,0.000,0.0000,-0.0000,-0.0000,4,1.2877,0.000
140,2.3333,0.0000,1.2376,-0.0000,0.0000,-0.0028,-0.0000,0.0000,0.000,0.000,-8.594,1,VEHICLE,0,-,0.0000,50,150,0,0.0800,0,0,0.000,0.000,0.000,0.0000,0.0000,0.0000,1,1.0000,0,0,0.0000,0,1.2876,0.0000,0.0000,0.0000,0.0000,0,80.00,0.0000,5.6288,9.3749,0.0000,6.2376,-0.0000,80.00,-1,-1.00000,0.000,0.000,0.000,0.000,0.000,0.000,0,0.00,0,0,0,0,0,0,1.2876,-0.000,0.000,-0.0000,0.0000,-0.0000,4,1.2876,0.000
141,2.3500,0.0000,1.2375,-0.0000,0.0000,-0.0026,-0.0000,0.0000,0.000,0.000,-8.594,1,VEHICLE,0,-,0.0000,50,150,0,0.0800,0,0,0.000,0.000,0.000,0.0000,0.0000,0.0000,1,1.0000,0,0,0.0000,0,1.2876,0.0000,0.0000,0.0000,0.0000,0,80.00,0.0000,5.6288,9.3749,0.0000,6.2375,-0.0000,80.00,-1,-1.00000,0.000,0.000,0.000,0.000,0.000,0.000,0,0.00,0,0,0,0,0,0,1.2875,-0.000,0.000,-0.0000,-0.0000,-0.0000,4,1.2876,0.000
142,2.3667,0.0000,1.2375,-0.0000,0.0000,-0.0024,-0.0000,0.0000,0.000,0.000,-8.594,1,VEHICLE,0,-,0.0000,50,150,0,0.0800,0,0,0.000,0.000,0.000,0.0000,0.0000,0.0000,1,1.0000,0,0,0.0000,0,1.2875,0.0000,0.0000,0.0000,0.0000,0,80.00,0.0000,5.6287,9.3749,0.0000,6.2375,-0.0000,80.00,-1,-1.00000,0.000,0.000,0.000,0.000,0.000,0.000,0,0.00,0,0,0,0,0,0,1.2875,-0.000,0.000,-0.0000,-0.0000,-0.0000,4,1.2875,0.000
143,2.3833,0.0000,1.2374,-0.0000,0.0000,-0.0022,-0.0000,0.0000,0.000,0.000,-8.594,1,VEHICLE,0,-,0.0000,50,150,0,0.0800,0,0,0.000,0.000,0.000,0.0000,0.0000,0.0000,1,1.0000,0,0,0.0000,0,1.2875,0.0000,0.0000,0.0000,0.0000,0,80.00,0.0000,5.6287,9.3749,0.0000,6.2374,-0.0000,80.00,-1,-1.00000,0.000,0.000,0.000,0.000,0.000,0.000,0,0.00,0,0,0,0,0,0,1.2874,-0.000,0.000,-0.0000,0.0000,-0.0000,4,1.2875,0.000
144,2.4000,0.0000,1.2374,-0.0000,0.0000,-0.0020,-0.0000,0.0000,0.000,0.000,-8.594,1,VEHICLE,0,-,0.0000,50,150,0,0.0800,0,0,0.000,0.000,0.000,0.0000,0.0000,0.0000,1,1.0000,0,0,0.0000,0,1.2874,0.0000,0.0000,0.0000,0.0000,0,80.00,0.0000,5.6287,9.3749,0.0000,6.2374,-0.0000,80.00,-1,-1.00000,0.000,0.000,0.000,0.000,0.000,0.000,0,0.00,0,0,0,0,0,0,1.2874,-0.000,0.000,0.0000,0.0000,-0.0000,4,1.2874,0.000
145,2.4167,0.0000,1.2374,-0.0000,0.0000,-0.0019,-0.0000,0.0000,0.000,0.000,-8.594,1,VEHICLE,0,-,0.0000,50,150,0,0.0800,0,0,0.000,0.000,0.000,0.0000,0.0000,0.0000,1,1.0000,0,0,0.0000,0,1.2874,0.0000,0.0000,0.0000,0.0000,0,80.00,0.0000,5.6286,9.3749,0.0000,6.2374,-0.0000,80.00,-1,-1.00000,0.000,0.000,0.000,0.000,0.000,0.000,0,0.00,0,0,0,0,0,0,1.2874,-0.000,0.000,-0.0000,-0.0000,-0.0000,4,1.2874,0.000
146,2.4333,0.0000,1.2374,-0.0000,0.0000,-0.0017,-0.0000,0.0000,0.000,0.000,-8.594,1,VEHICLE,0,-,0.0000,50,150,0,0.0800,0,0,0.000,0.000,0.000,0.0000,0.0000,0.0000,1,1.0000,0,0,0.0000,0,1.2874,0.0000,0.0000,0.0000,0.0000,0,80.00,0.0000,5.6286,9.3749,0.0000,6.2374,-0.0000,80.00,-1,-1.00000,0.000,0.000,0.000,0.000,0.000,0.000,0,0.00,0,0,0,0,0,0,1.2874,-0.000,0.000,-0.0000,0.0000,-0.0000,4,1.2874,0.000
147,2.4500,0.0000,1.2373,-0.0000,0.0000,-0.0016,-0.0000,0.0000,0.000,0.000,-8.594,1,VEHICLE,0,-,0.0000,50,150,0,0.0800,0,0,0.000,0.000,0.000,0.0000,0.0000,0.0000,1,1.0000,0,0,0.0000,0,1.2874,0.0000,0.0000,0.0000,0.0000,0,80.00,0.0000,5.6286,9.3749,0.0000,6.2373,-0.0000,80.00,-1,-1.00000,0.000,0.000,0.000,0.000,0.000,0.000,0,0.00,0,0,0,0,0,0,1.2873,-0.000,0.000,-0.0000,0.0000,-0.0000,4,1.2874,0.000
148,2.4667,0.0000,1.2373,-0.0000,0.0000,-0.0014,-0.0000,0.0000,0.000,0.000,-8.594,1,VEHICLE,0,-,0.0000,50,150,0,0.0800,0,0,0.000,0.000,0.000,0.0000,0.0000,0.0000,1,1.0000,0,0,0.0000,0,1.2873,0.0000,0.0000,0.0000,0.0000,0,80.00,0.0000,5.6286,9.3749,0.0000,6.2373,-0.0000,80.00,-1,-1.00000,0.000,0.000,0.000,0.000,0.000,0.000,0,0.00,0,0,0,0,0,0,1.2873,-0.000,0.000,-0.0000,0.0000,-0.0000,4,1.2873,0.000
149,2.4833,0.0000,1.2373,-0.0000,0.0000,-0.0013,-0.0000,0.0000,0.000,0.000,-8.594,1,VEHICLE,0,-,0.0000,50,150,0,0.0800,0,0,0.000,0.000,0.000,0.0000,0.0000,0.0000,1,1.0000,0,0,0.0000,0,1.2873,0.0000,0.0000,0.0000,0.0000,0,80.00,0.0000,5.6285,9.3749,0.0000,6.2373,-0.0000,80.00,-1,-1.00000,0.000,0.000,0.000,0.000,0.000,0.000,0,0.00,0,0,0,0,0,0,1.2873,-0.000,0.000,-0.0000,-0.0000,-0.0000,4,1.2873,0.000
150,2.5000,0.0000,1.2373,-0.0000,0.0000,-0.0012,-0.0000,0.0000,0.000,0.000,-8.594,1,VEHICLE,0,-,0.0000,50,150,0,0.0800,0,0,0.000,0.000,0.000,0.0000,0.0000,0.0000,1,1.0000,0,0,0.0000,0,1.2873,0.0000,0.0000,0.0000,0.0000,0,80.00,0.0000,5.6285,9.3749,0.0000,6.2373,-0.0000,80.00,-1,-1.00000,0.000,0.000,0.000,0.000,0.000,0.000,0,0.00,0,0,0,0,0,0,1.2873,-0.000,0.000,-0.0000,0.0000,-0.0000,4,1.2873,0.000
151,2.5167,0.0000,1.2372,-0.0083,0.0000,-0.0010,-0.5000,0.5000,0.000,0.000,-8.594,1,VEHICLE,0,-,0.0000,50,150,0,0.0800,0,0,0.000,0.000,0.000,0.0000,0.0000,0.0000,1,1.0000,0,0,0.0000,0,1.2873,0.0000,0.0000,0.0000,0.0000,0,80.00,0.0000,5.6285,9.3666,0.0000,6.2372,-0.0083,80.00,-1,-1.00000,0.000,0.000,0.000,0.000,0.000,0.000,0,0.00,0,0,0,0,0,0,1.2872,-0.000,0.000,0.0000,-0.0000,-0.0000,4,1.2873,0.000
152,2.5333,0.0000,1.2372,-0.0250,0.0000,-0.0009,-1.0000,1.0000,0.000,0.000,-8.594,1,VEHICLE,0,-,0.0000,50,150,0,0.0800,0,0,0.000,0.000,0.000,0.0000,0.0000,0.0000,1,1.0000,0,0,0.0000,0,1.2872,0.0000,0.0000,0.0000,0.0000,0,80.00,0.0000,5.6285,9.3499,0.0000,6.2372,-0.0250,80.00,-1,-1.00000,0.000,0.000,0.000,0.000,0.000,0.000,0,0.00,0,0,0,0,0,0,1.2872,-0.000,0.000,-0.0000,0.0000,-0.0000,4,1.2872,0.000
153,2.5500,0.0000,1.2372,-0.0500,0.0000,-0.0008,-1.5000,1.5000,0.000,0.000,-8.594,1,VEHICLE,0,-,0.0000,50,150,0,0.0800,0,0,0.000,0.000,0.000,0.0000,0.0000,0.0000,1,1.0000,0,0,0.0000,0,1.2872,0.0000,0.0000,0.0000,0.0000,0,80.00,0.0000,5.6285,9.3249,0.0000,6.2372,-0.0500,80.00,-1,-1.00000,0.000,0.000,0.000,0.000,0.000,0.000,0,0.00,0,0,0,0,0,0,1.2872,-0.000,0.000,-0.0000,-0.0000,-0.0000,4,1.2872,0.000
154,2.5667,0.0000,1.2372,-0.0833,0.0000,-0.0007,-2.0000,2.0000,0.000,0.000,-8.594,1,VEHICLE,0,-,0.0000,50,150,0,0.0800,0,0,0.000,0.000,0.000,0.0000,0.0000,0.0000,1,1.0000,0,0,0.0000,0,1.2872,0.0000,0.0000,0.0000,0.0000,0,80.00,0.0000,5.6285,9.2916,0.0000,6.2372,-0.0833,80.00,-1,-1.00000,0.000,0.000,0.000,0.000,0.000,0.000,0,0.00,0,0,0,0,0,0,1.2872,-0.000,0.000,-0.0000,0.0000,-0.0000,4,1.2872,0.000
155,2.5833,0.0000,1.2372,-0.1250,0.0000,-0.0007,-2.5000,2.5000,0.000,0.000,-8.594,1,VEHICLE,0,-,0.0000,50,150,0,0.0800,0,0,0.000,0.000,0.000,0.0000,0.0000,0.0000,1,1.0000,0,0,0.0000,0,1.2872,0.0000,0.0000,0.0000,0.0000,0,80.00,0.0000,5.6285,9.2499,0.0000,6.2372,-0.1250,80.00,-1,-1.00000,0.000,0.000,0.000,0.000,0.000,0.000,0,0.00,0,0,0,0,0,0,1.2872,-0.000,0.000,-0.0000,0.0000,-0.0000,4,1.2872,0.000
156,2.6000,0.0000,1.2372,-0.1750,0.0000,-0.0006,-3.0000,3.0000,0.000,0.000,-8.594,1,VEHICLE,0,-,0.0000,50,150,0,0.0800,0,0,0.000,0.000,0.000,0.0000,0.0000,0.0000,1,1.0000,0,0,0.0000,0,1.2872,0.0000,0.0000,0.0000,0.0000,0,80.00,0.0000,5.6284,9.1999,0.0000,6.2372,-0.1750,80.00,-1,-1.00000,0.000,0.000,0.000,0.000,0.000,0.000,0,0.00,0,0,0,0,0,0,1.2872,-0.000,0.000,0.0000,0.0000,-0.0000,4,1.2872,0.000
157,2.6167,0.0000,1.2372,-0.2333,0.0000,-0.0005,-3.5000,3.5000,0.000,0.000,-8.594,1,VEHICLE,0,-,0.0000,50,150,0,0.0800,0,0,0.000,0.000,0.000,0.0000,0.0000,0.0000,1,1.0000,0,0,0.0000,0,1.2872,0.0000,0.0000,0.0000,0.0000,0,80.00,0.0000,5.6284,9.1416,0.0000,6.2372,-0.2333,80.00,-1,-1.00000,0.000,0.000,0.000,0.000,0.000,0.000,0,0.00,0,0,0,0,0,0,1.2872,-0.000,0.000,0.0000,-0.0000,-0.0000,4,1.2872,0.000
158,2.6333,0.0000,1.2372,-0.3000,0.0000,-0.0004,-4.0000,4.0000,0.000,0.000,-8.594,1,VEHICLE,0,-,0.0000,50,150,0,0.0800,0,0,0.000,0.000,0.000,0.0000,0.0000,0.0000,1,1.0000,0,0,0.0000,0,1.2872,0.0000,0.0000,0.0000,0.0000,0,80.00,0.0000,5.6284,9.0749,0.0000,6.2372,-0.3000,80.00,-1,-1.00000,0.000,0.000,0.000,0.000,0.000,0.000,0,0.00,0,0,0,0,0,0,1.2872,-0.000,0.000,-0.0000,0.0000,-0.0000,4,1.2872,0.000
159,2.6500,0.0000,1.2372,-0.3750,0.0000,-0.0004,-4.5000,4.5000,0.000,0.000,-8.594,1,VEHICLE,0,-,0.0000,50,150,0,0.0800,0,0,0.000,0.000,0.000,0.0000,0.0000,0.0000,1,1.0000,0,0,0.0000,0,1.2872,0.0000,0.0000,0.0000,0.0000,0,80.00,0.0000,5.6284,8.9999,0.0000,6.2372,-0.3750,80.00,-1,-1.00000,0.000,0.000,0.000,0.000,0.000,0.000,0,0.00,0,0,0,0,0,0,1.2872,-0.000,0.000,-0.0000,-0.0000,-0.0000,4,1.2872,0.000
160,2.6667,0.0000,1.2372,-0.4583,0.0000,-0.0003,-5.0000,5.0000,0.000,0.000,-8.594,1,VEHICLE,0,-,0.0000,50,150,0,0.0800,0,0,0.000,0.000,0.000,0.0000,0.0000,0.0000,1,1.0000,0,0,0.0000,0,1.2872,0.0000,0.0000,0.0000,0.0000,0,80.00,0.0000,5.6284,8.9166,0.0000,6.2372,-0.4583,80.00,-1,-1.00000,0.000,0.000,0.000,0.000,0.000,0.000,0,0.00,0,0,0,0,0,0,1.2872,-0.000,0.000,-0.0000,-0.0000,-0.0000,4,1.2872,0.000
161,2.6833,0.0000,1.2371,-0.5500,0.0000,-0.0003,-5.5000,5.5000,0.000,0.000,-8.594,1,VEHICLE,0,-,0.0000,50,150,0,0.0800,0,0,0.000,0.000,0.000,0.0000,0.0000,0.0000,1,1.0000,0,0,0.0000,0,1.2872,0.0000,0.0000,0.0000,0.0000,0,80.00,0.0000,5.6284,8.8249,0.0000,6.2371,-0.5500,80.00,-1,-1.00000,0.000,0.000,0.000,0.000,0.000,0.000,0,0.00,0,0,0,0,0,0,1.2871,-0.000,0.000,0.0000,0.0000,-0.0000,4,1.2872,0.000
162,2.7000,0.0000,1.2371,-0.6500,0.0000,-0.0002,-6.0000,6.0000,0.000,0.000,-8.594,1,VEHICLE,0,-,0.0000,50,150,0,0.0800,0,0,0.000,0.000,0.000,0.0000,0.0000,0.0000,1,1.0000,0,0,0.0000,0,1.2871,0.0000,0.0000,0.0000,0.0000,0,80.00,0.0000,5.6284,8.7249,0.0000,6.2371,-0.6500,80.00,-1,-1.00000,0.000,0.000,0.000,0.000,0.000,0.000,0,0.00,0,0,0,0,0,0,1.2871,-0.000,0.000,-0.0000,0.0000,-0.0000,4,1.2871,0.000
163,2.7167,0.0000,1.2371,-0.7583,0.0000,-0.0002,-6.5000,6.5000,0.000,0.000,-8.594,1,VEHICLE,0,-,0.0000,50,150,0,0.0800,0,0,0.000,0.000,0.000,0.0000,0.0000,0.0000,1,1.0000,0,0,0.0000,0,1.2871,0.0000,0.0000,0.0000,0.0000,0,80.00,0.0000,5.6284,8.6166,0.0000,6.2371,-0.7583,80.00,-1,-1.00000,0.000,0.000,0.000,0.000,0.000,0.000,0,0.00,0,0,0,0,0,0,1.2871,-0.000,0.000,0.0000,-0.0000,-0.0000,4,1.2871,0.000
164,2.7333,0.0000,1.2371,-0.8750,0.0000,-0.0001,-7.0000,7.0000,0.000,0.000,-8.594,1,VEHICLE,0,-,0.0000,50,150,0,0.0800,0,0,0.000,0.000,0.000,0.0000,0.0000,0.0000,1,1.0000,0,0,0.0000,0,1.2871,0.0000,0.0000,0.0000,0.0000,0,80.00,0.0000,5.6284,8.4999,0.0000,6.2371,-0.8750,80.00,-1,-1.00000,0.000,0.000,0.000,0.000,0.000,0.000,0,0.00,0,0,0,0,0,0,1.2871,-0.000,0.000,-0.0000,0.0000,-0.0000,4,1.2871,0.000
165,2.7500,0.0000,1.2371,-1.0000,0.0000,-0.0001,-7.5000,7.5000,0.000,0.000,-8.594,1,VEHICLE,0,-,0.0000,50,150,0,0.0800,0,0,0.000,0.000,0.000,0.0000,0.0000,0.0000,1,1.0000,0,0,0.0000,0,1.2871,0.0000,0.0000,0.0000,0.0000,0,80.00,0.0000,5.6284,8.3749,0.0000,6.2371,-1.0000,80.00,-1,-1.00000,0.000,0.000,0.000,0.000,0.000,0.000,0,0.00,0,0,0,0,0,0,1.2871,-0.000,0.000,-0.0000,0.0000,-0.0000,4,1.2871,0.000
166,2.7667,0.0000,1.2371,-1.1333,0.0000,-0.0000,-8.0000,8.0000,0.000,0.000,-8.594,1,VEHICLE,0,-,0.0000,50,150,0,0.0800,0,0,0.000,0.000,0.000,0.0000,0.0000,0.0000,1,1.0000,0,0,0.0000,0,1.2871,0.0000,0.0000,0.0000,0.0000,0,80.00,0.0000,5.6284,8.2416,0.0000,6.2371,-1.1333,80.00,-1,-1.00000,0.000,0.000,0.000,0.000,0.000,0.000,0,0.00,0,0,0,0,0,0,1.2871,-0.000,0.000,-0.0000,-0.0000,-0.0000,4,1.2871,0.000
167,2.7833,0.0000,1.2371,-1.2750,0.0000,-0.0000,-8.5000,8.5000,0.000,0.000,-8.594,1,VEHICLE,0,-,0.0000,50,150,0,0.0800,0,0,0.000,0.000,0.000,0.0000,0.0000,0.0000,1,1.0000,0,0,0.0000,0,1.2871,0.0000,0.0000,0.0000,0.0000,0,80.00,0.0000,5.6284,8.0999,0.0000,6.2371,-1.2750,80.00,-1,-1.00000,0.000,0.000,0.000,0.000,0.000,0.000,0,0.00,0,0,0,0,0,0,1.2871,-0.000,0.000,-0.0000,0.0000,-0.0000,4,1.2871,0.000
168,2.8000,0.0000,1.2371,-1.4250,0.0000,0.0000,-9.0000,9.0000,0.000,0.000,-8.594,1,VEHICLE,0,-,0.0000,50,150,0,0.0800,0,0,0.000,0.000,0.000,0.0000,0.0000,0.0000,1,1.0000,0,0,0.0000,0,1.2871,0.0000,0.0000,0.0000,0.0000,0,80.00,0.0000,5.6284,7.9499,0.0000,6.2371,-1.4250,80.00,-1,-1.00000,0.000,0.000,0.000,0.000,0.000,0.000,0,0.00,0,0,0,0,0,0,1.2871,-0.000,0.000,0.0000,0.0000,-0.0000,4,1.2871,0.000
169,2.8167,0.0000,1.2371,-1.5833,0.0000,0.0000,-9.5000,9.5000,0.000,0.000,-8.594,1,VEHICLE,0,-,0.0000,50,150,0,0.0800,0,0,0.000,0.000,0.000,0.0000,0.0000,0.0000,1,1.0000,0,0,0.0000,0,1.2871,0.0000,0.0000,0.0000,0.0000,0,80.00,0.0000,5.6284,7.7916,0.0000,6.2371,-1.5833,80.00,-1,-1.00000,0.000,0.000,0.000,0.000,0.000,0.000,0,0.00,0,0,0,0,0,0,1.2871,-0.000,0.000,-0.0000,-0.0000,-0.0000,4,1.2871,0.000
170,2.8333,0.0000,1.2371,-1.7500,0.0000,0.0001,-10.0000,10.0000,0.000,0.000,-8.594,1,VEHICLE,0,-,0.0000,50,150,0,0.0800,0,0,0.000,0.000,0.000,0.0000,0.0000,0.0000,1,1.0000,0,0,0.0000,0,1.2871,0.0000,0.0000,0.0000,0.0000,0,80.00,0.0000,5.6284,7.6249,0.0000,6.2371,-1.7500,80.00,-1,-1.00000,0.000,0.000,0.000,0.000,0.000,0.000,0,0.00,0,0,0,0,0,0,1.2871,-0.000,0.000,-0.0000,-0.0000,-0.0000,4,1.2871,0.000
171,2.8500,0.0000,1.2371,-1.9250,0.0000,0.0001,-10.5000,10.5000,0.000,0.000,-8.594,1,VEHICLE,0,-,0.0000,50,150,0,0.0800,0,0,0.000,0.000,0.000,0.0000,0.0000,0.0000,1,1.0000,0,0,0.0000,0,1.2871,0.0000,0.0000,0.0000,0.0000,0,80.00,0.0000,5.6284,7.4499,0.0000,6.2371,-1.9250,80.00,-1,-1.00000,0.000,0.000,0.000,0.000,0.000,0.000,0,0.00,0,0,0,0,0,0,1.2871,-0.000,0.000,-0.0000,-0.0000,-0.0000,4,1.2871,0.000
172,2.8667,0.0000,1.2371,-2.1083,0.0000,0.0001,-11.0000,11.0000,0.000,0.000,-8.594,1,VEHICLE,0,-,0.0000,50,150,0,0.0800,0,0,0.000,0.000,0.000,0.0000,0.0000,0.0000,1,1.0000,0,0,0.0000,0,1.2871,0.0000,0.0000,0.0000,0.0000,0,80.00,0.0000,5.6284,7.2666,0.0000,6.2371,-2.1083,80.00,-1,-1.00000,0.000,0.000,0.000,0.000,0.000,0.000,0,0.00,0,0,0,0,0,0,1.2871,-0.000,0.000,-0.0000,0.0000,-0.0000,4,1.2871,0.000
173,2.8833,0.0000,1.2371,-2.3000,0.0000,0.0001,-11.5000,11.5000,0.000,0.000,-8.594,1,VEHICLE,0,-,0.0000,50,150,0,0.0800,0,0,0.000,0.000,0.000,0.0000,0.0000,0.0000,1,1.0000,0,0,0.0000,0,1.2871,0.0000,0.0000,0.0000,0.0000,0,80.00,0.0000,5.6284,7.0749,0.0000,6.2371,-2.3000,80.00,-1,-1.00000,0.000,0.000,0.000,0.000,0.000,0.000,0,0.00,0,0,0,0,0,0,1.2871,-0.000,0.000,-0.0000,0.0000,-0.0000,4,1.2871,0.000
174,2.9000,0.0000,1.2371,-2.5000,0.0000,0.0001,-12.0000,12.0000,0.000,0.000,-8.594,1,VEHICLE,0,-,0.0000,50,150,0,0.0800,0,0,0.000,0.000,0.000,0.0000,0.0000,0.0000,1,1.0000,0,0,0.0000,0,1.2871,0.0000,0.0000,0.0000,0.0000,0,80.00,0.0000,5.6284,6.8749,0.0000,6.2371,-2.5000,80.00,-1,-1.00000,0.000,0.000,0.000,0.000,0.000,0.000,0,0.00,0,0,0,0,0,0,1.2871,-0.000,0.000,-0.0000,-0.0000,-0.0000,4,1.2871,0.000
175,2.9167,0.0000,1.2371,-2.7083,0.0000,0.0001,-12.5000,12.5000,0.000,0.000,-8.594,1,VEHICLE,0,-,0.0000,50,150,0,0.0800,0,0,0.000,0.000,0.000,0.0000,0.0000,0.0000,1,1.0000,0,0,0.0000,0,1.2871,0.0000,0.0000,0.0000,0.0000,0,80.00,0.0000,5.6284,6.6666,0.0000,6.2371,-2.7083,80.00,-1,-1.00000,0.000,0.000,0.000,0.000,0.000,0.000,0,0.00,0,0,0,0,0,0,1.2871,-0.000,0.000,0.0000,-0.0000,-0.0000,4,1.2871,0.000
176,2.9333,0.0000,1.2372,-2.9250,0.0000,0.0002,-13.0000,13.0000,0.000,0.000,-8.594,1,VEHICLE,0,-,0.0000,50,150,0,0.0800,0,0,0.000,0.000,0.000,0.0000,0.0000,0.0000,1,1.0000,0,0,0.0000,0,1.2871,0.0000,0.0000,0.0000,0.0000,0,80.00,0.0000,5.6284,6.4499,0.0000,6.2372,-2.9250,80.00,-1,-1.00000,0.000,0.000,0.000,0.000,0.000,0.000,0,0.00,0,0,0,0,0,0,1.2872,-0.000,0.000,-0.0000,-0.0000,-0.0000,4,1.2871,0.000
177,2.9500,0.0000,1.2372,-3.1500,0.0000,0.0002,-13.5000,13.5000,0.000,0.000,-8.594,1,VEHICLE,0,-,0.0000,50,150,0,0.0800,0,0,0.000,0.000,0.000,0.0000,0.0000,0.0000,1,1.0000,0,0,0.0000,0,1.2872,0.0000,0.0000,0.0000,0.0000,0,80.00,0.0000,5.6284,6.2249,0.0000,6.2372,-3.1500,80.00,-1,-1.00000,0.000,0.000,0.000,0.000,0.000,0.000,0,0.00,0,0,0,0,0,0,1.2872,-0.000,0.000,-0.0000,0.0000,-0.0000,4,1.2872,0.000
178,2.9667,0.0000,1.2372,-3.3833,0.0000,0.0002,-14.0000,14.0000,0.000,0.000,-8.594,1,VEHICLE,0,-,0.0000,50,150,0,0.0800,0,0,0.000,0.000,0.000,0.0000,0.0000,0.0000,1,1.0000,0,0,0.0000,0,1.2872,0.0000,0.0000,0.0000,0.0000,0,80.00,0.0000,5.6284,5.9916,0.0000,6.2372,-3.3833,80.00,-1,-1.00000,0.000,0.000,0.000,0.000,0.000,0.000,0,0.00,0,0,0,0,0,0,1.2872,-0.000,0.000,0.0000,0.0000,-0.0000,4,1.2872,0.000
179,2.9833,0.0000,1.2372,-3.6250,0.0000,0.0002,-14.5000,14.5000,0.000,0.000,-8.594,1,VEHICLE,0,-,0.0000,50,150,0,0.0800,0,0,0.000,0.000,0.000,0.0000,0.0000,0.0000,1,1.0000,0,0,0.0000,0,1.2872,0.0000,0.0000,0.0000,0.0000,0,80.00,0.0000,5.6284,5.7499,0.0000,6.2372,-3.6250,80.00,-1,-1.00000,0.000,0.000,0.000,0.000,0.000,0.000,0,0.00,0,0,0,0,0,0,1.2872,-0.000,0.000,-0.0000,-0.0000,-0.0000,4,1.2872,0.000
180,3.0000,0.0000,1.2372,-3.8750,0.0000,0.0002,-15.0000,15.0000,0.000,0.000,-8.594,1,VEHICLE,0,-,0.0000,50,150,0,0.0800,0,0,0.000,0.000,0.000,0.0000,0.0000,0.0000,1,1.0000,0,0,0.0000,0,1.2872,0.0000,0.0000,0.0000,0.0000,0,80.00,0.0000,5.6284,5.4999,0.0000,6.2372,-3.8750,80.00,-1,-1.00000,0.000,0.000,0.000,0.000,0.000,0.000,0,0.00,0,0,0,0,0,0,1.2872,-0.000,0.000,-0.0000,0.0000,-0.0000,4,1.2872,0.000
181,3.0167,0.0000,1.2372,-4.1250,0.0000,0.0002,-15.0000,15.0000,0.000,0.000,-8.594,1,VEHICLE,0,-,0.0000,50,150,0,0.0800,0,0,0.000,0.000,0.000,0.0000,0.0000,0.0000,1,1.0000,0,0,0.0000,0,1.2872,0.0000,0.0000,0.0000,0.0000,0,80.00,0.0000,5.6284,5.2499,0.0000,6.2372,-4.1250,80.00,-1,-1.00000,0.000,0.000,0.000,0.000,0.000,0.000,0,0.00,0,0,0,0,0,0,1.2872,-0.000,0.000,-0.0000,-0.0000,-0.0000,4,1.2872,0.000
182,3.0333,0.0000,1.2372,-4.3750,0.0000,0.0002,-15.0000,15.0000,0.000,0.000,-8.594,1,VEHICLE,0,-,0.0000,50,150,0,0.0800,0,0,0.000,0.000,0.000,0.0000,0.0000,0.0000,1,1.0000,0,0,0.0000,0,1.2872,0.0000,0.0000,0.0000,0.0000,0,80.00,0.0000,5.6284,4.9999,0.0000,6.2372,-4.3750,80.00,-1,-1.00000,0.000,0.000,0.000,0.000,0.000,0.000,0,0.00,0,0,0,0,0,0,1.2872,-0.000,0.000,0.0000,-0.0000,-0.0000,4,1.2872,0.000
183,3.0500,0.0000,1.2372,-4.6250,0.0000,0.0002,-15.0000,15.0000,0.000,0.000,-8.594,1,VEHICLE,0,-,0.0000,50,150,0,0.0800,0,0,0.000,0.000,0.000,0.0000,0.0000,0.0000,1,1.0000,0,0,0.0000,0,1.2872,0.0000,0.0000,0.0000,0.0000,0,80.00,0.0000,5.6284,4.7499,0.0000,6.2372,-4.6250,80.00,-1,-1.00000,0.000,0.000,0.000,0.000,0.000,0.000,0,0.00,0,0,0,0,0,0,1.2872,-0.000,0.000,-0.0000,0.0000,-0.0000,4,1.2872,0.000
184,3.0667,0.0000,1.2372,-4.8750,0.0000,0.0002,-15.0000,15.0000,0.000,0.000,-8.594,1,VEHICLE,0,-,0.0000,50,150,0,0.0800,0,0,0.000,0.000,0.000,0.0000,0.0000,0.0000,1,1.0000,0,0,0.0000,0,1.2872,0.0000,0.0000,0.0000,0.0000,0,80.00,0.0000,5.6284,4.4999,0.0000,6.2372,-4.8750,80.00,-1,-1.00000,0.000,0.000,0.000,0.000,0.000,0.000,0,0.00,0,0,0,0,0,0,1.2872,-0.000,0.000,-0.0000,-0.0000,-0.0000,4,1.2872,0.000
185,3.0833,0.0000,1.2372,-5.1250,0.0000,0.0002,-15.0000,15.0000,0.000,0.000,-8.594,1,VEHICLE,0,-,0.0000,50,150,0,0.0800,0,0,0.000,0.000,0.000,0.0000,0.0000,0.0000,1,1.0000,0,0,0.0000,0,1.2872,0.0000,0.0000,0.0000,0.0000,0,80.00,0.0000,5.6284,4.2499,0.0000,6.2372,-5.1250,80.00,-1,-1.00000,0.000,0.000,0.000,0.000,0.000,0.000,0,0.00,0,0,0,0,0,0,1.2872,-0.000,0.000,-0.0000,0.0000,-0.0000,4,1.2872,0.000
186,3.1000,0.0000,1.2372,-5.3750,0.0000,0.0002,-15.0000,15.0000,0.000,0.000,-8.594,1,VEHICLE,0,-,0.0000,50,150,0,0.0800,0,0,0.000,0.000,0.000,0.0000,0.0000,0.0000,1,1.0000,0,0,0.0000,0,1.2872,0.0000,0.0000,0.0000,0.0000,0,80.00,0.0000,5.6284,3.9999,0.0000,6.2372,-5.3750,80.00,-1,-1.00000,0.000,0.000,0.000,0.000,0.000,0.000,0,0.00,0,0,0,0,0,0,1.2872,-0.000,0.000,0.0000,0.0000,-0.0000,4,1.2872,0.000
187,3.1167,0.0000,1.2372,-5.6250,0.0000,0.0002,-15.0000,15.0000,0.000,0.000,-8.594,1,VEHICLE,0,-,0.0000,50,150,0,0.0800,0,0,0.000,0.000,0.000,0.0000,0.0000,0.0000,1,1.0000,0,0,0.0000,0,1.2872,0.0000,0.0000,0.0000,0.0000,0,80.00,0.0000,5.6284,3.7499,0.0000,6.2372,-5.6250,80.00,-1,-1.00000,0.000,0.000,0.000,0.000,0.000,0.000,0,0.00,0,0,0,0,0,0,1.2872,-0.000,0.000,-0.0000,0.0000,-0.0000,4,1.2872,0.000
188,3.1333,0.0000,1.2372,-5.8750,0.0000,0.0002,-15.0000,15.0000,0.000,0.000,-8.594,1,VEHICLE,0,-,0.0000,50,150,0,0.0800,0,0,0.000,0.000,0.000,0.0000,0.0000,0.0000,1,1.0000,0,0,0.0000,0,1.2872,0.0000,0.0000,0.0000,0.0000,0,80.00,0.0000,5.6284,3.4999,0.0000,6.2372,-5.8750,80.00,-1,-1.00000,0.000,0.000,0.000,0.000,0.000,0.000,0,0.00,0,0,0,0,0,0,1.2872,-0.000,0.000,-0.0000,-0.0000,-0.0000,4,1.2872,0.000
189,3.1500,0.0000,1.2372,-6.1250,0.0000,0.0002,-15.0000,15.0000,0.000,0.000,-8.594,1,VEHICLE,0,-,0.0000,50,150,0,0.0800,0,0,0.000,0.000,0.000,0.0000,0.0000,0.0000,1,1.0000,0,0,0.0000,0,1.2872,0.0000,0.0000,0.0000,0.0000,0,80.00,0.0000,5.6285,3.2499,0.0000,6.2372,-6.1250,80.00,-1,-1.00000,0.000,0.000,0.000,0.000,0.000,0.000,0,0.00,0,0,0,0,0,0,1.2872,-0.000,0.000,-0.0000,-0.0000,-0.0000,4,1.2872,0.000
190,3.1667,0.0000,1.2372,-6.3750,0.0000,0.0002,-15.0000,15.0000,0.000,0.000,-8.594,1,VEHICLE,0,-,0.0000,50,150,0,0.0800,0,0,0.000,0.000,0.000,0.0000,0.0000,0.0000,1,1.0000,0,0,0.0000,0,1.2872,0.0000,0.0000,0.0000,0.0000,0,80.00,0.0000,5.6285,2.9999,0.0000,6.2372,-6.3750,80.00,-1,-1.00000,0.000,0.000,0.000,0.000,0.000,0.000,0,0.00,0,0,0,0,0,0,1.2872,-0.000,0.000,-0.0000,-0.0000,-0.0000,4,1.2872,0.000
191,3.1833,0.0000,1.2372,-6.6250,0.0000,0.0002,-15.0000,15.0000,0.000,0.000,-8.594,1,VEHICLE,0,-,0.0000,50,150,0,0.0800,0,0,0.000,0.000,0.000,0.0000,0.0000,0.0000,1,1.0000,0,0,0.0000,0,1.2872,0.0000,0.0000,0.0000,0.0000,0,80.00,0.0000,5.6285,2.7499,0.0000,6.2372,-6.6250,80.00,-1,-1.00000,0.000,0.000,0.000,0.000,0.000,0.000,0,0.00,0,0,0,0,0,0,1.2872,-0.000,0.000,-0.0000,0.0000,-0.0000,4,1.2872,0.000
192,3.2000,0.0000,1.2372,-6.8750,0.0000,0.0002,-15.0000,15.0000,0.000,0.000,-8.594,1,VEHICLE,0,-,0.0000,50,150,0,0.0800,0,0,0.000,0.000,0.000,0.0000,0.0000,0.0000,1,1.0000,0,0,0.0000,0,1.2872,0.0000,0.0000,0.0000,0.0000,0,80.00,0.0000,5.6285,2.4999,0.0000,6.2372,-6.8750,80.00,-1,-1.00000,0.000,0.000,0.000,0.000,0.000,0.000,0,0.00,0,0,0,0,0,0,1.2872,-0.000,0.000,-0.0000,-0.0000,-0.0000,4,1.2872,0.000
193,3.2167,0.0000,1.2372,-7.1250,0.0000,0.0002,-15.0000,15.0000,0.000,0.000,-8.594,1,VEHICLE,0,-,0.0000,50,150,0,0.0800,0,0,0.000,0.000,0.000,0.0000,0.0000,0.0000,1,1.0000,0,0,0.0000,0,1.2872,0.0000,0.0000,0.0000,0.0000,0,80.00,0.0000,5.6285,2.2499,0.0000,6.2372,-7.1250,80.00,-1,-1.00000,0.000,0.000,0.000,0.000,0.000,0.000,0,0.00,0,0,0,0,0,0,1.2872,-0.000,0.000,-0.0000,0.0000,-0.0000,4,1.2872,0.000
194,3.2333,0.0000,1.2372,-7.3750,0.0000,0.0002,-15.0000,15.0000,0.000,0.000,-8.594,1,VEHICLE,0,-,0.0000,50,150,0,0.0800,0,0,0.000,0.000,0.000,0.0000,0.0000,0.0000,1,1.0000,0,0,0.0000,0,1.2872,0.0000,0.0000,0.0000,0.0000,0,80.00,0.0000,5.6285,1.9999,0.0000,6.2372,-7.3750,80.00,-1,-1.00000,0.000,0.000,0.000,0.000,0.000,0.000,0,0.00,0,0,0,0,0,0,1.2872,-0.000,0.000,0.0000,-0.0000,-0.0000,4,1.2872,0.000
195,3.2500,0.0000,1.2372,-7.6250,0.0000,0.0002,-15.0000,15.0000,0.000,0.000,-8.594,1,VEHICLE,0,-,0.0000,50,150,0,0.0800,0,0,0.000,0.000,0.000,0.0000,0.0000,0.0000,1,1.0000,0,0,0.0000,0,1.2872,0.0000,0.0000,0.0000,0.0000,0,80.00,0.0000,5.6285,1.7499,0.0000,6.2372,-7.6250,80.00,-1,-1.00000,0.000,0.000,0.000,0.000,0.000,0.000,0,0.00,0,0,0,0,0,0,1.2872,-0.000,0.000,-0.0000,0.0000,-0.0000,4,1.2872,0.000
196,3.2667,0.0000,1.2372,-7.8750,0.0000,0.0001,-15.0000,15.0000,0.000,0.000,-8.594,1,VEHICLE,0,-,0.0000,50,150,0,0.0800,0,0,0.000,0.000,0.000,0.0000,0.0000,0.0000,1,1.0000,0,0,0.0000,0,1.2872,0.0000,0.0000,0.0000,0.0000,0,80.00,0.0000,5.6285,1.4999,0.0000,6.2372,-7.8750,80.00,-1,-1.00000,0.000,0.000,0.000,0.000,0.000,0.000,0,0.00,0,0,0,0,0,0,1.2872,-0.000,0.000,-0.0000,-0.0000,-0.0000,4,1.2872,0.000
197,3.2833,0.0000,1.2372,-8.1250,0.0000,0.0001,-15.0000,15.0000,0.000,0.000,-8.594,1,VEHICLE,0,-,0.0000,50,150,0,0.0800,0,0,0.000,0.000,0.000,0.0000,0.0000,0.0000,1,1.0000,0,0,0.0000,0,1.2872,0.0000,0.0000,0.0000,0.0000,0,80.00,0.0000,5.6285,1.2499,0.0000,6.2372,-8.1250,80.00,-1,-1.00000,0.000,0.000,0.000,0.000,0.000,0.000,0,0.00,0,0,0,0,0,0,1.2872,-0.000,0.000,-0.0000,0.0000,-0.0000,4,1.2872,0.000
198,3.3000,0.0000,1.2372,-8.3750,0.0000,0.0001,-15.0000,15.0000,0.000,0.000,-8.594,1,VEHICLE,0,-,0.0000,50,150,0,0.0800,0,0,0.000,0.000,0.000,0.0000,0.0000,0.0000,1,1.0000,0,0,0.0000,0,1.2872,0.0000,0.0000,0.0000,0.0000,0,80.00,0.0000,5.6285,0.9999,0.0000,6.2372,-8.3750,80.00,-1,-1.00000,0.000,0.000,0.000,0.000,0.000,0.000,0,0.00,0,0,0,0,0,0,1.2872,-0.000,0.000,-0.0000,0.0000,-0.0000,4,1.2872,0.000
199,3.3167,0.0000,1.2372,-8.6250,0.0000,0.0001,-15.0000,15.0000,0.000,0.000,-8.594,1,VEHICLE,0,-,0.0000,50,150,0,0.0800,0,0,0.000,0.000,0.000,0.0000,0.0000,0.0000,1,1.0000,0,0,0.0000,0,1.2872,0.0000,0.0000,0.0000,0.0000,0,80.00,0.0000,5.6285,0.7499,0.0000,6.2372,-8.6250,80.00,-1,-1.00000,0.000,0.000,0.000,0.000,0.000,0.000,0,0.00,0,0,0,0,0,0,1.2872,-0.000,0.000,0.0000,-0.0000,-0.0000,4,1.2872,0.000
200,3.3333,0.0000,1.2372,-8.8750,0.0000,0.0001,-15.0000,15.0000,0.000,0.000,-8.594,1,VEHICLE,0,-,0.0000,50,150,0,0.0800,0,0,0.000,0.000,0.000,0.0000,0.0000,0.0000,1,1.0000,0,0,0.0000,0,1.2872,0.0000,0.0000,0.0000,0.0000,0,80.00,0.0000,5.6285,0.4999,0.0000,6.2372,-8.8750,80.00,-1,-1.00000,0.000,0.000,0.000,0.000,0.000,0.000,0,0.00,0,0,0,0,0,0,1.2872,-0.000,0.000,-0.0000,-0.0000,-0.0000,4,1.2872,0.000
201,3.3500,0.0000,1.2372,-9.1250,0.0000,0.0001,-15.0000,15.0000,0.000,0.000,-8.594,1,VEHICLE,0,-,0.0000,50,150,0,0.0800,0,0,0.000,0.000,0.000,0.0000,0.0000,0.0000,1,1.0000,0,0,0.0000,0,1.2872,0.0000,0.0000,0.0000,0.0000,0,80.00,0.0000,5.6285,0.2499,0.0000,6.2372,-9.1250,80.00,-1,-1.00000,0.000,0.000,0.000,0.000,0.000,0.000,0,0.00,0,0,0,0,0,0,1.2872,-0.000,0.000,-0.0000,0.0000,-0.0000,4,1.2872,0.000
202,3.3667,0.0000,1.2372,-9.3750,0.0000,0.0001,-15.0000,15.0000,0.000,0.000,-8.594,1,VEHICLE,0,-,0.0000,50,150,0,0.0800,0,0,0.000,0.000,0.000,0.0000,0.0000,0.0000,1,1.0000,0,0,0.0000,0,1.2872,0.0000,0.0000,0.0000,0.0000,0,80.00,0.0000,5.6285,-0.0001,0.0000,6.2372,-9.3750,80.00,-1,-1.00000,0.000,0.000,0.000,0.000,0.000,0.000,0,0.00,0,0,0,0,0,0,1.2872,-0.000,0.000,0.0000,0.0000,-0.0000,4,1.2872,0.000
203,3.3833,0.0000,1.2372,-9.6250,0.0000,0.0001,-15.0000,15.0000,0.000,0.000,-8.594,1,VEHICLE,0,-,0.0000,50,150,0,0.0800,0,0,0.000,0.000,0.000,0.0000,0.0000,0.0000,1,1.0000,0,0,0.0000,0,1.2872,0.0000,0.0000,0.0000,0.0000,0,80.00,0.0000,5.6285,-0.2501,0.0000,6.2372,-9.6250,80.00,-1,-1.00000,0.000,0.000,0.000,0.000,0.000,0.000,0,0.00,0,0,0,0,0,0,1.2872,-0.000,0.000,-0.0000,-0.0000,-0.0000,4,1.2872,0.000
204,3.4000,0.0000,1.2372,-9.8750,0.0000,0.0001,-15.0000,15.0000,0.000,0.000,-8.594,1,VEHICLE,0,-,0.0000,50,150,0,0.0800,0,0,0.000,0.000,0.000,0.0000,0.0000,0.0000,1,1.0000,0,0,0.0000,0,1.2872,0.0000,0.0000,0.0000,0.0000,0,80.00,0.0000,5.6285,-0.5001,0.0000,6.2372,-9.8750,80.00,-1,-1.00000,0.000,0.000,0.000,0.000,0.000,0.000,0,0.00,0,0,0,0,0,0,1.2872,-0.000,0.000,0.0000,0.0000,-0.0000,4,1.2872,0.000
205,3.4167,0.0000,1.2372,-10.1250,0.0000,0.0001,-15.0000,15.0000,0.000,0.000,-8.594,1,VEHICLE,0,-,0.0000,50,150,0,0.0800,0,0,0.000,0.000,0.000,0.0000,0.0000,0.0000,1,1.0000,0,0,0.0000,0,1.2872,0.0000,0.0000,0.0000,0.0000,0,80.00,0.0000,5.6285,-0.7501,0.0000,6.2372,-10.1250,80.00,-1,-1.00000,0.000,0.000,0.000,0.000,0.000,0.000,0,0.00,0,0,0,0,0,0,1.2872,-0.000,0.000,-0.0000,-0.0000,-0.0000,4,1.2872,0.000
206,3.4333,0.0000,1.2372,-10.3750,0.0000,0.0001,-15.0000,15.0000,0.000,0.000,-8.594,1,VEHICLE,0,-,0.0000,50,150,0,0.0800,0,0,0.000,0.000,0.000,0.0000,0.0000,0.0000,1,1.0000,0,0,0.0000,0,1.2872,0.0000,0.0000,0.0000,0.0000,0,80.00,0.0000,5.6285,-1.0001,0.0000,6.2372,-10.3750,80.00,-1,-1.00000,0.000,0.000,0.000,0.000,0.000,0.000,0,0.00,0,0,0,0,0,0,1.2872,-0.000,0.000,0.0000,0.0000,-0.0000,4,1.2872,0.000
207,3.4500,0.0000,1.2372,-10.6250,0.0000,0.0001,-15.0000,15.0000,0.000,0.000,-8.594,1,VEHICLE,0,-,0.0000,50,150,0,0.0800,0,0,0.000,0.000,0.000,0.0000,0.0000,0.0000,1,1.0000,0,0,0.0000,0,1.2872,0.0000,0.0000,0.0000,0.0000,0,80.00,0.0000,5.6285,-1.2501,0.0000,6.2372,-10.6250,80.00,-1,-1.00000,0.000,0.000,0.000,0.000,0.000,0.000,0,0.00,0,0,0,0,0,0,1.2872,-0.000,0.000,-0.0000,-0.0000,-0.0000,4,1.2872,0.000
208,3.4667,0.0000,1.2372,-10.8750,0.0000,0.0001,-15.0000,15.0000,0.000,0.000,-8.594,1,VEHICLE,0,-,0.0000,50,150,0,0.0800,0,0,0.000,0.000,0.000,0.0000,0.0000,0.0000,1,1.0000,0,0,0.0000,0,1.2872,0.0000,0.0000,0.0000,0.0000,0,80.00,0.0000,5.6285,-1.5001,0.0000,6.2372,-10.8750,80.00,-1,-1.00000,0.000,0.000,0.000,0.000,0.000,0.000,0,0.00,0,0,0,0,0,0,1.2872,-0.000,0.000,-0.0000,-0.0000,-0.0000,4,1.2872,0.000
209,3.4833,0.0000,1.2372,-11.1250,0.0000,0.0001,-15.0000,15.0000,0.000,0.000,-8.594,1,VEHICLE,0,-,0.0000,50,150,0,0.0800,0,0,0.000,0.000,0.000,0.0000,0.0000,0.0000,1,1.0000,0,0,0.0000,0,1.2872,0.0000,0.0000,0.0000,0.0000,0,80.00,0.0000,5.6285,-1.7501,0.0000,6.2372,-11.1250,80.00,-1,-1.00000,0.000,0.000,0.000,0.000,0.000,0.000,0,0.00,0,0,0,0,0,0,1.2872,-0.000,0.000,-0.0000,0.0000,-0.0000,4,1.2872,0.000
210,3.5000,0.0000,1.2372,-11.3750,0.0000,0.0001,-15.0000,15.0000,0.000,0.000,-8.594,1,VEHICLE,0,-,0.0000,50,150,0,0.0800,0,0,0.000,0.000,0.000,0.0000,0.0000,0.0000,1,1.0000,0,0,0.0000,0,1.2872,0.0000,0.0000,0.0000,0.0000,0,80.00,0.0000,5.6285,-2.0001,0.0000,6.2372,-11.3750,80.00,-1,-1.00000,0.000,0.000,0.000,0.000,0.000,0.000,0,0.00,0,0,0,0,0,0,1.2872,-0.000,0.000,-0.0000,-0.0000,-0.0000,4,1.2872,0.000
211,3.5167,0.0000,1.2372,-11.6250,0.0000,0.0001,-15.0000,15.0000,0.000,0.000,-8.594,1,VEHICLE,0,-,0.0000,50,150,0,0.0800,0,0,0.000,0.000,0.000,0.0000,0.0000,0.0000,1,1.0000,0,0,0.0000,0,1.2872,0.0000,0.0000,0.0000,0.0000,0,80.00,0.0000,5.6285,-2.2501,0.0000,6.2372,-11.6250,80.00,-1,-1.00000,0.000,0.000,0.000,0.000,0.000,0.000,0,0.00,0,0,0,0,0,0,1.2872,-0.000,0.000,-0.0000,0.0000,-0.0000,4,1.2872,0.000
212,3.5333,0.0000,1.2372,-11.8750,0.0000,0.0001,-15.0000,15.0000,0.000,0.000,-8.594,1,VEHICLE,0,-,0.0000,50,150,0,0.0800,0,0,0.000,0.000,0.000,0.0000,0.0000,0.0000,1,1.0000,0,0,0.0000,0,1.2872,0.0000,0.0000,0.0000,0.0000,0,80.00,0.0000,5.6285,-2.5001,0.0000,6.2372,-11.8750,80.00,-1,-1.00000,0.000,0.000,0.000,0.000,0.000,0.000,0,0.00,0,0,0,0,0,0,1.2872,-0.000,0.000,-0.0000,-0.0000,-0.0000,4,1.2872,0.000
213,3.5500,0.0000,1.2372,-12.1250,0.0000,0.0001,-15.0000,15.0000,0.000,0.000,-8.594,1,VEHICLE,0,-,0.0000,50,150,0,0.0800,0,0,0.000,0.000,0.000,0.0000,0.0000,0.0000,1,1.0000,0,0,0.0000,0,1.2872,0.0000,0.0000,0.0000,0.0000,0,80.00,0.0000,5.6285,-2.7501,0.0000,6.2372,-12.1250,80.00,-1,-1.00000,0.000,0.000,0.000,0.000,0.000,0.000,0,0.00,0,0,0,0,0,0,1.2872,-0.000,0.000,0.0000,0.0000,-0.0000,4,1.2872,0.000
214,3.5667,0.0000,1.2372,-12.3750,0.0000,0.0001,-15.0000,15.0000,0.000,0.000,-8.594,1,VEHICLE,0,-,0.0000,50,150,0,0.0800,0,0,0.000,0.000,0.000,0.0000,0.0000,0.0000,1,1.0000,0,0,0.0000,0,1.2872,0.0000,0.0000,0.0000,0.0000,0,80.00,0.0000,5.6285,-3.0001,0.0000,6.2372,-12.3750,80.00,-1,-1.00000,0.000,0.000,0.000,0.000,0.000,0.000,0,0.00,0,0,0,0,0,0,1.2872,-0.000,0.000,-0.0000,0.0000,-0.0000,4,1.2872,0.000
215,3.5833,0.0000,1.2372,-12.6250,0.0000,0.0001,-15.0000,15.0000,0.000,0.000,-8.594,1,VEHICLE,0,-,0.0000,50,150,0,0.0800,0,0,0.000,0.000,0.000,0.0000,0.0000,0.0000,1,1.0000,0,0,0.0000,0,1.2872,0.0000,0.0000,0.0000,0.0000,0,80.00,0.0000,5.6285,-3.2501,0.0000,6.2372,-12.6250,80.00,-1,-1.00000,0.000,0.000,0.000,0.000,0.000,0.000,0,0.00,0,0,0,0,0,0,1.2872,-0.000,0.000,-0.0000,0.0000,-0.0000,4,1.2872,0.000
216,3.6000,0.0000,1.2372,-12.8750,0.0000,0.0001,-15.0000,15.0000,0.000,0.000,-8.594,1,VEHICLE,0,-,0.0000,50,150,0,0.0800,0,0,0.000,0.000,0.000,0.0000,0.0000,0.0000,1,1.0000,0,0,0.0000,0,1.2872,0.0000,0.0000,0.0000,0.0000,0,80.00,0.0000,5.6285,-3.5001,0.0000,6.2372,-12.8750,80.00,-1,-1.00000,0.000,0.000,0.000,0.000,0.000,0.000,0,0.00,0,0,0,0,0,0,1.2872,-0.000,0.000,-0.0000,-0.0000,-0.0000,4,1.2872,0.000
217,3.6167,0.0000,1.2372,-13.1250,0.0000,0.0001,-15.0000,15.0000,0.000,0.000,-8.594,1,VEHICLE,0,-,0.0000,50,150,0,0.0800,0,0,0.000,0.000,0.000,0.0000,0.0000,0.0000,1,1.0000,0,0,0.0000,0,1.2872,0.0000,0.0000,0.0000,0.0000,0,80.00,0.0000,5.6285,-3.7501,0.0000,6.2372,-13.1250,80.00,-1,-1.00000,0.000,0.000,0.000,0.000,0.000,0.000,0,0.00,0,0,0,0,0,0,1.2872,-0.000,0.000,0.0000,0.0000,-0.0000,4,1.2872,0.000
218,3.6333,0.0000,1.2372,-13.3750,0.0000,0.0000,-15.0000,15.0000,0.000,0.000,-8.594,1,VEHICLE,0,-,0.0000,50,150,0,0.0800,0,0,0.000,0.000,0.000,0.0000,0.0000,0.0000,1,1.0000,0,0,0.0000,0,1.2872,0.0000,0.0000,0.0000,0.0000,0,80.00,0.0000,5.6285,-4.0001,0.0000,6.2372,-13.3750,80.00,-1,-1.00000,0.000,0.000,0.000,0.000,0.000,0.000,0,0.00,0,0,0,0,0,0,1.2872,-0.000,0.000,-0.0000,-0.0000,-0.0000,4,1.2872,0.000
219,3.6500,0.0000,1.2372,-13.6250,0.0000,0.0000,-15.0000,15.0000,0.000,0.000,-8.594,1,VEHICLE,0,-,0.0000,50,150,0,0.0800,0,0,0.000,0.000,0.000,0.0000,0.0000,0.0000,1,1.0000,0,0,0.0000,0,1.2872,0.0000,0.0000,0.0000,0.0000,0,80.00,0.0000,5.6285,-4.2501,0.0000,6.2372,-13.6250,80.00,-1,-1.00000,0.000,0.000,0.000,0.000,0.000,0.000,0,0.00,0,0,0,0,0,0,1.2872,-0.000,0.000,-0.0000,0.0000,-0.0000,4,1.2872,0.000
220,3.6667,0.0000,1.2372,-13.8750,0.0000,0.0000,-15.0000,15.0000,0.000,0.000,-8.594,1,VEHICLE,0,-,0.0000,50,150,0,0.0800,0,0,0.000,0.000,0.000,0.0000,0.0000,0.0000,1,1.0000,0,0,0.0000,0,1.2872,0.0000,0.0000,0.0000,0.0000,0,80.00,0.0000,5.6285,-4.5001,0.0000,6.2372,-13.8750,80.00,-1,-1.00000,0.000,0.000,0.000,0.000,0.000,0.000,0,0.00,0,0,0,0,0,0,1.2872,-0.000,0.000,-0.0000,-0.0000,-0.0000,4,1.2872,0.000
221,3.6833,0.0000,1.2372,-14.1250,0.0000,0.0000,-15.0000,15.0000,0.000,0.000,-8.594,1,VEHICLE,0,-,0.0000,50,150,0,0.0800,0,0,0.000,0.000,0.000,0.0000,0.0000,0.0000,1,1.0000,0,0,0.0000,0,1.2872,0.0000,0.0000,0.0000,0.0000,0,80.00,0.0000,5.6285,-4.7501,0.0000,6.2372,-14.1250,80.00,-1,-1.00000,0.000,0.000,0.000,0.000,0.000,0.000,0,0.00,0,0,0,0,0,0,1.2872,-0.000,0.000,0.0000,-0.0000,-0.0000,4,1.2872,0.000
222,3.7000,0.0000,1.2372,-14.3750,0.0000,0.0000,-15.0000,15.0000,0.000,0.000,-8.594,1,VEHICLE,0,-,0.0000,50,150,0,0.0800,0,0,0.000,0.000,0.000,0.0000,0.0000,0.0000,1,1.0000,0,0,0.0000,0,1.2872,0.0000,0.0000,0.0000,0.0000,0,80.00,0.0000,5.6285,-5.0001,0.0000,6.2372,-14.3750,80.00,-1,-1.00000,0.000,0.000,0.000,0.000,0.000,0.000,0,0.00,0,0,0,0,0,0,1.2872,-0.000,0.000,-0.0000,0.0000,-0.0000,4,1.2872,0.000
223,3.7167,0.0000,1.2372,-14.6250,0.0000,0.0000,-15.0000,15.0000,0.000,0.000,-8.594,1,VEHICLE,0,-,0.0000,50,150,0,0.0800,0,0,0.000,0.000,0.000,0.0000,0.0000,0.0000,1,1.0000,0,0,0.0000,0,1.2872,0.0000,0.0000,0.0000,0.0000,0,80.00,0.0000,5.6285,-5.2501,0.0000,6.2372,-14.6250,80.00,-1,-1.00000,0.000,0.000,0.000,0.000,0.000,0.000,0,0.00,0,0,0,0,0,0,1.2872,-0.000,0.000,-0.0000,0.0000,-0.0000,4,1.2872,0.000
224,3.7333,0.0000,1.2372,-14.8750,0.0000,0.0000,-15.0000,15.0000,0.000,0.000,-8.594,1,VEHICLE,0,-,0.0000,50,150,0,0.0800,0,0,0.000,0.000,0.000,0.0000,0.0000,0.0000,1,1.0000,0,0,0.0000,0,1.2872,0.0000,0.0000,0.0000,0.0000,0,80.00,0.0000,5.6285,-5.5001,0.0000,6.2372,-14.8750,80.00,-1,-1.00000,0.000,0.000,0.000,0.000,0.000,0.000,0,0.00,0,0,0,0,0,0,1.2872,-0.000,0.000,0.0000,-0.0000,-0.0000,4,1.2872,0.000
225,3.7500,0.0000,1.2372,-15.1250,0.0000,0.0000,-15.0000,15.0000,0.000,0.000,-8.594,1,VEHICLE,0,-,0.0000,50,150,0,0.0800,0,0,0.000,0.000,0.000,0.0000,0.0000,0.0000,1,1.0000,0,0,0.0000,0,1.2872,0.0000,0.0000,0.0000,0.0000,0,80.00,0.0000,5.6285,-5.7501,0.0000,6.2372,-15.1250,80.00,-1,-1.00000,0.000,0.000,0.000,0.000,0.000,0.000,0,0.00,0,0,0,0,0,0,1.2872,-0.000,0.000,-0.0000,0.0000,-0.0000,4,1.2872,0.000
226,3.7667,0.0000,1.2372,-15.3750,0.0000,0.0000,-15.0000,15.0000,0.000,0.000,-8.594,1,VEHICLE,0,-,0.0000,50,150,0,0.0800,0,0,0.000,0.000,0.000,0.0000,0.0000,0.0000,1,1.0000,0,0,0.0000,0,1.2872,0.0000,0.0000,0.0000,0.0000,0,80.00,0.0000,5.6285,-6.0001,0.0000,6.2372,-15.3750,80.00,-1,-1.00000,0.000,0.000,0.000,0.000,0.000,0.000,0,0.00,0,0,0,0,0,0,1.2872,-0.000,0.000,-0.0000,-0.0000,-0.0000,4,1.2872,0.000
227,3.7833,0.0000,1.2372,-15.6250,0.0000,0.0000,-15.0000,15.0000,0.000,0.000,-8.594,1,VEHICLE,0,-,0.0000,50,150,0,0.0800,0,0,0.000,0.000,0.000,0.0000,0.0000,0.0000,1,1.0000,0,0,0.0000,0,1.2872,0.0000,0.0000,0.0000,0.0000,0,80.00,0.0000,5.6285,-6.2501,0.0000,6.2372,-15.6250,80.00,-1,-1.00000,0.000,0.000,0.000,0.000,0.000,0.000,0,0.00,0,0,0,0,0,0,1.2872,-0.000,0.000,-0.0000,0.0000,-0.0000,4,1.2872,0.000
228,3.8000,0.0000,1.2372,-15.8750,0.0000,0.0000,-15.0000,15.0000,0.000,0.000,-8.594,1,VEHICLE,0,-,0.0000,50,150,0,0.0800,0,0,0.000,0.000,0.000,0.0000,0.0000,0.0000,1,1.0000,0,0,0.0000,0,1.2872,0.0000,0.0000,0.0000,0.0000,0,80.00,0.0000,5.6285,-6.5001,0.0000,6.2372,-15.8750,80.00,-1,-1.00000,0.000,0.000,0.000,0.000,0.000,0.000,0,0.00,0,0,0,0,0,0,1.2872,-0.000,0.000,0.0000,0.0000,-0.0000,4,1.2872,0.000
229,3.8167,0.0000,1.2372,-16.1250,0.0000,0.0000,-15.0000,15.0000,0.000,0.000,-8.594,1,VEHICLE,0,-,0.0000,50,150,0,0.0800,0,0,0.000,0.000,0.000,0.0000,0.0000,0.0000,1,1.0000,0,0,0.0000,0,1.2872,0.0000,0.0000,0.0000,0.0000,0,80.00,0.0000,5.6285,-6.7501,0.0000,6.2372,-16.1250,80.00,-1,-1.00000,0.000,0.000,0.000,0.000,0.000,0.000,0,0.00,0,0,0,0,0,0,1.2872,-0.000,0.000,-0.0000,-0.0000,-0.0000,4,1.2872,0.000
230,3.8333,0.0000,1.2372,-16.3750,0.0000,0.0000,-15.0000,15.0000,0.000,0.000,-8.594,1,VEHICLE,0,-,0.0000,50,150,0,0.0800,0,0,0.000,0.000,0.000,0.0000,0.0000,0.0000,1,1.0000,0,0,0.0000,0,1.2872,0.0000,0.0000,0.0000,0.0000,0,80.00,0.0000,5.6285,-7.0001,0.0000,6.2372,-16.3750,80.00,-1,-1.00000,0.000,0.000,0.000,0.000,0.000,0.000,0,0.00,0,0,0,0,0,0,1.2872,-0.000,0.000,-0.0000,0.0000,-0.0000,4,1.2872,0.000
231,3.8500,0.0000,1.2372,-16.6250,0.0000,0.0000,-15.0000,15.0000,0.000,0.000,-8.594,1,VEHICLE,0,-,0.0000,50,150,0,0.0800,0,0,0.000,0.000,0.000,0.0000,0.0000,0.0000,1,1.0000,0,0,0.0000,0,1.2872,0.0000,0.0000,0.0000,0.0000,0,80.00,0.0000,5.6285,-7.2501,0.0000,6.2372,-16.6250,80.00,-1,-1.00000,0.000,0.000,0.000,0.000,0.000,0.000,0,0.00,0,0,0,0,0,0,1.2872,-0.000,0.000,0.0000,0.0000,-0.0000,4,1.2872,0.000
232,3.8667,0.0000,1.2372,-16.8750,0.0000,0.0000,-15.0000,15.0000,0.000,0.000,-8.594,1,VEHICLE,0,-,0.0000,50,150,0,0.0800,0,0,0.000,0.000,0.000,0.0000,0.0000,0.0000,1,1.0000,0,0,0.0000,0,1.2872,0.0000,0.0000,0.0000,0.0000,0,80.00,0.0000,5.6285,-7.5001,0.0000,6.2372,-16.8750,80.00,-1,-1.00000,0.000,0.000,0.000,0.000,0.000,0.000,0,0.00,0,0,0,0,0,0,1.2872,-0.000,0.000,-0.0000,0.0000,-0.0000,4,1.2872,0.000
233,3.8833,0.0000,1.2372,-17.1250,0.0000,0.0000,-15.0000,15.0000,0.000,0.000,-8.594,1,VEHICLE,0,-,0.0000,50,150,0,0.0800,0,0,0.000,0.000,0.000,0.0000,0.0000,0.0000,1,1.0000,0,0,0.0000,0,1.2872,0.0000,0.0000,0.0000,0.0000,0,80.00,0.0000,5.6285,-7.7501,0.0000,6.2372,-17.1250,80.00,-1,-1.00000,0.000,0.000,0.000,0.000,0.000,0.000,0,0.00,0,0,0,0,0,0,1.2872,-0.000,0.000,0.0000,-0.0000,-0.0000,4,1.2872,0.000
234,3.9000,0.0000,1.2373,-17.3750,0.0000,0.0000,-15.0000,15.0000,0.000,0.000,-8.594,1,VEHICLE,0,-,0.0000,50,150,0,0.0800,0,0,0.000,0.000,0.000,0.0000,0.0000,0.0000,1,1.0000,0,0,0.0000,0,1.2872,0.0000,0.0000,0.0000,0.0000,0,80.00,0.0000,5.6285,-8.0001,0.0000,6.2373,-17.3750,80.00,-1,-1.00000,0.000,0.000,0.000,0.000,0.000,0.000,0,0.00,0,0,0,0,0,0,1.2873,-0.000,0.000,-0.0000,0.0000,-0.0000,4,1.2872,0.000
235,3.9167,0.0000,1.2373,-17.6250,0.0000,0.0000,-15.0000,15.0000,0.000,0.000,-8.594,1,VEHICLE,0,-,0.0000,50,150,0,0.0800,0,0,0.000,0.000,0.000,0.0000,0.0000,0.0000,1,1.0000,0,0,0.0000,0,1.2873,0.0000,0.0000,0.0000,0.0000,0,80.00,0.0000,5.6285,-8.2501,0.0000,6.2373,-17.6250,80.00,-1,-1.00000,0.000,0.000,0.000,0.000,0.000,0.000,0,0.00,0,0,0,0,0,0,1.2873,-0.000,0.000,-0.0000,-0.0000,-0.0000,4,1.2873,0.000
236,3.9333,0.0000,1.2373,-17.8750,0.0000,0.0000,-15.0000,15.0000,0.000,0.000,-8.594,1,VEHICLE,0,-,0.0000,50,150,0,0.0800,0,0,0.000,0.000,0.000,0.0000,0.0000,0.0000,1,1.0000,0,0,0.0000,0,1.2873,0.0000,0.0000,0.0000,0.0000,0,80.00,0.0000,5.6285,-8.5001,0.0000,6.2373,-17.8750,80.00,-1,-1.00000,0.000,0.000,0.000,0.000,0.000,0.000,0,0.00,0,0,0,0,0,0,1.2873,-0.000,0.000,-0.0000,0.0000,-0.0000,4,1.2873,0.000
237,3.9500,0.0000,1.2373,-18.1250,0.0000,0.0000,-15.0000,15.0000,0.000,0.000,-8.594,1,VEHICLE,0,-,0.0000,50,150,0,0.0800,0,0,0.000,0.000,0.000,0.0000,0.0000,0.0000,1,1.0000,0,0,0.0000,0,1.2873,0.0000,0.0000,0.0000,0.0000,0,80.00,0.0000,5.6285,-8.7501,0.0000,6.2373,-18.1250,80.00,-1,-1.00000,0.000,0.000,0.000,0.000,0.000,0.000,0,0.00,0,0,0,0,0,0,1.2873,-0.000,0.000,0.0000,-0.0000,-0.0000,4,1.2873,0.000
238,3.9667,0.0000,1.2373,-18.3750,0.0000,0.0000,-15.0000,15.0000,0.000,0.000,-8.594,1,VEHICLE,0,-,0.0000,50,150,0,0.0800,0,0,0.000,0.000,0.000,0.0000,0.0000,0.0000,1,1.0000,0,0,0.0000,0,1.2873,0.0000,0.0000,0.0000,0.0000,0,80.00,0.0000,5.6285,-9.0001,0.0000,6.2373,-18.3750,80.00,-1,-1.00000,0.000,0.000,0.000,0.000,0.000,0.000,0,0.00,0,0,0,0,0,0,1.2873,-0.000,0.000,-0.0000,0.0000,-0.0000,4,1.2873,0.000
239,3.9833,0.0000,1.2373,-18.6250,0.0000,0.0000,-15.0000,15.0000,0.000,0.000,-8.594,1,VEHICLE,0,-,0.0000,50,150,0,0.0800,0,0,0.000,0.000,0.000,0.0000,0.0000,0.0000,1,1.0000,0,0,0.0000,0,1.2873,0.0000,0.0000,0.0000,0.0000,0,80.00,0.0000,5.6285,-9.2501,0.0000,6.2373,-18.6250,80.00,-1,-1.00000,0.000,0.000,0.000,0.000,0.000,0.000,0,0.00,0,0,0,0,0,0,1.2873,-0.000,0.000,-0.0000,0.0000,-0.0000,4,1.2873,0.000
240,4.0000,0.0000,1.2373,-18.8750,0.0000,0.0000,-15.0000,15.0000,0.000,0.000,-8.594,1,VEHICLE,0,-,0.0000,50,150,0,0.0800,0,0,0.000,0.000,0.000,0.0000,0.0000,0.0000,1,1.0000,0,0,0.0000,0,1.2873,0.0000,0.0000,0.0000,0.0000,0,80.00,0.0000,5.6285,-9.5001,0.0000,6.2373,-18.8750,80.00,-1,-1.00000,0.000,0.000,0.000,0.000,0.000,0.000,0,0.00,0,0,0,0,0,0,1.2873,-0.000,0.000,-0.0000,-0.0000,-0.0000,4,1.2873,0.000
241,4.0167,0.0000,1.2373,-19.1250,0.0000,0.0000,-15.0000,15.0000,0.000,0.000,-8.594,1,VEHICLE,0,-,0.0000,50,150,0,0.0800,0,0,0.000,0.000,0.000,0.0000,0.0000,0.0000,1,1.0000,0,0,0.0000,0,1.2873,0.0000,0.0000,0.0000,0.0000,0,80.00,0.0000,5.6285,-9.7501,0.0000,6.2373,-19.1250,80.00,-1,-1.00000,0.000,0.000,0.000,0.000,0.000,0.000,0,0.00,0,0,0,0,0,0,1.2873,-0.000,0.000,0.0000,-0.0000,-0.0000,4,1.2873,0.000
242,4.0333,0.0000,1.2373,-19.3750,0.0000,0.0000,-15.0000,15.0000,0.000,0.000,-8.594,1,VEHICLE,0,-,0.0000,50,150,0,0.0800,0,0,0.000,0.000,0.000,0.0000,0.0000,0.0000,1,1.0000,0,0,0.0000,0,1.2873,0.0000,0.0000,0.0000,0.0000,0,80.00,0.0000,5.6285,-10.0001,0.0000,6.2373,-19.3750,80.00,-1,-1.00000,0.000,0.000,0.000,0.000,0.000,0.000,0,0.00,0,0,0,0,0,0,1.2873,-0.000,0.000,-0.0000,0.0000,-0.0000,4,1.2873,0.000
243,4.0500,0.0000,1.2373,-19.6250,0.0000,0.0000,-15.0000,15.0000,0.000,0.000,-8.594,1,VEHICLE,0,-,0.0000,50,150,0,0.0800,0,0,0.000,0.000,0.000,0.0000,0.0000,0.0000,1,1.0000,0,0,0.0000,0,1.2873,0.0000,0.0000,0.0000,0.0000,0,80.00,0.0000,5.6285,-10.2501,0.0000,6.2373,-19.6250,80.00,-1,-1.00000,0.000,0.000,0.000,0.000,0.000,0.000,0,0.00,0,0,0,0,0,0,1.2873,-0.000,0.000,-0.0000,-0.0000,-0.0000,4,1.2873,0.000
244,4.0667,0.0000,1.2373,-19.8750,0.0000,0.0000,-15.0000,15.0000,0.000,0.000,-8.594,1,VEHICLE,0,-,0.0000,50,150,0,0.0800,0,0,0.000,0.000,0.000,0.0000,0.0000,0.0000,1,1.0000,0,0,0.0000,0,1.2873,0.0000,0.0000,0.0000,0.0000,0,80.00,0.0000,5.6285,-10.5001,0.0000,6.2373,-19.8750,80.00,-1,-1.00000,0.000,0.000,0.000,0.000,0.000,0.000,0,0.00,0,0,0,0,0,0,1.2873,-0.000,0.000,-0.0000,0.0000,-0.0000,4,1.2873,0.000
245,4.0833,0.0000,1.2373,-20.1250,0.0000,0.0000,-15.0000,15.0000,0.000,0.000,-8.594,1,VEHICLE,0,-,0.0000,50,150,0,0.0800,0,0,0.000,0.000,0.000,0.0000,0.0000,0.0000,1,1.0000,0,0,0.0000,0,1.2873,0.0000,0.0000,0.0000,0.0000,0,80.00,0.0000,5.6285,-10.7501,0.0000,6.2373,-20.1250,80.00,-1,-1.00000,0.000,0.000,0.000,0.000,0.000,0.000,0,0.00,0,0,0,0,0,0,1.2873,-0.000,0.000,0.0000,0.0000,-0.0000,4,1.2873,0.000
246,4.1000,0.0000,1.2373,-20.3750,0.0000,0.0000,-15.0000,15.0000,0.000,0.000,-8.594,1,VEHICLE,0,-,0.0000,50,150,0,0.0800,0,0,0.000,0.000,0.000,0.0000,0.0000,0.0000,1,1.0000,0,0,0.0000,0,1.2873,0.0000,0.0000,0.0000,0.0000,0,80.00,0.0000,5.6285,-11.0001,0.0000,6.2373,-20.3750,80.00,-1,-1.00000,0.000,0.000,0.000,0.000,0.000,0.000,0,0.00,0,0,0,0,0,0,1.2873,-0.000,0.000,-0.0000,-0.0000,-0.0000,4,1.2873,0.000
247,4.1167,0.0000,1.2373,-20.6250,0.0000,0.0000,-15.0000,15.0000,0.000,0.000,-8.594,1,VEHICLE,0,-,0.0000,50,150,0,0.0800,0,0,0.000,0.000,0.000,0.0000,0.0000,0.0000,1,1.0000,0,0,0.0000,0,1.2873,0.0000,0.0000,0.0000,0.0000,0,80.00,0.0000,5.6285,-11.2501,0.0000,6.2373,-20.6250,80.00,-1,-1.00000,0.000,0.000,0.000,0.000,0.000,0.000,0,0.00,0,0,0,0,0,0,1.2873,-0.000,0.000,-0.0000,0.0000,-0.0000,4,1.2873,0.000
248,4.1333,0.0000,1.2373,-20.8750,0.0000,0.0000,-15.0000,15.0000,0.000,0.000,-8.594,1,VEHICLE,0,-,0.0000,50,150,0,0.0800,0,0,0.000,0.000,0.000,0.0000,0.0000,0.0000,1,1.0000,0,0,0.0000,0,1.2873,0.0000,0.0000,0.0000,0.0000,0,80.00,0.0000,5.6285,-11.5001,0.0000,6.2373,-20.8750,80.00,-1,-1.00000,0.000,0.000,0.000,0.000,0.000,0.000,0,0.00,0,0,0,0,0,0,1.2873,-0.000,0.000,-0.0000,0.0000,-0.0000,4,1.2873,0.000
249,4.1500,0.0000,1.2373,-21.1250,0.0000,0.0000,-15.0000,15.0000,0.000,0.000,-8.594,1,VEHICLE,0,-,0.0000,50,150,0,0.0800,0,0,0.000,0.000,0.000,0.0000,0.0000,0.0000,1,1.0000,0,0,0.0000,0,1.2873,0.0000,0.0000,0.0000,0.0000,0,80.00,0.0000,5.6285,-11.7501,0.0000,6.2373,-21.1250,80.00,-1,-1.00000,0.000,0.000,0.000,0.000,0.000,0.000,0,0.00,0,0,0,0,0,0,1.2873,-0.000,0.000,-0.0000,-0.0000,-0.0000,4,1.2873,0.000
250,4.1667,0.0000,1.2373,-21.3750,0.0000,0.0000,-15.0000,15.0000,0.000,0.000,-8.594,1,VEHICLE,0,-,0.0000,50,150,0,0.0800,0,0,0.000,0.000,0.000,0.0000,0.0000,0.0000,1,1.0000,0,0,0.0000,0,1.2873,0.0000,0.0000,0.0000,0.0000,0,80.00,0.0000,5.6285,-12.0001,0.0000,6.2373,-21.3750,80.00,-1,-1.00000,0.000,0.000,0.000,0.000,0.000,0.000,0,0.00,0,0,0,0,0,0,1.2873,-0.000,0.000,-0.0000,0.0000,-0.0000,4,1.2873,0.000
251,4.1833,0.0000,1.2373,-21.6250,0.0000,0.0000,-15.0000,15.0000,0.000,0.000,-8.594,1,VEHICLE,0,-,0.0000,50,150,0,0.0800,0,0,0.000,0.000,0.000,0.0000,0.0000,0.0000,1,1.0000,0,0,0.0000,0,1.2873,0.0000,0.0000,0.0000,0.0000,0,80.00,0.0000,5.6285,-12.2501,0.0000,6.2373,-21.6250,80.00,-1,-1.00000,0.000,0.000,0.000,0.000,0.000,0.000,0,0.00,0,0,0,0,0,0,1.2873,-0.000,0.000,0.0000,0.0000,-0.0000,4,1.2873,0.000
252,4.2000,0.0000,1.2373,-21.8750,0.0000,0.0000,-15.0000,15.0000,0.000,0.000,-8.594,1,VEHICLE,0,-,0.0000,50,150,0,0.0800,0,0,0.000,0.000,0.000,0.0000,0.0000,0.0000,1,1.0000,0,0,0.0000,0,1.2873,0.0000,0.0000,0.0000,0.0000,0,80.00,0.0000,5.6285,-12.5001,0.0000,6.2373,-21.8750,80.00,-1,-1.00000,0.000,0.000,0.000,0.000,0.000,0.000,0,0.00,0,0,0,0,0,0,1.2873,-0.000,0.000,-0.0000,-0.0000,-0.0000,4,1.2873,0.000
253,4.2167,0.0000,1.2373,-22.1250,0.0000,0.0000,-15.0000,15.0000,0.000,0.000,-8.594,1,VEHICLE,0,-,0.0000,50,150,0,0.0800,0,0,0.000,0.000,0.000,0.0000,0.0000,0.0000,1,1.0000,0,0,0.0000,0,1.2873,0.0000,0.0000,0.0000,0.0000,0,80.00,0.0000,5.6285,-12.7501,0.0000,6.2373,-22.1250,80.00,-1,-1.00000,0.000,0.000,0.000,0.000,0.000,0.000,0,0.00,0,0,0,0,0,0,1.2873,-0.000,0.000,-0.0000,0.0000,-0.0000,4,1.2873,0.000
254,4.2333,0.0000,1.2373,-22.3750,0.0000,0.0000,-15.0000,15.0000,0.000,0.000,-8.594,1,VEHICLE,0,-,0.0000,50,150,0,0.0800,0,0,0.000,0.000,0.000,0.0000,0.0000,0.0000,1,1.0000,0,0,0.0000,0,1.2873,0.0000,0.0000,0.0000,0.0000,0,80.00,0.0000,5.6285,-13.0001,0.0000,6.2373,-22.3750,80.00,-1,-1.00000,0.000,0.000,0.000,0.000,0.000,0.000,0,0.00,0,0,0,0,0,0,1.2873,-0.000,0.000,-0.0000,0.0000,-0.0000,4,1.2873,0.000
255,4.2500,0.0000,1.2373,-22.6250,0.0000,-0.0000,-15.0000,15.0000,0.000,0.000,-8.594,1,VEHICLE,0,-,0.0000,50,150,0,0.0800,0,0,0.000,0.000,0.000,0.0000,0.0000,0.0000,1,1.0000,0,0,0.0000,0,1.2873,0.0000,0.0000,0.0000,0.0000,0,80.00,0.0000,5.6285,-13.2501,0.0000,6.2373,-22.6250,80.00,-1,-1.00000,0.000,0.000,0.000,0.000,0.000,0.000,0,0.00,0,0,0,0,0,0,1.2873,-0.000,0.000,-0.0000,-0.0000,-0.0000,4,1.2873,0.000
256,4.2667,0.0000,1.2373,-22.8750,0.0000,-0.0000,-15.0000,15.0000,0.000,0.000,-8.594,1,VEHICLE,0,-,0.0000,50,150,0,0.0800,0,0,0.000,0.000,0.000,0.0000,0.0000,0.0000,1,1.0000,0,0,0.0000,0,1.2873,0.0000,0.0000,0.0000,0.0000,0,80.00,0.0000,5.6285,-13.5001,0.0000,6.2373,-22.8750,80.00,-1,-1.00000,0.000,0.000,0.000,0.000,0.000,0.000,0,0.00,0,0,0,0,0,0,1.2873,-0.000,0.000,-0.0000,0.0000,-0.0000,4,1.2873,0.000
257,4.2833,0.0000,1.2373,-23.1250,0.0000,-0.0000,-15.0000,15.0000,0.000,0.000,-8.594,1,VEHICLE,0,-,0.0000,50,150,0,0.0800,0,0,0.000,0.000,0.000,0.0000,0.0000,0.0000,1,1.0000,0,0,0.0000,0,1.2873,0.0000,0.0000,0.0000,0.0000,0,80.00,0.0000,5.6285,-13.7501,0.0000,6.2373,-23.1250,80.00,-1,-1.00000,0.000,0.000,0.000,0.000,0.000,0.000,0,0.00,0,0,0,0,0,0,1.2873,-0.000,0.000,-0.0000,0.0000,-0.0000,4,1.2873,0.000
258,4.3000,0.0000,1.2373,-23.3750,0.0000,-0.0000,-15.0000,15.0000,0.000,0.000,-8.594,1,VEHICLE,0,-,0.0000,50,150,0,0.0800,0,0,0.000,0.000,0.000,0.0000,0.0000,0.0000,1,1.0000,0,0,0.0000,0,1.2873,0.0000,0.0000,0.0000,0.0000,0,80.00,0.0000,5.6285,-14.0001,0.0000,6.2373,-23.3750,80.00,-1,-1.00000,0.000,0.000,0.000,0.000,0.000,0.000,0,0.00,0,0,0,0,0,0,1.2873,-0.000,0.000,0.0000,-0.0000,-0.0000,4,1.2873,0.000
259,4.3167,0.0000,1.2373,-23.6250,0.0000,-0.0000,-15.0000,15.0000,0.000,0.000,-8.594,1,VEHICLE,0,-,0.0000,50,150,0,0.0800,0,0,0.000,0.000,0.000,0.0000,0.0000,0.0000,1,1.0000,0,0,0.0000,0,1.2873,0.0000,0.0000,0.0000,0.0000,0,80.00,0.0000,5.6285,-14.2501,0.0000,6.2373,-23.6250,80.00,-1,-1.00000,0.000,0.000,0.000,0.000,0.000,0.000,0,0.00,0,0,0,0,0,0,1.2873,-0.000,0.000,-0.0000,0.0000,-0.0000,4,1.2873,0.000
260,4.3333,0.0000,1.2373,-23.8750,0.0000,-0.0000,-15.0000,15.0000,0.000,0.000,-8.594,1,VEHICLE,0,-,0.0000,50,150,0,0.0800,0,0,0.000,0.000,0.000,0.0000,0.0000,0.0000,1,1.0000,0,0,0.0000,0,1.2873,0.0000,0.0000,0.0000,0.0000,0,80.00,0.0000,5.6285,-14.5001,0.0000,6.2373,-23.8750,80.00,-1,-1.00000,0.000,0.000,0.000,0.000,0.000,0.000,0,0.00,0,0,0,0,0,0,1.2873,-0.000,0.000,-0.0000,-0.0000,-0.0000,4,1.2873,0.000
261,4.3500,0.0000,1.2373,-24.1250,0.0000,-0.0000,-15.0000,15.0000,0.000,0.000,-8.594,1,VEHICLE,0,-,0.0000,50,150,0,0.0800,0,0,0.000,0.000,0.000,0.0000,0.0000,0.0000,1,1.0000,0,0,0.0000,0,1.2873,0.0000,0.0000,0.0000,0.0000,0,80.00,0.0000,5.6285,-14.7501,0.0000,6.2373,-24.1250,80.00,-1,-1.00000,0.000,0.000,0.000,0.000,0.000,0.000,0,0.00,0,0,0,0,0,0,1.2873,-0.000,0.000,-0.0000,0.0000,-0.0000,4,1.2873,0.000
262,4.3667,0.0000,1.2373,-24.3750,0.0000,-0.0000,-15.0000,15.0000,0.000,0.000,-8.594,1,VEHICLE,0,-,0.0000,50,150,0,0.0800,0,0,0.000,0.000,0.000,0.0000,0.0000,0.0000,1,1.0000,0,0,0.0000,0,1.2873,0.0000,0.0000,0.0000,0.0000,0,80.00,0.0000,5.6285,-15.0001,0.0000,6.2373,-24.3750,80.00,-1,-1.00000,0.000,0.000,0.000,0.000,0.000,0.000,0,0.00,0,0,0,0,0,0,1.2873,-0.000,0.000,-0.0000,0.0000,-0.0000,4,1.2873,0.000
263,4.3833,0.0000,1.2373,-24.6250,0.0000,-0.0000,-15.0000,15.0000,0.000,0.000,-8.594,1,VEHICLE,0,-,0.0000,50,150,0,0.0800,0,0,0.000,0.000,0.000,0.0000,0.0000,0.0000,1,1.0000,0,0,0.0000,0,1.2873,0.0000,0.0000,0.0000,0.0000,0,80.00,0.0000,5.6285,-15.2501,0.0000,6.2373,-24.6250,80.00,-1,-1.00000,0.000,0.000,0.000,0.000,0.000,0.000,0,0.00,0,0,0,0,0,0,1.2873,-0.000,0.000,-0.0000,-0.0000,-0.0000,4,1.2873,0.000
264,4.4000,0.0000,1.2373,-24.8750,0.0000,-0.0000,-15.0000,15.0000,0.000,0.000,-8.594,1,VEHICLE,0,-,0.0000,50,150,0,0.0800,0,0,0.000,0.000,0.000,0.0000,0.0000,0.0000,1,1.0000,0,0,0.0000,0,1.2873,0.0000,0.0000,0.0000,0.0000,0,80.00,0.0000,5.6285,-15.5001,0.0000,6.2373,-24.8750,80.00,-1,-1.00000,0.000,0.000,0.000,0.000,0.000,0.000,0,0.00,0,0,0,0,0,0,1.2873,-0.000,0.000,0.0000,0.0000,-0.0000,4,1.2873,0.000
265,4.4167,0.0000,1.2373,-25.1250,0.0000,-0.0000,-15.0000,15.0000,0.000,0.000,-8.594,1,VEHICLE,0,-,0.0000,50,150,0,0.0800,0,0,0.000,0.000,0.000,0.0000,0.0000,0.0000,1,1.0000,0,0,0.0000,0,1.2873,0.0000,0.0000,0.0000,0.0000,0,80.00,0.0000,5.6285,-15.7501,0.0000,6.2373,-25.1250,80.00,-1,-1.00000,0.000,0.000,0.000,0.000,0.000,0.000,0,0.00,0,0,0,0,0,0,1.2873,-0.000,0.000,-0.0000,0.0000,-0.0000,4,1.2873,0.000
266,4.4333,0.0000,1.2373,-25.3750,0.0000,-0.0000,-15.0000,15.0000,0.000,0.000,-8.594,1,VEHICLE,0,-,0.0000,50,150,0,0.0800,0,0,0.000,0.000,0.000,0.0000,0.0000,0.0000,1,1.0000,0,0,0.0000,0,1.2873,0.0000,0.0000,0.0000,0.0000,0,80.00,0.0000,5.6285,-16.0001,0.0000,6.2373,-25.3750,80.00,-1,-1.00000,0.000,0.000,0.000,0.000,0.000,0.000,0,0.00,0,0,0,0,0,0,1.2873,-0.000,0.000,-0.0000,-0.0000,-0.0000,4,1.2873,0.000
267,4.4500,0.0000,1.2373,-25.6250,0.0000,-0.0000,-15.0000,15.0000,0.000,0.000,-8.594,1,VEHICLE,0,-,0.0000,50,150,0,0.0800,0,0,0.000,0.000,0.000,0.0000,0.0000,0.0000,1,1.0000,0,0,0.0000,0,1.2873,0.0000,0.0000,0.0000,0.0000,0,80.00,0.0000,5.6285,-16.2501,0.0000,6.2373,-25.6250,80.00,-1,-1.00000,0.000,0.000,0.000,0.000,0.000,0.000,0,0.00,0,0,0,0,0,0,1.2873,-0.000,0.000,-0.0000,0.0000,-0.0000,4,1.2873,0.000
268,4.4667,0.0000,1.2373,-25.8750,0.0000,-0.0000,-15.0000,15.0000,0.000,0.000,-8.594,1,VEHICLE,0,-,0.0000,50,150,0,0.0800,0,0,0.000,0.000,0.000,0.0000,0.0000,0.0000,1,1.0000,0,0,0.0000,0,1.2873,0.0000,0.0000,0.0000,0.0000,0,80.00,0.0000,5.6285,-16.5001,0.0000,6.2373,-25.8750,80.00,-1,-1.00000,0.000,0.000,0.000,0.000,0.000,0.000,0,0.00,0,0,0,0,0,0,1.2873,-0.000,0.000,-0.0000,0.0000,-0.0000,4,1.2873,0.000
269,4.4833,0.0000,1.2373,-26.1250,0.0000,-0.0000,-15.0000,15.0000,0.000,0.000,-8.594,1,VEHICLE,0,-,0.0000,50,150,0,0.0800,0,0,0.000,0.000,0.000,0.0000,0.0000,0.0000,1,1.0000,0,0,0.0000,0,1.2873,0.0000,0.0000,0.0000,0.0000,0,80.00,0.0000,5.6285,-16.7501,0.0000,6.2373,-26.1250,80.00,-1,-1.00000,0.000,0.000,0.000,0.000,0.000,0.000,0,0.00,0,0,0,0,0,0,1.2873,-0.000,0.000,-0.0000,-0.0000,-0.0000,4,1.2873,0.000
270,4.5000,0.0000,1.2373,-26.3750,0.0000,-0.0000,-15.0000,15.0000,0.000,0.000,-8.594,1,VEHICLE,0,-,0.0000,50,150,0,0.0800,0,0,0.000,0.000,0.000,0.0000,0.0000,0.0000,1,1.0000,0,0,0.0000,0,1.2873,0.0000,0.0000,0.0000,0.0000,0,80.00,0.0000,5.6285,-17.0001,0.0000,6.2373,-26.3750,80.00,-1,-1.00000,0.000,0.000,0.000,0.000,0.000,0.000,0,0.00,0,0,0,0,0,0,1.2873,-0.000,0.000,-0.0000,0.0000,-0.0000,4,1.2873,0.000
271,4.5167,0.0000,1.4373,-26.6250,0.0000,12.0000,-15.0000,15.0000,0.000,0.000,-8.594,1,VEHICLE,0,-,0.0000,50,150,0,0.0800,0,0,0.000,0.000,0.000,0.0000,0.0000,0.0000,1,1.0000,0,0,0.0000,0,1.2873,0.0000,0.0000,0.0000,0.0000,0,80.00,0.0000,5.8285,-17.2501,0.0000,6.4373,-26.6250,80.00,-1,-1.00000,0.000,0.000,0.000,0.000,0.000,0.000,0,0.00,0,0,0,0,0,0,1.4794,0.955,0.000,0.0000,-1.0000,-0.0000,4,1.2873,0.000
272,4.5333,0.0000,1.6318,-26.8717,0.0000,11.6733,-14.8021,14.8021,0.000,0.000,-8.594,1,VEHICLE,0,-,0.0000,50,150,0,0.0800,0,0,0.000,0.000,0.000,0.0000,0.0000,0.0000,1,1.0000,0,0,0.0000,0,1.4794,0.0000,0.0000,0.0000,0.0000,0,80.00,0.0000,6.0231,-17.4968,0.0000,6.6318,-26.8717,80.00,-1,-1.00000,0.000,0.000,0.000,0.000,0.000,0.000,0,0.00,0,0,0,0,0,0,1.6661,1.910,0.000,0.0000,-1.0000,-0.0000,4,1.4796,0.000
273,4.5500,0.0000,1.8209,-27.1154,0.0000,11.3438,-14.6193,14.6193,0.000,0.000,-8.594,1,VEHICLE,0,-,0.0000,50,150,0,0.0800,0,0,0.000,0.000,0.000,0.0000,0.0000,0.0000,1,1.0000,0,0,0.0000,0,1.6661,0.0000,0.0000,0.0000,0.0000,0,80.00,0.0000,6.2121,-17.7404,0.0000,6.8209,-27.1154,80.00,-1,-1.00000,0.000,0.000,0.000,0.000,0.000,0.000,0,0.00,0,0,0,0,0,0,1.8473,2.865,0.000,0.0000,-1.0000,-0.0000,4,1.6670,0.000
274,4.5667,0.0000,2.0044,-27.3562,0.0000,11.0120,-14.4515,14.4515,0.000,0.000,-8.594,1,VEHICLE,0,-,0.0000,50,150,0,0.0800,0,0,0.000,0.000,0.000,0.0000,0.0000,0.0000,1,1.0000,0,0,0.0000,0,1.8473,0.0000,0.0000,0.0000,0.0000,0,80.00,0.0000,6.3957,-17.9813,0.0000,7.0044,-27.3562,80.00,-1,-1.00000,0.000,0.000,0.000,0.000,0.000,0.000,0,0.00,0,0,0,0,0,0,2.0230,3.820,-0.000,0.0000,-1.0000,-0.0000,4,1.8496,0.000
275,4.5833,0.0000,2.1824,-27.5945,-0.0000,10.6784,-14.2989,14.2989,0.000,0.000,-8.594,1,VEHICLE,0,-,0.0000,50,150,0,0.0800,0,0,0.000,0.000,0.000,0.0000,0.0000,0.0000,1,1.0000,0,0,0.0000,0,2.0230,0.0000,0.0000,0.0000,0.0000,0,80.00,0.0000,6.5736,-18.2196,0.0000,7.1824,-27.5945,80.00,-1,-1.00000,0.000,0.000,0.000,0.000,0.000,0.000,0,0.00,0,0,0,0,0,0,2.1931,4.775,-0.000,0.0000,-1.0000,-0.0000,4,2.0275,0.000
276,4.6000,0.0000,2.3548,-27.8305,-0.0000,10.3435,-14.1613,14.1613,0.000,0.000,-8.594,1,VEHICLE,0,-,0.0000,50,150,0,0.0800,0,0,0.000,0.000,0.000,0.0000,0.0000,0.0000,1,1.0000,0,0,0.0000,0,2.1931,0.0000,0.0000,0.0000,0.0000,0,80.00,0.0000,6.7460,-18.4556,0.0000,7.3548,-27.8305,80.00,-1,-1.00000,0.000,0.000,0.000,0.000,0.000,0.000,0,0.00,0,0,0,0,0,0,2.3576,5.730,-0.000,0.0000,-1.0000,-0.0000,4,2.2007,0.000
277,4.6167,0.0000,2.5216,-28.0645,-0.0000,10.0078,-14.0387,14.0387,0.000,0.000,-8.594,1,VEHICLE,0,-,0.0000,50,150,0,0.0800,0,0,0.000,0.000,0.000,0.0000,0.0000,0.0000,1,1.0000,0,0,0.0000,0,2.3576,0.0000,0.0000,0.0000,0.0000,0,80.00,0.0000,6.9128,-18.6896,0.0000,7.5216,-28.0645,80.00,-1,-1.00000,0.000,0.000,0.000,0.000,0.000,0.000,0,0.00,0,0,0,0,0,0,2.5165,6.685,-0.000,0.0000,-1.0000,-0.0000,2,2.3691,0.000
278,4.6333,0.0000,2.6828,-28.2967,-0.0000,9.6718,-13.9312,13.9312,0.000,0.000,-8.594,1,VEHICLE,0,-,0.0000,50,150,0,0.0800,0,0,0.000,0.000,0.000,0.0000,0.0000,0.0000,1,1.0000,0,0,0.0000,0,2.5165,0.0000,0.0000,0.0000,0.0000,0,80.00,0.0000,7.0740,-18.9218,0.0000,7.6828,-28.2967,80.00,-1,-1.00000,0.000,0.000,0.000,0.000,0.000,0.000,0,0.00,0,0,0,0,0,0,2.6698,7.639,-0.000,0.0000,-1.0000,-0.0000,2,2.4402,0.000
279,4.6500,0.0000,2.8384,-28.5274,-0.0000,9.3360,-13.8387,13.8387,0.000,0.000,-8.594,0,VEHICLE,0,-,0.0000,50,150,0,0.0800,0,0,0.000,0.000,0.000,0.0000,0.0000,0.0000,1,1.0000,0,0,0.0000,0,2.6698,0.0000,0.0000,0.0000,0.0000,0,80.00,0.0000,7.2296,-19.1524,0.0000,7.8384,-28.5274,80.00,-1,-1.00000,0.000,0.000,0.000,0.000,0.000,0.000,0,0.00,0,0,0,0,0,0,2.8270,7.446,-0.000,-0.0000,0.2026,-0.0000,0,2.5000,0.000
280,4.6667,0.0000,2.9887,-28.7591,-0.0000,9.0214,-13.9063,13.9063,0.000,0.000,-8.594,0,VEHICLE,0,-,0.0000,50,150,0,0.0800,0,0,0.000,0.000,0.000,0.0000,0.0000,0.0000,1,1.0000,0,0,0.0000,0,2.8270,0.0000,0.0000,0.0000,0.0000,0,80.00,0.0000,7.3800,-19.3842,0.0000,7.9887,-28.7591,80.00,-1,-1.00000,0.000,0.000,0.000,0.000,0.000,0.000,0,0.00,0,0,0,0,0,0,2.9789,7.257,-0.000,-0.0000,0.1974,-0.0000,0,2.5000,0.000
281,4.6833,0.0000,3.1338,-28.9920,-0.0000,8.7063,-13.9712,13.9712,0.000,0.000,-8.594,0,VEHICLE,0,-,0.0000,50,150,0,0.0800,0,0,0.000,0.000,0.000,0.0000,0.0000,0.0000,1,1.0000,0,0,0.0000,0,2.9789,0.0000,0.0000,0.0000,0.0000,0,80.00,0.0000,7.5251,-19.6170,0.0000,8.1338,-28.9920,80.00,-1,-1.00000,0.000,0.000,0.000,0.000,0.000,0.000,0,0.00,0,0,0,0,0,0,3.1256,7.074,-0.000,-0.0000,0.1924,-0.0000,0,2.5000,0.000
282,4.7000,0.0000,3.2737,-29.2259,-0.0000,8.3907,-14.0337,14.0337,0.000,0.000,-8.594,0,VEHICLE,0,-,0.0000,50,150,0,0.0800,0,0,0.000,0.000,0.000,0.0000,0.0000,0.0000,1,1.0000,0,0,0.0000,0,3.1256,0.0000,0.0000,0.0000,0.0000,0,80.00,0.0000,7.6649,-19.8509,0.0000,8.2737,-29.2259,80.00,-1,-1.00000,0.000,0.000,0.000,0.000,0.000,0.000,0,0.00,0,0,0,0,0,0,3.2669,6.895,-0.000,-0.0000,0.1876,-0.0000,0,2.5000,0.000
283,4.7167,0.0000,3.4082,-29.4608,-0.0000,8.0745,-14.0938,14.0938,0.000,0.000,-8.594,0,VEHICLE,0,-,0.0000,50,150,0,0.0800,0,0,0.000,0.000,0.000,0.0000,0.0000,0.0000,1,1.0000,0,0,0.0000,0,3.2669,0.0000,0.0000,0.0000,0.0000,0,80.00,0.0000,7.7995,-20.0858,0.0000,8.4082,-29.4608,80.00,-1,-1.00000,0.000,0.000,0.000,0.000,0.000,0.000,0,0.00,0,0,0,0,0,0,3.4029,6.720,-0.000,-0.0000,0.1828,-0.0000,0,2.5000,0.000
284,4.7333,0.0000,3.5375,-29.6966,-0.0000,7.7579,-14.1516,14.1516,0.000,0.000,-8.594,0,VEHICLE,0,-,0.0000,50,150,0,0.0800,0,0,0.000,0.000,0.000,0.0000,0.0000,0.0000,1,1.0000,0,0,0.0000,0,3.4029,0.0000,0.0000,0.0000,0.0000,0,80.00,0.0000,7.9288,-20.3217,0.0000,8.5375,-29.6966,80.00,-1,-1.00000,0.000,0.000,0.000,0.000,0.000,0.000,0,0.00,0,0,0,0,0,0,3.5336,6.550,-0.000,-0.0000,0.1782,-0.0000,0,2.5000,0.000
285,4.7500,0.0000,3.6616,-29.9334,-0.0000,7.4409,-14.2071,14.2071,0.000,0.000,-8.594,0,VEHICLE,0,-,0.0000,50,150,0,0.0800,0,0,0.000,0.000,0.000,0.0000,0.0000,0.0000,1,1.0000,0,0,0.0000,0,3.5336,0.0000,0.0000,0.0000,0.0000,0,80.00,0.0000,8.0528,-20.5585,0.0000,8.6616,-29.9334,80.00,-1,-1.00000,0.000,0.000,0.000,0.000,0.000,0.000,0,0.00,0,0,0,0,0,0,3.6590,6.384,-0.000,-0.0000,0.1737,-0.0000,0,2.5000,0.000
286,4.7667,0.0000,3.7803,-30.1711,-0.0000,7.1235,-14.2604,14.2604,0.000,0.000,-8.594,0,VEHICLE,0,-,0.0000,50,150,0,0.0800,0,0,0.000,0.000,0.000,0.0000,0.0000,0.0000,1,1.0000,0,0,0.0000,0,3.6590,0.0000,0.0000,0.0000,0.0000,0,80.00,0.0000,8.1715,-20.7961,0.0000,8.7803,-30.1711,80.00,-1,-1.00000,0.000,0.000,0.000,0.000,0.000,0.000,0,0.00,0,0,0,0,0,0,3.7790,6.222,-0.000,-0.0000,0.1693,-0.0000,0,2.5000,0.000
287,4.7833,0.0000,3.8937,-30.4096,-0.0000,6.8057,-14.3116,14.3116,0.000,0.000,-8.594,0,VEHICLE,0,-,0.0000,50,150,0,0.0800,0,0,0.000,0.000,0.000,0.0000,0.0000,0.0000,1,1.0000,0,0,0.0000,0,3.7790,0.0000,0.0000,0.0000,0.0000,0,80.00,0.0000,8.2850,-21.0347,0.0000,8.8937,-30.4096,80.00,-1,-1.00000,0.000,0.000,0.000,0.000,0.000,0.000,0,0.00,0,0,0,0,0,0,3.8938,6.065,-0.000,-0.0000,0.1650,-0.0000,0,2.5000,0.000
288,4.8000,0.0000,4.0018,-30.6490,-0.0000,6.4875,-14.3608,14.3608,0.000,0.000,-8.594,0,VEHICLE,0,-,0.0000,50,150,0,0.0800,0,0,0.000,0.000,0.000,0.0000,0.0000,0.0000,1,1.0000,0,0,0.0000,0,3.8938,0.0000,0.0000,0.0000,0.0000,0,80.00,0.0000,8.3931,-21.2740,0.0000,9.0018,-30.6490,80.00,-1,-1.00000,0.000,0.000,0.000,0.000,0.000,0.000,0,0.00,0,0,0,0,0,0,4.0032,5.911,-0.000,-0.0000,0.1608,-0.0000,0,2.5000,0.000
289,4.8167,0.0000,4.1047,-30.8891,-0.0000,6.1690,-14.4080,14.4080,0.000,0.000,-8.594,0,VEHICLE,0,-,0.0000,50,150,0,0.0800,0,0,0.000,0.000,0.000,0.0000,0.0000,0.0000,1,1.0000,0,0,0.0000,0,4.0032,0.0000,0.0000,0.0000,0.0000,0,80.00,0.0000,8.4959,-21.5142,0.0000,9.1047,-30.8891,80.00,-1,-1.00000,0.000,0.000,0.000,0.000,0.000,0.000,0,0.00,0,0,0,0,0,0,4.1072,5.762,-0.000,-0.0000,0.1567,-0.0000,0,2.5000,0.000
290,4.8333,0.0000,4.2022,-31.1300,-0.0000,5.8501,-14.4533,14.4533,0.000,0.000,-8.594,0,VEHICLE,0,-,0.0000,50,150,0,0.0800,0,0,0.000,0.000,0.000,0.0000,0.0000,0.0000,1,1.0000,0,0,0.0000,0,4.1072,0.0000,0.0000,0.0000,0.0000,0,80.00,0.0000,8.5934,-21.7550,0.0000,9.2022,-31.1300,80.00,-1,-1.00000,0.000,0.000,0.000,0.000,0.000,0.000,0,0.00,0,0,0,0,0,0,4.2059,5.616,-0.000,-0.0000,0.1528,-0.0000,0,2.5000,0.000
291,4.8500,0.0000,4.2943,-31.3716,-0.0000,5.5310,-14.4967,14.4967,0.000,0.000,-8.594,0,VEHICLE,0,-,0.0000,50,150,0,0.0800,0,0,0.000,0.000,0.000,0.0000,0.0000,0.0000,1,1.0000,0,0,0.0000,0,4.2059,0.0000,0.0000,0.0000,0.0000,0,80.00,0.0000,8.6856,-21.9966,0.0000,9.2943,-31.3716,80.00,-1,-1.00000,0.000,0.000,0.000,0.000,0.000,0.000,0,0.00,0,0,0,0,0,0,4.2993,5.473,-0.000,-0.0000,0.1489,-0.0000,0,2.5000,0.000
292,4.8667,0.0000,4.3812,-31.6139,-0.0000,5.2116,-14.5383,14.5383,0.000,0.000,-8.594,0,VEHICLE,0,-,0.0000,50,150,0,0.0800,0,0,0.000,0.000,0.000,0.0000,0.0000,0.0000,1,1.0000,0,0,0.0000,0,4.2993,0.0000,0.0000,0.0000,0.0000,0,80.00,0.0000,8.7725,-22.2390,0.0000,9.3812,-31.6139,80.00,-1,-1.00000,0.000,0.000,0.000,0.000,0.000,0.000,0,0.00,0,0,0,0,0,0,4.3873,5.335,-0.000,-0.0000,0.1451,-0.0000,0,2.5000,0.000
293,4.8833,0.0000,4.4627,-31.8569,-0.0000,4.8919,-14.5782,14.5782,0.000,0.000,-8.594,0,VEHICLE,0,-,0.0000,50,150,0,0.0800,0,0,0.000,0.000,0.000,0.0000,0.0000,0.0000,1,1.0000,0,0,0.0000,0,4.3873,0.0000,0.0000,0.0000,0.0000,0,80.00,0.0000,8.8540,-22.4819,0.0000,9.4627,-31.8569,80.00,-1,-1.00000,0.000,0.000,0.000,0.000,0.000,0.000,0,0.00,0,0,0,0,0,0,4.4699,5.200,-0.000,-0.0000,0.1415,-0.0000,0,2.5000,0.000
294,4.9000,0.0000,4.5389,-32.1005,-0.0000,4.5720,-14.6165,14.6165,0.000,0.000,-8.594,0,VEHICLE,0,-,0.0000,50,150,0,0.0800,0,0,0.000,0.000,0.000,0.0000,0.0000,0.0000,1,1.0000,0,0,0.0000,0,4.4699,0.0000,0.0000,0.0000,0.0000,0,80.00,0.0000,8.9302,-22.7255,0.0000,9.5389,-32.1005,80.00,-1,-1.00000,0.000,0.000,0.000,0.000,0.000,0.000,0,0.00,0,0,0,0,0,0,4.5472,5.068,-0.000,-0.0000,0.1379,-0.0000,0,2.5000,0.000
295,4.9167,0.0000,4.6098,-32.3447,-0.0000,4.2519,-14.6531,14.6531,0.000,0.000,-8.594,0,VEHICLE,0,-,0.0000,50,150,0,0.0800,0,0,0.000,0.000,0.000,0.0000,0.0000,0.0000,1,1.0000,0,0,0.0000,0,4.5472,0.0000,0.0000,0.0000,0.0000,0,80.00,0.0000,9.0011,-22.9698,0.0000,9.6098,-32.3447,80.00,-1,-1.00000,0.000,0.000,0.000,0.000,0.000,0.000,0,0.00,0,0,0,0,0,0,4.6191,4.940,-0.000,-0.0000,0.1344,-0.0000,0,2.5000,0.000
296,4.9333,0.0000,4.6753,-32.5895,-0.0000,3.9315,-14.6882,14.6882,0.000,0.000,-8.594,0,VEHICLE,0,-,0.0000,50,150,0,0.0800,0,0,0.000,0.000,0.000,0.0000,0.0000,0.0000,1,1.0000,0,0,0.0000,0,4.6191,0.0000,0.0000,0.0000,0.0000,0,80.00,0.0000,9.0666,-23.2146,0.0000,9.6753,-32.5895,80.00,-1,-1.00000,0.000,0.000,0.000,0.000,0.000,0.000,0,0.00,0,0,0,0,0,0,4.6857,4.815,-0.000,-0.0000,0.1310,-0.0000,0,2.5000,0.000
297,4.9500,0.0000,4.7355,-32.8349,-0.0000,3.6109,-14.7217,14.7217,0.000,0.000,-8.594,0,VEHICLE,0,-,0.0000,50,150,0,0.0800,0,0,0.000,0.000,0.000,0.0000,0.0000,0.0000,1,1.0000,0,0,0.0000,0,4.6857,0.0000,0.0000,0.0000,0.0000,0,80.00,0.0000,9.1268,-23.4599,0.0000,9.7355,-32.8349,80.00,-1,-1.00000,0.000,0.000,0.000,0.000,0.000,0.000,0,0.00,0,0,0,0,0,0,4.7469,4.693,-0.000,-0.0000,0.1277,-0.0000,0,2.5000,0.000
298,4.9667,0.0000,4.7903,-33.0808,-0.0000,3.2902,-14.7538,14.7538,0.000,0.000,-8.594,0,VEHICLE,0,-,0.0000,50,150,0,0.0800,0,0,0.000,0.000,0.000,0.0000,0.0000,0.0000,1,1.0000,0,0,0.0000,0,4.7469,0.0000,0.0000,0.0000,0.0000,0,80.00,0.0000,9.1816,-23.7058,0.0000,9.7903,-33.0808,80.00,-1,-1.00000,0.000,0.000,0.000,0.000,0.000,0.000,0,0.00,0,0,0,0,0,0,4.8027,4.574,-0.000,-0.0000,0.1244,-0.0000,0,2.5000,0.000
299,4.9833,0.0000,4.8398,-33.3272,-0.0000,2.9692,-14.7845,14.7845,0.000,0.000,-8.594,0,VEHICLE,0,-,0.0000,50,150,0,0.0800,0,0,0.000,0.000,0.000,0.0000,0.0000,0.0000,1,1.0000,0,0,0.0000,0,4.8027,0.0000,0.0000,0.0000,0.0000,0,80.00,0.0000,9.2311,-23.9522,0.0000,9.8398,-33.3272,80.00,-1,-1.00000,0.000,0.000,0.000,0.000,0.000,0.000,0,0.00,0,0,0,0,0,0,4.8531,4.458,-0.000,-0.0000,0.1213,-0.0000,0,2.5000,0.000
300,5.0000,0.0000,4.8840,-33.5741,-0.0000,2.6481,-14.8138,14.8138,0.000,0.000,-8.594,0,VEHICLE,0,-,0.0000,50,150,0,0.0800,0,0,0.000,0.000,0.000,0.0000,0.0000,0.0000,1,1.0000,0,0,0.0000,0,4.8531,0.0000,0.0000,0.0000,0.0000,0,80.00,0.0000,9.2752,-24.1991,0.0000,9.8840,-33.5741,80.00,-1,-1.00000,0.000,0.000,0.000,0.000,0.000,0.000,0,0.00,0,0,0,0,0,0,4.8982,4.345,-0.000,-0.0000,0.1182,-0.0000,0,2.5000,0.000
301,5.0167,0.0000,4.9227,-33.8214,-0.0000,2.3268,-14.8419,14.8419,0.000,0.000,-8.594,0,VEHICLE,0,-,0.0000,50,150,0,0.0800,0,0,0.000,0.000,0.000,0.0000,0.0000,0.0000,1,1.0000,0,0,0.0000,0,4.8982,0.0000,0.0000,0.0000,0.0000,0,80.00,0.0000,9.3140,-24.4465,0.0000,9.9227,-33.8214,80.00,-1,-1.00000,0.000,0.000,0.000,0.000,0.000,0.000,0,0.00,0,0,0,0,0,0,4.9379,4.235,-0.000,-0.0000,0.1152,-0.0000,0,2.5000,0.000
302,5.0333,0.0000,4.9562,-34.0692,-0.0000,2.0054,-14.8686,14.8686,0.000,0.000,-8.594,0,VEHICLE,0,-,0.0000,50,150,0,0.0800,0,0,0.000,0.000,0.000,0.0000,0.0000,0.0000,1,1.0000,0,0,0.0000,0,4.9379,0.0000,0.0000,0.0000,0.0000,0,80.00,0.0000,9.3474,-24.6943,0.0000,9.9562,-34.0692,80.00,-1,-1.00000,0.000,0.000,0.000,0.000,0.000,0.000,0,0.00,0,0,0,0,0,0,4.9722,4.128,-0.000,-0.0000,0.1123,-0.0000,0,2.5000,0.000
303,5.0500,0.0000,4.9842,-34.3175,-0.0000,1.6839,-14.8941,14.8941,0.000,0.000,-8.594,0,VEHICLE,0,-,0.0000,50,150,0,0.0800,0,0,0.000,0.000,0.000,0.0000,0.0000,0.0000,1,1.0000,0,0,0.0000,0,4.9722,0.0000,0.0000,0.0000,0.0000,0,80.00,0.0000,9.3755,-24.9425,0.0000,9.9842,-34.3175,80.00,-1,-1.00000,0.000,0.000,0.000,0.000,0.000,0.000,0,0.00,0,0,0,0,0,0,5.0011,4.024,-0.000,-0.0000,0.1095,-0.0000,0,2.5000,0.000
304,5.0667,0.0000,5.0069,-34.5661,-0.0000,1.3622,-14.9185,14.9185,0.000,0.000,-8.594,0,VEHICLE,0,-,0.0000,50,150,0,0.0800,0,0,0.000,0.000,0.000,0.0000,0.0000,0.0000,1,1.0000,0,0,0.0000,0,5.0011,0.0000,0.0000,0.0000,0.0000,0,80.00,0.0000,9.3982,-25.1912,0.0000,10.0069,-34.5661,80.00,-1,-1.00000,0.000,0.000,0.000,0.000,0.000,0.000,0,0.00,0,0,0,0,0,0,5.0247,3.922,-0.000,-0.0000,0.1067,-0.0000,0,2.5000,0.000
305,5.0833,0.0000,5.0243,-34.8152,-0.0000,1.0404,-14.9417,14.9417,0.000,0.000,-8.594,0,VEHICLE,0,-,0.0000,50,150,0,0.0800,0,0,0.000,0.000,0.000,0.0000,0.0000,0.0000,1,1.0000,0,0,0.0000,0,5.0247,0.0000,0.0000,0.0000,0.0000,0,80.00,0.0000,9.4155,-25.4402,0.0000,10.0243,-34.8152,80.00,-1,-1.00000,0.000,0.000,0.000,0.000,0.000,0.000,0,0.00,0,0,0,0,0,0,5.0428,3.822,-0.000,-0.0000,0.1040,-0.0000,0,2.5000,0.000
306,5.1000,0.0000,5.0362,-35.0645,-0.0000,0.7184,-14.9638,14.9638,0.000,0.000,-8.594,0,VEHICLE,0,-,0.0000,50,150,0,0.0800,0,0,0.000,0.000,0.000,0.0000,0.0000,0.0000,1,1.0000,0,0,0.0000,0,5.0428,0.0000,0.0000,0.0000,0.0000,0,80.00,0.0000,9.4275,-25.6896,0.0000,10.0362,-35.0645,80.00,-1,-1.00000,0.000,0.000,0.000,0.000,0.000,0.000,0,0.00,0,0,0,0,0,0,5.0556,3.726,-0.000,-0.0000,0.1014,-0.0000,0,2.5000,0.000
307,5.1167,0.0000,5.0429,-35.3143,0.0000,0.3964,-14.9849,14.9849,0.000,0.000,-8.594,0,VEHICLE,0,-,0.0000,50,150,0,0.0800,0,0,0.000,0.000,0.000,0.0000,0.0000,0.0000,1,1.0000,0,0,0.0000,0,5.0556,0.0000,0.0000,0.0000,0.0000,0,80.00,0.0000,9.4341,-25.9393,0.0000,10.0429,-35.3143,80.00,-1,-1.00000,0.000,0.000,0.000,0.000,0.000,0.000,0,0.00,0,0,0,0,0,0,5.0630,3.631,-0.000,-0.0000,0.0988,-0.0000,0,2.5000,0.000
308,5.1333,0.0000,5.0441,-35.5644,0.0000,0.0743,-15.0049,15.0049,0.000,0.000,-8.594,0,VEHICLE,0,-,0.0000,50,150,0,0.0800,0,0,0.000,0.000,0.000,0.0000,0.0000,0.0000,1,1.0000,0,0,0.0000,0,5.0630,0.0000,0.0000,0.0000,0.0000,0,80.00,0.0000,9.4354,-26.1894,0.0000,10.0441,-35.5644,80.00,-1,-1.00000,0.000,0.000,0.000,0.000,0.000,0.000,0,0.00,0,0,0,0,0,0,5.0650,3.539,-0.000,-0.0000,0.0963,-0.0000,0,2.5000,0.000
309,5.1500,0.0000,5.0400,-35.8148,0.0000,-0.2479,-15.0240,15.0240,0.000,0.000,-8.594,0,VEHICLE,0,-,0.0000,50,150,0,0.0800,0,0,0.000,0.000,0.000,0.0000,0.0000,0.0000,1,1.0000,0,0,0.0000,0,5.0650,0.0000,0.0000,0.0000,0.0000,0,80.00,0.0000,9.4312,-26.4398,0.0000,10.0400,-35.8148,80.00,-1,-1.00000,0.000,0.000,0.000,0.000,0.000,0.000,0,0.00,0,0,0,0,0,0,5.0616,3.450,-0.000,-0.0000,0.0938,-0.0000,0,2.5000,0.000
310,5.1667,0.0000,5.0305,-36.0655,0.0000,-0.5703,-15.0421,15.0421,0.000,0.000,-8.594,0,VEHICLE,0,-,0.0000,50,150,0,0.0800,0,0,0.000,0.000,0.000,0.0000,0.0000,0.0000,1,1.0000,0,0,0.0000,0,5.0616,0.0000,0.0000,0.0000,0.0000,0,80.00,0.0000,9.4217,-26.6905,0.0000,10.0305,-36.0655,80.00,-1,-1.00000,0.000,0.000,0.000,0.000,0.000,0.000,0,0.00,0,0,0,0,0,0,5.0528,3.362,-0.000,-0.0000,0.0915,-0.0000,0,2.5000,0.000
311,5.1833,0.0000,5.0156,-36.3165,0.0000,-0.8926,-15.0593,15.0593,0.000,0.000,-8.594,0,VEHICLE,0,-,0.0000,50,150,0,0.0800,0,0,0.000,0.000,0.000,0.0000,0.0000,0.0000,1,1.0000,0,0,0.0000,0,5.0528,0.0000,0.0000,0.0000,0.0000,0,80.00,0.0000,9.4068,-26.9415,0.0000,10.0156,-36.3165,80.00,-1,-1.00000,0.000,0.000,0.000,0.000,0.000,0.000,0,0.00,0,0,0,0,0,0,5.0386,3.277,-0.000,-0.0000,0.0892,-0.0000,0,2.5000,0.000
312,5.2000,0.0000,4.9953,-36.5677,0.0000,-1.2151,-15.0756,15.0756,0.000,0.000,-8.594,0,VEHICLE,0,-,0.0000,50,150,0,0.0800,0,0,0.000,0.000,0.000,0.0000,0.0000,0.0000,1,1.0000,0,0,0.0000,0,5.0386,0.0000,0.0000,0.0000,0.0000,0,80.00,0.0000,9.3866,-27.1928,0.0000,9.9953,-36.5677,80.00,-1,-1.00000,0.000,0.000,0.000,0.000,0.000,0.000,0,0.00,0,0,0,0,0,0,5.0191,3.194,-0.000,-0.0000,0.0869,-0.0000,0,2.5000,0.000
313,5.2167,0.0000,4.9697,-36.8192,0.0000,-1.5376,-15.0911,15.0911,0.000,0.000,-8.594,0,VEHICLE,0,-,0.0000,50,150,0,0.0800,0,0,0.000,0.000,0.000,0.0000,0.0000,0.0000,1,1.0000,0,0,0.0000,0,5.0191,0.0000,0.0000,0.0000,0.0000,0,80.00,0.0000,9.3610,-27.4443,0.0000,9.9697,-36.8192,80.00,-1,-1.00000,0.000,0.000,0.000,0.000,0.000,0.000,0,0.00,0,0,0,0,0,0,4.9941,3.113,-0.000,-0.0000,0.0847,-0.0000,0,2.5000,0.000
314,5.2333,0.0000,4.9387,-37.0710,0.0000,-1.8602,-15.1058,15.1058,0.000,0.000,-8.594,0,VEHICLE,0,-,0.0000,50,150,0,0.0800,0,0,0.000,0.000,0.000,0.0000,0.0000,0.0000,1,1.0000,0,0,0.0000,0,4.9941,0.0000,0.0000,0.0000,0.0000,0,80.00,0.0000,9.3300,-27.6961,0.0000,9.9387,-37.0710,80.00,-1,-1.00000,0.000,0.000,0.000,0.000,0.000,0.000,0,0.00,0,0,0,0,0,0,4.9637,3.034,-0.000,-0.0000,0.0826,-0.0000,0,2.5000,0.000
315,5.2500,0.0000,4.9023,-37.3230,0.0000,-2.1829,-15.1196,15.1196,0.000,0.000,-8.594,0,VEHICLE,0,-,0.0000,50,150,0,0.0800,0,0,0.000,0.000,0.000,0.0000,0.0000,0.0000,1,1.0000,0,0,0.0000,0,4.9637,0.0000,0.0000,0.0000,0.0000,0,80.00,0.0000,9.2936,-27.9481,0.0000,9.9023,-37.3230,80.00,-1,-1.00000,0.000,0.000,0.000,0.000,0.000,0.000,0,0.00,0,0,0,0,0,0,4.9280,2.958,-0.000,-0.0000,0.0805,-0.0000,0,2.5000,0.000
316,5.2667,0.0000,4.8606,-37.5752,0.0000,-2.5056,-15.1328,15.1328,0.000,0.000,-8.594,0,VEHICLE,0,-,0.0000,50,150,0,0.0800,0,0,0.000,0.000,0.000,0.0000,0.0000,0.0000,1,1.0000,0,0,0.0000,0,4.9280,0.0000,0.0000,0.0000,0.0000,0,80.00,0.0000,9.2518,-28.2003,0.0000,9.8606,-37.5752,80.00,-1,-1.00000,0.000,0.000,0.000,0.000,0.000,0.000,0,0.00,0,0,0,0,0,0,4.8869,2.883,-0.000,-0.0000,0.0784,-0.0000,0,2.5000,0.000
317,5.2833,0.0000,4.8134,-37.8276,0.0000,-2.8284,-15.1451,15.1451,0.000,0.000,-8.594,0,VEHICLE,0,-,0.0000,50,150,0,0.0800,0,0,0.000,0.000,0.000,0.0000,0.0000,0.0000,1,1.0000,0,0,0.0000,0,4.8869,0.0000,0.0000,0.0000,0.0000,0,80.00,0.0000,9.2047,-28.4527,0.0000,9.8134,-37.8276,80.00,-1,-1.00000,0.000,0.000,0.000,0.000,0.000,0.000,0,0.00,0,0,0,0,0,0,4.8403,2.810,-0.000,-0.0000,0.0764,-0.0000,0,2.5000,0.000
318,5.3000,0.0000,4.7609,-38.0802,0.0000,-3.1512,-15.1568,15.1568,0.000,0.000,-8.594,0,VEHICLE,0,-,0.0000,50,150,0,0.0800,0,0,0.000,0.000,0.000,0.0000,0.0000,0.0000,1,1.0000,0,0,0.0000,0,4.8403,0.0000,0.0000,0.0000,0.0000,0,80.00,0.0000,9.1522,-28.7053,0.0000,9.7609,-38.0802,80.00,-1,-1.00000,0.000,0.000,0.000,0.000,0.000,0.000,0,0.00,0,0,0,0,0,0,4.7884,2.739,-0.000,-0.0000,0.0745,-0.0000,0,2.5000,0.000
319,5.3167,0.0000,4.7030,-38.3330,0.0000,-3.4741,-15.1679,15.1679,0.000,0.000,-8.594,0,VEHICLE,0,-,0.0000,50,150,0,0.0800,0,0,0.000,0.000,0.000,0.0000,0.0000,0.0000,1,1.0000,0,0,0.0000,0,4.7884,0.0000,0.0000,0.0000,0.0000,0,80.00,0.0000,9.0943,-28.9581,0.0000,9.7030,-38.3330,80.00,-1,-1.00000,0.000,0.000,0.000,0.000,0.000,0.000,0,0.00,0,0,0,0,0,0,4.7310,2.669,-0.000,-0.0000,0.0726,-0.0000,0,2.5000,0.000
320,5.3333,0.0000,4.6397,-38.5860,0.0000,-3.7970,-15.1782,15.1782,0.000,0.000,-8.594,0,VEHICLE,0,-,0.0000,50,150,0,0.0800,0,0,0.000,0.000,0.000,0.0000,0.0000,0.0000,1,1.0000,0,0,0.0000,0,4.7310,0.0000,0.0000,0.0000,0.0000,0,80.00,0.0000,9.0310,-29.2111,0.0000,9.6397,-38.5860,80.00,-1,-1.00000,0.000,0.000,0.000,0.000,0.000,0.000,0,0.00,0,0,0,0,0,0,4.6683,2.602,-0.000,-0.0000,0.0708,-0.0000,0,2.5000,0.000
321,5.3500,0.0000,4.5710,-38.8391,0.0000,-4.1200,-15.1880,15.1880,0.000,0.000,-8.594,0,VEHICLE,0,-,0.0000,50,150,0,0.0800,0,0,0.000,0.000,0.000,0.0000,0.0000,0.0000,1,1.0000,0,0,0.0000,0,4.6683,0.0000,0.0000,0.0000,0.0000,0,80.00,0.0000,8.9623,-29.4642,0.0000,9.5710,-38.8391,80.00,-1,-1.00000,0.000,0.000,0.000,0.000,0.000,0.000,0,0.00,0,0,0,0,0,0,4.6002,2.536,-0.000,-0.0000,0.0690,-0.0000,0,2.5000,0.000
322,5.3667,0.0000,4.4970,-39.0924,0.0000,-4.4430,-15.1971,15.1971,0.000,0.000,-8.594,0,VEHICLE,0,-,0.0000,50,150,0,0.0800,0,0,0.000,0.000,0.000,0.0000,0.0000,0.0000,1,1.0000,0,0,0.0000,0,4.6002,0.0000,0.0000,0.0000,0.0000,0,80.00,0.0000,8.8883,-29.7175,0.0000,9.4970,-39.0924,80.00,-1,-1.00000,0.000,0.000,0.000,0.000,0.000,0.000,0,0.00,0,0,0,0,0,0,4.5267,2.472,-0.000,-0.0000,0.0672,-0.0000,0,2.5000,0.000
323,5.3833,0.0000,4.4176,-39.3459,0.0000,-4.7660,-15.2057,15.2057,0.000,0.000,-8.594,0,VEHICLE,0,-,0.0000,50,150,0,0.0800,0,0,0.000,0.000,0.000,0.0000,0.0000,0.0000,1,1.0000,0,0,0.0000,0,4.5267,0.0000,0.0000,0.0000,0.0000,0,80.00,0.0000,8.8088,-29.9709,0.0000,9.4176,-39.3459,80.00,-1,-1.00000,0.000,0.000,0.000,0.000,0.000,0.000,0,0.00,0,0,0,0,0,0,4.4478,2.409,-0.000,-0.0000,0.0655,-0.0000,0,2.5000,0.000
324,5.4000,0.0000,4.3327,-39.5994,0.0000,-5.0891,-15.2138,15.2138,0.000,0.000,-8.594,0,VEHICLE,0,-,0.0000,50,150,0,0.0800,0,0,0.000,0.000,0.000,0.0000,0.0000,0.0000,1,1.0000,0,0,0.0000,0,4.4478,0.0000,0.0000,0.0000,0.0000,0,80.00,0.0000,8.7240,-30.2245,0.0000,9.3327,-39.5994,80.00,-1,-1.00000,0.000,0.000,0.000,0.000,0.000,0.000,0,0.00,0,0,0,0,0,0,4.3634,2.348,-0.000,-0.0000,0.0639,-0.0000,0,2.5000,0.000
325,5.4167,0.0000,4.2425,-39.8531,0.0000,-5.4122,-15.2213,15.2213,0.000,0.000,-8.594,0,VEHICLE,0,-,0.0000,50,150,0,0.0800,0,0,0.000,0.000,0.000,0.0000,0.0000,0.0000,1,1.0000,0,0,0.0000,0,4.3634,0.0000,0.0000,0.0000,0.0000,0,80.00,0.0000,8.6338,-30.4782,0.0000,9.2425,-39.8531,80.00,-1,-1.00000,0.000,0.000,0.000,0.000,0.000,0.000,0,0.00,0,0,0,0,0,0,4.2737,2.289,-0.000,-0.0000,0.0623,-0.0000,0,2.5000,0.000
326,5.4333,0.0000,4.1469,-40.1069,0.0000,-5.7353,-15.2283,15.2283,0.000,0.000,-8.594,0,VEHICLE,0,-,0.0000,50,150,0,0.0800,0,0,0.000,0.000,0.000,0.0000,0.0000,0.0000,1,1.0000,0,0,0.0000,0,4.2737,0.0000,0.0000,0.0000,0.0000,0,80.00,0.0000,8.5382,-30.7320,0.0000,9.1469,-40.1069,80.00,-1,-1.00000,0.000,0.000,0.000,0.000,0.000,0.000,0,0.00,0,0,0,0,0,0,4.1786,2.231,-0.000,-0.0000,0.0607,-0.0000,0,2.5000,0.000
327,5.4500,0.0000,4.0460,-40.3608,0.0000,-6.0584,-15.2348,15.2348,0.000,0.000,-8.594,0,VEHICLE,0,-,0.0000,50,150,0,0.0800,0,0,0.000,0.000,0.000,0.0000,0.0000,0.0000,1,1.0000,0,0,0.0000,0,4.1786,0.0000,0.0000,0.0000,0.0000,0,80.00,0.0000,8.4372,-30.9859,0.0000,9.0460,-40.3608,80.00,-1,-1.00000,0.000,0.000,0.000,0.000,0.000,0.000,0,0.00,0,0,0,0,0,0,4.0781,2.174,-0.000,-0.0000,0.0591,-0.0000,0,2.5000,0.000
328,5.4667,0.0000,3.9396,-40.6148,0.0000,-6.3816,-15.2408,15.2408,0.000,0.000,-8.594,0,VEHICLE,0,-,0.0000,50,150,0,0.0800,0,0,0.000,0.000,0.000,0.0000,0.0000,0.0000,1,1.0000,0,0,0.0000,0,4.0781,0.0000,0.0000,0.0000,0.0000,0,80.00,0.0000,8.3309,-31.2399,0.0000,8.9396,-40.6148,80.00,-1,-1.00000,0.000,0.000,0.000,0.000,0.000,0.000,0,0.00,0,0,0,0,0,0,3.9722,2.119,-0.000,-0.0000,0.0576,-0.0000,0,2.5000,0.000
329,5.4833,0.0000,3.8279,-40.8689,0.0000,-6.7048,-15.2464,15.2464,0.000,0.000,-8.594,0,VEHICLE,0,-,0.0000,50,150,0,0.0800,0,0,0.000,0.000,0.000,0.0000,0.0000,0.0000,1,1.0000,0,0,0.0000,0,3.9722,0.0000,0.0000,0.0000,0.0000,0,80.00,0.0000,8.2191,-31.4940,0.0000,8.8279,-40.8689,80.00,-1,-1.00000,0.000,0.000,0.000,0.000,0.000,0.000,0,0.00,0,0,0,0,0,0,3.8609,2.065,-0.000,-0.0000,0.0562,-0.0000,0,2.5000,0.000
330,5.5000,0.0000,3.7107,-41.1231,0.0000,-7.0280,-15.2515,15.2515,0.000,0.000,-8.594,0,VEHICLE,0,-,0.0000,50,150,0,0.0800,0,0,0.000,0.000,0.000,0.0000,0.0000,0.0000,1,1.0000,0,0,0.0000,0,3.8609,0.0000,0.0000,0.0000,0.0000,0,80.00,0.0000,8.1020,-31.7482,0.0000,8.7107,-41.1231,80.00,-1,-1.00000,0.000,0.000,0.000,0.000,0.000,0.000,0,0.00,0,0,0,0,0,0,3.7442,2.013,-0.000,-0.0000,0.0548,-0.0000,0,2.5000,0.000
331,5.5167,0.0000,3.5882,-41.3774,0.0000,-7.3512,-15.2563,15.2563,0.000,0.000,-8.594,0,VEHICLE,0,-,0.0000,50,150,0,0.0800,0,0,0.000,0.000,0.000,0.0000,0.0000,0.0000,1,1.0000,0,0,0.0000,0,3.7442,0.0000,0.0000,0.0000,0.0000,0,80.00,0.0000,7.9795,-32.0025,0.0000,8.5882,-41.3774,80.00,-1,-1.00000,0.000,0.000,0.000,0.000,0.000,0.000,0,0.00,0,0,0,0,0,0,3.6221,1.962,-0.000,-0.0000,0.0534,-0.0000,0,2.5000,0.000
332,5.5333,0.0000,3.4603,-41.6318,0.0000,-7.6745,-15.2606,15.2606,0.000,0.000,-8.594,0,VEHICLE,0,-,0.0000,50,150,0,0.0800,0,0,0.000,0.000,0.000,0.0000,0.0000,0.0000,1,1.0000,0,0,0.0000,0,3.6221,0.0000,0.0000,0.0000,0.0000,0,80.00,0.0000,7.8516,-32.2568,0.0000,8.4603,-41.6318,80.00,-1,-1.00000,0.000,0.000,0.000,0.000,0.000,0.000,0,0.00,0,0,0,0,0,0,3.4946,1.912,-0.000,-0.0000,0.0520,-0.0000,0,2.5000,0.000
333,5.5500,0.0000,3.3270,-41.8862,0.0000,-7.9978,-15.2646,15.2646,0.000,0.000,-8.594,0,VEHICLE,0,-,0.0000,50,150,0,0.0800,0,0,0.000,0.000,0.000,0.0000,0.0000,0.0000,1,1.0000,0,0,0.0000,0,3.4946,0.0000,0.0000,0.0000,0.0000,0,80.00,0.0000,7.7183,-32.5112,0.0000,8.3270,-41.8862,80.00,-1,-1.00000,0.000,0.000,0.000,0.000,0.000,0.000,0,0.00,0,0,0,0,0,0,3.3617,1.864,-0.000,-0.0000,0.0507,-0.0000,0,2.5000,0.000
334,5.5667,0.0000,3.1883,-42.1406,0.0000,-8.3210,-15.2682,15.2682,0.000,0.000,-8.594,0,VEHICLE,0,-,0.0000,50,150,0,0.0800,0,0,0.000,0.000,0.000,0.0000,0.0000,0.0000,1,1.0000,0,0,0.0000,0,3.3617,0.0000,0.0000,0.0000,0.0000,0,80.00,0.0000,7.5796,-32.7657,0.0000,8.1883,-42.1406,80.00,-1,-1.00000,0.000,0.000,0.000,0.000,0.000,0.000,0,0.00,0,0,0,0,0,0,3.2234,1.817,-0.000,-0.0000,0.0494,-0.0000,0,2.5000,0.000
335,5.5833,0.0000,3.0443,-42.3952,0.0000,-8.6443,-15.2715,15.2715,0.000,0.000,-8.594,0,VEHICLE,0,-,0.0000,50,150,0,0.0800,0,0,0.000,0.000,0.000,0.0000,0.0000,0.0000,1,1.0000,0,0,0.0000,0,3.2234,0.0000,0.0000,0.0000,0.0000,0,80.00,0.0000,7.4355,-33.0202,0.0000,8.0443,-42.3952,80.00,-1,-1.00000,0.000,0.000,0.000,0.000,0.000,0.000,0,0.00,0,0,0,0,0,0,3.0797,1.771,-0.000,-0.0000,0.0482,-0.0000,0,2.5000,0.000
336,5.6000,0.0000,2.8948,-42.6497,0.0000,-8.9676,-15.2744,15.2744,0.000,0.000,-8.594,0,VEHICLE,0,-,0.0000,50,150,0,0.0800,0,0,0.000,0.000,0.000,0.0000,0.0000,0.0000,1,1.0000,0,0,0.0000,0,3.0797,0.0000,0.0000,0.0000,0.0000,0,80.00,0.0000,7.2861,-33.2748,0.0000,7.8948,-42.6497,80.00,-1,-1.00000,0.000,0.000,0.000,0.000,0.000,0.000,0,0.00,0,0,0,0,0,0,2.9306,1.726,-0.000,-0.0000,0.0470,-0.0000,0,2.5000,0.000
337,5.6167,0.0000,2.7399,-42.9044,0.0000,-9.2910,-15.2770,15.2770,0.000,0.000,-8.594,0,VEHICLE,0,-,0.0000,50,150,0,0.0800,0,0,0.000,0.000,0.000,0.0000,0.0000,0.0000,1,1.0000,0,0,0.0000,0,2.9306,0.0000,0.0000,0.0000,0.0000,0,80.00,0.0000,7.1312,-33.5294,0.0000,7.7399,-42.9044,80.00,-1,-1.00000,0.000,0.000,0.000,0.000,0.000,0.000,0,0.00,0,0,0,0,0,0,2.7761,1.682,-0.000,-0.0000,0.0458,-0.0000,0,2.5000,0.000
338,5.6333,0.0000,2.5797,-43.1590,0.0000,-9.6143,-15.2793,15.2793,0.000,0.000,-8.594,0,VEHICLE,0,-,0.0000,50,150,0,0.0800,0,0,0.000,0.000,0.000,0.0000,0.0000,0.0000,1,1.0000,0,0,0.0000,0,2.7761,0.0000,0.0000,0.0000,0.0000,0,80.00,0.0000,6.9710,-33.7841,0.0000,7.5797,-43.1590,80.00,-1,-1.00000,0.000,0.000,0.000,0.000,0.000,0.000,0,0.00,0,0,0,0,0,0,2.6162,1.640,-0.000,-0.0000,0.0446,-0.0000,0,2.5000,0.000
339,5.6500,0.0000,2.4141,-43.4137,0.0000,-9.9376,-15.2814,15.2814,0.000,0.000,-8.594,0,VEHICLE,0,-,0.0000,50,150,0,0.0800,0,0,0.000,0.000,0.000,0.0000,0.0000,0.0000,1,1.0000,0,0,0.0000,0,2.6162,0.0000,0.0000,0.0000,0.0000,0,80.00,0.0000,6.8053,-34.0387,0.0000,7.4141,-43.4137,80.00,-1,-1.00000,0.000,0.000,0.000,0.000,0.000,0.000,0,0.00,0,0,0,0,0,0,2.4509,1.598,-0.000,-0.0000,0.0435,-0.0000,0,2.5000,0.000
340,5.6667,0.0000,2.2486,-43.6683,0.0000,-9.9288,-15.2738,15.2738,0.000,0.000,-8.594,1,VEHICLE,0,-,0.0000,50,150,0,0.0800,0,0,0.000,0.000,0.000,0.0000,0.0000,0.0000,1,1.0000,0,0,0.0000,0,2.4509,0.0000,0.0000,0.0000,0.0000,0,80.00,0.0000,6.6399,-34.2933,0.0000,7.2486,-43.6683,80.00,-1,-1.00000,0.000,0.000,0.000,0.000,0.000,0.000,0,0.00,0,0,0,0,0,0,2.2871,1.403,-0.000,0.0000,0.2039,-0.0000,4,2.4519,0.000
341,5.6833,0.0000,2.0955,-43.9220,0.0000,-9.1853,-15.2216,15.2216,0.000,0.000,-8.594,1,VEHICLE,0,-,0.0000,50,150,0,0.0800,0,0,0.000,0.000,0.000,0.0000,0.0000,0.0000,1,1.0000,0,0,0.0000,0,2.2871,0.0000,0.0000,0.0000,0.0000,0,80.00,0.0000,6.4868,-34.5470,0.0000,7.0955,-43.9220,80.00,-1,-1.00000,0.000,0.000,0.000,0.000,0.000,0.000,0,0.00,0,0,0,0,0,0,2.1355,1.221,-0.000,-0.0000,0.1905,-0.0000,4,2.2878,0.000
342,5.7000,0.0000,1.9542,-44.1749,0.0000,-8.4792,-15.1773,15.1773,0.000,0.000,-8.594,1,VEHICLE,0,-,0.0000,50,150,0,0.0800,0,0,0.000,0.000,0.000,0.0000,0.0000,0.0000,1,1.0000,0,0,0.0000,0,2.1355,0.0000,0.0000,0.0000,0.0000,0,80.00,0.0000,6.3454,-34.8000,0.0000,6.9542,-44.1749,80.00,-1,-1.00000,0.000,0.000,0.000,0.000,0.000,0.000,0,0.00,0,0,0,0,0,0,1.9956,1.052,-0.000,-0.0000,0.1777,-0.0000,4,2.1360,0.000
343,5.7167,0.0000,1.8240,-44.4272,0.0000,-7.8095,-15.1400,15.1400,0.000,0.000,-8.594,1,VEHICLE,0,-,0.0000,50,150,0,0.0800,0,0,0.000,0.000,0.000,0.0000,0.0000,0.0000,1,1.0000,0,0,0.0000,0,1.9956,0.0000,0.0000,0.0000,0.0000,0,80.00,0.0000,6.2153,-35.0523,0.0000,6.8240,-44.4272,80.00,-1,-1.00000,0.000,0.000,0.000,0.000,0.000,0.000,0,0.00,0,0,0,0,0,0,1.8667,0.894,-0.000,-0.0000,0.1654,-0.0000,4,1.9959,0.000
344,5.7333,0.0000,1.7044,-44.6791,0.0000,-7.1753,-15.1087,15.1087,0.000,0.000,-8.594,1,VEHICLE,0,-,0.0000,50,150,0,0.0800,0,0,0.000,0.000,0.000,0.0000,0.0000,0.0000,1,1.0000,0,0,0.0000,0,1.8667,0.0000,0.0000,0.0000,0.0000,0,80.00,0.0000,6.0957,-35.3041,0.0000,6.7044,-44.6791,80.00,-1,-1.00000,0.000,0.000,0.000,0.000,0.000,0.000,0,0.00,0,0,0,0,0,0,1.7483,0.747,-0.000,-0.0000,0.1536,-0.0000,4,1.8669,0.000
345,5.7500,0.0000,1.5948,-44.9304,0.0000,-6.5756,-15.0828,15.0828,0.000,0.000,-8.594,1,VEHICLE,0,-,0.0000,50,150,0,0.0800,0,0,0.000,0.000,0.000,0.0000,0.0000,0.0000,1,1.0000,0,0,0.0000,0,1.7483,0.0000,0.0000,0.0000,0.0000,0,80.00,0.0000,5.9861,-35.5555,0.0000,6.5948,-44.9304,80.00,-1,-1.00000,0.000,0.000,0.000,0.000,0.000,0.000,0,0.00,0,0,0,0,0,0,1.6398,0.611,0.000,-0.0000,0.1423,-0.0000,4,1.7485,0.000
346,5.7667,0.0000,1.4947,-45.1815,-0.0000,-6.0092,-15.0615,15.0615,0.000,0.000,-8.594,1,VEHICLE,0,-,0.0000,50,150,0,0.0800,0,0,0.000,0.000,0.000,0.0000,0.0000,0.0000,1,1.0000,0,0,0.0000,0,1.6398,0.0000,0.0000,0.0000,0.0000,0,80.00,0.0000,5.8860,-35.8065,0.0000,6.4947,-45.1815,80.00,-1,-1.00000,0.000,0.000,0.000,0.000,0.000,0.000,0,0.00,0,0,0,0,0,0,1.5407,0.486,0.000,-0.0000,0.1315,-0.0000,4,1.6399,0.000
347,5.7833,0.0000,1.4034,-45.4322,-0.0000,-5.4753,-15.0442,15.0442,0.000,0.000,-8.594,1,VEHICLE,0,-,0.0000,50,150,0,0.0800,0,0,0.000,0.000,0.000,0.0000,0.0000,0.0000,1,1.0000,0,0,0.0000,0,1.5407,0.0000,0.0000,0.0000,0.0000,0,80.00,0.0000,5.7947,-36.0573,0.0000,6.4034,-45.4322,80.00,-1,-1.00000,0.000,0.000,0.000,0.000,0.000,0.000,0,0.00,0,0,0,0,0,0,1.4504,0.370,0.000,-0.0000,0.1213,-0.0000,4,1.5408,0.000
348,5.8000,0.0000,1.3206,-45.6827,-0.0000,-4.9726,-15.0303,15.0303,0.000,0.000,-8.594,1,VEHICLE,0,-,0.0000,50,150,0,0.0800,0,0,0.000,0.000,0.000,0.0000,0.0000,0.0000,1,1.0000,0,0,0.0000,0,1.4504,0.0000,0.0000,0.0000,0.0000,0,80.00,0.0000,5.7118,-36.3078,0.0000,6.3206,-45.6827,80.00,-1,-1.00000,0.000,0.000,0.000,0.000,0.000,0.000,0,0.00,0,0,0,0,0,0,1.3684,0.263,0.000,-0.0000,0.1115,-0.0000,4,1.4504,0.000
349,5.8167,0.0000,1.2456,-45.9330,-0.0000,-4.5000,-15.0194,15.0194,0.000,0.000,-8.594,1,VEHICLE,0,-,0.0000,50,150,0,0.0800,0,0,0.000,0.000,0.000,0.0000,0.0000,0.0000,1,1.0000,0,0,0.0000,0,1.3684,0.0000,0.0000,0.0000,0.0000,0,80.00,0.0000,5.6368,-36.5581,0.0000,6.2456,-45.9330,80.00,-1,-1.00000,0.000,0.000,0.000,0.000,0.000,0.000,0,0.00,0,0,0,0,0,0,1.2942,0.166,0.000,-0.0000,0.1023,-0.0000,4,1.3684,0.000
350,5.8333,0.0000,1.1780,-46.1832,-0.0000,-4.0564,-15.0109,15.0109,0.000,0.000,-8.594,1,VEHICLE,0,-,0.0000,50,150,0,0.0800,0,0,0.000,0.000,0.000,0.0000,0.0000,0.0000,1,1.0000,0,0,0.0000,0,1.2942,0.0000,0.0000,0.0000,0.0000,0,80.00,0.0000,5.5692,-36.8083,0.0000,6.1780,-46.1832,80.00,-1,-1.00000,0.000,0.000,0.000,0.000,0.000,0.000,0,0.00,0,0,0,0,0,0,1.2273,0.077,0.000,-0.0000,0.0935,-0.0000,4,1.2942,0.000
351,5.8500,0.0000,1.1173,-46.4333,-0.0000,-3.6408,-15.0044,15.0044,0.000,0.000,-8.594,1,VEHICLE,0,-,0.0000,50,150,0,0.0800,0,0,0.000,0.000,0.000,0.0000,0.0000,0.0000,1,1.0000,0,0,0.0000,0,1.2273,0.0000,0.0000,0.0000,0.0000,0,80.00,0.0000,5.5085,-37.0583,0.0000,6.1173,-46.4333,80.00,-1,-1.00000,0.000,0.000,0.000,0.000,0.000,0.000,0,0.00,0,0,0,0,0,0,1.1673,-0.005,0.000,-0.0000,0.0852,-0.0000,4,1.2273,0.000
352,5.8667,0.0000,1.0631,-46.6833,-0.0000,-3.2519,-14.9998,14.9998,0.000,0.000,-8.594,1,VEHICLE,0,-,0.0000,50,150,0,0.0800,0,0,0.000,0.000,0.000,0.0000,0.0000,0.0000,1,1.0000,0,0,0.0000,0,1.1673,0.0000,0.0000,0.0000,0.0000,0,80.00,0.0000,5.4543,-37.3083,0.0000,6.0631,-46.6833,80.00,-1,-1.00000,0.000,0.000,0.000,0.000,0.000,0.000,0,0.00,0,0,0,0,0,0,1.1137,-0.079,0.000,-0.0000,0.0773,-0.0000,4,1.1673,0.000
353,5.8833,0.0000,1.0149,-46.9332,-0.0000,-2.8887,-14.9965,14.9965,0.000,0.000,-8.594,1,VEHICLE,0,-,0.0000,50,150,0,0.0800,0,0,0.000,0.000,0.000,0.0000,0.0000,0.0000,1,1.0000,0,0,0.0000,0,1.1137,0.0000,0.0000,0.0000,0.0000,0,80.00,0.0000,5.4062,-37.5583,0.0000,6.0149,-46.9332,80.00,-1,-1.00000,0.000,0.000,0.000,0.000,0.000,0.000,0,0.00,0,0,0,0,0,0,1.0661,-0.145,0.000,0.0000,0.0699,-0.0000,4,1.1137,0.000
354,5.9000,0.0000,0.9724,-47.1831,-0.0000,-2.5501,-14.9944,14.9944,0.000,0.000,-8.594,1,VEHICLE,0,-,0.0000,50,150,0,0.0800,0,0,0.000,0.000,0.000,0.0000,0.0000,0.0000,1,1.0000,0,0,0.0000,0,1.0661,0.0000,0.0000,0.0000,0.0000,0,80.00,0.0000,5.3637,-37.8082,0.0000,5.9724,-47.1831,80.00,-1,-1.00000,0.000,0.000,0.000,0.000,0.000,0.000,0,0.00,0,0,0,0,0,0,1.0241,-0.205,0.000,-0.0000,0.0629,-0.0000,4,1.0661,0.000
355,5.9167,0.0000,0.9352,-47.4330,-0.0000,-2.2349,-14.9932,14.9932,0.000,0.000,-8.594,1,VEHICLE,0,-,0.0000,50,150,0,0.0800,0,0,0.000,0.000,0.000,0.0000,0.0000,0.0000,1,1.0000,0,0,0.0000,0,1.0241,0.0000,0.0000,0.0000,0.0000,0,80.00,0.0000,5.3264,-38.0581,0.0000,5.9352,-47.4330,80.00,-1,-1.00000,0.000,0.000,0.000,0.000,0.000,0.000,0,0.00,0,0,0,0,0,0,0.9873,-0.259,0.000,0.0000,0.0563,-0.0000,4,1.0241,0.000
356,5.9333,0.0000,0.9028,-47.6829,-0.0000,-1.9421,-14.9928,14.9928,0.000,0.000,-8.594,1,VEHICLE,0,-,0.0000,50,150,0,0.0800,0,0,0.000,0.000,0.000,0.0000,0.0000,0.0000,1,1.0000,0,0,0.0000,0,0.9873,0.0000,0.0000,0.0000,0.0000,0,80.00,0.0000,5.2941,-38.3079,0.0000,5.9028,-47.6829,80.00,-1,-1.00000,0.000,0.000,0.000,0.000,0.000,0.000,0,0.00,0,0,0,0,0,0,0.9553,-0.307,0.000,0.0000,0.0501,-0.0000,4,0.9873,0.000
357,5.9500,0.0000,0.8750,-47.9328,-0.0000,-1.6706,-14.9930,14.9930,0.000,0.000,-8.594,1,VEHICLE,0,-,0.0000,50,150,0,0.0800,0,0,0.000,0.000,0.000,0.0000,0.0000,0.0000,1,1.0000,0,0,0.0000,0,0.9553,0.0000,0.0000,0.0000,0.0000,0,80.00,0.0000,5.2662,-38.5578,0.0000,5.8750,-47.9328,80.00,-1,-1.00000,0.000,0.000,0.000,0.000,0.000,0.000,0,0.00,0,0,0,0,0,0,0.9278,-0.349,0.000,0.0000,0.0443,-0.0000,4,0.9553,0.000
358,5.9667,0.0000,0.8513,-48.1827,-0.0000,-1.4194,-14.9936,14.9936,0.000,0.000,-8.594,1,VEHICLE,0,-,0.0000,50,150,0,0.0800,0,0,0.000,0.000,0.000,0.0000,0.0000,0.0000,1,1.0000,0,0,0.0000,0,0.9278,0.0000,0.0000,0.0000,0.0000,0,80.00,0.0000,5.2426,-38.8077,0.0000,5.8513,-48.1827,80.00,-1,-1.00000,0.000,0.000,0.000,0.000,0.000,0.000,0,0.00,0,0,0,0,0,0,0.9045,-0.386,0.000,-0.0000,0.0388,-0.0000,4,0.9279,0.000
359,5.9833,0.0000,0.8315,-48.4326,-0.0000,-1.1874,-14.9945,14.9945,0.000,0.000,-8.594,1,VEHICLE,0,-,0.0000,50,150,0,0.0800,0,0,0.000,0.000,0.000,0.0000,0.0000,0.0000,1,1.0000,0,0,0.0000,0,0.9045,0.0000,0.0000,0.0000,0.0000,0,80.00,0.0000,5.2228,-39.0576,0.0000,5.8315,-48.4326,80.00,-1,-1.00000,0.000,0.000,0.000,0.000,0.000,0.000,0,0.00,0,0,0,0,0,0,0.8850,-0.418,0.000,0.0000,0.0338,-0.0000,4,0.9045,0.000
360,6.0000,0.0000,0.8153,-48.6825,-0.0000,-0.9737,-14.9956,14.9956,0.000,0.000,-8.594,1,VEHICLE,0,-,0.0000,50,150,0,0.0800,0,0,0.000,0.000,0.000,0.0000,0.0000,0.0000,1,1.0000,0,0,0.0000,0,0.8850,0.0000,0.0000,0.0000,0.0000,0,80.00,0.0000,5.2066,-39.3076,0.0000,5.8153,-48.6825,80.00,-1,-1.00000,0.000,0.000,0.000,0.000,0.000,0.000,0,0.00,0,0,0,0,0,0,0.8690,-0.446,0.000,0.0000,0.0290,-0.0000,4,0.8850,0.000
361,6.0167,0.0000,0.8023,-48.9325,-0.0000,-0.7774,-14.9969,14.9969,0.000,0.000,-8.594,1,VEHICLE,0,-,0.0000,50,150,0,0.0800,0,0,0.000,0.000,0.000,0.0000,0.0000,0.0000,1,1.0000,0,0,0.0000,0,0.8690,0.0000,0.0000,0.0000,0.0000,0,80.00,0.0000,5.1936,-39.5575,0.0000,5.8023,-48.9325,80.00,-1,-1.00000,0.000,0.000,0.000,0.000,0.000,0.000,0,0.00,0,0,0,0,0,0,0.8562,-0.470,0.000,0.0000,0.0246,-0.0000,4,0.8690,0.000
362,6.0333,0.0000,0.7924,-49.1824,-0.0000,-0.5974,-14.9983,14.9983,0.000,0.000,-8.594,1,VEHICLE,0,-,0.0000,50,150,0,0.0800,0,0,0.000,0.000,0.000,0.0000,0.0000,0.0000,1,1.0000,0,0,0.0000,0,0.8562,0.0000,0.0000,0.0000,0.0000,0,80.00,0.0000,5.1836,-39.8075,0.0000,5.7924,-49.1824,80.00,-1,-1.00000,0.000,0.000,0.000,0.000,0.000,0.000,0,0.00,0,0,0,0,0,0,0.8464,-0.489,0.000,0.0000,0.0206,-0.0000,4,0.8562,0.000
363,6.0500,0.0000,0.7852,-49.4324,0.0000,-0.4328,-14.9996,14.9996,0.000,0.000,-8.594,1,VEHICLE,0,-,0.0000,50,150,0,0.0800,0,0,0.000,0.000,0.000,0.0000,0.0000,0.0000,1,1.0000,0,0,0.0000,0,0.8464,0.0000,0.0000,0.0000,0.0000,0,80.00,0.0000,5.1764,-40.0575,0.0000,5.7852,-49.4324,80.00,-1,-1.00000,0.000,0.000,0.000,0.000,0.000,0.000,0,0.00,0,0,0,0,0,0,0.8393,-0.505,0.000,-0.0000,0.0168,-0.0000,4,0.8464,0.000
364,6.0667,0.0000,0.7805,-49.6824,0.0000,-0.2829,-15.0009,15.0009,0.000,0.000,-8.594,1,VEHICLE,0,-,0.0000,50,150,0,0.0800,0,0,0.000,0.000,0.000,0.0000,0.0000,0.0000,1,1.0000,0,0,0.0000,0,0.8393,0.0000,0.0000,0.0000,0.0000,0,80.00,0.0000,5.1717,-40.3075,0.0000,5.7805,-49.6824,80.00,-1,-1.00000,0.000,0.000,0.000,0.000,0.000,0.000,0,0.00,0,0,0,0,0,0,0.8347,-0.518,0.000,0.0000,0.0133,-0.0000,4,0.8393,0.000
365,6.0833,0.0000,0.7780,-49.9325,0.0000,-0.1466,-15.0022,15.0022,0.000,0.000,-8.594,1,VEHICLE,0,-,0.0000,50,150,0,0.0800,0,0,0.000,0.000,0.000,0.0000,0.0000,0.0000,1,1.0000,0,0,0.0000,0,0.8347,0.0000,0.0000,0.0000,0.0000,0,80.00,0.0000,5.1693,-40.5575,0.0000,5.7780,-49.9325,80.00,-1,-1.00000,0.000,0.000,0.000,0.000,0.000,0.000,0,0.00,0,0,0,0,0,0,0.8323,-0.528,0.000,0.0000,0.0100,-0.0000,4,0.8347,0.000
366,6.1000,0.0000,0.7776,-50.1825,0.0000,-0.0233,-15.0034,15.0034,0.000,0.000,-8.594,1,VEHICLE,0,-,0.0000,50,150,0,0.0800,0,0,0.000,0.000,0.000,0.0000,0.0000,0.0000,1,1.0000,0,0,0.0000,0,0.8323,0.0000,0.0000,0.0000,0.0000,0,80.00,0.0000,5.1689,-40.8076,0.0000,5.7776,-50.1825,80.00,-1,-1.00000,0.000,0.000,0.000,0.000,0.000,0.000,0,0.00,0,0,0,0,0,0,0.8320,-0.534,0.000,-0.0000,0.0071,-0.0000,4,0.8324,0.000
367,6.1167,0.0000,0.7791,-50.4326,0.0000,0.0879,-15.0045,15.0045,0.000,0.000,-8.594,1,VEHICLE,0,-,0.0000,50,150,0,0.0800,0,0,0.000,0.000,0.000,0.0000,0.0000,0.0000,1,1.0000,0,0,0.0000,0,0.8320,0.0000,0.0000,0.0000,0.0000,0,80.00,0.0000,5.1704,-41.0577,0.0000,5.7791,-50.4326,80.00,-1,-1.00000,0.000,0.000,0.000,0.000,0.000,0.000,0,0.00,0,0,0,0,0,0,0.8335,-0.539,0.000,0.0000,0.0044,-0.0000,4,0.8320,0.000
368,6.1333,0.0000,0.7822,-50.6827,0.0000,0.1878,-15.0055,15.0055,0.000,0.000,-8.594,1,VEHICLE,0,-,0.0000,50,150,0,0.0800,0,0,0.000,0.000,0.000,0.0000,0.0000,0.0000,1,1.0000,0,0,0.0000,0,0.8335,0.0000,0.0000,0.0000,0.0000,0,80.00,0.0000,5.1735,-41.3078,0.0000,5.7822,-50.6827,80.00,-1,-1.00000,0.000,0.000,0.000,0.000,0.000,0.000,0,0.00,0,0,0,0,0,0,0.8367,-0.540,0.000,0.0000,0.0019,-0.0000,4,0.8335,0.000
369,6.1500,0.0000,0.7868,-50.9328,0.0000,0.2771,-15.0063,15.0063,0.000,0.000,-8.594,1,VEHICLE,0,-,0.0000,50,150,0,0.0800,0,0,0.000,0.000,0.000,0.0000,0.0000,0.0000,1,1.0000,0,0,0.0000,0,0.8367,0.0000,0.0000,0.0000,0.0000,0,80.00,0.0000,5.1781,-41.5579,0.0000,5.7868,-50.9328,80.00,-1,-1.00000,0.000,0.000,0.000,0.000,0.000,0.000,0,0.00,0,0,0,0,0,0,0.8413,-0.540,0.000,-0.0000,-0.0004,-0.0000,4,0.8367,0.000
370,6.1667,0.0000,0.7928,-51.1829,0.0000,0.3564,-15.0071,15.0071,0.000,0.000,-8.594,1,VEHICLE,0,-,0.0000,50,150,0,0.0800,0,0,0.000,0.000,0.000,0.0000,0.0000,0.0000,1,1.0000,0,0,0.0000,0,0.8413,0.0000,0.0000,0.0000,0.0000,0,80.00,0.0000,5.1840,-41.8080,0.0000,5.7928,-51.1829,80.00,-1,-1.00000,0.000,0.000,0.000,0.000,0.000,0.000,0,0.00,0,0,0,0,0,0,0.8472,-0.538,0.000,0.0000,-0.0024,-0.0000,4,0.8413,0.000
371,6.1833,0.0000,0.7999,-51.4331,0.0000,0.4265,-15.0077,15.0077,0.000,0.000,-8.594,1,VEHICLE,0,-,0.0000,50,150,0,0.0800,0,0,0.000,0.000,0.000,0.0000,0.0000,0.0000,1,1.0000,0,0,0.0000,0,0.8472,0.0000,0.0000,0.0000,0.0000,0,80.00,0.0000,5.1911,-42.0581,0.0000,5.7999,-51.4331,80.00,-1,-1.00000,0.000,0.000,0.000,0.000,0.000,0.000,0,0.00,0,0,0,0,0,0,0.8543,-0.534,0.000,-0.0000,-0.0043,-0.0000,4,0.8472,0.000
372,6.2000,0.0000,0.8080,-51.6832,0.0000,0.4879,-15.0082,15.0082,0.000,0.000,-8.594,1,VEHICLE,0,-,0.0000,50,150,0,0.0800,0,0,0.000,0.000,0.000,0.0000,0.0000,0.0000,1,1.0000,0,0,0.0000,0,0.8543,0.0000,0.0000,0.0000,0.0000,0,80.00,0.0000,5.1993,-42.3082,0.0000,5.8080,-51.6832,80.00,-1,-1.00000,0.000,0.000,0.000,0.000,0.000,0.000,0,0.00,0,0,0,0,0,0,0.8623,-0.528,0.000,0.0000,-0.0059,-0.0000,4,0.8543,0.000
373,6.2167,0.0000,0.8170,-51.9333,0.0000,0.5414,-15.0086,15.0086,0.000,0.000,-8.594,1,VEHICLE,0,-,0.0000,50,150,0,0.0800,0,0,0.000,0.000,0.000,0.0000,0.0000,0.0000,1,1.0000,0,0,0.0000,0,0.8623,0.0000,0.0000,0.0000,0.0000,0,80.00,0.0000,5.2083,-42.5584,0.0000,5.8170,-51.9333,80.00,-1,-1.00000,0.000,0.000,0.000,0.000,0.000,0.000,0,0.00,0,0,0,0,0,0,0.8713,-0.521,0.000,-0.0000,-0.0074,-0.0000,4,0.8624,0.000
374,6.2333,0.0000,0.8268,-52.1835,0.0000,0.5874,-15.0089,15.0089,0.000,0.000,-8.594,1,VEHICLE,0,-,0.0000,50,150,0,0.0800,0,0,0.000,0.000,0.000,0.0000,0.0000,0.0000,1,1.0000,0,0,0.0000,0,0.8713,0.0000,0.0000,0.0000,0.0000,0,80.00,0.0000,5.2181,-42.8085,0.0000,5.8268,-52.1835,80.00,-1,-1.00000,0.000,0.000,0.000,0.000,0.000,0.000,0,0.00,0,0,0,0,0,0,0.8810,-0.512,0.000,-0.0000,-0.0088,-0.0000,4,0.8713,0.000
375,6.2500,0.0000,0.8373,-52.4336,0.0000,0.6266,-15.0091,15.0091,0.000,0.000,-8.594,1,VEHICLE,0,-,0.0000,50,150,0,0.0800,0,0,0.000,0.000,0.000,0.0000,0.0000,0.0000,1,1.0000,0,0,0.0000,0,0.8810,0.0000,0.0000,0.0000,0.0000,0,80.00,0.0000,5.2285,-43.0587,0.0000,5.8373,-52.4336,80.00,-1,-1.00000,0.000,0.000,0.000,0.000,0.000,0.000,0,0.00,0,0,0,0,0,0,0.8914,-0.503,0.000,0.0000,-0.0099,-0.0000,4,0.8811,0.000
376,6.2667,0.0000,0.8483,-52.6838,0.0000,0.6594,-15.0092,15.0092,0.000,0.000,-8.594,1,VEHICLE,0,-,0.0000,50,150,0,0.0800,0,0,0.000,0.000,0.000,0.0000,0.0000,0.0000,1,1.0000,0,0,0.0000,0,0.8914,0.0000,0.0000,0.0000,0.0000,0,80.00,0.0000,5.2395,-43.3088,0.0000,5.8483,-52.6838,80.00,-1,-1.00000,0.000,0.000,0.000,0.000,0.000,0.000,0,0.00,0,0,0,0,0,0,0.9023,-0.492,0.000,0.0000,-0.0110,-0.0000,4,0.8914,0.000
377,6.2833,0.0000,0.8597,-52.9339,0.0000,0.6863,-15.0092,15.0092,0.000,0.000,-8.594,1,VEHICLE,0,-,0.0000,50,150,0,0.0800,0,0,0.000,0.000,0.000,0.0000,0.0000,0.0000,1,1.0000,0,0,0.0000,0,0.9023,0.0000,0.0000,0.0000,0.0000,0,80.00,0.0000,5.2510,-43.5590,0.0000,5.8597,-52.9339,80.00,-1,-1.00000,0.000,0.000,0.000,0.000,0.000,0.000,0,0.00,0,0,0,0,0,0,0.9136,-0.481,0.000,-0.0000,-0.0119,-0.0000,4,0.9023,0.000
378,6.3000,0.0000,0.8715,-53.1841,0.0000,0.7079,-15.0092,15.0092,0.000,0.000,-8.594,1,VEHICLE,0,-,0.0000,50,150,0,0.0800,0,0,0.000,0.000,0.000,0.0000,0.0000,0.0000,1,1.0000,0,0,0.0000,0,0.9136,0.0000,0.0000,0.0000,0.0000,0,80.00,0.0000,5.2628,-43.8091,0.0000,5.8715,-53.1841,80.00,-1,-1.00000,0.000,0.000,0.000,0.000,0.000,0.000,0,0.00,0,0,0,0,0,0,0.9253,-0.469,0.000,-0.0000,-0.0126,-0.0000,4,0.9137,0.000
379,6.3167,0.0000,0.8836,-53.4342,0.0000,0.7246,-15.0091,15.0091,0.000,0.000,-8.594,1,VEHICLE,0,-,0.0000,50,150,0,0.0800,0,0,0.000,0.000,0.000,0.0000,0.0000,0.0000,1,1.0000,0,0,0.0000,0,0.9253,0.0000,0.0000,0.0000,0.0000,0,80.00,0.0000,5.2748,-44.0593,0.0000,5.8836,-53.4342,80.00,-1,-1.00000,0.000,0.000,0.000,0.000,0.000,0.000,0,0.00,0,0,0,0,0,0,0.9373,-0.456,0.000,0.0000,-0.0133,-0.0000,4,0.9254,0.000
380,6.3333,0.0000,0.8959,-53.6844,0.0000,0.7367,-15.0089,15.0089,0.000,0.000,-8.594,1,VEHICLE,0,-,0.0000,50,150,0,0.0800,0,0,0.000,0.000,0.000,0.0000,0.0000,0.0000,1,1.0000,0,0,0.0000,0,0.9373,0.0000,0.0000,0.0000,0.0000,0,80.00,0.0000,5.2871,-44.3094,0.0000,5.8959,-53.6844,80.00,-1,-1.00000,0.000,0.000,0.000,0.000,0.000,0.000,0,0.00,0,0,0,0,0,0,0.9495,-0.443,0.000,-0.0000,-0.0138,-0.0000,4,0.9374,0.000
381,6.3500,0.0000,0.9083,-53.9345,0.0000,0.7448,-15.0087,15.0087,0.000,0.000,-8.594,1,VEHICLE,0,-,0.0000,50,150,0,0.0800,0,0,0.000,0.000,0.000,0.0000,0.0000,0.0000,1,1.0000,0,0,0.0000,0,0.9495,0.0000,0.0000,0.0000,0.0000,0,80.00,0.0000,5.2995,-44.5596,0.0000,5.9083,-53.9345,80.00,-1,-1.00000,0.000,0.000,0.000,0.000,0.000,0.000,0,0.00,0,0,0,0,0,0,0.9618,-0.430,0.000,0.0000,-0.0142,-0.0000,4,0.9495,0.000
382,6.3667,0.0000,0.9208,-54.1847,0.0000,0.7491,-15.0085,15.0085,0.000,0.000,-8.594,1,VEHICLE,0,-,0.0000,50,150,0,0.0800,0,0,0.000,0.000,0.000,0.0000,0.0000,0.0000,1,1.0000,0,0,0.0000,0,0.9618,0.0000,0.0000,0.0000,0.0000,0,80.00,0.0000,5.3120,-44.8097,0.0000,5.9208,-54.1847,80.00,-1,-1.00000,0.000,0.000,0.000,0.000,0.000,0.000,0,0.00,0,0,0,0,0,0,0.9742,-0.416,0.000,0.0000,-0.0146,-0.0000,4,0.9618,0.000
383,6.3833,0.0000,0.9333,-54.4348,0.0000,0.7500,-15.0082,15.0082,0.000,0.000,-8.594,1,VEHICLE,0,-,0.0000,50,150,0,0.0800,0,0,0.000,0.000,0.000,0.0000,0.0000,0.0000,1,1.0000,0,0,0.0000,0,0.9742,0.0000,0.0000,0.0000,0.0000,0,80.00,0.0000,5.3245,-45.0599,0.0000,5.9333,-54.4348,80.00,-1,-1.00000,0.000,0.000,0.000,0.000,0.000,0.000,0,0.00,0,0,0,0,0,0,0.9865,-0.402,0.000,0.0000,-0.0149,-0.0000,4,0.9742,0.000
384,6.4000,0.0000,0.9457,-54.6849,0.0000,0.7479,-15.0079,15.0079,0.000,0.000,-8.594,1,VEHICLE,0,-,0.0000,50,150,0,0.0800,0,0,0.000,0.000,0.000,0.0000,0.0000,0.0000,1,1.0000,0,0,0.0000,0,0.9865,0.0000,0.0000,0.0000,0.0000,0,80.00,0.0000,5.3370,-45.3100,0.0000,5.9457,-54.6849,80.00,-1,-1.00000,0.000,0.000,0.000,0.000,0.000,0.000,0,0.00,0,0,0,0,0,0,0.9989,-0.387,0.000,0.0000,-0.0150,-0.0000,4,0.9866,0.000
385,6.4167,0.0000,0.9581,-54.9351,0.0000,0.7430,-15.0075,15.0075,0.000,0.000,-8.594,1,VEHICLE,0,-,0.0000,50,150,0,0.0800,0,0,0.000,0.000,0.000,0.0000,0.0000,0.0000,1,1.0000,0,0,0.0000,0,0.9989,0.0000,0.0000,0.0000,0.0000,0,80.00,0.0000,5.3494,-45.5601,0.0000,5.9581,-54.9351,80.00,-1,-1.00000,0.000,0.000,0.000,0.000,0.000,0.000,0,0.00,0,0,0,0,0,0,1.0112,-0.373,0.000,-0.0000,-0.0151,-0.0000,4,0.9989,0.000
386,6.4333,0.0000,0.9704,-55.1852,0.0000,0.7357,-15.0072,15.0072,0.000,0.000,-8.594,1,VEHICLE,0,-,0.0000,50,150,0,0.0800,0,0,0.000,0.000,0.000,0.0000,0.0000,0.0000,1,1.0000,0,0,0.0000,0,1.0112,0.0000,0.0000,0.0000,0.0000,0,80.00,0.0000,5.3616,-45.8102,0.0000,5.9704,-55.1852,80.00,-1,-1.00000,0.000,0.000,0.000,0.000,0.000,0.000,0,0.00,0,0,0,0,0,0,1.0233,-0.358,0.000,-0.0000,-0.0152,-0.0000,4,1.0112,0.000
387,6.4500,0.0000,0.9825,-55.4353,0.0000,0.7262,-15.0069,15.0069,0.000,0.000,-8.594,1,VEHICLE,0,-,0.0000,50,150,0,0.0800,0,0,0.000,0.000,0.000,0.0000,0.0000,0.0000,1,1.0000,0,0,0.0000,0,1.0233,0.0000,0.0000,0.0000,0.0000,0,80.00,0.0000,5.3737,-46.0604,0.0000,5.9825,-55.4353,80.00,-1,-1.00000,0.000,0.000,0.000,0.000,0.000,0.000,0,0.00,0,0,0,0,0,0,1.0353,-0.344,0.000,-0.0000,-0.0152,-0.0000,4,1.0233,0.000
388,6.4667,0.0000,0.9944,-55.6854,0.0000,0.7147,-15.0065,15.0065,0.000,0.000,-8.594,1,VEHICLE,0,-,0.0000,50,150,0,0.0800,0,0,0.000,0.000,0.000,0.0000,0.0000,0.0000,1,1.0000,0,0,0.0000,0,1.0353,0.0000,0.0000,0.0000,0.0000,0,80.00,0.0000,5.3856,-46.3105,0.0000,5.9944,-55.6854,80.00,-1,-1.00000,0.000,0.000,0.000,0.000,0.000,0.000,0,0.00,0,0,0,0,0,0,1.0471,-0.329,0.000,-0.0000,-0.0151,-0.0000,4,1.0353,0.000
389,6.4833,0.0000,1.0061,-55.9355,0.0000,0.7016,-15.0061,15.0061,0.000,0.000,-8.594,1,VEHICLE,0,-,0.0000,50,150,0,0.0800,0,0,0.000,0.000,0.000,0.0000,0.0000,0.0000,1,1.0000,0,0,0.0000,0,1.0471,0.0000,0.0000,0.0000,0.0000,0,80.00,0.0000,5.3973,-46.5606,0.0000,6.0061,-55.9355,80.00,-1,-1.00000,0.000,0.000,0.000,0.000,0.000,0.000,0,0.00,0,0,0,0,0,0,1.0587,-0.315,0.000,0.0000,-0.0150,-0.0000,4,1.0471,0.000
390,6.5000,0.0000,1.0175,-56.1856,0.0000,0.6870,-15.0058,15.0058,0.000,0.000,-8.594,1,VEHICLE,0,-,0.0000,50,150,0,0.0800,0,0,0.000,0.000,0.000,0.0000,0.0000,0.0000,1,1.0000,0,0,0.0000,0,1.0587,0.0000,0.0000,0.0000,0.0000,0,80.00,0.0000,5.4088,-46.8107,0.0000,6.0175,-56.1856,80.00,-1,-1.00000,0.000,0.000,0.000,0.000,0.000,0.000,0,0.00,0,0,0,0,0,0,1.0700,-0.301,0.000,-0.0000,-0.0148,-0.0000,4,1.0587,0.000
391,6.5167,0.0000,1.0287,-56.4357,0.0000,0.6712,-15.0054,15.0054,0.000,0.000,-8.594,1,VEHICLE,0,-,0.0000,50,150,0,0.0800,0,0,0.000,0.000,0.000,0.0000,0.0000,0.0000,1,1.0000,0,0,0.0000,0,1.0700,0.0000,0.0000,0.0000,0.0000,0,80.00,0.0000,5.4200,-47.0608,0.0000,6.0287,-56.4357,80.00,-1,-1.00000,0.000,0.000,0.000,0.000,0.000,0.000,0,0.00,0,0,0,0,0,0,1.0811,-0.287,0.000,0.0000,-0.0146,-0.0000,4,1.0700,0.000
392,6.5333,0.0000,1.0396,-56.6858,0.0000,0.6542,-15.0051,15.0051,0.000,0.000,-8.594,1,VEHICLE,0,-,0.0000,50,150,0,0.0800,0,0,0.000,0.000,0.000,0.0000,0.0000,0.0000,1,1.0000,0,0,0.0000,0,1.0811,0.0000,0.0000,0.0000,0.0000,0,80.00,0.0000,5.4309,-47.3108,0.0000,6.0396,-56.6858,80.00,-1,-1.00000,0.000,0.000,0.000,0.000,0.000,0.000,0,0.00,0,0,0,0,0,0,1.0919,-0.273,0.000,-0.0000,-0.0144,-0.0000,4,1.0811,0.000
393,6.5500,0.0000,1.0502,-56.9359,0.0000,0.6364,-15.0047,15.0047,0.000,0.000,-8.594,1,VEHICLE,0,-,0.0000,50,150,0,0.0800,0,0,0.000,0.000,0.000,0.0000,0.0000,0.0000,1,1.0000,0,0,0.0000,0,1.0919,0.0000,0.0000,0.0000,0.0000,0,80.00,0.0000,5.4415,-47.5609,0.0000,6.0502,-56.9359,80.00,-1,-1.00000,0.000,0.000,0.000,0.000,0.000,0.000,0,0.00,0,0,0,0,0,0,1.1023,-0.260,0.000,-0.0000,-0.0141,-0.0000,4,1.0919,0.000
394,6.5667,0.0000,1.0605,-57.1859,0.0000,0.6178,-15.0044,15.0044,0.000,0.000,-8.594,1,VEHICLE,0,-,0.0000,50,150,0,0.0800,0,0,0.000,0.000,0.000,0.0000,0.0000,0.0000,1,1.0000,0,0,0.0000,0,1.1023,0.0000,0.0000,0.0000,0.0000,0,80.00,0.0000,5.4518,-47.8110,0.0000,6.0605,-57.1859,80.00,-1,-1.00000,0.000,0.000,0.000,0.000,0.000,0.000,0,0.00,0,0,0,0,0,0,1.1125,-0.247,0.000,-0.0000,-0.0138,-0.0000,4,1.1024,0.000
395,6.5833,0.0000,1.0705,-57.4360,0.0000,0.5986,-15.0041,15.0041,0.000,0.000,-8.594,1,VEHICLE,0,-,0.0000,50,150,0,0.0800,0,0,0.000,0.000,0.000,0.0000,0.0000,0.0000,1,1.0000,0,0,0.0000,0,1.1125,0.0000,0.0000,0.0000,0.0000,0,80.00,0.0000,5.4618,-48.0611,0.0000,6.0705,-57.4360,80.00,-1,-1.00000,0.000,0.000,0.000,0.000,0.000,0.000,0,0.00,0,0,0,0,0,0,1.1224,-0.234,0.000,0.0000,-0.0135,-0.0000,4,1.1125,0.000
396,6.6000,0.0000,1.0801,-57.6861,0.0000,0.5789,-15.0038,15.0038,0.000,0.000,-8.594,1,VEHICLE,0,-,0.0000,50,150,0,0.0800,0,0,0.000,0.000,0.000,0.0000,0.0000,0.0000,1,1.0000,0,0,0.0000,0,1.1224,0.0000,0.0000,0.0000,0.0000,0,80.00,0.0000,5.4714,-48.3111,0.0000,6.0801,-57.6861,80.00,-1,-1.00000,0.000,0.000,0.000,0.000,0.000,0.000,0,0.00,0,0,0,0,0,0,1.1320,-0.221,0.000,-0.0000,-0.0131,-0.0000,4,1.1224,0.000
397,6.6167,0.0000,1.0895,-57.9361,0.0000,0.5589,-15.0035,15.0035,0.000,0.000,-8.594,1,VEHICLE,0,-,0.0000,50,150,0,0.0800,0,0,0.000,0.000,0.000,0.0000,0.0000,0.0000,1,1.0000,0,0,0.0000,0,1.1320,0.0000,0.0000,0.0000,0.0000,0,80.00,0.0000,5.4807,-48.5612,0.0000,6.0895,-57.9361,80.00,-1,-1.00000,0.000,0.000,0.000,0.000,0.000,0.000,0,0.00,0,0,0,0,0,0,1.1412,-0.209,0.000,-0.0000,-0.0128,-0.0000,4,1.1320,0.000
398,6.6333,0.0000,1.0984,-58.1862,0.0000,0.5387,-15.0032,15.0032,0.000,0.000,-8.594,1,VEHICLE,0,-,0.0000,50,150,0,0.0800,0,0,0.000,0.000,0.000,0.0000,0.0000,0.0000,1,1.0000,0,0,0.0000,0,1.1412,0.0000,0.0000,0.0000,0.0000,0,80.00,0.0000,5.4897,-48.8112,0.0000,6.0984,-58.1862,80.00,-1,-1.00000,0.000,0.000,0.000,0.000,0.000,0.000,0,0.00,0,0,0,0,0,0,1.1501,-0.197,0.000,0.0000,-0.0124,-0.0000,4,1.1412,0.000
399,6.6500,0.0000,1.1071,-58.4362,0.0000,0.5183,-15.0030,15.0030,0.000,0.000,-8.594,1,VEHICLE,0,-,0.0000,50,150,0,0.0800,0,0,0.000,0.000,0.000,0.0000,0.0000,0.0000,1,1.0000,0,0,0.0000,0,1.1501,0.0000,0.0000,0.0000,0.0000,0,80.00,0.0000,5.4983,-49.0613,0.0000,6.1071,-58.4362,80.00,-1,-1.00000,0.000,0.000,0.000,0.000,0.000,0.000,0,0.00,0,0,0,0,0,0,1.1586,-0.186,0.000,-0.0000,-0.0120,-0.0000,4,1.1501,0.000
400,6.6667,0.0000,1.1154,-58.6863,0.0000,0.4980,-15.0027,15.0027,0.000,0.000,-8.594,1,VEHICLE,0,-,0.0000,50,150,0,0.0800,0,0,0.000,0.000,0.000,0.0000,0.0000,0.0000,1,1.0000,0,0,0.0000,0,1.1586,0.0000,0.0000,0.0000,0.0000,0,80.00,0.0000,5.5066,-49.3113,0.0000,6.1154,-58.6863,80.00,-1,-1.00000,0.000,0.000,0.000,0.000,0.000,0.000,0,0.00,0,0,0,0,0,0,1.1668,-0.174,0.000,-0.0000,-0.0116,-0.0000,4,1.1586,0.000
401,6.6833,0.0000,1.1233,-58.9363,0.0000,0.4776,-15.0025,15.0025,0.000,0.000,-8.594,1,VEHICLE,0,-,0.0000,50,150,0,0.0800,0,0,0.000,0.000,0.000,0.0000,0.0000,0.0000,1,1.0000,0,0,0.0000,0,1.1668,0.0000,0.0000,0.0000,0.0000,0,80.00,0.0000,5.5146,-49.5614,0.0000,6.1233,-58.9363,80.00,-1,-1.00000,0.000,0.000,0.000,0.000,0.000,0.000,0,0.00,0,0,0,0,0,0,1.1747,-0.164,0.000,-0.0000,-0.0112,-0.0000,4,1.1668,0.000
402,6.7000,0.0000,1.1310,-59.1864,0.0000,0.4574,-15.0023,15.0023,0.000,0.000,-8.594,1,VEHICLE,0,-,0.0000,50,150,0,0.0800,0,0,0.000,0.000,0.000,0.0000,0.0000,0.0000,1,1.0000,0,0,0.0000,0,1.1747,0.0000,0.0000,0.0000,0.0000,0,80.00,0.0000,5.5222,-49.8114,0.0000,6.1310,-59.1864,80.00,-1,-1.00000,0.000,0.000,0.000,0.000,0.000,0.000,0,0.00,0,0,0,0,0,0,1.1822,-0.153,0.000,0.0000,-0.0108,-0.0000,4,1.1747,0.000
403,6.7167,0.0000,1.1382,-59.4364,0.0000,0.4374,-15.0021,15.0021,0.000,0.000,-8.594,1,VEHICLE,0,-,0.0000,50,150,0,0.0800,0,0,0.000,0.000,0.000,0.0000,0.0000,0.0000,1,1.0000,0,0,0.0000,0,1.1822,0.0000,0.0000,0.0000,0.0000,0,80.00,0.0000,5.5295,-50.0614,0.0000,6.1382,-59.4364,80.00,-1,-1.00000,0.000,0.000,0.000,0.000,0.000,0.000,0,0.00,0,0,0,0,0,0,1.1894,-0.143,0.000,-0.0000,-0.0104,-0.0000,4,1.1822,0.000
404,6.7333,0.0000,1.1452,-59.6864,0.0000,0.4176,-15.0019,15.0019,0.000,0.000,-8.594,1,VEHICLE,0,-,0.0000,50,150,0,0.0800,0,0,0.000,0.000,0.000,0.0000,0.0000,0.0000,1,1.0000,0,0,0.0000,0,1.1894,0.0000,0.0000,0.0000,0.0000,0,80.00,0.0000,5.5365,-50.3115,0.0000,6.1452,-59.6864,80.00,-1,-1.00000,0.000,0.000,0.000,0.000,0.000,0.000,0,0.00,0,0,0,0,0,0,1.1963,-0.134,0.000,-0.0000,-0.0100,-0.0000,4,1.1894,0.000
405,6.7500,0.0000,1.1518,-59.9365,0.0000,0.3982,-15.0017,15.0017,0.000,0.000,-8.594,1,VEHICLE,0,-,0.0000,50,150,0,0.0800,0,0,0.000,0.000,0.000,0.0000,0.0000,0.0000,1,1.0000,0,0,0.0000,0,1.1963,0.0000,0.0000,0.0000,0.0000,0,80.00,0.0000,5.5431,-50.5615,0.0000,6.1518,-59.9365,80.00,-1,-1.00000,0.000,0.000,0.000,0.000,0.000,0.000,0,0.00,0,0,0,0,0,0,1.2029,-0.125,0.000,-0.0000,-0.0096,-0.0000,4,1.1963,0.000
406,6.7667,0.0000,1.1582,-60.1865,0.0000,0.3790,-15.0016,15.0016,0.000,0.000,-8.594,1,VEHICLE,0,-,0.0000,50,150,0,0.0800,0,0,0.000,0.000,0.000,0.0000,0.0000,0.0000,1,1.0000,0,0,0.0000,0,1.2029,0.0000,0.0000,0.0000,0.0000,0,80.00,0.0000,5.5494,-50.8115,0.0000,6.1582,-60.1865,80.00,-1,-1.00000,0.000,0.000,0.000,0.000,0.000,0.000,0,0.00,0,0,0,0,0,0,1.2091,-0.116,0.000,-0.0000,-0.0092,-0.0000,4,1.2029,0.000
407,6.7833,0.0000,1.1642,-60.4365,0.0000,0.3603,-15.0014,15.0014,0.000,0.000,-8.594,1,VEHICLE,0,-,0.0000,50,150,0,0.0800,0,0,0.000,0.000,0.000,0.0000,0.0000,0.0000,1,1.0000,0,0,0.0000,0,1.2091,0.0000,0.0000,0.0000,0.0000,0,80.00,0.0000,5.5554,-51.0616,0.0000,6.1642,-60.4365,80.00,-1,-1.00000,0.000,0.000,0.000,0.000,0.000,0.000,0,0.00,0,0,0,0,0,0,1.2150,-0.107,0.000,0.0000,-0.0088,-0.0000,4,1.2091,0.000
408,6.8000,0.0000,1.1699,-60.6865,0.0000,0.3420,-15.0013,15.0013,0.000,0.000,-8.594,1,VEHICLE,0,-,0.0000,50,150,0,0.0800,0,0,0.000,0.000,0.000,0.0000,0.0000,0.0000,1,1.0000,0,0,0.0000,0,1.2150,0.0000,0.0000,0.0000,0.0000,0,80.00,0.0000,5.5611,-51.3116,0.0000,6.1699,-60.6865,80.00,-1,-1.00000,0.000,0.000,0.000,0.000,0.000,0.000,0,0.00,0,0,0,0,0,0,1.2207,-0.099,0.000,-0.0000,-0.0084,-0.0000,4,1.2151,0.000
409,6.8167,0.0000,1.1753,-60.9365,0.0000,0.3242,-15.0011,15.0011,0.000,0.000,-8.594,1,VEHICLE,0,-,0.0000,50,150,0,0.0800,0,0,0.000,0.000,0.000,0.0000,0.0000,0.0000,1,1.0000,0,0,0.0000,0,1.2207,0.0000,0.0000,0.0000,0.0000,0,80.00,0.0000,5.5665,-51.5616,0.0000,6.1753,-60.9365,80.00,-1,-1.00000,0.000,0.000,0.000,0.000,0.000,0.000,0,0.00,0,0,0,0,0,0,1.2260,-0.092,0.000,-0.0000,-0.0080,-0.0000,4,1.2207,0.000
410,6.8333,0.0000,1.1804,-61.1866,0.0000,0.3069,-15.0010,15.0010,0.000,0.000,-8.594,1,VEHICLE,0,-,0.0000,50,150,0,0.0800,0,0,0.000,0.000,0.000,0.0000,0.0000,0.0000,1,1.0000,0,0,0.0000,0,1.2260,0.0000,0.0000,0.0000,0.0000,0,80.00,0.0000,5.5716,-51.8116,0.0000,6.1804,-61.1866,80.00,-1,-1.00000,0.000,0.000,0.000,0.000,0.000,0.000,0,0.00,0,0,0,0,0,0,1.2311,-0.085,0.000,0.0000,-0.0076,-0.0000,4,1.2260,0.000
411,6.8500,0.0000,1.1852,-61.4366,0.0000,0.2900,-15.0009,15.0009,0.000,0.000,-8.594,1,VEHICLE,0,-,0.0000,50,150,0,0.0800,0,0,0.000,0.000,0.000,0.0000,0.0000,0.0000,1,1.0000,0,0,0.0000,0,1.2311,0.0000,0.0000,0.0000,0.0000,0,80.00,0.0000,5.5765,-52.0616,0.0000,6.1852,-61.4366,80.00,-1,-1.00000,0.000,0.000,0.000,0.000,0.000,0.000,0,0.00,0,0,0,0,0,0,1.2359,-0.078,0.000,-0.0000,-0.0073,-0.0000,4,1.2311,0.000
412,6.8667,0.0000,1.1898,-61.6866,0.0000,0.2737,-15.0008,15.0008,0.000,0.000,-8.594,1,VEHICLE,0,-,0.0000,50,150,0,0.0800,0,0,0.000,0.000,0.000,0.0000,0.0000,0.0000,1,1.0000,0,0,0.0000,0,1.2359,0.0000,0.0000,0.0000,0.0000,0,80.00,0.0000,5.5810,-52.3116,0.0000,6.1898,-61.6866,80.00,-1,-1.00000,0.000,0.000,0.000,0.000,0.000,0.000,0,0.00,0,0,0,0,0,0,1.2404,-0.071,0.000,-0.0000,-0.0069,-0.0000,4,1.2359,0.000
413,6.8833,0.0000,1.1941,-61.9366,0.0000,0.2579,-15.0007,15.0007,0.000,0.000,-8.594,1,VEHICLE,0,-,0.0000,50,150,0,0.0800,0,0,0.000,0.000,0.000,0.0000,0.0000,0.0000,1,1.0000,0,0,0.0000,0,1.2404,0.0000,0.0000,0.0000,0.0000,0,80.00,0.0000,5.5853,-52.5617,0.0000,6.1941,-61.9366,80.00,-1,-1.00000,0.000,0.000,0.000,0.000,0.000,0.000,0,0.00,0,0,0,0,0,0,1.2446,-0.065,0.000,-0.0000,-0.0065,-0.0000,4,1.2404,0.000
414,6.9000,0.0000,1.1981,-62.1866,0.0000,0.2427,-15.0006,15.0006,0.000,0.000,-8.594,1,VEHICLE,0,-,0.0000,50,150,0,0.0800,0,0,0.000,0.000,0.000,0.0000,0.0000,0.0000,1,1.0000,0,0,0.0000,0,1.2446,0.0000,0.0000,0.0000,0.0000,0,80.00,0.0000,5.5894,-52.8117,0.0000,6.1981,-62.1866,80.00,-1,-1.00000,0.000,0.000,0.000,0.000,0.000,0.000,0,0.00,0,0,0,0,0,0,1.2486,-0.059,0.000,0.0000,-0.0062,-0.0000,4,1.2446,0.000
415,6.9167,0.0000,1.2019,-62.4366,0.0000,0.2280,-15.0006,15.0006,0.000,0.000,-8.594,1,VEHICLE,0,-,0.0000,50,150,0,0.0800,0,0,0.000,0.000,0.000,0.0000,0.0000,0.0000,1,1.0000,0,0,0.0000,0,1.2486,0.0000,0.0000,0.0000,0.0000,0,80.00,0.0000,5.5932,-53.0617,0.0000,6.2019,-62.4366,80.00,-1,-1.00000,0.000,0.000,0.000,0.000,0.000,0.000,0,0.00,0,0,0,0,0,0,1.2524,-0.053,0.000,-0.0000,-0.0058,-0.0000,4,1.2486,0.000
416,6.9333,0.0000,1.2055,-62.6866,0.0000,0.2138,-15.0005,15.0005,0.000,0.000,-8.594,1,VEHICLE,0,-,0.0000,50,150,0,0.0800,0,0,0.000,0.000,0.000,0.0000,0.0000,0.0000,1,1.0000,0,0,0.0000,0,1.2524,0.0000,0.0000,0.0000,0.0000,0,80.00,0.0000,5.5967,-53.3117,0.0000,6.2055,-62.6866,80.00,-1,-1.00000,0.000,0.000,0.000,0.000,0.000,0.000,0,0.00,0,0,0,0,0,0,1.2559,-0.048,0.000,-0.0000,-0.0055,-0.0000,4,1.2524,0.000
417,6.9500,0.0000,1.2088,-62.9366,0.0000,0.2002,-15.0004,15.0004,0.000,0.000,-8.594,1,VEHICLE,0,-,0.0000,50,150,0,0.0800,0,0,0.000,0.000,0.000,0.0000,0.0000,0.0000,1,1.0000,0,0,0.0000,0,1.2559,0.0000,0.0000,0.0000,0.0000,0,80.00,0.0000,5.6001,-53.5617,0.0000,6.2088,-62.9366,80.00,-1,-1.00000,0.000,0.000,0.000,0.000,0.000,0.000,0,0.00,0,0,0,0,0,0,1.2592,-0.043,0.000,-0.0000,-0.0052,-0.0000,4,1.2559,0.000
418,6.9667,0.0000,1.2119,-63.1866,0.0000,0.1872,-15.0004,15.0004,0.000,0.000,-8.594,1,VEHICLE,0,-,0.0000,50,150,0,0.0800,0,0,0.000,0.000,0.000,0.0000,0.0000,0.0000,1,1.0000,0,0,0.0000,0,1.2592,0.0000,0.0000,0.0000,0.0000,0,80.00,0.0000,5.6032,-53.8117,0.0000,6.2119,-63.1866,80.00,-1,-1.00000,0.000,0.000,0.000,0.000,0.000,0.000,0,0.00,0,0,0,0,0,0,1.2623,-0.038,0.000,0.0000,-0.0049,-0.0000,4,1.2592,0.000
419,6.9833,0.0000,1.2149,-63.4367,0.0000,0.1747,-15.0003,15.0003,0.000,0.000,-8.594,1,VEHICLE,0,-,0.0000,50,150,0,0.0800,0,0,0.000,0.000,0.000,0.0000,0.0000,0.0000,1,1.0000,0,0,0.0000,0,1.2623,0.0000,0.0000,0.0000,0.0000,0,80.00,0.0000,5.6061,-54.0617,0.0000,6.2149,-63.4367,80.00,-1,-1.00000,0.000,0.000,0.000,0.000,0.000,0.000,0,0.00,0,0,0,0,0,0,1.2651,-0.034,0.000,-0.0000,-0.0046,-0.0000,4,1.2623,0.000
420,7.0000,0.0000,1.2176,-63.6867,0.0000,0.1627,-15.0003,15.0003,0.000,0.000,-8.594,1,VEHICLE,0,-,0.0000,50,150,0,0.0800,0,0,0.000,0.000,0.000,0.0000,0.0000,0.0000,1,1.0000,0,0,0.0000,0,1.2651,0.0000,0.0000,0.0000,0.0000,0,80.00,0.0000,5.6088,-54.3117,0.0000,6.2176,-63.6867,80.00,-1,-1.00000,0.000,0.000,0.000,0.000,0.000,0.000,0,0.00,0,0,0,0,0,0,1.2678,-0.030,0.000,-0.0000,-0.0043,-0.0000,4,1.2651,0.000
421,7.0167,0.0000,1.2201,-63.9367,0.0000,0.1513,-15.0002,15.0002,0.000,0.000,-8.594,1,VEHICLE,0,-,0.0000,50,150,0,0.0800,0,0,0.000,0.000,0.000,0.0000,0.0000,0.0000,1,1.0000,0,0,0.0000,0,1.2678,0.0000,0.0000,0.0000,0.0000,0,80.00,0.0000,5.6113,-54.5617,0.0000,6.2201,-63.9367,80.00,-1,-1.00000,0.000,0.000,0.000,0.000,0.000,0.000,0,0.00,0,0,0,0,0,0,1.2703,-0.026,0.000,0.0000,-0.0040,-0.0000,4,1.2678,0.000
422,7.0333,0.0000,1.2224,-64.1867,0.0000,0.1405,-15.0002,15.0002,0.000,0.000,-8.594,1,VEHICLE,0,-,0.0000,50,150,0,0.0800,0,0,0.000,0.000,0.000,0.0000,0.0000,0.0000,1,1.0000,0,0,0.0000,0,1.2703,0.0000,0.0000,0.0000,0.0000,0,80.00,0.0000,5.6137,-54.8117,0.0000,6.2224,-64.1867,80.00,-1,-1.00000,0.000,0.000,0.000,0.000,0.000,0.000,0,0.00,0,0,0,0,0,0,1.2726,-0.023,0.000,-0.0000,-0.0037,-0.0000,4,1.2703,0.000
423,7.0500,0.0000,1.2246,-64.4367,0.0000,0.1301,-15.0002,15.0002,0.000,0.000,-8.594,1,VEHICLE,0,-,0.0000,50,150,0,0.0800,0,0,0.000,0.000,0.000,0.0000,0.0000,0.0000,1,1.0000,0,0,0.0000,0,1.2726,0.0000,0.0000,0.0000,0.0000,0,80.00,0.0000,5.6159,-55.0617,0.0000,6.2246,-64.4367,80.00,-1,-1.00000,0.000,0.000,0.000,0.000,0.000,0.000,0,0.00,0,0,0,0,0,0,1.2748,-0.019,0.000,-0.0000,-0.0035,-0.0000,4,1.2726,0.000
424,7.0667,0.0000,1.2266,-64.6867,0.0000,0.1202,-15.0002,15.0002,0.000,0.000,-8.594,1,VEHICLE,0,-,0.0000,50,150,0,0.0800,0,0,0.000,0.000,0.000,0.0000,0.0000,0.0000,1,1.0000,0,0,0.0000,0,1.2748,0.0000,0.0000,0.0000,0.0000,0,80.00,0.0000,5.6179,-55.3117,0.0000,6.2266,-64.6867,80.00,-1,-1.00000,0.000,0.000,0.000,0.000,0.000,0.000,0,0.00,0,0,0,0,0,0,1.2767,-0.016,0.000,-0.0000,-0.0032,-0.0000,4,1.2748,0.000
425,7.0833,0.0000,1.2284,-64.9367,0.0000,0.1109,-15.0001,15.0001,0.000,0.000,-8.594,1,VEHICLE,0,-,0.0000,50,150,0,0.0800,0,0,0.000,0.000,0.000,0.0000,0.0000,0.0000,1,1.0000,0,0,0.0000,0,1.2767,0.0000,0.0000,0.0000,0.0000,0,80.00,0.0000,5.6197,-55.5617,0.0000,6.2284,-64.9367,80.00,-1,-1.00000,0.000,0.000,0.000,0.000,0.000,0.000,0,0.00,0,0,0,0,0,0,1.2786,-0.013,0.000,-0.0000,-0.0030,-0.0000,4,1.2767,0.000
426,7.1000,0.0000,1.2301,-65.1867,0.0000,0.1020,-15.0001,15.0001,0.000,0.000,-8.594,1,VEHICLE,0,-,0.0000,50,150,0,0.0800,0,0,0.000,0.000,0.000,0.0000,0.0000,0.0000,1,1.0000,0,0,0.0000,0,1.2786,0.0000,0.0000,0.0000,0.0000,0,80.00,0.0000,5.6214,-55.8117,0.0000,6.2302,-65.1867,80.00,-1,-1.00000,0.000,0.000,0.000,0.000,0.000,0.000,0,0.00,0,0,0,0,0,0,1.2802,-0.011,0.000,-0.0000,-0.0028,-0.0000,4,1.2786,0.000
427,7.1167,0.0000,1.2317,-65.4367,0.0000,0.0936,-15.0001,15.0001,0.000,0.000,-8.594,1,VEHICLE,0,-,0.0000,50,150,0,0.0800,0,0,0.000,0.000,0.000,0.0000,0.0000,0.0000,1,1.0000,0,0,0.0000,0,1.2802,0.0000,0.0000,0.0000,0.0000,0,80.00,0.0000,5.6230,-56.0617,0.0000,6.2317,-65.4367,80.00,-1,-1.00000,0.000,0.000,0.000,0.000,0.000,0.000,0,0.00,0,0,0,0,0,0,1.2818,-0.008,0.000,0.0000,-0.0026,-0.0000,4,1.2802,0.000
428,7.1333,0.0000,1.2331,-65.6867,0.0000,0.0857,-15.0001,15.0001,0.000,0.000,-8.594,1,VEHICLE,0,-,0.0000,50,150,0,0.0800,0,0,0.000,0.000,0.000,0.0000,0.0000,0.0000,1,1.0000,0,0,0.0000,0,1.2818,0.0000,0.0000,0.0000,0.0000,0,80.00,0.0000,5.6244,-56.3117,0.0000,6.2331,-65.6867,80.00,-1,-1.00000,0.000,0.000,0.000,0.000,0.000,0.000,0,0.00,0,0,0,0,0,0,1.2832,-0.006,0.000,-0.0000,-0.0024,-0.0000,4,1.2818,0.000
429,7.1500,0.0000,1.2344,-65.9367,0.0000,0.0782,-15.0000,15.0000,0.000,0.000,-8.594,1,VEHICLE,0,-,0.0000,50,150,0,0.0800,0,0,0.000,0.000,0.000,0.0000,0.0000,0.0000,1,1.0000,0,0,0.0000,0,1.2832,0.0000,0.0000,0.0000,0.0000,0,80.00,0.0000,5.6257,-56.5617,0.0000,6.2344,-65.9367,80.00,-1,-1.00000,0.000,0.000,0.000,0.000,0.000,0.000,0,0.00,0,0,0,0,0,0,1.2845,-0.004,0.000,0.0000,-0.0022,-0.0000,4,1.2832,0.000
430,7.1667,0.0000,1.2356,-66.1867,0.0000,0.0712,-15.0000,15.0000,0.000,0.000,-8.594,1,VEHICLE,0,-,0.0000,50,150,0,0.0800,0,0,0.000,0.000,0.000,0.0000,0.0000,0.0000,1,1.0000,0,0,0.0000,0,1.2845,0.0000,0.0000,0.0000,0.0000,0,80.00,0.0000,5.6269,-56.8117,0.0000,6.2356,-66.1867,80.00,-1,-1.00000,0.000,0.000,0.000,0.000,0.000,0.000,0,0.00,0,0,0,0,0,0,1.2856,-0.002,0.000,-0.0000,-0.0020,-0.0000,4,1.2845,0.000
431,7.1833,0.0000,1.2367,-66.4367,0.0000,0.0645,-15.0000,15.0000,0.000,0.000,-8.594,1,VEHICLE,0,-,0.0000,50,150,0,0.0800,0,0,0.000,0.000,0.000,0.0000,0.0000,0.0000,1,1.0000,0,0,0.0000,0,1.2856,0.0000,0.0000,0.0000,0.0000,0,80.00,0.0000,5.6280,-57.0617,0.0000,6.2367,-66.4367,80.00,-1,-1.00000,0.000,0.000,0.000,0.000,0.000,0.000,0,0.00,0,0,0,0,0,0,1.2867,-0.000,0.000,-0.0000,-0.0018,-0.0000,4,1.2856,0.000
432,7.2000,0.0000,1.2377,-66.6867,0.0000,0.0583,-15.0000,15.0000,0.000,0.000,-8.594,1,VEHICLE,0,-,0.0000,50,150,0,0.0800,0,0,0.000,0.000,0.000,0.0000,0.0000,0.0000,1,1.0000,0,0,0.0000,0,1.2867,0.0000,0.0000,0.0000,0.0000,0,80.00,0.0000,5.6289,-57.3117,0.0000,6.2377,-66.6867,80.00,-1,-1.00000,0.000,0.000,0.000,0.000,0.000,0.000,0,0.00,0,0,0,0,0,0,1.2877,0.001,0.000,-0.0000,-0.0016,-0.0000,4,1.2867,0.000
433,7.2167,0.0000,1.2386,-66.9367,0.0000,0.0524,-15.0000,15.0000,0.000,0.000,-8.594,1,VEHICLE,0,-,0.0000,50,150,0,0.0800,0,0,0.000,0.000,0.000,0.0000,0.0000,0.0000,1,1.0000,0,0,0.0000,0,1.2877,0.0000,0.0000,0.0000,0.0000,0,80.00,0.0000,5.6298,-57.5617,0.0000,6.2386,-66.9367,80.00,-1,-1.00000,0.000,0.000,0.000,0.000,0.000,0.000,0,0.00,0,0,0,0,0,0,1.2885,0.003,0.000,0.0000,-0.0015,-0.0000,4,1.2877,0.000
434,7.2333,0.0000,1.2393,-67.1867,0.0000,0.0470,-15.0000,15.0000,0.000,0.000,-8.594,1,VEHICLE,0,-,0.0000,50,150,0,0.0800,0,0,0.000,0.000,0.000,0.0000,0.0000,0.0000,1,1.0000,0,0,0.0000,0,1.2885,0.0000,0.0000,0.0000,0.0000,0,80.00,0.0000,5.6306,-57.8117,0.0000,6.2393,-67.1867,80.00,-1,-1.00000,0.000,0.000,0.000,0.000,0.000,0.000,0,0.00,0,0,0,0,0,0,1.2893,0.004,0.000,-0.0000,-0.0013,-0.0000,4,1.2885,0.000
435,7.2500,0.0000,1.2400,-67.4367,0.0000,0.0418,-15.0000,15.0000,0.000,0.000,-8.594,1,VEHICLE,0,-,0.0000,50,150,0,0.0800,0,0,0.000,0.000,0.000,0.0000,0.0000,0.0000,1,1.0000,0,0,0.0000,0,1.2893,0.0000,0.0000,0.0000,0.0000,0,80.00,0.0000,5.6313,-58.0617,0.0000,6.2400,-67.4367,80.00,-1,-1.00000,0.000,0.000,0.000,0.000,0.000,0.000,0,0.00,0,0,0,0,0,0,1.2900,0.005,0.000,-0.0000,-0.0012,-0.0000,4,1.2893,0.000
436,7.2667,0.0000,1.2406,-67.6867,0.0000,0.0370,-15.0000,15.0000,0.000,0.000,-8.594,1,VEHICLE,0,-,0.0000,50,150,0,0.0800,0,0,0.000,0.000,0.000,0.0000,0.0000,0.0000,1,1.0000,0,0,0.0000,0,1.2900,0.0000,0.0000,0.0000,0.0000,0,80.00,0.0000,5.6319,-58.3117,0.0000,6.2406,-67.6867,80.00,-1,-1.00000,0.000,0.000,0.000,0.000,0.000,0.000,0,0.00,0,0,0,0,0,0,1.2906,0.006,0.000,-0.0000,-0.0011,-0.0000,4,1.2900,0.000
437,7.2833,0.0000,1.2412,-67.9367,0.0000,0.0326,-15.0000,15.0000,0.000,0.000,-8.594,1,VEHICLE,0,-,0.0000,50,150,0,0.0800,0,0,0.000,0.000,0.000,0.0000,0.0000,0.0000,1,1.0000,0,0,0.0000,0,1.2906,0.0000,0.0000,0.0000,0.0000,0,80.00,0.0000,5.6325,-58.5617,0.0000,6.2412,-67.9367,80.00,-1,-1.00000,0.000,0.000,0.000,0.000,0.000,0.000,0,0.00,0,0,0,0,0,0,1.2911,0.007,0.000,-0.0000,-0.0009,-0.0000,4,1.2906,0.000
438,7.3000,0.0000,1.2417,-68.1867,0.0000,0.0284,-15.0000,15.0000,0.000,0.000,-8.594,1,VEHICLE,0,-,0.0000,50,150,0,0.0800,0,0,0.000,0.000,0.000,0.0000,0.0000,0.0000,1,1.0000,0,0,0.0000,0,1.2911,0.0000,0.0000,0.0000,0.0000,0,80.00,0.0000,5.6329,-58.8117,0.0000,6.2417,-68.1867,80.00,-1,-1.00000,0.000,0.000,0.000,0.000,0.000,0.000,0,0.00,0,0,0,0,0,0,1.2916,0.008,0.000,0.0000,-0.0008,-0.0000,4,1.2911,0.000
439,7.3167,0.0000,1.2421,-68.4367,0.0000,0.0246,-15.0000,15.0000,0.000,0.000,-8.594,1,VEHICLE,0,-,0.0000,50,150,0,0.0800,0,0,0.000,0.000,0.000,0.0000,0.0000,0.0000,1,1.0000,0,0,0.0000,0,1.2916,0.0000,0.0000,0.0000,0.0000,0,80.00,0.0000,5.6333,-59.0617,0.0000,6.2421,-68.4367,80.00,-1,-1.00000,0.000,0.000,0.000,0.000,0.000,0.000,0,0.00,0,0,0,0,0,0,1.2920,0.008,0.000,-0.0000,-0.0007,-0.0000,4,1.2916,0.000
440,7.3333,0.0000,1.2424,-68.6867,0.0000,0.0210,-14.9999,14.9999,0.000,0.000,-8.594,1,VEHICLE,0,-,0.0000,50,150,0,0.0800,0,0,0.000,0.000,0.000,0.0000,0.0000,0.0000,1,1.0000,0,0,0.0000,0,1.2920,0.0000,0.0000,0.0000,0.0000,0,80.00,0.0000,5.6337,-59.3117,0.0000,6.2424,-68.6867,80.00,-1,-1.00000,0.000,0.000,0.000,0.000,0.000,0.000,0,0.00,0,0,0,0,0,0,1.2924,0.009,0.000,-0.0000,-0.0006,-0.0000,4,1.2920,0.000
441,7.3500,0.0000,1.2427,-68.9367,0.0000,0.0177,-14.9999,14.9999,0.000,0.000,-8.594,1,VEHICLE,0,-,0.0000,50,150,0,0.0800,0,0,0.000,0.000,0.000,0.0000,0.0000,0.0000,1,1.0000,0,0,0.0000,0,1.2924,0.0000,0.0000,0.0000,0.0000,0,80.00,0.0000,5.6340,-59.5617,0.0000,6.2427,-68.9367,80.00,-1,-1.00000,0.000,0.000,0.000,0.000,0.000,0.000,0,0.00,0,0,0,0,0,0,1.2926,0.010,0.000,0.0000,-0.0005,-0.0000,4,1.2924,0.000
442,7.3667,0.0000,1.2430,-69.1867,0.0000,0.0147,-14.9999,14.9999,0.000,0.000,-8.594,1,VEHICLE,0,-,0.0000,50,150,0,0.0800,0,0,0.000,0.000,0.000,0.0000,0.0000,0.0000,1,1.0000,0,0,0.0000,0,1.2926,0.0000,0.0000,0.0000,0.0000,0,80.00,0.0000,5.6342,-59.8117,0.0000,6.2430,-69.1867,80.00,-1,-1.00000,0.000,0.000,0.000,0.000,0.000,0.000,0,0.00,0,0,0,0,0,0,1.2929,0.010,0.000,-0.0000,-0.0004,-0.0000,4,1.2926,0.000
443,7.3833,0.0000,1.2432,-69.4367,0.0000,0.0119,-14.9999,14.9999,0.000,0.000,-8.594,1,VEHICLE,0,-,0.0000,50,150,0,0.0800,0,0,0.000,0.000,0.000,0.0000,0.0000,0.0000,1,1.0000,0,0,0.0000,0,1.2929,0.0000,0.0000,0.0000,0.0000,0,80.00,0.0000,5.6344,-60.0617,0.0000,6.2432,-69.4367,80.00,-1,-1.00000,0.000,0.000,0.000,0.000,0.000,0.000,0,0.00,0,0,0,0,0,0,1.2931,0.010,0.000,-0.0000,-0.0004,-0.0000,4,1.2929,0.000
444,7.4000,0.0000,1.2433,-69.6867,0.0000,0.0093,-14.9999,14.9999,0.000,0.000,-8.594,1,VEHICLE,0,-,0.0000,50,150,0,0.0800,0,0,0.000,0.000,0.000,0.0000,0.0000,0.0000,1,1.0000,0,0,0.0000,0,1.2931,0.0000,0.0000,0.0000,0.0000,0,80.00,0.0000,5.6346,-60.3117,0.0000,6.2433,-69.6867,80.00,-1,-1.00000,0.000,0.000,0.000,0.000,0.000,0.000,0,0.00,0,0,0,0,0,0,1.2932,0.011,0.000,0.0000,-0.0003,-0.0000,4,1.2931,0.000
445,7.4167,0.0000,1.2434,-69.9367,0.0000,0.0070,-14.9999,14.9999,0.000,0.000,-8.594,1,VEHICLE,0,-,0.0000,50,150,0,0.0800,0,0,0.000,0.000,0.000,0.0000,0.0000,0.0000,1,1.0000,0,0,0.0000,0,1.2932,0.0000,0.0000,0.0000,0.0000,0,80.00,0.0000,5.6347,-60.5617,0.0000,6.2434,-69.9367,80.00,-1,-1.00000,0.000,0.000,0.000,0.000,0.000,0.000,0,0.00,0,0,0,0,0,0,1.2933,0.011,0.000,-0.0000,-0.0002,-0.0000,4,1.2932,0.000
446,7.4333,0.0000,1.2435,-70.1867,0.0000,0.0048,-14.9999,14.9999,0.000,0.000,-8.594,1,VEHICLE,0,-,0.0000,50,150,0,0.0800,0,0,0.000,0.000,0.000,0.0000,0.0000,0.0000,1,1.0000,0,0,0.0000,0,1.2933,0.0000,0.0000,0.0000,0.0000,0,80.00,0.0000,5.6348,-60.8117,0.0000,6.2435,-70.1867,80.00,-1,-1.00000,0.000,0.000,0.000,0.000,0.000,0.000,0,0.00,0,0,0,0,0,0,1.2934,0.011,0.000,-0.0000,-0.0002,-0.0000,4,1.2933,0.000
447,7.4500,0.0000,1.2436,-70.4367,0.0000,0.0029,-14.9999,14.9999,0.000,0.000,-8.594,1,VEHICLE,0,-,0.0000,50,150,0,0.0800,0,0,0.000,0.000,0.000,0.0000,0.0000,0.0000,1,1.0000,0,0,0.0000,0,1.2934,0.0000,0.0000,0.0000,0.0000,0,80.00,0.0000,5.6348,-61.0617,0.0000,6.2436,-70.4367,80.00,-1,-1.00000,0.000,0.000,0.000,0.000,0.000,0.000,0,0.00,0,0,0,0,0,0,1.2935,0.011,0.000,0.0000,-0.0001,-0.0000,4,1.2934,0.000
448,7.4667,0.0000,1.2436,-70.6867,0.0000,0.0011,-14.9999,14.9999,0.000,0.000,-8.594,1,VEHICLE,0,-,0.0000,50,150,0,0.0800,0,0,0.000,0.000,0.000,0.0000,0.0000,0.0000,1,1.0000,0,0,0.0000,0,1.2935,0.0000,0.0000,0.0000,0.0000,0,80.00,0.0000,5.6348,-61.3117,0.0000,6.2436,-70.6867,80.00,-1,-1.00000,0.000,0.000,0.000,0.000,0.000,0.000,0,0.00,0,0,0,0,0,0,1.2935,0.011,0.000,-0.0000,-0.0001,-0.0000,4,1.2935,0.000
449,7.4833,0.0000,1.2436,-70.9367,0.0000,-0.0005,-14.9999,14.9999,0.000,0.000,-8.594,1,VEHICLE,0,-,0.0000,50,150,0,0.0800,0,0,0.000,0.000,0.000,0.0000,0.0000,0.0000,1,1.0000,0,0,0.0000,0,1.2935,0.0000,0.0000,0.0000,0.0000,0,80.00,0.0000,5.6348,-61.5617,0.0000,6.2436,-70.9367,80.00,-1,-1.00000,0.000,0.000,0.000,0.000,0.000,0.000,0,0.00,0,0,0,0,0,0,1.2935,0.011,0.000,-0.0000,-0.0000,-0.0000,4,1.2935,0.000
450,7.5000,0.0000,1.2435,-71.1867,0.0000,-0.0020,-14.9999,14.9999,0.000,0.000,-8.594,1,VEHICLE,0,-,0.0000,50,150,0,0.0800,0,0,0.000,0.000,0.000,0.0000,0.0000,0.0000,1,1.0000,0,0,0.0000,0,1.2935,0.0000,0.0000,0.0000,0.0000,0,80.00,0.0000,5.6348,-61.8117,0.0000,6.2435,-71.1867,80.00,-1,-1.00000,0.000,0.000,0.000,0.000,0.000,0.000,0,0.00,0,0,0,0,0,0,1.2934,0.011,0.000,-0.0000,0.0000,-0.0000,4,1.2935,0.000
451,7.5167,0.0000,1.2435,-71.4367,0.0000,-0.0033,-14.9999,14.9999,0.000,0.000,-8.594,1,VEHICLE,0,-,0.0000,50,150,0,0.0800,0,0,0.000,0.000,0.000,0.0000,0.0000,0.0000,1,1.0000,0,0,0.0000,0,1.2934,0.0000,0.0000,0.0000,0.0000,0,80.00,0.0000,5.6347,-62.0617,0.0000,6.2435,-71.4367,80.00,-1,-1.00000,0.000,0.000,0.000,0.000,0.000,0.000,0,0.00,0,0,0,0,0,0,1.2934,0.011,0.000,0.0000,0.0001,-0.0000,4,1.2934,0.000
