step,t,x,y,z,vx,vy,vz,hspeed,yaw_deg,cam_yaw_deg,cam_pitch_deg,grounded,form,transforming,anim,anim_t,ammo,reserve,reloading,spread,shots,weapon_visible,reload_w,aim_w,aim_pitch_n,muzzle_x,muzzle_y,muzzle_z,move_form,progress,weapon_usable,weapon_restored,mesh_off_y,veh_driving,veh_ride,veh_dash,veh_dash_cd,veh_nitro,veh_nitro_cd,fine_aim,fov,cam_x,cam_y,cam_z,cam_focus_x,cam_focus_y,cam_focus_z,cam_fov,drawn_model,pose_delta,bb_min_x,bb_min_y,bb_min_z,bb_max_x,bb_max_y,bb_max_z,far_verts,far_max,partner_far_verts,partner_shown,arm_shown,hand_shrunk,robot_visible,vehicle_visible,com_h,pitch_deg,roll_deg,ang_x,ang_y,ang_z,contacts,spring_mean,rammed_remain
1,0.0167,0.0000,0.5500,0.0000,0.0000,0.2969,0.0000,0.0000,0.000,0.000,-8.594,1,VEHICLE,0,-,0.0000,50,150,0,0.0800,0,0,0.000,0.000,0.000,0.0000,0.0000,0.0000,1,1.0000,0,0,0.0000,0,0.0500,0.0000,0.0000,0.0000,0.0000,0,80.00,2.9761,4.1808,6.4911,0.0000,5.5500,0.0000,80.00,-1,-1.00000,0.000,0.000,0.000,0.000,0.000,0.000,0,0.00,0,0,0,0,0,0,0.6000,-0.000,0.000,-0.0000,0.0000,-0.0000,4,0.0500,0.000
2,0.0333,0.0000,0.5500,-0.0000,0.0000,0.0000,-0.0000,0.0000,0.000,0.000,-8.594,1,VEHICLE,0,-,0.0000,50,150,0,0.0800,0,0,0.000,0.000,0.000,0.0000,0.0000,0.0000,1,1.0000,0,0,0.0000,0,0.6000,0.0000,0.0000,0.0000,0.0000,0,80.00,2.9116,4.1958,6.5231,0.0000,5.5500,-0.0000,80.00,-1,-1.00000,0.000,0.000,0.000,0.000,0.000,0.000,0,0.00,0,0,0,0,0,0,0.6000,-0.000,0.000,-0.0000,0.0000,-0.0000,4,0.6000,0.000
3,0.0500,0.0000,0.5527,-0.0000,0.0000,0.1649,-0.0000,0.0000,0.000,0.000,-8.594,1,VEHICLE,0,-,0.0000,50,150,0,0.0800,0,0,0.000,0.000,0.000,0.0000,0.0000,0.0000,1,1.0000,0,0,0.0000,0,0.6000,0.0000,0.0000,0.0000,0.0000,0,80.00,2.8169,4.2205,6.5704,0.0000,5.5527,-0.0000,80.00,-1,-1.00000,0.000,0.000,0.000,0.000,0.000,0.000,0,0.00,0,0,0,0,0,0,0.6027,-0.000,0.000,-0.0000,0.0000,-0.0000,4,0.6000,0.000
4,0.0667,0.0000,0.5580,-0.0000,0.0000,0.3127,-0.0000,0.0000,0.000,0.000,-8.594,1,VEHICLE,0,-,0.0000,50,150,0,0.0800,0,0,0.000,0.000,0.000,0.0000,0.0000,0.0000,1,1.0000,0,0,0.0000,0,0.6027,0.0000,0.0000,0.0000,0.0000,0,80.00,2.7005,4.2527,6.6288,0.0000,5.5580,-0.0000,80.00,-1,-1.00000,0.000,0.000,0.000,0.000,0.000,0.000,0,0.00,0,0,0,0,0,0,0.6080,-0.000,0.000,-0.0000,0.0000,-0.0000,4,0.6027,0.000
5,0.0833,0.0000,0.5654,-0.0000,0.0000,0.4445,-0.0000,0.0000,0.000,0.000,-8.594,1,VEHICLE,0,-,0.0000,50,150,0,0.0800,0,0,0.000,0.000,0.000,0.0000,0.0000,0.0000,1,1.0000,0,0,0.0000,0,0.6080,0.0000,0.0000,0.0000,0.0000,0,80.00,2.5694,4.2906,6.6953,0.0000,5.5654,-0.0000,80.00,-1,-1.00000,0.000,0.000,0.000,0.000,0.000,0.000,0,0.00,0,0,0,0,0,0,0.6154,-0.000,0.000,-0.0000,0.0000,-0.0000,4,0.6080,0.000
6,0.1000,0.0000,0.5747,-0.0000,0.0000,0.5613,-0.0000,0.0000,0.000,0.000,-8.594,1,VEHICLE,0,-,0.0000,50,150,0,0.0800,0,0,0.000,0.000,0.000,0.0000,0.0000,0.0000,1,1.0000,0,0,0.0000,0,0.6154,0.0000,0.0000,0.0000,0.0000,0,80.00,2.4290,4.3326,6.7670,0.0000,5.5747,-0.0000,80.00,-1,-1.00000,0.000,0.000,0.000,0.000,0.000,0.000,0,0.00,0,0,0,0,0,0,0.6247,-0.000,0.000,-0.0000,0.0000,-0.0000,4,0.6154,0.000
7,0.1167,0.0000,0.5858,-0.0000,0.0000,0.6642,-0.0000,0.0000,0.000,0.000,-8.594,1,VEHICLE,0,-,0.0000,50,150,0,0.0800,0,0,0.000,0.000,0.000,0.0000,0.0000,0.0000,1,1.0000,0,0,0.0000,0,0.6247,0.0000,0.0000,0.0000,0.0000,0,80.00,2.2837,4.3775,6.8421,0.0000,5.5858,-0.0000,80.00,-1,-1.00000,0.000,0.000,0.000,0.000,0.000,0.000,0,0.00,0,0,0,0,0,0,0.6358,-0.000,0.000,-0.0000,0.0000,-0.0000,4,0.6247,0.000
8,0.1333,0.0000,0.5984,-0.0000,0.0000,0.7541,-0.0000,0.0000,0.000,0.000,-8.594,1,VEHICLE,0,-,0.0000,50,150,0,0.0800,0,0,0.000,0.000,0.000,0.0000,0.0000,0.0000,1,1.0000,0,0,0.0000,0,0.6358,0.0000,0.0000,0.0000,0.0000,0,80.00,2.1368,4.4243,6.9188,0.0000,5.5984,-0.0000,80.00,-1,-1.00000,0.000,0.000,0.000,0.000,0.000,0.000,0,0.00,0,0,0,0,0,0,0.6484,-0.000,0.000,-0.0000,0.0000,-0.0000,4,0.6358,0.000
9,0.1500,0.0000,0.6122,-0.0000,0.0000,0.8320,-0.0000,0.0000,0.000,0.000,-8.594,1,VEHICLE,0,-,0.0000,50,150,0,0.0800,0,0,0.000,0.000,0.000,0.0000,0.0000,0.0000,1,1.0000,0,0,0.0000,0,0.6484,0.0000,0.0000,0.0000,0.0000,0,80.00,1.9911,4.4722,6.9958,0.0000,5.6122,-0.0000,80.00,-1,-1.00000,0.000,0.000,0.000,0.000,0.000,0.000,0,0.00,0,0,0,0,0,0,0.6622,-0.000,0.000,-0.0000,0.0000,-0.0000,4,0.6484,0.000
10,0.1667,0.0000,0.6272,-0.0000,0.0000,0.8988,-0.0000,0.0000,0.000,0.000,-8.594,1,VEHICLE,0,-,0.0000,50,150,0,0.0800,0,0,0.000,0.000,0.000,0.0000,0.0000,0.0000,1,1.0000,0,0,0.0000,0,0.6622,0.0000,0.0000,0.0000,0.0000,0,80.00,1.8485,4.5206,7.0723,0.0000,5.6272,-0.0000,80.00,-1,-1.00000,0.000,0.000,0.000,0.000,0.000,0.000,0,0.00,0,0,0,0,0,0,0.6772,-0.000,0.000,-0.0000,0.0000,-0.0000,4,0.6622,0.000
11,0.1833,0.0000,0.6431,-0.0000,0.0000,0.9554,-0.0000,0.0000,0.000,0.000,-8.594,1,VEHICLE,0,-,0.0000,50,150,0,0.0800,0,0,0.000,0.000,0.000,0.0000,0.0000,0.0000,1,1.0000,0,0,0.0000,0,0.6772,0.0000,0.0000,0.0000,0.0000,0,80.00,1.7105,4.5688,7.1475,0.0000,5.6431,-0.0000,80.00,-1,-1.00000,0.000,0.000,0.000,0.000,0.000,0.000,0,0.00,0,0,0,0,0,0,0.6931,-0.000,0.000,-0.0000,0.0000,-0.0000,4,0.6772,0.000
12,0.2000,0.0000,0.6598,-0.0000,0.0000,1.0024,-0.0000,0.0000,0.000,0.000,-8.594,1,VEHICLE,0,-,0.0000,50,150,0,0.0800,0,0,0.000,0.000,0.000,0.0000,0.0000,0.0000,1,1.0000,0,0,0.0000,0,0.6931,0.0000,0.0000,0.0000,0.0000,0,80.00,1.5782,4.6166,7.2208,0.0000,5.6598,-0.0000,80.00,-1,-1.00000,0.000,0.000,0.000,0.000,0.000,0.000,0,0.00,0,0,0,0,0,0,0.7098,-0.000,0.000,-0.0000,0.0000,-0.0000,4,0.6931,0.000
13,0.2167,0.0000,0.6772,-0.0000,0.0000,1.0407,-0.0000,0.0000,0.000,0.000,-8.594,1,VEHICLE,0,-,0.0000,50,150,0,0.0800,0,0,0.000,0.000,0.000,0.0000,0.0000,0.0000,1,1.0000,0,0,0.0000,0,0.7098,0.0000,0.0000,0.0000,0.0000,0,80.00,1.4523,4.6636,7.2919,0.0000,5.6772,-0.0000,80.00,-1,-1.00000,0.000,0.000,0.000,0.000,0.000,0.000,0,0.00,0,0,0,0,0,0,0.7272,-0.000,0.000,-0.0000,0.0000,-0.0000,4,0.7098,0.000
14,0.2333,0.0000,0.6950,-0.0000,0.0000,1.0711,-0.0000,0.0000,0.000,0.000,-8.594,1,VEHICLE,0,-,0.0000,50,150,0,0.0800,0,0,0.000,0.000,0.000,0.0000,0.0000,0.0000,1,1.0000,0,0,0.0000,0,0.7272,0.0000,0.0000,0.0000,0.0000,0,80.00,1.3333,4.7095,7.3606,0.0000,5.6950,-0.0000,80.00,-1,-1.00000,0.000,0.000,0.000,0.000,0.000,0.000,0,0.00,0,0,0,0,0,0,0.7450,-0.000,0.000,-0.0000,0.0000,-0.0000,4,0.7272,0.000
15,0.2500,0.0000,0.7133,-0.0000,0.0000,1.0941,-0.0000,0.0000,0.000,0.000,-8.594,1,VEHICLE,0,-,0.0000,50,150,0,0.0800,0,0,0.000,0.000,0.000,0.0000,0.0000,0.0000,1,1.0000,0,0,0.0000,0,0.7450,0.0000,0.0000,0.0000,0.0000,0,80.00,1.2213,4.7542,7.4266,0.0000,5.7133,-0.0000,80.00,-1,-1.00000,0.000,0.000,0.000,0.000,0.000,0.000,0,0.00,0,0,0,0,0,0,0.7633,-0.000,0.000,0.0000,0.0000,-0.0000,4,0.7450,0.000
16,0.2667,0.0000,0.7318,-0.0000,0.0000,1.1105,-0.0000,0.0000,0.000,0.000,-8.594,1,VEHICLE,0,-,0.0000,50,150,0,0.0800,0,0,0.000,0.000,0.000,0.0000,0.0000,0.0000,1,1.0000,0,0,0.0000,0,0.7633,0.0000,0.0000,0.0000,0.0000,0,80.00,1.1166,4.7976,7.4900,0.0000,5.7318,-0.0000,80.00,-1,-1.00000,0.000,0.000,0.000,0.000,0.000,0.000,0,0.00,0,0,0,0,0,0,0.7818,-0.000,0.000,-0.0000,-0.0000,-0.0000,4,0.7633,0.000
17,0.2833,0.0000,0.7505,-0.0000,0.0000,1.1207,-0.0000,0.0000,0.000,0.000,-8.594,1,VEHICLE,0,-,0.0000,50,150,0,0.0800,0,0,0.000,0.000,0.000,0.0000,0.0000,0.0000,1,1.0000,0,0,0.0000,0,0.7818,0.0000,0.0000,0.0000,0.0000,0,80.00,1.0190,4.8395,7.5508,0.0000,5.7505,-0.0000,80.00,-1,-1.00000,0.000,0.000,0.000,0.000,0.000,0.000,0,0.00,0,0,0,0,0,0,0.8005,-0.000,0.000,-0.0000,-0.0000,-0.0000,4,0.7818,0.000
18,0.3000,0.0000,0.7692,-0.0000,0.0000,1.1255,-0.0000,0.0000,0.000,0.000,-8.594,1,VEHICLE,0,-,0.0000,50,150,0,0.0800,0,0,0.000,0.000,0.000,0.0000,0.0000,0.0000,1,1.0000,0,0,0.0000,0,0.8005,0.0000,0.0000,0.0000,0.0000,0,80.00,0.9283,4.8799,7.6090,0.0000,5.7692,-0.0000,80.00,-1,-1.00000,0.000,0.000,0.000,0.000,0.000,0.000,0,0.00,0,0,0,0,0,0,0.8192,-0.000,0.000,0.0000,-0.0000,-0.0000,4,0.8005,0.000
19,0.3167,0.0000,0.7880,-0.0000,0.0000,1.1253,-0.0000,0.0000,0.000,0.000,-8.594,1,VEHICLE,0,-,0.0000,50,150,0,0.0800,0,0,0.000,0.000,0.000,0.0000,0.0000,0.0000,1,1.0000,0,0,0.0000,0,0.8192,0.0000,0.0000,0.0000,0.0000,0,80.00,0.8445,4.9188,7.6646,0.0000,5.7880,-0.0000,80.00,-1,-1.00000,0.000,0.000,0.000,0.000,0.000,0.000,0,0.00,0,0,0,0,0,0,0.8380,-0.000,0.000,-0.0000,0.0000,-0.0000,4,0.8192,0.000
20,0.3333,0.0000,0.8066,-0.0000,0.0000,1.1206,-0.0000,0.0000,0.000,0.000,-8.594,1,VEHICLE,0,-,0.0000,50,150,0,0.0800,0,0,0.000,0.000,0.000,0.0000,0.0000,0.0000,1,1.0000,0,0,0.0000,0,0.8380,0.0000,0.0000,0.0000,0.0000,0,80.00,0.7671,4.9562,7.7178,0.0000,5.8066,-0.0000,80.00,-1,-1.00000,0.000,0.000,0.000,0.000,0.000,0.000,0,0.00,0,0,0,0,0,0,0.8566,-0.000,0.000,0.0000,0.0000,-0.0000,4,0.8380,0.000
21,0.3500,0.0000,0.8252,-0.0000,0.0000,1.1118,-0.0000,0.0000,0.000,0.000,-8.594,1,VEHICLE,0,-,0.0000,50,150,0,0.0800,0,0,0.000,0.000,0.000,0.0000,0.0000,0.0000,1,1.0000,0,0,0.0000,0,0.8566,0.0000,0.0000,0.0000,0.0000,0,80.00,0.6959,4.9920,7.7687,0.0000,5.8252,-0.0000,80.00,-1,-1.00000,0.000,0.000,0.000,0.000,0.000,0.000,0,0.00,0,0,0,0,0,0,0.8752,-0.000,0.000,0.0000,-0.0000,-0.0000,4,0.8566,0.000
22,0.3667,0.0000,0.8435,-0.0000,0.0000,1.0996,-0.0000,0.0000,0.000,0.000,-8.594,1,VEHICLE,0,-,0.0000,50,150,0,0.0800,0,0,0.000,0.000,0.000,0.0000,0.0000,0.0000,1,1.0000,0,0,0.0000,0,0.8752,0.0000,0.0000,0.0000,0.0000,0,80.00,0.6305,5.0263,7.8175,0.0000,5.8435,-0.0000,80.00,-1,-1.00000,0.000,0.000,0.000,0.000,0.000,0.000,0,0.00,0,0,0,0,0,0,0.8935,-0.000,0.000,0.0000,-0.0000,-0.0000,4,0.8752,0.000
23,0.3833,0.0000,0.8616,-0.0000,0.0000,1.0841,-0.0000,0.0000,0.000,0.000,-8.594,1,VEHICLE,0,-,0.0000,50,150,0,0.0800,0,0,0.000,0.000,0.000,0.0000,0.0000,0.0000,1,1.0000,0,0,0.0000,0,0.8935,0.0000,0.0000,0.0000,0.0000,0,80.00,0.5706,5.0591,7.8642,0.0000,5.8616,-0.0000,80.00,-1,-1.00000,0.000,0.000,0.000,0.000,0.000,0.000,0,0.00,0,0,0,0,0,0,0.9116,-0.000,0.000,-0.0000,0.0000,-0.0000,4,0.8935,0.000
24,0.4000,0.0000,0.8793,-0.0000,0.0000,1.0659,-0.0000,0.0000,0.000,0.000,-8.594,1,VEHICLE,0,-,0.0000,50,150,0,0.0800,0,0,0.000,0.000,0.000,0.0000,0.0000,0.0000,1,1.0000,0,0,0.0000,0,0.9116,0.0000,0.0000,0.0000,0.0000,0,80.00,0.5158,5.0905,7.9091,0.0000,5.8793,-0.0000,80.00,-1,-1.00000,0.000,0.000,0.000,0.000,0.000,0.000,0,0.00,0,0,0,0,0,0,0.9293,-0.000,0.000,-0.0000,0.0000,-0.0000,4,0.9116,0.000
25,0.4167,0.0000,0.8968,-0.0000,0.0000,1.0452,-0.0000,0.0000,0.000,0.000,-8.594,1,VEHICLE,0,-,0.0000,50,150,0,0.0800,0,0,0.000,0.000,0.000,0.0000,0.0000,0.0000,1,1.0000,0,0,0.0000,0,0.9293,0.0000,0.0000,0.0000,0.0000,0,80.00,0.4659,5.1204,7.9522,0.0000,5.8968,-0.0000,80.00,-1,-1.00000,0.000,0.000,0.000,0.000,0.000,0.000,0,0.00,0,0,0,0,0,0,0.9468,-0.000,0.000,0.0000,-0.0000,-0.0000,4,0.9293,0.000
26,0.4333,0.0000,0.9138,-0.0000,0.0000,1.0224,-0.0000,0.0000,0.000,0.000,-8.594,1,VEHICLE,0,-,0.0000,50,150,0,0.0800,0,0,0.000,0.000,0.000,0.0000,0.0000,0.0000,1,1.0000,0,0,0.0000,0,0.9468,0.0000,0.0000,0.0000,0.0000,0,80.00,0.4203,5.1490,7.9937,0.0000,5.9138,-0.0000,80.00,-1,-1.00000,0.000,0.000,0.000,0.000,0.000,0.000,0,0.00,0,0,0,0,0,0,0.9638,-0.000,0.000,-0.0000,0.0000,-0.0000,4,0.9468,0.000
27,0.4500,0.0000,0.9304,-0.0000,0.0000,0.9978,-0.0000,0.0000,0.000,0.000,-8.594,1,VEHICLE,0,-,0.0000,50,150,0,0.0800,0,0,0.000,0.000,0.000,0.0000,0.0000,0.0000,1,1.0000,0,0,0.0000,0,0.9638,0.0000,0.0000,0.0000,0.0000,0,80.00,0.3789,5.1762,8.0337,0.0000,5.9304,-0.0000,80.00,-1,-1.00000,0.000,0.000,0.000,0.000,0.000,0.000,0,0.00,0,0,0,0,0,0,0.9804,-0.000,0.000,-0.0000,-0.0000,-0.0000,4,0.9638,0.000
28,0.4667,0.0000,0.9466,-0.0000,0.0000,0.9716,-0.0000,0.0000,0.000,0.000,-8.594,1,VEHICLE,0,-,0.0000,50,150,0,0.0800,0,0,0.000,0.000,0.000,0.0000,0.0000,0.0000,1,1.0000,0,0,0.0000,0,0.9804,0.0000,0.0000,0.0000,0.0000,0,80.00,0.3413,5.2021,8.0724,0.0000,5.9466,-0.0000,80.00,-1,-1.00000,0.000,0.000,0.000,0.000,0.000,0.000,0,0.00,0,0,0,0,0,0,0.9966,-0.000,0.000,-0.0000,0.0000,-0.0000,4,0.9804,0.000
29,0.4833,0.0000,0.9624,-0.0000,0.0000,0.9442,-0.0000,0.0000,0.000,0.000,-8.594,1,VEHICLE,0,-,0.0000,50,150,0,0.0800,0,0,0.000,0.000,0.000,0.0000,0.0000,0.0000,1,1.0000,0,0,0.0000,0,0.9966,0.0000,0.0000,0.0000,0.0000,0,80.00,0.3072,5.2268,8.1099,0.0000,5.9624,-0.0000,80.00,-1,-1.00000,0.000,0.000,0.000,0.000,0.000,0.000,0,0.00,0,0,0,0,0,0,1.0124,-0.000,0.000,0.0000,-0.0000,-0.0000,4,0.9966,0.000
30,0.5000,0.0000,0.9776,-0.0000,0.0000,0.9158,-0.0000,0.0000,0.000,0.000,-8.594,1,VEHICLE,0,-,0.0000,50,150,0,0.0800,0,0,0.000,0.000,0.000,0.0000,0.0000,0.0000,1,1.0000,0,0,0.0000,0,1.0124,0.0000,0.0000,0.0000,0.0000,0,80.00,0.2762,5.2502,8.1463,0.0000,5.9776,-0.0000,80.00,-1,-1.00000,0.000,0.000,0.000,0.000,0.000,0.000,0,0.00,0,0,0,0,0,0,1.0276,-0.000,0.000,-0.0000,0.0000,-0.0000,4,1.0124,0.000
31,0.5167,0.0000,0.9924,-0.0000,0.0000,0.8865,-0.0000,0.0000,0.000,0.000,-8.594,1,VEHICLE,0,-,0.0000,50,150,0,0.0800,0,0,0.000,0.000,0.000,0.0000,0.0000,0.0000,1,1.0000,0,0,0.0000,0,1.0276,0.0000,0.0000,0.0000,0.0000,0,80.00,0.2482,5.2726,8.1816,0.0000,5.9924,-0.0000,80.00,-1,-1.00000,0.000,0.000,0.000,0.000,0.000,0.000,0,0.00,0,0,0,0,0,0,1.0424,-0.000,0.000,-0.0000,0.0000,-0.0000,4,1.0276,0.000
32,0.5333,0.0000,1.0067,-0.0000,0.0000,0.8566,-0.0000,0.0000,0.000,0.000,-8.594,1,VEHICLE,0,-,0.0000,50,150,0,0.0800,0,0,0.000,0.000,0.000,0.0000,0.0000,0.0000,1,1.0000,0,0,0.0000,0,1.0424,0.0000,0.0000,0.0000,0.0000,0,80.00,0.2229,5.2938,8.2160,0.0000,6.0067,-0.0000,80.00,-1,-1.00000,0.000,0.000,0.000,0.000,0.000,0.000,0,0.00,0,0,0,0,0,0,1.0567,-0.000,0.000,-0.0000,0.0000,-0.0000,4,1.0424,0.000
33,0.5500,0.0000,1.0204,-0.0000,0.0000,0.8263,-0.0000,0.0000,0.000,0.000,-8.594,1,VEHICLE,0,-,0.0000,50,150,0,0.0800,0,0,0.000,0.000,0.000,0.0000,0.0000,0.0000,1,1.0000,0,0,0.0000,0,1.0567,0.0000,0.0000,0.0000,0.0000,0,80.00,0.2001,5.3140,8.2496,0.0000,6.0204,-0.0000,80.00,-1,-1.00000,0.000,0.000,0.000,0.000,0.000,0.000,0,0.00,0,0,0,0,0,0,1.0704,-0.000,0.000,-0.0000,0.0000,-0.0000,4,1.0567,0.000
34,0.5667,0.0000,1.0337,-0.0000,0.0000,0.7957,-0.0000,0.0000,0.000,0.000,-8.594,1,VEHICLE,0,-,0.0000,50,150,0,0.0800,0,0,0.000,0.000,0.000,0.0000,0.0000,0.0000,1,1.0000,0,0,0.0000,0,1.0704,0.0000,0.0000,0.0000,0.0000,0,80.00,0.1795,5.3332,8.2824,0.0000,6.0337,-0.0000,80.00,-1,-1.00000,0.000,0.000,0.000,0.000,0.000,0.000,0,0.00,0,0,0,0,0,0,1.0837,-0.000,0.000,-0.0000,0.0000,-0.0000,4,1.0704,0.000
35,0.5833,0.0000,1.0465,-0.0000,0.0000,0.7650,-0.0000,0.0000,0.000,0.000,-8.594,1,VEHICLE,0,-,0.0000,50,150,0,0.0800,0,0,0.000,0.000,0.000,0.0000,0.0000,0.0000,1,1.0000,0,0,0.0000,0,1.0837,0.0000,0.0000,0.0000,0.0000,0,80.00,0.1609,5.3514,8.3145,0.0000,6.0465,-0.0000,80.00,-1,-1.00000,0.000,0.000,0.000,0.000,0.000,0.000,0,0.00,0,0,0,0,0,0,1.0965,-0.000,0.000,-0.0000,0.0000,-0.0000,4,1.0837,0.000
36,0.6000,0.0000,1.0587,-0.0000,0.0000,0.7343,-0.0000,0.0000,0.000,0.000,-8.594,1,VEHICLE,0,-,0.0000,50,150,0,0.0800,0,0,0.000,0.000,0.000,0.0000,0.0000,0.0000,1,1.0000,0,0,0.0000,0,1.0965,0.0000,0.0000,0.0000,0.0000,0,80.00,0.1441,5.3687,8.3460,0.0000,6.0587,-0.0000,80.00,-1,-1.00000,0.000,0.000,0.000,0.000,0.000,0.000,0,0.00,0,0,0,0,0,0,1.1087,-0.000,0.000,-0.0000,0.0000,-0.0000,4,1.0965,0.000
37,0.6167,0.0000,1.0704,-0.0000,0.0000,0.7037,-0.0000,0.0000,0.000,0.000,-8.594,1,VEHICLE,0,-,0.0000,50,150,0,0.0800,0,0,0.000,0.000,0.000,0.0000,0.0000,0.0000,1,1.0000,0,0,0.0000,0,1.1087,0.0000,0.0000,0.0000,0.0000,0,80.00,0.1291,5.3851,8.3769,0.0000,6.0704,-0.0000,80.00,-1,-1.00000,0.000,0.000,0.000,0.000,0.000,0.000,0,0.00,0,0,0,0,0,0,1.1204,-0.000,0.000,0.0000,-0.0000,-0.0000,4,1.1087,0.000
38,0.6333,0.0000,1.0816,-0.0000,0.0000,0.6734,-0.0000,0.0000,0.000,0.000,-8.594,1,VEHICLE,0,-,0.0000,50,150,0,0.0800,0,0,0.000,0.000,0.000,0.0000,0.0000,0.0000,1,1.0000,0,0,0.0000,0,1.1204,0.0000,0.0000,0.0000,0.0000,0,80.00,0.1155,5.4006,8.4073,0.0000,6.0816,-0.0000,80.00,-1,-1.00000,0.000,0.000,0.000,0.000,0.000,0.000,0,0.00,0,0,0,0,0,0,1.1316,-0.000,0.000,-0.0000,0.0000,-0.0000,4,1.1204,0.000
39,0.6500,0.0000,1.0924,-0.0000,0.0000,0.6434,-0.0000,0.0000,0.000,0.000,-8.594,1,VEHICLE,0,-,0.0000,50,150,0,0.0800,0,0,0.000,0.000,0.000,0.0000,0.0000,0.0000,1,1.0000,0,0,0.0000,0,1.1316,0.0000,0.0000,0.0000,0.0000,0,80.00,0.1033,5.4153,8.4373,0.0000,6.0924,-0.0000,80.00,-1,-1.00000,0.000,0.000,0.000,0.000,0.000,0.000,0,0.00,0,0,0,0,0,0,1.1424,-0.000,0.000,-0.0000,-0.0000,-0.0000,4,1.1316,0.000
40,0.6667,0.0000,1.1026,-0.0000,0.0000,0.6138,-0.0000,0.0000,0.000,0.000,-8.594,1,VEHICLE,0,-,0.0000,50,150,0,0.0800,0,0,0.000,0.000,0.000,0.0000,0.0000,0.0000,1,1.0000,0,0,0.0000,0,1.1424,0.0000,0.0000,0.0000,0.0000,0,80.00,0.0924,5.4293,8.4668,0.0000,6.1026,-0.0000,80.00,-1,-1.00000,0.000,0.000,0.000,0.000,0.000,0.000,0,0.00,0,0,0,0,0,0,1.1526,-0.000,0.000,0.0000,0.0000,-0.0000,4,1.1424,0.000
41,0.6833,0.0000,1.1123,-0.0000,0.0000,0.5848,-0.0000,0.0000,0.000,0.000,-8.594,1,VEHICLE,0,-,0.0000,50,150,0,0.0800,0,0,0.000,0.000,0.000,0.0000,0.0000,0.0000,1,1.0000,0,0,0.0000,0,1.1526,0.0000,0.0000,0.0000,0.0000,0,80.00,0.0826,5.4425,8.4959,0.0000,6.1123,-0.0000,80.00,-1,-1.00000,0.000,0.000,0.000,0.000,0.000,0.000,0,0.00,0,0,0,0,0,0,1.1623,-0.000,0.000,-0.0000,-0.0000,-0.0000,4,1.1526,0.000
42,0.7000,0.0000,1.1216,-0.0000,0.0000,0.5563,-0.0000,0.0000,0.000,0.000,-8.594,1,VEHICLE,0,-,0.0000,50,150,0,0.0800,0,0,0.000,0.000,0.000,0.0000,0.0000,0.0000,1,1.0000,0,0,0.0000,0,1.1623,0.0000,0.0000,0.0000,0.0000,0,80.00,0.0738,5.4551,8.5246,0.0000,6.1216,-0.0000,80.00,-1,-1.00000,0.000,0.000,0.000,0.000,0.000,0.000,0,0.00,0,0,0,0,0,0,1.1716,-0.000,0.000,-0.0000,0.0000,-0.0000,4,1.1623,0.000
43,0.7167,0.0000,1.1304,-0.0000,0.0000,0.5284,-0.0000,0.0000,0.000,0.000,-8.594,1,VEHICLE,0,-,0.0000,50,150,0,0.0800,0,0,0.000,0.000,0.000,0.0000,0.0000,0.0000,1,1.0000,0,0,0.0000,0,1.1716,0.0000,0.0000,0.0000,0.0000,0,80.00,0.0659,5.4669,8.5529,0.0000,6.1304,-0.0000,80.00,-1,-1.00000,0.000,0.000,0.000,0.000,0.000,0.000,0,0.00,0,0,0,0,0,0,1.1804,-0.000,0.000,-0.0000,-0.0000,-0.0000,4,1.1716,0.000
44,0.7333,0.0000,1.1388,-0.0000,0.0000,0.5012,-0.0000,0.0000,0.000,0.000,-8.594,1,VEHICLE,0,-,0.0000,50,150,0,0.0800,0,0,0.000,0.000,0.000,0.0000,0.0000,0.0000,1,1.0000,0,0,0.0000,0,1.1804,0.0000,0.0000,0.0000,0.0000,0,80.00,0.0588,5.4782,8.5810,0.0000,6.1388,-0.0000,80.00,-1,-1.00000,0.000,0.000,0.000,0.000,0.000,0.000,0,0.00,0,0,0,0,0,0,1.1888,-0.000,0.000,-0.0000,0.0000,-0.0000,4,1.1804,0.000
45,0.7500,0.0000,1.1467,-0.0000,0.0000,0.4747,-0.0000,0.0000,0.000,0.000,-8.594,1,VEHICLE,0,-,0.0000,50,150,0,0.0800,0,0,0.000,0.000,0.000,0.0000,0.0000,0.0000,1,1.0000,0,0,0.0000,0,1.1888,0.0000,0.0000,0.0000,0.0000,0,80.00,0.0525,5.4888,8.6087,0.0000,6.1467,-0.0000,80.00,-1,-1.00000,0.000,0.000,0.000,0.000,0.000,0.000,0,0.00,0,0,0,0,0,0,1.1967,-0.000,0.000,0.0000,-0.0000,-0.0000,4,1.1888,0.000
46,0.7667,0.0000,1.1542,-0.0000,0.0000,0.4490,-0.0000,0.0000,0.000,0.000,-8.594,1,VEHICLE,0,-,0.0000,50,150,0,0.0800,0,0,0.000,0.000,0.000,0.0000,0.0000,0.0000,1,1.0000,0,0,0.0000,0,1.1967,0.0000,0.0000,0.0000,0.0000,0,80.00,0.0468,5.4988,8.6360,0.0000,6.1542,-0.0000,80.00,-1,-1.00000,0.000,0.000,0.000,0.000,0.000,0.000,0,0.00,0,0,0,0,0,0,1.2042,-0.000,0.000,-0.0000,-0.0000,-0.0000,4,1.1967,0.000
47,0.7833,0.0000,1.1612,-0.0000,0.0000,0.4240,-0.0000,0.0000,0.000,0.000,-8.594,1,VEHICLE,0,-,0.0000,50,150,0,0.0800,0,0,0.000,0.000,0.000,0.0000,0.0000,0.0000,1,1.0000,0,0,0.0000,0,1.2042,0.0000,0.0000,0.0000,0.0000,0,80.00,0.0417,5.5083,8.6631,0.0000,6.1612,-0.0000,80.00,-1,-1.00000,0.000,0.000,0.000,0.000,0.000,0.000,0,0.00,0,0,0,0,0,0,1.2112,-0.000,0.000,-0.0000,0.0000,-0.0000,4,1.2042,0.000
48,0.8000,0.0000,1.1679,-0.0000,0.0000,0.3999,-0.0000,0.0000,0.000,0.000,-8.594,1,VEHICLE,0,-,0.0000,50,150,0,0.0800,0,0,0.000,0.000,0.000,0.0000,0.0000,0.0000,1,1.0000,0,0,0.0000,0,1.2112,0.0000,0.0000,0.0000,0.0000,0,80.00,0.0372,5.5172,8.6899,0.0000,6.1679,-0.0000,80.00,-1,-1.00000,0.000,0.000,0.000,0.000,0.000,0.000,0,0.00,0,0,0,0,0,0,1.2179,-0.000,0.000,0.0000,-0.0000,-0.0000,4,1.2112,0.000
49,0.8167,0.0000,1.1742,-0.0000,0.0000,0.3765,-0.0000,0.0000,0.000,0.000,-8.594,1,VEHICLE,0,-,0.0000,50,150,0,0.0800,0,0,0.000,0.000,0.000,0.0000,0.0000,0.0000,1,1.0000,0,0,0.0000,0,1.2179,0.0000,0.0000,0.0000,0.0000,0,80.00,0.0332,5.5256,8.7164,0.0000,6.1742,-0.0000,80.00,-1,-1.00000,0.000,0.000,0.000,0.000,0.000,0.000,0,0.00,0,0,0,0,0,0,1.2242,-0.000,0.000,-0.0000,0.0000,-0.0000,4,1.2179,0.000
50,0.8333,0.0000,1.1801,-0.0000,0.0000,0.3540,-0.0000,0.0000,0.000,0.000,-8.594,1,VEHICLE,0,-,0.0000,50,150,0,0.0800,0,0,0.000,0.000,0.000,0.0000,0.0000,0.0000,1,1.0000,0,0,0.0000,0,1.2242,0.0000,0.0000,0.0000,0.0000,0,80.00,0.0295,5.5336,8.7425,0.0000,6.1801,-0.0000,80.00,-1,-1.00000,0.000,0.000,0.000,0.000,0.000,0.000,0,0.00,0,0,0,0,0,0,1.2301,-0.000,0.000,-0.0000,-0.0000,-0.0000,4,1.2242,0.000
51,0.8500,0.0000,1.1856,-0.0000,0.0000,0.3323,-0.0000,0.0000,0.000,0.000,-8.594,1,VEHICLE,0,-,0.0000,50,150,0,0.0800,0,0,0.000,0.000,0.000,0.0000,0.0000,0.0000,1,1.0000,0,0,0.0000,0,1.2301,0.0000,0.0000,0.0000,0.0000,0,80.00,0.0263,5.5411,8.7684,0.0000,6.1856,-0.0000,80.00,-1,-1.00000,0.000,0.000,0.000,0.000,0.000,0.000,0,0.00,0,0,0,0,0,0,1.2356,-0.000,0.000,-0.0000,0.0000,-0.0000,4,1.2301,0.000
52,0.8667,0.0000,1.1908,-0.0000,0.0000,0.3115,-0.0000,0.0000,0.000,0.000,-8.594,1,VEHICLE,0,-,0.0000,50,150,0,0.0800,0,0,0.000,0.000,0.000,0.0000,0.0000,0.0000,1,1.0000,0,0,0.0000,0,1.2356,0.0000,0.0000,0.0000,0.0000,0,80.00,0.0234,5.5482,8.7940,0.0000,6.1908,-0.0000,80.00,-1,-1.00000,0.000,0.000,0.000,0.000,0.000,0.000,0,0.00,0,0,0,0,0,0,1.2408,-0.000,0.000,0.0000,-0.0000,-0.0000,4,1.2356,0.000
53,0.8833,0.0000,1.1957,-0.0000,0.0000,0.2915,-0.0000,0.0000,0.000,0.000,-8.594,1,VEHICLE,0,-,0.0000,50,150,0,0.0800,0,0,0.000,0.000,0.000,0.0000,0.0000,0.0000,1,1.0000,0,0,0.0000,0,1.2408,0.0000,0.0000,0.0000,0.0000,0,80.00,0.0208,5.5548,8.8192,0.0000,6.1957,-0.0000,80.00,-1,-1.00000,0.000,0.000,0.000,0.000,0.000,0.000,0,0.00,0,0,0,0,0,0,1.2457,-0.000,0.000,-0.0000,0.0000,-0.0000,4,1.2408,0.000
54,0.9000,0.0000,1.2002,-0.0000,0.0000,0.2723,-0.0000,0.0000,0.000,0.000,-8.594,1,VEHICLE,0,-,0.0000,50,150,0,0.0800,0,0,0.000,0.000,0.000,0.0000,0.0000,0.0000,1,1.0000,0,0,0.0000,0,1.2457,0.0000,0.0000,0.0000,0.0000,0,80.00,0.0185,5.5611,8.8441,0.0000,6.2002,-0.0000,80.00,-1,-1.00000,0.000,0.000,0.000,0.000,0.000,0.000,0,0.00,0,0,0,0,0,0,1.2502,-0.000,0.000,-0.0000,0.0000,-0.0000,4,1.2457,0.000
55,0.9167,0.0000,1.2044,-0.0000,0.0000,0.2540,-0.0000,0.0000,0.000,0.000,-8.594,1,VEHICLE,0,-,0.0000,50,150,0,0.0800,0,0,0.000,0.000,0.000,0.0000,0.0000,0.0000,1,1.0000,0,0,0.0000,0,1.2502,0.0000,0.0000,0.0000,0.0000,0,80.00,0.0165,5.5670,8.8687,0.0000,6.2044,-0.0000,80.00,-1,-1.00000,0.000,0.000,0.000,0.000,0.000,0.000,0,0.00,0,0,0,0,0,0,1.2544,-0.000,0.000,-0.0000,-0.0000,-0.0000,4,1.2502,0.000
56,0.9333,0.0000,1.2084,-0.0000,0.0000,0.2365,-0.0000,0.0000,0.000,0.000,-8.594,1,VEHICLE,0,-,0.0000,50,150,0,0.0800,0,0,0.000,0.000,0.000,0.0000,0.0000,0.0000,1,1.0000,0,0,0.0000,0,1.2544,0.0000,0.0000,0.0000,0.0000,0,80.00,0.0147,5.5725,8.8930,0.0000,6.2084,-0.0000,80.00,-1,-1.00000,0.000,0.000,0.000,0.000,0.000,0.000,0,0.00,0,0,0,0,0,0,1.2584,-0.000,0.000,0.0000,0.0000,-0.0000,4,1.2544,0.000
57,0.9500,0.0000,1.2120,-0.0000,0.0000,0.2197,-0.0000,0.0000,0.000,0.000,-8.594,1,VEHICLE,0,-,0.0000,50,150,0,0.0800,0,0,0.000,0.000,0.000,0.0000,0.0000,0.0000,1,1.0000,0,0,0.0000,0,1.2584,0.0000,0.0000,0.0000,0.0000,0,80.00,0.0130,5.5777,8.9168,0.0000,6.2120,-0.0000,80.00,-1,-1.00000,0.000,0.000,0.000,0.000,0.000,0.000,0,0.00,0,0,0,0,0,0,1.2620,-0.000,0.000,-0.0000,-0.0000,-0.0000,4,1.2584,0.000
58,0.9667,0.0000,1.2154,-0.0000,0.0000,0.2038,-0.0000,0.0000,0.000,0.000,-8.594,1,VEHICLE,0,-,0.0000,50,150,0,0.0800,0,0,0.000,0.000,0.000,0.0000,0.0000,0.0000,1,1.0000,0,0,0.0000,0,1.2620,0.0000,0.0000,0.0000,0.0000,0,80.00,0.0116,5.5826,8.9403,0.0000,6.2154,-0.0000,80.00,-1,-1.00000,0.000,0.000,0.000,0.000,0.000,0.000,0,0.00,0,0,0,0,0,0,1.2654,-0.000,0.000,0.0000,0.0000,-0.0000,4,1.2620,0.000
59,0.9833,0.0000,1.2186,-0.0000,0.0000,0.1887,-0.0000,0.0000,0.000,0.000,-8.594,1,VEHICLE,0,-,0.0000,50,150,0,0.0800,0,0,0.000,0.000,0.000,0.0000,0.0000,0.0000,1,1.0000,0,0,0.0000,0,1.2654,0.0000,0.0000,0.0000,0.0000,0,80.00,0.0103,5.5871,8.9634,0.0000,6.2186,-0.0000,80.00,-1,-1.00000,0.000,0.000,0.000,0.000,0.000,0.000,0,0.00,0,0,0,0,0,0,1.2686,-0.000,0.000,-0.0000,-0.0000,-0.0000,4,1.2654,0.000
60,1.0000,0.0000,1.2215,-0.0000,0.0000,0.1743,-0.0000,0.0000,0.000,0.000,-8.594,1,VEHICLE,0,-,0.0000,50,150,0,0.0800,0,0,0.000,0.000,0.000,0.0000,0.0000,0.0000,1,1.0000,0,0,0.0000,0,1.2686,0.0000,0.0000,0.0000,0.0000,0,80.00,0.0092,5.5914,8.9861,0.0000,6.2215,-0.0000,80.00,-1,-1.00000,0.000,0.000,0.000,0.000,0.000,0.000,0,0.00,0,0,0,0,0,0,1.2715,-0.000,0.000,-0.0000,0.0000,-0.0000,4,1.2686,0.000
61,1.0167,0.0000,1.2242,-0.0000,0.0000,0.1606,-0.0000,0.0000,0.000,0.000,-8.594,1,VEHICLE,0,-,0.0000,50,150,0,0.0800,0,0,0.000,0.000,0.000,0.0000,0.0000,0.0000,1,1.0000,0,0,0.0000,0,1.2715,0.0000,0.0000,0.0000,0.0000,0,80.00,0.0081,5.5954,9.0084,0.0000,6.2242,-0.0000,80.00,-1,-1.00000,0.000,0.000,0.000,0.000,0.000,0.000,0,0.00,0,0,0,0,0,0,1.2742,-0.000,0.000,-0.0000,-0.0000,-0.0000,4,1.2715,0.000
62,1.0333,0.0000,1.2266,-0.0000,0.0000,0.1477,-0.0000,0.0000,0.000,0.000,-8.594,1,VEHICLE,0,-,0.0000,50,150,0,0.0800,0,0,0.000,0.000,0.000,0.0000,0.0000,0.0000,1,1.0000,0,0,0.0000,0,1.2742,0.0000,0.0000,0.0000,0.0000,0,80.00,0.0072,5.5991,9.0302,0.0000,6.2266,-0.0000,80.00,-1,-1.00000,0.000,0.000,0.000,0.000,0.000,0.000,0,0.00,0,0,0,0,0,0,1.2766,-0.000,0.000,0.0000,0.0000,-0.0000,4,1.2742,0.000
63,1.0500,0.0000,1.2289,-0.0000,0.0000,0.1355,-0.0000,0.0000,0.000,0.000,-8.594,1,VEHICLE,0,-,0.0000,50,150,0,0.0800,0,0,0.000,0.000,0.000,0.0000,0.0000,0.0000,1,1.0000,0,0,0.0000,0,1.2766,0.0000,0.0000,0.0000,0.0000,0,80.00,0.0064,5.6026,9.0516,0.0000,6.2289,-0.0000,80.00,-1,-1.00000,0.000,0.000,0.000,0.000,0.000,0.000,0,0.00,0,0,0,0,0,0,1.2789,-0.000,0.000,-0.0000,-0.0000,-0.0000,4,1.2766,0.000
64,1.0667,0.0000,1.2309,-0.0000,0.0000,0.1240,-0.0000,0.0000,0.000,0.000,-8.594,1,VEHICLE,0,-,0.0000,50,150,0,0.0800,0,0,0.000,0.000,0.000,0.0000,0.0000,0.0000,1,1.0000,0,0,0.0000,0,1.2789,0.0000,0.0000,0.0000,0.0000,0,80.00,0.0057,5.6059,9.0724,0.0000,6.2309,-0.0000,80.00,-1,-1.00000,0.000,0.000,0.000,0.000,0.000,0.000,0,0.00,0,0,0,0,0,0,1.2809,-0.000,0.000,-0.0000,0.0000,-0.0000,4,1.2789,0.000
65,1.0833,0.0000,1.2328,-0.0000,0.0000,0.1131,-0.0000,0.0000,0.000,0.000,-8.594,1,VEHICLE,0,-,0.0000,50,150,0,0.0800,0,0,0.000,0.000,0.000,0.0000,0.0000,0.0000,1,1.0000,0,0,0.0000,0,1.2809,0.0000,0.0000,0.0000,0.0000,0,80.00,0.0051,5.6089,9.0928,0.0000,6.2328,-0.0000,80.00,-1,-1.00000,0.000,0.000,0.000,0.000,0.000,0.000,0,0.00,0,0,0,0,0,0,1.2828,-0.000,0.000,-0.0000,0.0000,-0.0000,4,1.2809,0.000
66,1.1000,0.0000,1.2345,-0.0000,0.0000,0.1028,-0.0000,0.0000,0.000,0.000,-8.594,1,VEHICLE,0,-,0.0000,50,150,0,0.0800,0,0,0.000,0.000,0.000,0.0000,0.0000,0.0000,1,1.0000,0,0,0.0000,0,1.2828,0.0000,0.0000,0.0000,0.0000,0,80.00,0.0045,5.6118,9.1127,0.0000,6.2345,-0.0000,80.00,-1,-1.00000,0.000,0.000,0.000,0.000,0.000,0.000,0,0.00,0,0,0,0,0,0,1.2845,-0.000,0.000,0.0000,-0.0000,-0.0000,4,1.2828,0.000
67,1.1167,0.0000,1.2361,-0.0000,0.0000,0.0932,-0.0000,0.0000,0.000,0.000,-8.594,1,VEHICLE,0,-,0.0000,50,150,0,0.0800,0,0,0.000,0.000,0.000,0.0000,0.0000,0.0000,1,1.0000,0,0,0.0000,0,1.2845,0.0000,0.0000,0.0000,0.0000,0,80.00,0.0040,5.6144,9.1320,0.0000,6.2361,-0.0000,80.00,-1,-1.00000,0.000,0.000,0.000,0.000,0.000,0.000,0,0.00,0,0,0,0,0,0,1.2861,-0.000,0.000,-0.0000,0.0000,-0.0000,4,1.2845,0.000
68,1.1333,0.0000,1.2375,-0.0000,0.0000,0.0842,-0.0000,0.0000,0.000,0.000,-8.594,1,VEHICLE,0,-,0.0000,50,150,0,0.0800,0,0,0.000,0.000,0.000,0.0000,0.0000,0.0000,1,1.0000,0,0,0.0000,0,1.2861,0.0000,0.0000,0.0000,0.0000,0,80.00,0.0035,5.6168,9.1507,0.0000,6.2375,-0.0000,80.00,-1,-1.00000,0.000,0.000,0.000,0.000,0.000,0.000,0,0.00,0,0,0,0,0,0,1.2875,-0.000,0.000,-0.0000,0.0000,-0.0000,4,1.2861,0.000
69,1.1500,0.0000,1.2388,-0.0000,0.0000,0.0757,-0.0000,0.0000,0.000,0.000,-8.594,1,VEHICLE,0,-,0.0000,50,150,0,0.0800,0,0,0.000,0.000,0.000,0.0000,0.0000,0.0000,1,1.0000,0,0,0.0000,0,1.2875,0.0000,0.0000,0.0000,0.0000,0,80.00,0.0031,5.6191,9.1689,0.0000,6.2388,-0.0000,80.00,-1,-1.00000,0.000,0.000,0.000,0.000,0.000,0.000,0,0.00,0,0,0,0,0,0,1.2888,-0.000,0.000,-0.0000,-0.0000,-0.0000,4,1.2875,0.000
70,1.1667,0.0000,1.2399,-0.0000,0.0000,0.0677,-0.0000,0.0000,0.000,0.000,-8.594,1,VEHICLE,0,-,0.0000,50,150,0,0.0800,0,0,0.000,0.000,0.000,0.0000,0.0000,0.0000,1,1.0000,0,0,0.0000,0,1.2888,0.0000,0.0000,0.0000,0.0000,0,80.00,0.0028,5.6212,9.1865,0.0000,6.2399,-0.0000,80.00,-1,-1.00000,0.000,0.000,0.000,0.000,0.000,0.000,0,0.00,0,0,0,0,0,0,1.2899,-0.000,0.000,-0.0000,0.0000,-0.0000,4,1.2888,0.000
71,1.1833,0.0000,1.2409,-0.0000,0.0000,0.0603,-0.0000,0.0000,0.000,0.000,-8.594,1,VEHICLE,0,-,0.0000,50,150,0,0.0800,0,0,0.000,0.000,0.000,0.0000,0.0000,0.0000,1,1.0000,0,0,0.0000,0,1.2899,0.0000,0.0000,0.0000,0.0000,0,80.00,0.0025,5.6231,9.2034,0.0000,6.2409,-0.0000,80.00,-1,-1.00000,0.000,0.000,0.000,0.000,0.000,0.000,0,0.00,0,0,0,0,0,0,1.2909,-0.000,0.000,0.0000,-0.0000,-0.0000,4,1.2899,0.000
72,1.2000,0.0000,1.2418,-0.0000,0.0000,0.0534,-0.0000,0.0000,0.000,0.000,-8.594,1,VEHICLE,0,-,0.0000,50,150,0,0.0800,0,0,0.000,0.000,0.000,0.0000,0.0000,0.0000,1,1.0000,0,0,0.0000,0,1.2909,0.0000,0.0000,0.0000,0.0000,0,80.00,0.0022,5.6248,9.2197,0.0000,6.2418,-0.0000,80.00,-1,-1.00000,0.000,0.000,0.000,0.000,0.000,0.000,0,0.00,0,0,0,0,0,0,1.2918,-0.000,0.000,-0.0000,0.0000,-0.0000,4,1.2909,0.000
73,1.2167,0.0000,1.2426,-0.0000,0.0000,0.0470,-0.0000,0.0000,0.000,0.000,-8.594,1,VEHICLE,0,-,0.0000,50,150,0,0.0800,0,0,0.000,0.000,0.000,0.0000,0.0000,0.0000,1,1.0000,0,0,0.0000,0,1.2918,0.0000,0.0000,0.0000,0.0000,0,80.00,0.0019,5.6264,9.2353,0.0000,6.2426,-0.0000,80.00,-1,-1.00000,0.000,0.000,0.000,0.000,0.000,0.000,0,0.00,0,0,0,0,0,0,1.2926,-0.000,0.000,-0.0000,-0.0000,-0.0000,4,1.2918,0.000
74,1.2333,0.0000,1.2433,-0.0000,0.0000,0.0410,-0.0000,0.0000,0.000,0.000,-8.594,1,VEHICLE,0,-,0.0000,50,150,0,0.0800,0,0,0.000,0.000,0.000,0.0000,0.0000,0.0000,1,1.0000,0,0,0.0000,0,1.2926,0.0000,0.0000,0.0000,0.0000,0,80.00,0.0017,5.6279,9.2502,0.0000,6.2433,-0.0000,80.00,-1,-1.00000,0.000,0.000,0.000,0.000,0.000,0.000,0,0.00,0,0,0,0,0,0,1.2933,-0.000,0.000,-0.0000,0.0000,-0.0000,4,1.2926,0.000
75,1.2500,0.0000,1.2438,-0.0000,0.0000,0.0355,-0.0000,0.0000,0.000,0.000,-8.594,1,VEHICLE,0,-,0.0000,50,150,0,0.0800,0,0,0.000,0.000,0.000,0.0000,0.0000,0.0000,1,1.0000,0,0,0.0000,0,1.2933,0.0000,0.0000,0.0000,0.0000,0,80.00,0.0015,5.6293,9.2644,0.0000,6.2438,-0.0000,80.00,-1,-1.00000,0.000,0.000,0.000,0.000,0.000,0.000,0,0.00,0,0,0,0,0,0,1.2938,-0.000,0.000,0.0000,0.0000,-0.0000,4,1.2933,0.000
76,1.2667,0.0000,1.2443,-0.0000,0.0000,0.0303,-0.0000,0.0000,0.000,0.000,-8.594,1,VEHICLE,0,-,0.0000,50,150,0,0.0800,0,0,0.000,0.000,0.000,0.0000,0.0000,0.0000,1,1.0000,0,0,0.0000,0,1.2938,0.0000,0.0000,0.0000,0.0000,0,80.00,0.0013,5.6305,9.2778,0.0000,6.2443,-0.0000,80.00,-1,-1.00000,0.000,0.000,0.000,0.000,0.000,0.000,0,0.00,0,0,0,0,0,0,1.2943,-0.000,0.000,-0.0000,-0.0000,-0.0000,4,1.2938,0.000
77,1.2833,0.0000,1.2448,-0.0000,0.0000,0.0256,-0.0000,0.0000,0.000,0.000,-8.594,1,VEHICLE,0,-,0.0000,50,150,0,0.0800,0,0,0.000,0.000,0.000,0.0000,0.0000,0.0000,1,1.0000,0,0,0.0000,0,1.2943,0.0000,0.0000,0.0000,0.0000,0,80.00,0.0012,5.6316,9.2905,0.0000,6.2448,-0.0000,80.00,-1,-1.00000,0.000,0.000,0.000,0.000,0.000,0.000,0,0.00,0,0,0,0,0,0,1.2948,-0.000,0.000,-0.0000,0.0000,-0.0000,4,1.2943,0.000
78,1.3000,0.0000,1.2451,-0.0000,0.0000,0.0212,-0.0000,0.0000,0.000,0.000,-8.594,1,VEHICLE,0,-,0.0000,50,150,0,0.0800,0,0,0.000,0.000,0.000,0.0000,0.0000,0.0000,1,1.0000,0,0,0.0000,0,1.2948,0.0000,0.0000,0.0000,0.0000,0,80.00,0.0011,5.6325,9.3024,0.0000,6.2451,-0.0000,80.00,-1,-1.00000,0.000,0.000,0.000,0.000,0.000,0.000,0,0.00,0,0,0,0,0,0,1.2951,-0.000,0.000,0.0000,0.0000,-0.0000,4,1.2948,0.000
79,1.3167,0.0000,1.2454,-0.0000,0.0000,0.0172,-0.0000,0.0000,0.000,0.000,-8.594,1,VEHICLE,0,-,0.0000,50,150,0,0.0800,0,0,0.000,0.000,0.000,0.0000,0.0000,0.0000,1,1.0000,0,0,0.0000,0,1.2951,0.0000,0.0000,0.0000,0.0000,0,80.00,0.0009,5.6334,9.3135,0.0000,6.2454,-0.0000,80.00,-1,-1.00000,0.000,0.000,0.000,0.000,0.000,0.000,0,0.00,0,0,0,0,0,0,1.2954,-0.000,0.000,-0.0000,-0.0000,-0.0000,4,1.2951,0.000
80,1.3333,0.0000,1.2456,-0.0000,0.0000,0.0135,-0.0000,0.0000,0.000,0.000,-8.594,1,VEHICLE,0,-,0.0000,50,150,0,0.0800,0,0,0.000,0.000,0.000,0.0000,0.0000,0.0000,1,1.0000,0,0,0.0000,0,1.2954,0.0000,0.0000,0.0000,0.0000,0,80.00,0.0008,5.6342,9.3237,0.0000,6.2456,-0.0000,80.00,-1,-1.00000,0.000,0.000,0.000,0.000,0.000,0.000,0,0.00,0,0,0,0,0,0,1.2956,-0.000,0.000,-0.0000,0.0000,-0.0000,4,1.2954,0.000
81,1.3500,0.0000,1.2458,-0.0000,0.0000,0.0102,-0.0000,0.0000,0.000,0.000,-8.594,1,VEHICLE,0,-,0.0000,50,150,0,0.0800,0,0,0.000,0.000,0.000,0.0000,0.0000,0.0000,1,1.0000,0,0,0.0000,0,1.2956,0.0000,0.0000,0.0000,0.0000,0,80.00,0.0007,5.6348,9.3331,0.0000,6.2458,-0.0000,80.00,-1,-1.00000,0.000,0.000,0.000,0.000,0.000,0.000,0,0.00,0,0,0,0,0,0,1.2958,-0.000,0.000,-0.0000,-0.0000,-0.0000,4,1.2956,0.000
82,1.3667,0.0000,1.2459,-0.0000,0.0000,0.0071,-0.0000,0.0000,0.000,0.000,-8.594,1,VEHICLE,0,-,0.0000,50,150,0,0.0800,0,0,0.000,0.000,0.000,0.0000,0.0000,0.0000,1,1.0000,0,0,0.0000,0,1.2958,0.0000,0.0000,0.0000,0.0000,0,80.00,0.0006,5.6354,9.3416,0.0000,6.2459,-0.0000,80.00,-1,-1.00000,0.000,0.000,0.000,0.000,0.000,0.000,0,0.00,0,0,0,0,0,0,1.2959,-0.000,0.000,-0.0000,-0.0000,-0.0000,4,1.2958,0.000
83,1.3833,0.0000,1.2460,-0.0000,0.0000,0.0043,-0.0000,0.0000,0.000,0.000,-8.594,1,VEHICLE,0,-,0.0000,50,150,0,0.0800,0,0,0.000,0.000,0.000,0.0000,0.0000,0.0000,1,1.0000,0,0,0.0000,0,1.2959,0.0000,0.0000,0.0000,0.0000,0,80.00,0.0006,5.6359,9.3492,0.0000,6.2460,-0.0000,80.00,-1,-1.00000,0.000,0.000,0.000,0.000,0.000,0.000,0,0.00,0,0,0,0,0,0,1.2960,-0.000,0.000,-0.0000,-0.0000,-0.0000,4,1.2959,0.000
84,1.4000,0.0000,1.2460,-0.0000,0.0000,0.0018,-0.0000,0.0000,0.000,0.000,-8.594,1,VEHICLE,0,-,0.0000,50,150,0,0.0800,0,0,0.000,0.000,0.000,0.0000,0.0000,0.0000,1,1.0000,0,0,0.0000,0,1.2960,0.0000,0.0000,0.0000,0.0000,0,80.00,0.0005,5.6362,9.3558,0.0000,6.2460,-0.0000,80.00,-1,-1.00000,0.000,0.000,0.000,0.000,0.000,0.000,0,0.00,0,0,0,0,0,0,1.2960,-0.000,0.000,-0.0000,0.0000,-0.0000,4,1.2960,0.000
85,1.4167,0.0000,1.2460,-0.0000,0.0000,-0.0005,-0.0000,0.0000,0.000,0.000,-8.594,1,VEHICLE,0,-,0.0000,50,150,0,0.0800,0,0,0.000,0.000,0.000,0.0000,0.0000,0.0000,1,1.0000,0,0,0.0000,0,1.2960,0.0000,0.0000,0.0000,0.0000,0,80.00,0.0004,5.6365,9.3615,0.0000,6.2460,-0.0000,80.00,-1,-1.00000,0.000,0.000,0.000,0.000,0.000,0.000,0,0.00,0,0,0,0,0,0,1.2960,-0.000,0.000,0.0000,-0.0000,-0.0000,4,1.2960,0.000
86,1.4333,0.0000,1.2460,-0.0000,0.0000,-0.0026,-0.0000,0.0000,0.000,0.000,-8.594,1,VEHICLE,0,-,0.0000,50,150,0,0.0800,0,0,0.000,0.000,0.000,0.0000,0.0000,0.0000,1,1.0000,0,0,0.0000,0,1.2960,0.0000,0.0000,0.0000,0.0000,0,80.00,0.0004,5.6367,9.3662,0.0000,6.2460,-0.0000,80.00,-1,-1.00000,0.000,0.000,0.000,0.000,0.000,0.000,0,0.00,0,0,0,0,0,0,1.2960,-0.000,0.000,-0.0000,0.0000,-0.0000,4,1.2960,0.000
87,1.4500,0.0000,1.2459,-0.0000,0.0000,-0.0044,-0.0000,0.0000,0.000,0.000,-8.594,1,VEHICLE,0,-,0.0000,50,150,0,0.0800,0,0,0.000,0.000,0.000,0.0000,0.0000,0.0000,1,1.0000,0,0,0.0000,0,1.2960,0.0000,0.0000,0.0000,0.0000,0,80.00,0.0004,5.6368,9.3699,0.0000,6.2459,-0.0000,80.00,-1,-1.00000,0.000,0.000,0.000,0.000,0.000,0.000,0,0.00,0,0,0,0,0,0,1.2959,-0.000,0.000,-0.0000,0.0000,-0.0000,4,1.2960,0.000
88,1.4667,0.0000,1.2458,-0.0000,0.0000,-0.0060,-0.0000,0.0000,0.000,0.000,-8.594,1,VEHICLE,0,-,0.0000,50,150,0,0.0800,0,0,0.000,0.000,0.000,0.0000,0.0000,0.0000,1,1.0000,0,0,0.0000,0,1.2959,0.0000,0.0000,0.0000,0.0000,0,80.00,0.0003,5.6369,9.3726,0.0000,6.2458,-0.0000,80.00,-1,-1.00000,0.000,0.000,0.000,0.000,0.000,0.000,0,0.00,0,0,0,0,0,0,1.2958,-0.000,0.000,-0.0000,0.0000,-0.0000,4,1.2959,0.000
89,1.4833,0.0000,1.2457,-0.0000,0.0000,-0.0075,-0.0000,0.0000,0.000,0.000,-8.594,1,VEHICLE,0,-,0.0000,50,150,0,0.0800,0,0,0.000,0.000,0.000,0.0000,0.0000,0.0000,1,1.0000,0,0,0.0000,0,1.2958,0.0000,0.0000,0.0000,0.0000,0,80.00,0.0003,5.6369,9.3743,0.0000,6.2457,-0.0000,80.00,-1,-1.00000,0.000,0.000,0.000,0.000,0.000,0.000,0,0.00,0,0,0,0,0,0,1.2957,-0.000,0.000,-0.0000,-0.0000,-0.0000,4,1.2958,0.000
90,1.5000,0.0000,1.2455,-0.0000,0.0000,-0.0088,-0.0000,0.0000,0.000,0.000,-8.594,1,VEHICLE,0,-,0.0000,50,150,0,0.0800,0,0,0.000,0.000,0.000,0.0000,0.0000,0.0000,1,1.0000,0,0,0.0000,0,1.2957,0.0000,0.0000,0.0000,0.0000,0,80.00,0.0002,5.6367,9.3748,0.0000,6.2455,-0.0000,80.00,-1,-1.00000,0.000,0.000,0.000,0.000,0.000,0.000,0,0.00,0,0,0,0,0,0,1.2955,-0.000,0.000,-0.0000,0.0000,-0.0000,4,1.2957,0.000
91,1.5167,0.0000,1.2454,-0.0000,0.0000,-0.0099,-0.0000,0.0000,0.000,0.000,-8.594,1,VEHICLE,0,-,0.0000,50,150,0,0.0800,0,0,0.000,0.000,0.000,0.0000,0.0000,0.0000,1,1.0000,0,0,0.0000,0,1.2955,0.0000,0.0000,0.0000,0.0000,0,80.00,0.0002,5.6366,9.3748,0.0000,6.2454,-0.0000,80.00,-1,-1.00000,0.000,0.000,0.000,0.000,0.000,0.000,0,0.00,0,0,0,0,0,0,1.2954,-0.000,0.000,-0.0000,-0.0000,-0.0000,4,1.2955,0.000
92,1.5333,0.0000,1.2452,-0.0000,0.0000,-0.0108,-0.0000,0.0000,0.000,0.000,-8.594,1,VEHICLE,0,-,0.0000,50,150,0,0.0800,0,0,0.000,0.000,0.000,0.0000,0.0000,0.0000,1,1.0000,0,0,0.0000,0,1.2954,0.0000,0.0000,0.0000,0.0000,0,80.00,0.0002,5.6364,9.3749,0.0000,6.2452,-0.0000,80.00,-1,-1.00000,0.000,0.000,0.000,0.000,0.000,0.000,0,0.00,0,0,0,0,0,0,1.2952,-0.000,0.000,0.0000,-0.0000,-0.0000,4,1.2954,0.000
93,1.5500,0.0000,1.2450,-0.0000,0.0000,-0.0117,-0.0000,0.0000,0.000,0.000,-8.594,1,VEHICLE,0,-,0.0000,50,150,0,0.0800,0,0,0.000,0.000,0.000,0.0000,0.0000,0.0000,1,1.0000,0,0,0.0000,0,1.2952,0.0000,0.0000,0.0000,0.0000,0,80.00,0.0002,5.6362,9.3749,0.0000,6.2450,-0.0000,80.00,-1,-1.00000,0.000,0.000,0.000,0.000,0.000,0.000,0,0.00,0,0,0,0,0,0,1.2950,-0.000,0.000,-0.0000,0.0000,-0.0000,4,1.2952,0.000
94,1.5667,0.0000,1.2448,-0.0000,0.0000,-0.0124,-0.0000,0.0000,0.000,0.000,-8.594,1,VEHICLE,0,-,0.0000,50,150,0,0.0800,0,0,0.000,0.000,0.000,0.0000,0.0000,0.0000,1,1.0000,0,0,0.0000,0,1.2950,0.0000,0.0000,0.0000,0.0000,0,80.00,0.0001,5.6360,9.3749,0.0000,6.2448,-0.0000,80.00,-1,-1.00000,0.000,0.000,0.000,0.000,0.000,0.000,0,0.00,0,0,0,0,0,0,1.2948,-0.000,0.000,-0.0000,-0.0000,-0.0000,4,1.2950,0.000
95,1.5833,0.0000,1.2446,-0.0000,0.0000,-0.0129,-0.0000,0.0000,0.000,0.000,-8.594,1,VEHICLE,0,-,0.0000,50,150,0,0.0800,0,0,0.000,0.000,0.000,0.0000,0.0000,0.0000,1,1.0000,0,0,0.0000,0,1.2948,0.0000,0.0000,0.0000,0.0000,0,80.00,0.0001,5.6358,9.3749,0.0000,6.2446,-0.0000,80.00,-1,-1.00000,0.000,0.000,0.000,0.000,0.000,0.000,0,0.00,0,0,0,0,0,0,1.2946,-0.000,0.000,0.0000,-0.0000,-0.0000,4,1.2948,0.000
96,1.6000,0.0000,1.2444,-0.0000,0.0000,-0.0134,-0.0000,0.0000,0.000,0.000,-8.594,1,VEHICLE,0,-,0.0000,50,150,0,0.0800,0,0,0.000,0.000,0.000,0.0000,0.0000,0.0000,1,1.0000,0,0,0.0000,0,1.2946,0.0000,0.0000,0.0000,0.0000,0,80.00,0.0001,5.6356,9.3749,0.0000,6.2444,-0.0000,80.00,-1,-1.00000,0.000,0.000,0.000,0.000,0.000,0.000,0,0.00,0,0,0,0,0,0,1.2944,-0.000,0.000,-0.0000,0.0000,-0.0000,4,1.2946,0.000
97,1.6167,0.0000,1.2441,-0.0000,0.0000,-0.0138,-0.0000,0.0000,0.000,0.000,-8.594,1,VEHICLE,0,-,0.0000,50,150,0,0.0800,0,0,0.000,0.000,0.000,0.0000,0.0000,0.0000,1,1.0000,0,0,0.0000,0,1.2944,0.0000,0.0000,0.0000,0.0000,0,80.00,0.0001,5.6354,9.3749,0.0000,6.2441,-0.0000,80.00,-1,-1.00000,0.000,0.000,0.000,0.000,0.000,0.000,0,0.00,0,0,0,0,0,0,1.2941,-0.000,0.000,-0.0000,-0.0000,-0.0000,4,1.2944,0.000
98,1.6333,0.0000,1.2439,-0.0000,0.0000,-0.0140,-0.0000,0.0000,0.000,0.000,-8.594,1,VEHICLE,0,-,0.0000,50,150,0,0.0800,0,0,0.000,0.000,0.000,0.0000,0.0000,0.0000,1,1.0000,0,0,0.0000,0,1.2941,0.0000,0.0000,0.0000,0.0000,0,80.00,0.0001,5.6351,9.3749,0.0000,6.2439,-0.0000,80.00,-1,-1.00000,0.000,0.000,0.000,0.000,0.000,0.000,0,0.00,0,0,0,0,0,0,1.2939,-0.000,0.000,-0.0000,0.0000,-0.0000,4,1.2941,0.000
99,1.6500,0.0000,1.2437,-0.0000,0.0000,-0.0142,-0.0000,0.0000,0.000,0.000,-8.594,1,VEHICLE,0,-,0.0000,50,150,0,0.0800,0,0,0.000,0.000,0.000,0.0000,0.0000,0.0000,1,1.0000,0,0,0.0000,0,1.2939,0.0000,0.0000,0.0000,0.0000,0,80.00,0.0001,5.6349,9.3749,0.0000,6.2437,-0.0000,80.00,-1,-1.00000,0.000,0.000,0.000,0.000,0.000,0.000,0,0.00,0,0,0,0,0,0,1.2937,-0.000,0.000,-0.0000,-0.0000,-0.0000,4,1.2939,0.000
100,1.6667,0.0000,1.2434,-0.0000,0.0000,-0.0143,-0.0000,0.0000,0.000,0.000,-8.594,1,VEHICLE,0,-,0.0000,50,150,0,0.0800,0,0,0.000,0.000,0.000,0.0000,0.0000,0.0000,1,1.0000,0,0,0.0000,0,1.2937,0.0000,0.0000,0.0000,0.0000,0,80.00,0.0001,5.6347,9.3749,0.0000,6.2434,-0.0000,80.00,-1,-1.00000,0.000,0.000,0.000,0.000,0.000,0.000,0,0.00,0,0,0,0,0,0,1.2934,-0.000,0.000,0.0000,-0.0000,-0.0000,4,1.2937,0.000
101,1.6833,0.0000,1.2432,-0.0000,0.0000,-0.0144,-0.0000,0.0000,0.000,0.000,-8.594,1,VEHICLE,0,-,0.0000,50,150,0,0.0800,0,0,0.000,0.000,0.000,0.0000,0.0000,0.0000,1,1.0000,0,0,0.0000,0,1.2934,0.0000,0.0000,0.0000,0.0000,0,80.00,0.0001,5.6344,9.3749,0.0000,6.2432,-0.0000,80.00,-1,-1.00000,0.000,0.000,0.000,0.000,0.000,0.000,0,0.00,0,0,0,0,0,0,1.2932,-0.000,0.000,-0.0000,0.0000,-0.0000,4,1.2934,0.000
102,1.7000,0.0000,1.2429,-0.0000,0.0000,-0.0144,-0.0000,0.0000,0.000,0.000,-8.594,1,VEHICLE,0,-,0.0000,50,150,0,0.0800,0,0,0.000,0.000,0.000,0.0000,0.0000,0.0000,1,1.0000,0,0,0.0000,0,1.2932,0.0000,0.0000,0.0000,0.0000,0,80.00,0.0001,5.6342,9.3749,0.0000,6.2429,-0.0000,80.00,-1,-1.00000,0.000,0.000,0.000,0.000,0.000,0.000,0,0.00,0,0,0,0,0,0,1.2929,-0.000,0.000,-0.0000,0.0000,-0.0000,4,1.2932,0.000
103,1.7167,0.0000,1.2427,-0.0000,0.0000,-0.0143,-0.0000,0.0000,0.000,0.000,-8.594,1,VEHICLE,0,-,0.0000,50,150,0,0.0800,0,0,0.000,0.000,0.000,0.0000,0.0000,0.0000,1,1.0000,0,0,0.0000,0,1.2929,0.0000,0.0000,0.0000,0.0000,0,80.00,0.0000,5.6339,9.3749,0.0000,6.2427,-0.0000,80.00,-1,-1.00000,0.000,0.000,0.000,0.000,0.000,0.000,0,0.00,0,0,0,0,0,0,1.2927,-0.000,0.000,-0.0000,-0.0000,-0.0000,4,1.2929,0.000
104,1.7333,0.0000,1.2425,-0.0000,0.0000,-0.0142,-0.0000,0.0000,0.000,0.000,-8.594,1,VEHICLE,0,-,0.0000,50,150,0,0.0800,0,0,0.000,0.000,0.000,0.0000,0.0000,0.0000,1,1.0000,0,0,0.0000,0,1.2927,0.0000,0.0000,0.0000,0.0000,0,80.00,0.0000,5.6337,9.3749,0.0000,6.2425,-0.0000,80.00,-1,-1.00000,0.000,0.000,0.000,0.000,0.000,0.000,0,0.00,0,0,0,0,0,0,1.2925,-0.000,0.000,-0.0000,-0.0000,-0.0000,4,1.2927,0.000
105,1.7500,0.0000,1.2422,-0.0000,0.0000,-0.0140,-0.0000,0.0000,0.000,0.000,-8.594,1,VEHICLE,0,-,0.0000,50,150,0,0.0800,0,0,0.000,0.000,0.000,0.0000,0.0000,0.0000,1,1.0000,0,0,0.0000,0,1.2925,0.0000,0.0000,0.0000,0.0000,0,80.00,0.0000,5.6335,9.3749,0.0000,6.2422,-0.0000,80.00,-1,-1.00000,0.000,0.000,0.000,0.000,0.000,0.000,0,0.00,0,0,0,0,0,0,1.2922,-0.000,0.000,0.0000,0.0000,-0.0000,4,1.2925,0.000
106,1.7667,0.0000,1.2420,-0.0000,0.0000,-0.0138,-0.0000,0.0000,0.000,0.000,-8.594,1,VEHICLE,0,-,0.0000,50,150,0,0.0800,0,0,0.000,0.000,0.000,0.0000,0.0000,0.0000,1,1.0000,0,0,0.0000,0,1.2922,0.0000,0.0000,0.0000,0.0000,0,80.00,0.0000,5.6333,9.3749,0.0000,6.2420,-0.0000,80.00,-1,-1.00000,0.000,0.000,0.000,0.000,0.000,0.000,0,0.00,0,0,0,0,0,0,1.2920,-0.000,0.000,-0.0000,-0.0000,-0.0000,4,1.2922,0.000
107,1.7833,0.0000,1.2418,-0.0000,0.0000,-0.0136,-0.0000,0.0000,0.000,0.000,-8.594,1,VEHICLE,0,-,0.0000,50,150,0,0.0800,0,0,0.000,0.000,0.000,0.0000,0.0000,0.0000,1,1.0000,0,0,0.0000,0,1.2920,0.0000,0.0000,0.0000,0.0000,0,80.00,0.0000,5.6330,9.3749,0.0000,6.2418,-0.0000,80.00,-1,-1.00000,0.000,0.000,0.000,0.000,0.000,0.000,0,0.00,0,0,0,0,0,0,1.2918,-0.000,0.000,0.0000,0.0000,-0.0000,4,1.2920,0.000
108,1.8000,0.0000,1.2415,-0.0000,0.0000,-0.0133,-0.0000,0.0000,0.000,0.000,-8.594,1,VEHICLE,0,-,0.0000,50,150,0,0.0800,0,0,0.000,0.000,0.000,0.0000,0.0000,0.0000,1,1.0000,0,0,0.0000,0,1.2918,0.0000,0.0000,0.0000,0.0000,0,80.00,0.0000,5.6328,9.3749,0.0000,6.2415,-0.0000,80.00,-1,-1.00000,0.000,0.000,0.000,0.000,0.000,0.000,0,0.00,0,0,0,0,0,0,1.2915,-0.000,0.000,-0.0000,0.0000,-0.0000,4,1.2918,0.000
109,1.8167,0.0000,1.2413,-0.0000,0.0000,-0.0130,-0.0000,0.0000,0.000,0.000,-8.594,1,VEHICLE,0,-,0.0000,50,150,0,0.0800,0,0,0.000,0.000,0.000,0.0000,0.0000,0.0000,1,1.0000,0,0,0.0000,0,1.2915,0.0000,0.0000,0.0000,0.0000,0,80.00,0.0000,5.6326,9.3749,0.0000,6.2413,-0.0000,80.00,-1,-1.00000,0.000,0.000,0.000,0.000,0.000,0.000,0,0.00,0,0,0,0,0,0,1.2913,-0.000,0.000,-0.0000,0.0000,-0.0000,4,1.2915,0.000
110,1.8333,0.0000,1.2411,-0.0000,0.0000,-0.0127,-0.0000,0.0000,0.000,0.000,-8.594,1,VEHICLE,0,-,0.0000,50,150,0,0.0800,0,0,0.000,0.000,0.000,0.0000,0.0000,0.0000,1,1.0000,0,0,0.0000,0,1.2913,0.0000,0.0000,0.0000,0.0000,0,80.00,0.0000,5.6324,9.3749,0.0000,6.2411,-0.0000,80.00,-1,-1.00000,0.000,0.000,0.000,0.000,0.000,0.000,0,0.00,0,0,0,0,0,0,1.2911,-0.000,0.000,-0.0000,0.0000,-0.0000,4,1.2913,0.000
111,1.8500,0.0000,1.2409,-0.0000,0.0000,-0.0123,-0.0000,0.0000,0.000,0.000,-8.594,1,VEHICLE,0,-,0.0000,50,150,0,0.0800,0,0,0.000,0.000,0.000,0.0000,0.0000,0.0000,1,1.0000,0,0,0.0000,0,1.2911,0.0000,0.0000,0.0000,0.0000,0,80.00,0.0000,5.6322,9.3749,0.0000,6.2409,-0.0000,80.00,-1,-1.00000,0.000,0.000,0.000,0.000,0.000,0.000,0,0.00,0,0,0,0,0,0,1.2909,-0.000,0.000,-0.0000,-0.0000,-0.0000,4,1.2911,0.000
112,1.8667,0.0000,1.2407,-0.0000,0.0000,-0.0120,-0.0000,0.0000,0.000,0.000,-8.594,1,VEHICLE,0,-,0.0000,50,150,0,0.0800,0,0,0.000,0.000,0.000,0.0000,0.0000,0.0000,1,1.0000,0,0,0.0000,0,1.2909,0.0000,0.0000,0.0000,0.0000,0,80.00,0.0000,5.6320,9.3749,0.0000,6.2407,-0.0000,80.00,-1,-1.00000,0.000,0.000,0.000,0.000,0.000,0.000,0,0.00,0,0,0,0,0,0,1.2907,-0.000,0.000,-0.0000,0.0000,-0.0000,4,1.2909,0.000
113,1.8833,0.0000,1.2405,-0.0000,0.0000,-0.0116,-0.0000,0.0000,0.000,0.000,-8.594,1,VEHICLE,0,-,0.0000,50,150,0,0.0800,0,0,0.000,0.000,0.000,0.0000,0.0000,0.0000,1,1.0000,0,0,0.0000,0,1.2907,0.0000,0.0000,0.0000,0.0000,0,80.00,0.0000,5.6318,9.3749,0.0000,6.2405,-0.0000,80.00,-1,-1.00000,0.000,0.000,0.000,0.000,0.000,0.000,0,0.00,0,0,0,0,0,0,1.2905,-0.000,0.000,0.0000,-0.0000,-0.0000,4,1.2907,0.000
114,1.9000,0.0000,1.2403,-0.0000,0.0000,-0.0112,-0.0000,0.0000,0.000,0.000,-8.594,1,VEHICLE,0,-,0.0000,50,150,0,0.0800,0,0,0.000,0.000,0.000,0.0000,0.0000,0.0000,1,1.0000,0,0,0.0000,0,1.2905,0.0000,0.0000,0.0000,0.0000,0,80.00,0.0000,5.6316,9.3749,0.0000,6.2403,-0.0000,80.00,-1,-1.00000,0.000,0.000,0.000,0.000,0.000,0.000,0,0.00,0,0,0,0,0,0,1.2903,-0.000,0.000,-0.0000,0.0000,-0.0000,4,1.2905,0.000
115,1.9167,0.0000,1.2402,-0.0000,0.0000,-0.0109,-0.0000,0.0000,0.000,0.000,-8.594,1,VEHICLE,0,-,0.0000,50,150,0,0.0800,0,0,0.000,0.000,0.000,0.0000,0.0000,0.0000,1,1.0000,0,0,0.0000,0,1.2903,0.0000,0.0000,0.0000,0.0000,0,80.00,0.0000,5.6314,9.3749,0.0000,6.2402,-0.0000,80.00,-1,-1.00000,0.000,0.000,0.000,0.000,0.000,0.000,0,0.00,0,0,0,0,0,0,1.2902,-0.000,0.000,-0.0000,-0.0000,-0.0000,4,1.2903,0.000
116,1.9333,0.0000,1.2400,-0.0000,0.0000,-0.0105,-0.0000,0.0000,0.000,0.000,-8.594,1,VEHICLE,0,-,0.0000,50,150,0,0.0800,0,0,0.000,0.000,0.000,0.0000,0.0000,0.0000,1,1.0000,0,0,0.0000,0,1.2902,0.0000,0.0000,0.0000,0.0000,0,80.00,0.0000,5.6312,9.3749,0.0000,6.2400,-0.0000,80.00,-1,-1.00000,0.000,0.000,0.000,0.000,0.000,0.000,0,0.00,0,0,0,0,0,0,1.2900,-0.000,0.000,-0.0000,0.0000,-0.0000,4,1.2902,0.000
117,1.9500,0.0000,1.2398,-0.0000,0.0000,-0.0101,-0.0000,0.0000,0.000,0.000,-8.594,1,VEHICLE,0,-,0.0000,50,150,0,0.0800,0,0,0.000,0.000,0.000,0.0000,0.0000,0.0000,1,1.0000,0,0,0.0000,0,1.2900,0.0000,0.0000,0.0000,0.0000,0,80.00,0.0000,5.6311,9.3749,0.0000,6.2398,-0.0000,80.00,-1,-1.00000,0.000,0.000,0.000,0.000,0.000,0.000,0,0.00,0,0,0,0,0,0,1.2898,-0.000,0.000,0.0000,-0.0000,-0.0000,4,1.2900,0.000
118,1.9667,0.0000,1.2397,-0.0000,0.0000,-0.0097,-0.0000,0.0000,0.000,0.000,-8.594,1,VEHICLE,0,-,0.0000,50,150,0,0.0800,0,0,0.000,0.000,0.000,0.0000,0.0000,0.0000,1,1.0000,0,0,0.0000,0,1.2898,0.0000,0.0000,0.0000,0.0000,0,80.00,0.0000,5.6309,9.3749,0.0000,6.2397,-0.0000,80.00,-1,-1.00000,0.000,0.000,0.000,0.000,0.000,0.000,0,0.00,0,0,0,0,0,0,1.2897,-0.000,0.000,-0.0000,0.0000,-0.0000,4,1.2898,0.000
119,1.9833,0.0000,1.2395,-0.0000,0.0000,-0.0093,-0.0000,0.0000,0.000,0.000,-8.594,1,VEHICLE,0,-,0.0000,50,150,0,0.0800,0,0,0.000,0.000,0.000,0.0000,0.0000,0.0000,1,1.0000,0,0,0.0000,0,1.2897,0.0000,0.0000,0.0000,0.0000,0,80.00,0.0000,5.6308,9.3749,0.0000,6.2395,-0.0000,80.00,-1,-1.00000,0.000,0.000,0.000,0.000,0.000,0.000,0,0.00,0,0,0,0,0,0,1.2895,-0.000,0.000,-0.0000,-0.0000,-0.0000,4,1.2897,0.000
120,2.0000,0.0000,1.2393,-0.0000,0.0000,-0.0089,-0.0000,0.0000,0.000,0.000,-8.594,1,VEHICLE,0,-,0.0000,50,150,0,0.0800,0,0,0.000,0.000,0.000,0.0000,0.0000,0.0000,1,1.0000,0,0,0.0000,0,1.2895,0.0000,0.0000,0.0000,0.0000,0,80.00,0.0000,5.6306,9.3749,0.0000,6.2393,-0.0000,80.00,-1,-1.00000,0.000,0.000,0.000,0.000,0.000,0.000,0,0.00,0,0,0,0,0,0,1.2893,-0.000,0.000,-0.0000,0.0000,-0.0000,4,1.2895,0.000
121,2.0167,0.0000,1.2392,-0.0000,0.0000,-0.0085,-0.0000,0.0000,0.000,0.000,-8.594,1,VEHICLE,0,-,0.0000,50,150,0,0.0800,0,0,0.000,0.000,0.000,0.0000,0.0000,0.0000,1,1.0000,0,0,0.0000,0,1.2893,0.0000,0.0000,0.0000,0.0000,0,80.00,0.0000,5.6305,9.3749,0.0000,6.2392,-0.0000,80.00,-1,-1.00000,0.000,0.000,0.000,0.000,0.000,0.000,0,0.00,0,0,0,0,0,0,1.2892,-0.000,0.000,-0.0000,-0.0000,-0.0000,4,1.2893,0.000
122,2.0333,0.0000,1.2391,-0.0000,0.0000,-0.0081,-0.0000,0.0000,0.000,0.000,-8.594,1,VEHICLE,0,-,0.0000,50,150,0,0.0800,0,0,0.000,0.000,0.000,0.0000,0.0000,0.0000,1,1.0000,0,0,0.0000,0,1.2892,0.0000,0.0000,0.0000,0.0000,0,80.00,0.0000,5.6303,9.3749,0.0000,6.2391,-0.0000,80.00,-1,-1.00000,0.000,0.000,0.000,0.000,0.000,0.000,0,0.00,0,0,0,0,0,0,1.2891,-0.000,0.000,-0.0000,0.0000,-0.0000,4,1.2892,0.000
123,2.0500,0.0000,1.2389,-0.0000,0.0000,-0.0078,-0.0000,0.0000,0.000,0.000,-8.594,1,VEHICLE,0,-,0.0000,50,150,0,0.0800,0,0,0.000,0.000,0.000,0.0000,0.0000,0.0000,1,1.0000,0,0,0.0000,0,1.2891,0.0000,0.0000,0.0000,0.0000,0,80.00,0.0000,5.6302,9.3749,0.0000,6.2389,-0.0000,80.00,-1,-1.00000,0.000,0.000,0.000,0.000,0.000,0.000,0,0.00,0,0,0,0,0,0,1.2889,-0.000,0.000,0.0000,-0.0000,-0.0000,4,1.2891,0.000
124,2.0667,0.0000,1.2388,-0.0000,0.0000,-0.0074,-0.0000,0.0000,0.000,0.000,-8.594,1,VEHICLE,0,-,0.0000,50,150,0,0.0800,0,0,0.000,0.000,0.000,0.0000,0.0000,0.0000,1,1.0000,0,0,0.0000,0,1.2889,0.0000,0.0000,0.0000,0.0000,0,80.00,0.0000,5.6301,9.3749,0.0000,6.2388,-0.0000,80.00,-1,-1.00000,0.000,0.000,0.000,0.000,0.000,0.000,0,0.00,0,0,0,0,0,0,1.2888,-0.000,0.000,-0.0000,0.0000,-0.0000,4,1.2889,0.000
125,2.0833,0.0000,1.2387,-0.0000,0.0000,-0.0070,-0.0000,0.0000,0.000,0.000,-8.594,1,VEHICLE,0,-,0.0000,50,150,0,0.0800,0,0,0.000,0.000,0.000,0.0000,0.0000,0.0000,1,1.0000,0,0,0.0000,0,1.2888,0.0000,0.0000,0.0000,0.0000,0,80.00,0.0000,5.6300,9.3749,0.0000,6.2387,-0.0000,80.00,-1,-1.00000,0.000,0.000,0.000,0.000,0.000,0.000,0,0.00,0,0,0,0,0,0,1.2887,-0.000,0.000,-0.0000,0.0000,-0.0000,4,1.2888,0.000
126,2.1000,0.0000,1.2386,-0.0000,0.0000,-0.0067,-0.0000,0.0000,0.000,0.000,-8.594,1,VEHICLE,0,-,0.0000,50,150,0,0.0800,0,0,0.000,0.000,0.000,0.0000,0.0000,0.0000,1,1.0000,0,0,0.0000,0,1.2887,0.0000,0.0000,0.0000,0.0000,0,80.00,0.0000,5.6299,9.3749,0.0000,6.2386,-0.0000,80.00,-1,-1.00000,0.000,0.000,0.000,0.000,0.000,0.000,0,0.00,0,0,0,0,0,0,1.2886,-0.000,0.000,-0.0000,-0.0000,-0.0000,4,1.2887,0.000
127,2.1167,0.0000,1.2385,-0.0000,0.0000,-0.0063,-0.0000,0.0000,0.000,0.000,-8.594,1,VEHICLE,0,-,0.0000,50,150,0,0.0800,0,0,0.000,0.000,0.000,0.0000,0.0000,0.0000,1,1.0000,0,0,0.0000,0,1.2886,0.0000,0.0000,0.0000,0.0000,0,80.00,0.0000,5.6297,9.3749,0.0000,6.2385,-0.0000,80.00,-1,-1.00000,0.000,0.000,0.000,0.000,0.000,0.000,0,0.00,0,0,0,0,0,0,1.2885,-0.000,0.000,0.0000,0.0000,-0.0000,4,1.2886,0.000
128,2.1333,0.0000,1.2384,-0.0000,0.0000,-0.0060,-0.0000,0.0000,0.000,0.000,-8.594,1,VEHICLE,0,-,0.0000,50,150,0,0.0800,0,0,0.000,0.000,0.000,0.0000,0.0000,0.0000,1,1.0000,0,0,0.0000,0,1.2885,0.0000,0.0000,0.0000,0.0000,0,80.00,0.0000,5.6296,9.3749,0.0000,6.2384,-0.0000,80.00,-1,-1.00000,0.000,0.000,0.000,0.000,0.000,0.000,0,0.00,0,0,0,0,0,0,1.2884,-0.000,0.000,-0.0000,-0.0000,-0.0000,4,1.2885,0.000
129,2.1500,0.0000,1.2383,-0.0000,0.0000,-0.0057,-0.0000,0.0000,0.000,0.000,-8.594,1,VEHICLE,0,-,0.0000,50,150,0,0.0800,0,0,0.000,0.000,0.000,0.0000,0.0000,0.0000,1,1.0000,0,0,0.0000,0,1.2884,0.0000,0.0000,0.0000,0.0000,0,80.00,0.0000,5.6296,9.3749,0.0000,6.2383,-0.0000,80.00,-1,-1.00000,0.000,0.000,0.000,0.000,0.000,0.000,0,0.00,0,0,0,0,0,0,1.2883,-0.000,0.000,-0.0000,0.0000,-0.0000,4,1.2884,0.000
130,2.1667,0.0000,1.2382,-0.0000,0.0000,-0.0053,-0.0000,0.0000,0.000,0.000,-8.594,1,VEHICLE,0,-,0.0000,50,150,0,0.0800,0,0,0.000,0.000,0.000,0.0000,0.0000,0.0000,1,1.0000,0,0,0.0000,0,1.2883,0.0000,0.0000,0.0000,0.0000,0,80.00,0.0000,5.6295,9.3749,0.0000,6.2382,-0.0000,80.00,-1,-1.00000,0.000,0.000,0.000,0.000,0.000,0.000,0,0.00,0,0,0,0,0,0,1.2882,-0.000,0.000,-0.0000,0.0000,-0.0000,4,1.2883,0.000
131,2.1833,0.0000,1.2381,-0.0000,0.0000,-0.0050,-0.0000,0.0000,0.000,0.000,-8.594,1,VEHICLE,0,-,0.0000,50,150,0,0.0800,0,0,0.000,0.000,0.000,0.0000,0.0000,0.0000,1,1.0000,0,0,0.0000,0,1.2882,0.0000,0.0000,0.0000,0.0000,0,80.00,0.0000,5.6294,9.3749,0.0000,6.2381,-0.0000,80.00,-1,-1.00000,0.000,0.000,0.000,0.000,0.000,0.000,0,0.00,0,0,0,0,0,0,1.2881,-0.000,0.000,-0.0000,-0.0000,-0.0000,4,1.2882,0.000
132,2.2000,0.0000,1.2380,-0.0000,0.0000,-0.0047,-0.0000,0.0000,0.000,0.000,-8.594,1,VEHICLE,0,-,0.0000,50,150,0,0.0800,0,0,0.000,0.000,0.000,0.0000,0.0000,0.0000,1,1.0000,0,0,0.0000,0,1.2881,0.0000,0.0000,0.0000,0.0000,0,80.00,0.0000,5.6293,9.3749,0.0000,6.2380,-0.0000,80.00,-1,-1.00000,0.000,0.000,0.000,0.000,0.000,0.000,0,0.00,0,0,0,0,0,0,1.2880,-0.000,0.000,-0.0000,0.0000,-0.0000,4,1.2881,0.000
133,2.2167,0.0000,1.2380,-0.0000,0.0000,-0.0045,-0.0000,0.0000,0.000,0.000,-8.594,1,VEHICLE,0,-,0.0000,50,150,0,0.0800,0,0,0.000,0.000,0.000,0.0000,0.0000,0.0000,1,1.0000,0,0,0.0000,0,1.2880,0.0000,0.0000,0.0000,0.0000,0,80.00,0.0000,5.6292,9.3749,0.0000,6.2380,-0.0000,80.00,-1,-1.00000,0.000,0.000,0.000,0.000,0.000,0.000,0,0.00,0,0,0,0,0,0,1.2880,-0.000,0.000,0.0000,-0.0000,-0.0000,4,1.2880,0.000
134,2.2333,0.0000,1.2379,-0.0000,0.0000,-0.0042,-0.0000,0.0000,0.000,0.000,-8.594,1,VEHICLE,0,-,0.0000,50,150,0,0.0800,0,0,0.000,0.000,0.000,0.0000,0.0000,0.0000,1,1.0000,0,0,0.0000,0,1.2880,0.0000,0.0000,0.0000,0.0000,0,80.00,0.0000,5.6292,9.3749,0.0000,6.2379,-0.0000,80.00,-1,-1.00000,0.000,0.000,0.000,0.000,0.000,0.000,0,0.00,0,0,0,0,0,0,1.2879,-0.000,0.000,-0.0000,-0.0000,-0.0000,4,1.2880,0.000
135,2.2500,0.0000,1.2378,-0.0000,0.0000,-0.0039,-0.0000,0.0000,0.000,0.000,-8.594,1,VEHICLE,0,-,0.0000,50,150,0,0.0800,0,0,0.000,0.000,0.000,0.0000,0.0000,0.0000,1,1.0000,0,0,0.0000,0,1.2879,0.0000,0.0000,0.0000,0.0000,0,80.00,0.0000,5.6291,9.3749,0.0000,6.2378,-0.0000,80.00,-1,-1.00000,0.000,0.000,0.000,0.000,0.000,0.000,0,0.00,0,0,0,0,0,0,1.2878,-0.000,0.000,0.0000,0.0000,-0.0000,4,1.2879,0.000
136,2.2667,0.0000,1.2378,-0.0000,0.0000,-0.0037,-0.0000,0.0000,0.000,0.000,-8.594,1,VEHICLE,0,-,0.0000,50,150,0,0.0800,0,0,0.000,0.000,0.000,0.0000,0.0000,0.0000,1,1.0000,0,0,0.0000,0,1.2878,0.0000,0.0000,0.0000,0.0000,0,80.00,0.0000,5.6290,9.3749,0.0000,6.2378,-0.0000,80.00,-1,-1.00000,0.000,0.000,0.000,0.000,0.000,0.000,0,0.00,0,0,0,0,0,0,1.2878,-0.000,0.000,-0.0000,0.0000,-0.0000,4,1.2878,0.000
137,2.2833,0.0000,1.2377,-0.0000,0.0000,-0.0034,-0.0000,0.0000,0.000,0.000,-8.594,1,VEHICLE,0,-,0.0000,50,150,0,0.0800,0,0,0.000,0.000,0.000,0.0000,0.0000,0.0000,1,1.0000,0,0,0.0000,0,1.2878,0.0000,0.0000,0.0000,0.0000,0,80.00,0.0000,5.6290,9.3749,0.0000,6.2377,-0.0000,80.00,-1,-1.00000,0.000,0.000,0.000,0.000,0.000,0.000,0,0.00,0,0,0,0,0,0,1.2877,-0.000,0.000,-0.0000,-0.0000,-0.0000,4,1.2878,0.000
138,2.3000,0.0000,1.2377,-0.0000,0.0000,-0.0032,-0.0000,0.0000,0.000,0.000,-8.594,1,VEHICLE,0,-,0.0000,50,150,0,0.0800,0,0,0.000,0.000,0.000,0.0000,0.0000,0.0000,1,1.0000,0,0,0.0000,0,1.2877,0.0000,0.0000,0.0000,0.0000,0,80.00,0.0000,5.6289,9.3749,0.0000,6.2377,-0.0000,80.00,-1,-1.00000,0.000,0.000,0.000,0.000,0.000,0.000,0,0.00,0,0,0,0,0,0,1.2877,-0.000,0.000,-0.0000,0.0000,-0.0000,4,1.2877,0.000
139,2.3167,0.0000,1.2376,-0.0000,0.0000,-0.0030,-0.0000,0.0000,0.000,0.000,-8.594,1,VEHICLE,0,-,0.0000,50,150,0,0.0800,0,0,0.000,0.000,0.000,0.0000,0.0000,0.0000,1,1.0000,0,0,0.0000,0,1.2877,0.0000,0.0000,0.0000,0.0000,0,80.00,0.0000,5.6289,9.3749,0.0000,6.2376,-0.0000,80.00,-1,-1.00000,0.000,0.000,0.000,0.000,0.000,0.000,0,0.00,0,0,0,0,0,0,1.2876,-0.000,0.000,-0.0000,0.0000,-0.0000,4,1.2877,0.000
140,2.3333,0.0000,1.2376,-0.0000,0.0000,-0.0028,-0.0000,0.0000,0.000,0.000,-8.594,1,VEHICLE,0,-,0.0000,50,150,0,0.0800,0,0,0.000,0.000,0.000,0.0000,0.0000,0.0000,1,1.0000,0,0,0.0000,0,1.2876,0.0000,0.0000,0.0000,0.0000,0,80.00,0.0000,5.6288,9.3749,0.0000,6.2376,-0.0000,80.00,-1,-1.00000,0.000,0.000,0.000,0.000,0.000,0.000,0,0.00,0,0,0,0,0,0,1.2876,-0.000,0.000,0.0000,-0.0000,-0.0000,4,1.2876,0.000
141,2.3500,0.0000,1.2375,-0.0000,0.0000,-0.0026,-0.0000,0.0000,0.000,0.000,-8.594,1,VEHICLE,0,-,0.0000,50,150,0,0.0800,0,0,0.000,0.000,0.000,0.0000,0.0000,0.0000,1,1.0000,0,0,0.0000,0,1.2876,0.0000,0.0000,0.0000,0.0000,0,80.00,0.0000,5.6288,9.3749,0.0000,6.2375,-0.0000,80.00,-1,-1.00000,0.000,0.000,0.000,0.000,0.000,0.000,0,0.00,0,0,0,0,0,0,1.2875,-0.000,0.000,-0.0000,0.0000,-0.0000,4,1.2876,0.000
142,2.3667,0.0000,1.2375,-0.0000,0.0000,-0.0024,-0.0000,0.0000,0.000,0.000,-8.594,1,VEHICLE,0,-,0.0000,50,150,0,0.0800,0,0,0.000,0.000,0.000,0.0000,0.0000,0.0000,1,1.0000,0,0,0.0000,0,1.2875,0.0000,0.0000,0.0000,0.0000,0,80.00,0.0000,5.6287,9.3749,0.0000,6.2375,-0.0000,80.00,-1,-1.00000,0.000,0.000,0.000,0.000,0.000,0.000,0,0.00,0,0,0,0,0,0,1.2875,-0.000,0.000,-0.0000,-0.0000,-0.0000,4,1.2875,0.000
143,2.3833,0.0000,1.2374,-0.0000,0.0000,-0.0022,-0.0000,0.0000,0.000,0.000,-8.594,1,VEHICLE,0,-,0.0000,50,150,0,0.0800,0,0,0.000,0.000,0.000,0.0000,0.0000,0.0000,1,1.0000,0,0,0.0000,0,1.2875,0.0000,0.0000,0.0000,0.0000,0,80.00,0.0000,5.6287,9.3749,0.0000,6.2374,-0.0000,80.00,-1,-1.00000,0.000,0.000,0.000,0.000,0.000,0.000,0,0.00,0,0,0,0,0,0,1.2874,-0.000,0.000,0.0000,0.0000,-0.0000,4,1.2875,0.000
144,2.4000,0.0000,1.2374,-0.0000,0.0000,-0.0020,-0.0000,0.0000,0.000,0.000,-8.594,1,VEHICLE,0,-,0.0000,50,150,0,0.0800,0,0,0.000,0.000,0.000,0.0000,0.0000,0.0000,1,1.0000,0,0,0.0000,0,1.2874,0.0000,0.0000,0.0000,0.0000,0,80.00,0.0000,5.6287,9.3749,0.0000,6.2374,-0.0000,80.00,-1,-1.00000,0.000,0.000,0.000,0.000,0.000,0.000,0,0.00,0,0,0,0,0,0,1.2874,-0.000,0.000,-0.0000,0.0000,-0.0000,4,1.2874,0.000
145,2.4167,0.0000,1.2374,-0.0000,0.0000,-0.0019,-0.0000,0.0000,0.000,0.000,-8.594,1,VEHICLE,0,-,0.0000,50,150,0,0.0800,0,0,0.000,0.000,0.000,0.0000,0.0000,0.0000,1,1.0000,0,0,0.0000,0,1.2874,0.0000,0.0000,0.0000,0.0000,0,80.00,0.0000,5.6286,9.3749,0.0000,6.2374,-0.0000,80.00,-1,-1.00000,0.000,0.000,0.000,0.000,0.000,0.000,0,0.00,0,0,0,0,0,0,1.2874,-0.000,0.000,-0.0000,-0.0000,-0.0000,4,1.2874,0.000
146,2.4333,0.0000,1.2374,-0.0000,0.0000,-0.0017,-0.0000,0.0000,0.000,0.000,-8.594,1,VEHICLE,0,-,0.0000,50,150,0,0.0800,0,0,0.000,0.000,0.000,0.0000,0.0000,0.0000,1,1.0000,0,0,0.0000,0,1.2874,0.0000,0.0000,0.0000,0.0000,0,80.00,0.0000,5.6286,9.3749,0.0000,6.2374,-0.0000,80.00,-1,-1.00000,0.000,0.000,0.000,0.000,0.000,0.000,0,0.00,0,0,0,0,0,0,1.2874,-0.000,0.000,0.0000,0.0000,-0.0000,4,1.2874,0.000
147,2.4500,0.0000,1.2373,-0.0000,0.0000,-0.0016,-0.0000,0.0000,0.000,0.000,-8.594,1,VEHICLE,0,-,0.0000,50,150,0,0.0800,0,0,0.000,0.000,0.000,0.0000,0.0000,0.0000,1,1.0000,0,0,0.0000,0,1.2874,0.0000,0.0000,0.0000,0.0000,0,80.00,0.0000,5.6286,9.3749,0.0000,6.2373,-0.0000,80.00,-1,-1.00000,0.000,0.000,0.000,0.000,0.000,0.000,0,0.00,0,0,0,0,0,0,1.2873,-0.000,0.000,-0.0000,0.0000,-0.0000,4,1.2874,0.000
148,2.4667,0.0000,1.2373,-0.0000,0.0000,-0.0014,-0.0000,0.0000,0.000,0.000,-8.594,1,VEHICLE,0,-,0.0000,50,150,0,0.0800,0,0,0.000,0.000,0.000,0.0000,0.0000,0.0000,1,1.0000,0,0,0.0000,0,1.2873,0.0000,0.0000,0.0000,0.0000,0,80.00,0.0000,5.6286,9.3749,0.0000,6.2373,-0.0000,80.00,-1,-1.00000,0.000,0.000,0.000,0.000,0.000,0.000,0,0.00,0,0,0,0,0,0,1.2873,-0.000,0.000,-0.0000,0.0000,-0.0000,4,1.2873,0.000
149,2.4833,0.0000,1.2373,-0.0000,0.0000,-0.0013,-0.0000,0.0000,0.000,0.000,-8.594,1,VEHICLE,0,-,0.0000,50,150,0,0.0800,0,0,0.000,0.000,0.000,0.0000,0.0000,0.0000,1,1.0000,0,0,0.0000,0,1.2873,0.0000,0.0000,0.0000,0.0000,0,80.00,0.0000,5.6285,9.3749,0.0000,6.2373,-0.0000,80.00,-1,-1.00000,0.000,0.000,0.000,0.000,0.000,0.000,0,0.00,0,0,0,0,0,0,1.2873,-0.000,0.000,-0.0000,-0.0000,-0.0000,4,1.2873,0.000
150,2.5000,0.0000,1.2373,-0.0000,0.0000,-0.0012,-0.0000,0.0000,0.000,0.000,-8.594,1,VEHICLE,0,-,0.0000,50,150,0,0.0800,0,0,0.000,0.000,0.000,0.0000,0.0000,0.0000,1,1.0000,0,0,0.0000,0,1.2873,0.0000,0.0000,0.0000,0.0000,0,80.00,0.0000,5.6285,9.3749,0.0000,6.2373,-0.0000,80.00,-1,-1.00000,0.000,0.000,0.000,0.000,0.000,0.000,0,0.00,0,0,0,0,0,0,1.2873,-0.000,0.000,0.0000,0.0000,-0.0000,4,1.2873,0.000
151,2.5167,0.0000,1.4372,-0.0000,0.0000,11.9990,-0.0000,0.0000,0.000,0.000,-8.594,1,VEHICLE,0,-,0.0000,50,150,0,0.0800,0,0,0.000,0.000,0.000,0.0000,0.0000,0.0000,1,1.0000,0,0,0.0000,0,1.2873,0.0000,0.0000,0.0000,0.0000,0,80.00,0.0000,5.8285,9.3749,0.0000,6.4372,-0.0000,80.00,-1,-1.00000,0.000,0.000,0.000,0.000,0.000,0.000,0,0.00,0,0,0,0,0,0,1.4794,0.955,0.000,-0.0000,-1.0000,-0.0000,4,1.2873,0.000
152,2.5333,0.0000,1.6318,0.0033,0.0000,11.6722,0.1999,0.1999,0.000,0.000,-8.594,1,VEHICLE,0,-,0.0000,50,150,0,0.0800,0,0,0.000,0.000,0.000,0.0000,0.0000,0.0000,1,1.0000,0,0,0.0000,0,1.4794,0.0000,0.0000,0.0000,0.0000,0,80.00,0.0000,6.0230,9.3783,0.0000,6.6318,0.0033,80.00,-1,-1.00000,0.000,0.000,0.000,0.000,0.000,0.000,0,0.00,0,0,0,0,0,0,1.6661,1.910,0.000,-0.0000,-1.0000,-0.0000,4,1.4796,0.000
153,2.5500,0.0000,1.8208,0.0098,0.0000,11.3425,0.3890,0.3890,0.000,0.000,-8.594,1,VEHICLE,0,-,0.0000,50,150,0,0.0800,0,0,0.000,0.000,0.000,0.0000,0.0000,0.0000,1,1.0000,0,0,0.0000,0,1.6661,0.0000,0.0000,0.0000,0.0000,0,80.00,0.0000,6.2121,9.3848,0.0000,6.8208,0.0098,80.00,-1,-1.00000,0.000,0.000,0.000,0.000,0.000,0.000,0,0.00,0,0,0,0,0,0,1.8473,2.865,0.000,-0.0000,-1.0000,-0.0000,4,1.6670,0.000
154,2.5667,0.0000,2.0043,0.0193,0.0000,11.0102,0.5672,0.5672,0.000,0.000,-8.594,1,VEHICLE,0,-,0.0000,50,150,0,0.0800,0,0,0.000,0.000,0.000,0.0000,0.0000,0.0000,1,1.0000,0,0,0.0000,0,1.8473,0.0000,0.0000,0.0000,0.0000,0,80.00,0.0000,6.3956,9.3942,0.0000,7.0043,0.0193,80.00,-1,-1.00000,0.000,0.000,0.000,0.000,0.000,0.000,0,0.00,0,0,0,0,0,0,2.0229,3.820,0.000,-0.0000,-1.0000,-0.0000,4,1.8496,0.000
155,2.5833,0.0000,2.1823,0.0315,0.0000,10.6756,0.7344,0.7344,0.000,0.000,-8.594,1,VEHICLE,0,-,0.0000,50,150,0,0.0800,0,0,0.000,0.000,0.000,0.0000,0.0000,0.0000,1,1.0000,0,0,0.0000,0,2.0229,0.0000,0.0000,0.0000,0.0000,0,80.00,0.0000,6.5735,9.4065,0.0000,7.1823,0.0315,80.00,-1,-1.00000,0.000,0.000,0.000,0.000,0.000,0.000,0,0.00,0,0,0,0,0,0,2.1930,4.775,0.000,-0.0000,-1.0000,-0.0000,4,2.0274,0.000
156,2.6000,0.0000,2.3546,0.0464,0.0000,10.3392,0.8906,0.8906,0.000,0.000,-8.594,1,VEHICLE,0,-,0.0000,50,150,0,0.0800,0,0,0.000,0.000,0.000,0.0000,0.0000,0.0000,1,1.0000,0,0,0.0000,0,2.1930,0.0000,0.0000,0.0000,0.0000,0,80.00,0.0000,6.7458,9.4213,0.0000,7.3546,0.0464,80.00,-1,-1.00000,0.000,0.000,0.000,0.000,0.000,0.000,0,0.00,0,0,0,0,0,0,2.3574,5.730,0.000,-0.0000,-1.0000,-0.0000,4,2.2006,0.000
157,2.6167,0.0000,2.5213,0.0636,0.0000,10.0012,1.0359,1.0359,0.000,0.000,-8.594,1,VEHICLE,0,-,0.0000,50,150,0,0.0800,0,0,0.000,0.000,0.000,0.0000,0.0000,0.0000,1,1.0000,0,0,0.0000,0,2.3574,0.0000,0.0000,0.0000,0.0000,0,80.00,0.0000,6.9125,9.4386,0.0000,7.5213,0.0636,80.00,-1,-1.00000,0.000,0.000,0.000,0.000,0.000,0.000,0,0.00,0,0,0,0,0,0,2.5162,6.685,0.000,-0.0000,-1.0000,-0.0000,2,2.3690,0.000
158,2.6333,0.0000,2.6823,0.0831,0.0000,9.6621,1.1703,1.1703,0.000,0.000,-8.594,1,VEHICLE,0,-,0.0000,50,150,0,0.0800,0,0,0.000,0.000,0.000,0.0000,0.0000,0.0000,1,1.0000,0,0,0.0000,0,2.5162,0.0000,0.0000,0.0000,0.0000,0,80.00,0.0000,7.0736,9.4581,0.0000,7.6823,0.0831,80.00,-1,-1.00000,0.000,0.000,0.000,0.000,0.000,0.000,0,0.00,0,0,0,0,0,0,2.6694,7.639,0.000,-0.0000,-1.0000,-0.0000,2,2.4401,0.000
159,2.6500,0.0000,2.8377,0.1047,0.0000,9.3221,1.2937,1.2937,0.000,0.000,-8.594,0,VEHICLE,0,-,0.0000,50,150,0,0.0800,0,0,0.000,0.000,0.000,0.0000,0.0000,0.0000,1,1.0000,0,0,0.0000,0,2.6694,0.0000,0.0000,0.0000,0.0000,0,80.00,0.0000,7.2289,9.4796,0.0000,7.8377,0.1047,80.00,-1,-1.00000,0.000,0.000,0.000,0.000,0.000,0.000,0,0.00,0,0,0,0,0,0,2.8263,7.446,0.000,0.0000,0.2026,-0.0000,0,2.5000,0.000
160,2.6667,0.0000,2.9878,0.1250,0.0000,9.0084,1.2196,1.2196,0.000,0.000,-8.594,0,VEHICLE,0,-,0.0000,50,150,0,0.0800,0,0,0.000,0.000,0.000,0.0000,0.0000,0.0000,1,1.0000,0,0,0.0000,0,2.8263,0.0000,0.0000,0.0000,0.0000,0,80.00,0.0000,7.3791,9.5000,0.0000,7.9878,0.1250,80.00,-1,-1.00000,0.000,0.000,0.000,0.000,0.000,0.000,0,0.00,0,0,0,0,0,0,2.9780,7.257,0.000,0.0000,0.1974,-0.0000,0,2.5000,0.000
161,2.6833,0.0000,3.1327,0.1441,0.0000,8.6941,1.1484,1.1484,0.000,0.000,-8.594,0,VEHICLE,0,-,0.0000,50,150,0,0.0800,0,0,0.000,0.000,0.000,0.0000,0.0000,0.0000,1,1.0000,0,0,0.0000,0,2.9780,0.0000,0.0000,0.0000,0.0000,0,80.00,0.0000,7.5240,9.5191,0.0000,8.1327,0.1441,80.00,-1,-1.00000,0.000,0.000,0.000,0.000,0.000,0.000,0,0.00,0,0,0,0,0,0,3.1244,7.074,0.000,0.0000,0.1924,-0.0000,0,2.5000,0.000
162,2.7000,0.0000,3.2724,0.1621,0.0000,8.3792,1.0799,1.0799,0.000,0.000,-8.594,0,VEHICLE,0,-,0.0000,50,150,0,0.0800,0,0,0.000,0.000,0.000,0.0000,0.0000,0.0000,1,1.0000,0,0,0.0000,0,3.1244,0.0000,0.0000,0.0000,0.0000,0,80.00,0.0000,7.6636,9.5371,0.0000,8.2724,0.1621,80.00,-1,-1.00000,0.000,0.000,0.000,0.000,0.000,0.000,0,0.00,0,0,0,0,0,0,3.2656,6.895,0.000,0.0000,0.1876,-0.0000,0,2.5000,0.000
163,2.7167,0.0000,3.4068,0.1791,0.0000,8.0637,1.0141,1.0141,0.000,0.000,-8.594,0,VEHICLE,0,-,0.0000,50,150,0,0.0800,0,0,0.000,0.000,0.000,0.0000,0.0000,0.0000,1,1.0000,0,0,0.0000,0,3.2656,0.0000,0.0000,0.0000,0.0000,0,80.00,0.0000,7.7980,9.5540,0.0000,8.4067,0.1791,80.00,-1,-1.00000,0.000,0.000,0.000,0.000,0.000,0.000,0,0.00,0,0,0,0,0,0,3.4014,6.720,0.000,0.0000,0.1828,-0.0000,0,2.5000,0.000
164,2.7333,0.0000,3.5359,0.1949,0.0000,7.7477,0.9510,0.9510,0.000,0.000,-8.594,0,VEHICLE,0,-,0.0000,50,150,0,0.0800,0,0,0.000,0.000,0.000,0.0000,0.0000,0.0000,1,1.0000,0,0,0.0000,0,3.4014,0.0000,0.0000,0.0000,0.0000,0,80.00,0.0000,7.9271,9.5698,0.0000,8.5359,0.1949,80.00,-1,-1.00000,0.000,0.000,0.000,0.000,0.000,0.000,0,0.00,0,0,0,0,0,0,3.5319,6.550,0.000,0.0000,0.1782,-0.0000,0,2.5000,0.000
165,2.7500,0.0000,3.6597,0.2097,0.0000,7.4313,0.8904,0.8904,0.000,0.000,-8.594,0,VEHICLE,0,-,0.0000,50,150,0,0.0800,0,0,0.000,0.000,0.000,0.0000,0.0000,0.0000,1,1.0000,0,0,0.0000,0,3.5319,0.0000,0.0000,0.0000,0.0000,0,80.00,0.0000,8.0510,9.5847,0.0000,8.6597,0.2097,80.00,-1,-1.00000,0.000,0.000,0.000,0.000,0.000,0.000,0,0.00,0,0,0,0,0,0,3.6572,6.384,0.000,0.0000,0.1737,-0.0000,0,2.5000,0.000
166,2.7667,0.0000,3.7783,0.2236,0.0000,7.1144,0.8322,0.8322,0.000,0.000,-8.594,0,VEHICLE,0,-,0.0000,50,150,0,0.0800,0,0,0.000,0.000,0.000,0.0000,0.0000,0.0000,1,1.0000,0,0,0.0000,0,3.6572,0.0000,0.0000,0.0000,0.0000,0,80.00,0.0000,8.1696,9.5986,0.0000,8.7783,0.2236,80.00,-1,-1.00000,0.000,0.000,0.000,0.000,0.000,0.000,0,0.00,0,0,0,0,0,0,3.7771,6.222,0.000,0.0000,0.1693,-0.0000,0,2.5000,0.000
167,2.7833,0.0000,3.8916,0.2365,0.0000,6.7971,0.7763,0.7763,0.000,0.000,-8.594,0,VEHICLE,0,-,0.0000,50,150,0,0.0800,0,0,0.000,0.000,0.000,0.0000,0.0000,0.0000,1,1.0000,0,0,0.0000,0,3.7771,0.0000,0.0000,0.0000,0.0000,0,80.00,0.0000,8.2829,9.6115,0.0000,8.8916,0.2365,80.00,-1,-1.00000,0.000,0.000,0.000,0.000,0.000,0.000,0,0.00,0,0,0,0,0,0,3.8917,6.065,0.000,0.0000,0.1650,-0.0000,0,2.5000,0.000
168,2.8000,0.0000,3.9996,0.2486,0.0000,6.4794,0.7228,0.7228,0.000,0.000,-8.594,0,VEHICLE,0,-,0.0000,50,150,0,0.0800,0,0,0.000,0.000,0.000,0.0000,0.0000,0.0000,1,1.0000,0,0,0.0000,0,3.8917,0.0000,0.0000,0.0000,0.0000,0,80.00,0.0000,8.3908,9.6235,0.0000,8.9996,0.2486,80.00,-1,-1.00000,0.000,0.000,0.000,0.000,0.000,0.000,0,0.00,0,0,0,0,0,0,4.0009,5.911,0.000,0.0000,0.1608,-0.0000,0,2.5000,0.000
169,2.8167,0.0000,4.1023,0.2598,0.0000,6.1613,0.6714,0.6714,0.000,0.000,-8.594,0,VEHICLE,0,-,0.0000,50,150,0,0.0800,0,0,0.000,0.000,0.000,0.0000,0.0000,0.0000,1,1.0000,0,0,0.0000,0,4.0009,0.0000,0.0000,0.0000,0.0000,0,80.00,0.0000,8.4935,9.6347,0.0000,9.1023,0.2598,80.00,-1,-1.00000,0.000,0.000,0.000,0.000,0.000,0.000,0,0.00,0,0,0,0,0,0,4.1048,5.762,0.000,0.0000,0.1567,-0.0000,0,2.5000,0.000
170,2.8333,0.0000,4.1997,0.2702,0.0000,5.8429,0.6222,0.6222,0.000,0.000,-8.594,0,VEHICLE,0,-,0.0000,50,150,0,0.0800,0,0,0.000,0.000,0.000,0.0000,0.0000,0.0000,1,1.0000,0,0,0.0000,0,4.1048,0.0000,0.0000,0.0000,0.0000,0,80.00,0.0000,8.5909,9.6451,0.0000,9.1997,0.2702,80.00,-1,-1.00000,0.000,0.000,0.000,0.000,0.000,0.000,0,0.00,0,0,0,0,0,0,4.2034,5.616,0.000,0.0000,0.1528,-0.0000,0,2.5000,0.000
171,2.8500,0.0000,4.2917,0.2797,0.0000,5.5241,0.5750,0.5750,0.000,0.000,-8.594,0,VEHICLE,0,-,0.0000,50,150,0,0.0800,0,0,0.000,0.000,0.000,0.0000,0.0000,0.0000,1,1.0000,0,0,0.0000,0,4.2034,0.0000,0.0000,0.0000,0.0000,0,80.00,0.0000,8.6830,9.6547,0.0000,9.2917,0.2797,80.00,-1,-1.00000,0.000,0.000,0.000,0.000,0.000,0.000,0,0.00,0,0,0,0,0,0,4.2967,5.473,0.000,0.0000,0.1489,-0.0000,0,2.5000,0.000
172,2.8667,0.0000,4.3785,0.2886,0.0000,5.2051,0.5297,0.5297,0.000,0.000,-8.594,0,VEHICLE,0,-,0.0000,50,150,0,0.0800,0,0,0.000,0.000,0.000,0.0000,0.0000,0.0000,1,1.0000,0,0,0.0000,0,4.2967,0.0000,0.0000,0.0000,0.0000,0,80.00,0.0000,8.7697,9.6635,0.0000,9.3785,0.2886,80.00,-1,-1.00000,0.000,0.000,0.000,0.000,0.000,0.000,0,0.00,0,0,0,0,0,0,4.3846,5.335,0.000,0.0000,0.1451,-0.0000,0,2.5000,0.000
173,2.8833,0.0000,4.4599,0.2967,0.0000,4.8857,0.4864,0.4864,0.000,0.000,-8.594,0,VEHICLE,0,-,0.0000,50,150,0,0.0800,0,0,0.000,0.000,0.000,0.0000,0.0000,0.0000,1,1.0000,0,0,0.0000,0,4.3846,0.0000,0.0000,0.0000,0.0000,0,80.00,0.0000,8.8512,9.6716,0.0000,9.4599,0.2967,80.00,-1,-1.00000,0.000,0.000,0.000,0.000,0.000,0.000,0,0.00,0,0,0,0,0,0,4.4671,5.200,0.000,0.0000,0.1415,-0.0000,0,2.5000,0.000
174,2.9000,0.0000,4.5360,0.3041,0.0000,4.5661,0.4450,0.4450,0.000,0.000,-8.594,0,VEHICLE,0,-,0.0000,50,150,0,0.0800,0,0,0.000,0.000,0.000,0.0000,0.0000,0.0000,1,1.0000,0,0,0.0000,0,4.4671,0.0000,0.0000,0.0000,0.0000,0,80.00,0.0000,8.9273,9.6790,0.0000,9.5360,0.3041,80.00,-1,-1.00000,0.000,0.000,0.000,0.000,0.000,0.000,0,0.00,0,0,0,0,0,0,4.5443,5.068,0.000,0.0000,0.1379,-0.0000,0,2.5000,0.000
175,2.9167,0.0000,4.6068,0.3108,0.0000,4.2462,0.4053,0.4053,0.000,0.000,-8.594,0,VEHICLE,0,-,0.0000,50,150,0,0.0800,0,0,0.000,0.000,0.000,0.0000,0.0000,0.0000,1,1.0000,0,0,0.0000,0,4.5443,0.0000,0.0000,0.0000,0.0000,0,80.00,0.0000,8.9980,9.6858,0.0000,9.6068,0.3108,80.00,-1,-1.00000,0.000,0.000,0.000,0.000,0.000,0.000,0,0.00,0,0,0,0,0,0,4.6161,4.940,0.000,0.0000,0.1344,-0.0000,0,2.5000,0.000
176,2.9333,0.0000,4.6722,0.3170,0.0000,3.9261,0.3673,0.3673,0.000,0.000,-8.594,0,VEHICLE,0,-,0.0000,50,150,0,0.0800,0,0,0.000,0.000,0.000,0.0000,0.0000,0.0000,1,1.0000,0,0,0.0000,0,4.6161,0.0000,0.0000,0.0000,0.0000,0,80.00,0.0000,9.0635,9.6919,0.0000,9.6722,0.3170,80.00,-1,-1.00000,0.000,0.000,0.000,0.000,0.000,0.000,0,0.00,0,0,0,0,0,0,4.6826,4.815,0.000,0.0000,0.1310,-0.0000,0,2.5000,0.000
177,2.9500,0.0000,4.7323,0.3225,0.0000,3.6057,0.3310,0.3310,0.000,0.000,-8.594,0,VEHICLE,0,-,0.0000,50,150,0,0.0800,0,0,0.000,0.000,0.000,0.0000,0.0000,0.0000,1,1.0000,0,0,0.0000,0,4.6826,0.0000,0.0000,0.0000,0.0000,0,80.00,0.0000,9.1236,9.6974,0.0000,9.7323,0.3225,80.00,-1,-1.00000,0.000,0.000,0.000,0.000,0.000,0.000,0,0.00,0,0,0,0,0,0,4.7437,4.693,0.000,0.0000,0.1277,-0.0000,0,2.5000,0.000
178,2.9667,0.0000,4.7871,0.3274,0.0000,3.2852,0.2962,0.2962,0.000,0.000,-8.594,0,VEHICLE,0,-,0.0000,50,150,0,0.0800,0,0,0.000,0.000,0.000,0.0000,0.0000,0.0000,1,1.0000,0,0,0.0000,0,4.7437,0.0000,0.0000,0.0000,0.0000,0,80.00,0.0000,9.1783,9.7024,0.0000,9.7871,0.3274,80.00,-1,-1.00000,0.000,0.000,0.000,0.000,0.000,0.000,0,0.00,0,0,0,0,0,0,4.7994,4.574,0.000,0.0000,0.1244,-0.0000,0,2.5000,0.000
179,2.9833,0.0000,4.8365,0.3318,0.0000,2.9644,0.2630,0.2630,0.000,0.000,-8.594,0,VEHICLE,0,-,0.0000,50,150,0,0.0800,0,0,0.000,0.000,0.000,0.0000,0.0000,0.0000,1,1.0000,0,0,0.0000,0,4.7994,0.0000,0.0000,0.0000,0.0000,0,80.00,0.0000,9.2277,9.7067,0.0000,9.8365,0.3318,80.00,-1,-1.00000,0.000,0.000,0.000,0.000,0.000,0.000,0,0.00,0,0,0,0,0,0,4.8498,4.458,0.000,0.0000,0.1213,-0.0000,0,2.5000,0.000
180,3.0000,0.0000,4.8805,0.3357,0.0000,2.6435,0.2313,0.2313,0.000,0.000,-8.594,0,VEHICLE,0,-,0.0000,50,150,0,0.0800,0,0,0.000,0.000,0.000,0.0000,0.0000,0.0000,1,1.0000,0,0,0.0000,0,4.8498,0.0000,0.0000,0.0000,0.0000,0,80.00,0.0000,9.2718,9.7106,0.0000,9.8805,0.3357,80.00,-1,-1.00000,0.000,0.000,0.000,0.000,0.000,0.000,0,0.00,0,0,0,0,0,0,4.8948,4.345,0.000,0.0000,0.1182,-0.0000,0,2.5000,0.000
181,3.0167,0.0000,4.9192,0.3390,0.0000,2.3224,0.2010,0.2010,0.000,0.000,-8.594,0,VEHICLE,0,-,0.0000,50,150,0,0.0800,0,0,0.000,0.000,0.000,0.0000,0.0000,0.0000,1,1.0000,0,0,0.0000,0,4.8948,0.0000,0.0000,0.0000,0.0000,0,80.00,0.0000,9.3105,9.7140,0.0000,9.9192,0.3390,80.00,-1,-1.00000,0.000,0.000,0.000,0.000,0.000,0.000,0,0.00,0,0,0,0,0,0,4.9344,4.235,0.000,0.0000,0.1152,-0.0000,0,2.5000,0.000
182,3.0333,0.0000,4.9526,0.3419,0.0000,2.0012,0.1721,0.1721,0.000,0.000,-8.594,0,VEHICLE,0,-,0.0000,50,150,0,0.0800,0,0,0.000,0.000,0.000,0.0000,0.0000,0.0000,1,1.0000,0,0,0.0000,0,4.9344,0.0000,0.0000,0.0000,0.0000,0,80.00,0.0000,9.3438,9.7168,0.0000,9.9526,0.3419,80.00,-1,-1.00000,0.000,0.000,0.000,0.000,0.000,0.000,0,0.00,0,0,0,0,0,0,4.9686,4.128,0.000,0.0000,0.1123,-0.0000,0,2.5000,0.000
183,3.0500,0.0000,4.9806,0.3443,0.0000,1.6798,0.1446,0.1446,0.000,0.000,-8.594,0,VEHICLE,0,-,0.0000,50,150,0,0.0800,0,0,0.000,0.000,0.000,0.0000,0.0000,0.0000,1,1.0000,0,0,0.0000,0,4.9686,0.0000,0.0000,0.0000,0.0000,0,80.00,0.0000,9.3718,9.7192,0.0000,9.9806,0.3443,80.00,-1,-1.00000,0.000,0.000,0.000,0.000,0.000,0.000,0,0.00,0,0,0,0,0,0,4.9975,4.024,0.000,0.0000,0.1095,-0.0000,0,2.5000,0.000
184,3.0667,0.0000,5.0032,0.3463,0.0000,1.3582,0.1183,0.1183,0.000,0.000,-8.594,0,VEHICLE,0,-,0.0000,50,150,0,0.0800,0,0,0.000,0.000,0.000,0.0000,0.0000,0.0000,1,1.0000,0,0,0.0000,0,4.9975,0.0000,0.0000,0.0000,0.0000,0,80.00,0.0000,9.3945,9.7212,0.0000,10.0032,0.3463,80.00,-1,-1.00000,0.000,0.000,0.000,0.000,0.000,0.000,0,0.00,0,0,0,0,0,0,5.0210,3.922,0.000,0.0000,0.1067,-0.0000,0,2.5000,0.000
185,3.0833,0.0000,5.0205,0.3478,0.0000,1.0365,0.0932,0.0932,0.000,0.000,-8.594,0,VEHICLE,0,-,0.0000,50,150,0,0.0800,0,0,0.000,0.000,0.000,0.0000,0.0000,0.0000,1,1.0000,0,0,0.0000,0,5.0210,0.0000,0.0000,0.0000,0.0000,0,80.00,0.0000,9.4118,9.7228,0.0000,10.0205,0.3478,80.00,-1,-1.00000,0.000,0.000,0.000,0.000,0.000,0.000,0,0.00,0,0,0,0,0,0,5.0390,3.822,0.000,0.0000,0.1040,-0.0000,0,2.5000,0.000
186,3.1000,0.0000,5.0324,0.3490,0.0000,0.7147,0.0694,0.0694,0.000,0.000,-8.594,0,VEHICLE,0,-,0.0000,50,150,0,0.0800,0,0,0.000,0.000,0.000,0.0000,0.0000,0.0000,1,1.0000,0,0,0.0000,0,5.0390,0.0000,0.0000,0.0000,0.0000,0,80.00,0.0000,9.4237,9.7239,0.0000,10.0324,0.3490,80.00,-1,-1.00000,0.000,0.000,0.000,0.000,0.000,0.000,0,0.00,0,0,0,0,0,0,5.0518,3.726,0.000,0.0000,0.1014,-0.0000,0,2.5000,0.000
187,3.1167,0.0000,5.0389,0.3497,0.0000,0.3928,0.0466,0.0466,0.000,0.000,-8.594,0,VEHICLE,0,-,0.0000,50,150,0,0.0800,0,0,0.000,0.000,0.000,0.0000,0.0000,0.0000,1,1.0000,0,0,0.0000,0,5.0518,0.0000,0.0000,0.0000,0.0000,0,80.00,0.0000,9.4302,9.7247,0.0000,10.0389,0.3497,80.00,-1,-1.00000,0.000,0.000,0.000,0.000,0.000,0.000,0,0.00,0,0,0,0,0,0,5.0591,3.631,0.000,0.0000,0.0988,-0.0000,0,2.5000,0.000
188,3.1333,0.0000,5.0401,0.3502,0.0000,0.0708,0.0250,0.0250,0.000,0.000,-8.594,0,VEHICLE,0,-,0.0000,50,150,0,0.0800,0,0,0.000,0.000,0.000,0.0000,0.0000,0.0000,1,1.0000,0,0,0.0000,0,5.0591,0.0000,0.0000,0.0000,0.0000,0,80.00,0.0000,9.4314,9.7251,0.0000,10.0401,0.3502,80.00,-1,-1.00000,0.000,0.000,0.000,0.000,0.000,0.000,0,0.00,0,0,0,0,0,0,5.0610,3.539,0.000,0.0000,0.0963,-0.0000,0,2.5000,0.000
189,3.1500,0.0000,5.0359,0.3502,0.0000,-0.2514,0.0045,0.0045,0.000,0.000,-8.594,0,VEHICLE,0,-,0.0000,50,150,0,0.0800,0,0,0.000,0.000,0.000,0.0000,0.0000,0.0000,1,1.0000,0,0,0.0000,0,5.0610,0.0000,0.0000,0.0000,0.0000,0,80.00,0.0000,9.4272,9.7252,0.0000,10.0359,0.3502,80.00,-1,-1.00000,0.000,0.000,0.000,0.000,0.000,0.000,0,0.00,0,0,0,0,0,0,5.0576,3.450,0.000,0.0000,0.0938,-0.0000,0,2.5000,0.000
190,3.1667,0.0000,5.0264,0.3500,-0.0000,-0.5736,-0.0151,0.0151,0.000,0.000,-8.594,0,VEHICLE,0,-,0.0000,50,150,0,0.0800,0,0,0.000,0.000,0.000,0.0000,0.0000,0.0000,1,1.0000,0,0,0.0000,0,5.0576,0.0000,0.0000,0.0000,0.0000,0,80.00,0.0000,9.4176,9.7249,0.0000,10.0264,0.3500,80.00,-1,-1.00000,0.000,0.000,0.000,0.000,0.000,0.000,0,0.00,0,0,0,0,0,0,5.0487,3.362,0.000,0.0000,0.0915,-0.0000,0,2.5000,0.000
191,3.1833,0.0000,5.0114,0.3494,-0.0000,-0.8959,-0.0336,0.0336,0.000,0.000,-8.594,0,VEHICLE,0,-,0.0000,50,150,0,0.0800,0,0,0.000,0.000,0.000,0.0000,0.0000,0.0000,1,1.0000,0,0,0.0000,0,5.0487,0.0000,0.0000,0.0000,0.0000,0,80.00,0.0000,9.4027,9.7244,0.0000,10.0114,0.3494,80.00,-1,-1.00000,0.000,0.000,0.000,0.000,0.000,0.000,0,0.00,0,0,0,0,0,0,5.0345,3.277,0.000,0.0000,0.0892,-0.0000,0,2.5000,0.000
192,3.2000,0.0000,4.9911,0.3486,-0.0000,-1.2183,-0.0512,0.0512,0.000,0.000,-8.594,0,VEHICLE,0,-,0.0000,50,150,0,0.0800,0,0,0.000,0.000,0.000,0.0000,0.0000,0.0000,1,1.0000,0,0,0.0000,0,5.0345,0.0000,0.0000,0.0000,0.0000,0,80.00,0.0000,9.3824,9.7235,0.0000,9.9911,0.3486,80.00,-1,-1.00000,0.000,0.000,0.000,0.000,0.000,0.000,0,0.00,0,0,0,0,0,0,5.0149,3.194,0.000,0.0000,0.0869,-0.0000,0,2.5000,0.000
193,3.2167,0.0000,4.9655,0.3474,-0.0000,-1.5408,-0.0679,0.0679,0.000,0.000,-8.594,0,VEHICLE,0,-,0.0000,50,150,0,0.0800,0,0,0.000,0.000,0.000,0.0000,0.0000,0.0000,1,1.0000,0,0,0.0000,0,5.0149,0.0000,0.0000,0.0000,0.0000,0,80.00,0.0000,9.3567,9.7224,0.0000,9.9655,0.3474,80.00,-1,-1.00000,0.000,0.000,0.000,0.000,0.000,0.000,0,0.00,0,0,0,0,0,0,4.9899,3.113,0.000,0.0000,0.0847,-0.0000,0,2.5000,0.000
194,3.2333,0.0000,4.9344,0.3460,-0.0000,-1.8633,-0.0838,0.0838,0.000,0.000,-8.594,0,VEHICLE,0,-,0.0000,50,150,0,0.0800,0,0,0.000,0.000,0.000,0.0000,0.0000,0.0000,1,1.0000,0,0,0.0000,0,4.9899,0.0000,0.0000,0.0000,0.0000,0,80.00,0.0000,9.3257,9.7210,0.0000,9.9344,0.3460,80.00,-1,-1.00000,0.000,0.000,0.000,0.000,0.000,0.000,0,0.00,0,0,0,0,0,0,4.9595,3.034,0.000,0.0000,0.0826,-0.0000,0,2.5000,0.000
195,3.2500,0.0000,4.8980,0.3444,-0.0000,-2.1859,-0.0987,0.0987,0.000,0.000,-8.594,0,VEHICLE,0,-,0.0000,50,150,0,0.0800,0,0,0.000,0.000,0.000,0.0000,0.0000,0.0000,1,1.0000,0,0,0.0000,0,4.9595,0.0000,0.0000,0.0000,0.0000,0,80.00,0.0000,9.2892,9.7193,0.0000,9.8980,0.3444,80.00,-1,-1.00000,0.000,0.000,0.000,0.000,0.000,0.000,0,0.00,0,0,0,0,0,0,4.9237,2.958,0.000,0.0000,0.0805,-0.0000,0,2.5000,0.000
196,3.2667,0.0000,4.8562,0.3425,-0.0000,-2.5086,-0.1129,0.1129,0.000,0.000,-8.594,0,VEHICLE,0,-,0.0000,50,150,0,0.0800,0,0,0.000,0.000,0.000,0.0000,0.0000,0.0000,1,1.0000,0,0,0.0000,0,4.9237,0.0000,0.0000,0.0000,0.0000,0,80.00,0.0000,9.2474,9.7175,0.0000,9.8562,0.3425,80.00,-1,-1.00000,0.000,0.000,0.000,0.000,0.000,0.000,0,0.00,0,0,0,0,0,0,4.8825,2.883,0.000,0.0000,0.0784,-0.0000,0,2.5000,0.000
197,3.2833,0.0000,4.8090,0.3404,-0.0000,-2.8313,-0.1263,0.1263,0.000,0.000,-8.594,0,VEHICLE,0,-,0.0000,50,150,0,0.0800,0,0,0.000,0.000,0.000,0.0000,0.0000,0.0000,1,1.0000,0,0,0.0000,0,4.8825,0.0000,0.0000,0.0000,0.0000,0,80.00,0.0000,9.2002,9.7154,0.0000,9.8090,0.3404,80.00,-1,-1.00000,0.000,0.000,0.000,0.000,0.000,0.000,0,0.00,0,0,0,0,0,0,4.8359,2.810,0.000,0.0000,0.0764,-0.0000,0,2.5000,0.000
198,3.3000,0.0000,4.7564,0.3381,-0.0000,-3.1541,-0.1389,0.1389,0.000,0.000,-8.594,0,VEHICLE,0,-,0.0000,50,150,0,0.0800,0,0,0.000,0.000,0.000,0.0000,0.0000,0.0000,1,1.0000,0,0,0.0000,0,4.8359,0.0000,0.0000,0.0000,0.0000,0,80.00,0.0000,9.1477,9.7130,0.0000,9.7564,0.3381,80.00,-1,-1.00000,0.000,0.000,0.000,0.000,0.000,0.000,0,0.00,0,0,0,0,0,0,4.7839,2.739,0.000,0.0000,0.0745,-0.0000,0,2.5000,0.000
199,3.3167,0.0000,4.6985,0.3356,-0.0000,-3.4769,-0.1508,0.1508,0.000,0.000,-8.594,0,VEHICLE,0,-,0.0000,50,150,0,0.0800,0,0,0.000,0.000,0.000,0.0000,0.0000,0.0000,1,1.0000,0,0,0.0000,0,4.7839,0.0000,0.0000,0.0000,0.0000,0,80.00,0.0000,9.0897,9.7105,0.0000,9.6985,0.3356,80.00,-1,-1.00000,0.000,0.000,0.000,0.000,0.000,0.000,0,0.00,0,0,0,0,0,0,4.7265,2.669,0.000,0.0000,0.0726,-0.0000,0,2.5000,0.000
200,3.3333,0.0000,4.6351,0.3329,-0.0000,-3.7998,-0.1621,0.1621,0.000,0.000,-8.594,0,VEHICLE,0,-,0.0000,50,150,0,0.0800,0,0,0.000,0.000,0.000,0.0000,0.0000,0.0000,1,1.0000,0,0,0.0000,0,4.7265,0.0000,0.0000,0.0000,0.0000,0,80.00,0.0000,9.0264,9.7078,0.0000,9.6351,0.3329,80.00,-1,-1.00000,0.000,0.000,0.000,0.000,0.000,0.000,0,0.00,0,0,0,0,0,0,4.6637,2.602,0.000,0.0000,0.0708,-0.0000,0,2.5000,0.000
201,3.3500,0.0000,4.5664,0.3300,-0.0000,-4.1227,-0.1726,0.1726,0.000,0.000,-8.594,0,VEHICLE,0,-,0.0000,50,150,0,0.0800,0,0,0.000,0.000,0.000,0.0000,0.0000,0.0000,1,1.0000,0,0,0.0000,0,4.6637,0.0000,0.0000,0.0000,0.0000,0,80.00,0.0000,8.9577,9.7049,0.0000,9.5664,0.3300,80.00,-1,-1.00000,0.000,0.000,0.000,0.000,0.000,0.000,0,0.00,0,0,0,0,0,0,4.5956,2.536,0.000,0.0000,0.0690,-0.0000,0,2.5000,0.000
202,3.3667,0.0000,4.4923,0.3270,-0.0000,-4.4457,-0.1826,0.1826,0.000,0.000,-8.594,0,VEHICLE,0,-,0.0000,50,150,0,0.0800,0,0,0.000,0.000,0.000,0.0000,0.0000,0.0000,1,1.0000,0,0,0.0000,0,4.5956,0.0000,0.0000,0.0000,0.0000,0,80.00,0.0000,8.8836,9.7019,0.0000,9.4923,0.3270,80.00,-1,-1.00000,0.000,0.000,0.000,0.000,0.000,0.000,0,0.00,0,0,0,0,0,0,4.5220,2.472,0.000,0.0000,0.0672,-0.0000,0,2.5000,0.000
203,3.3833,0.0000,4.4128,0.3238,-0.0000,-4.7687,-0.1919,0.1919,0.000,0.000,-8.594,0,VEHICLE,0,-,0.0000,50,150,0,0.0800,0,0,0.000,0.000,0.000,0.0000,0.0000,0.0000,1,1.0000,0,0,0.0000,0,4.5220,0.0000,0.0000,0.0000,0.0000,0,80.00,0.0000,8.8041,9.6987,0.0000,9.4128,0.3238,80.00,-1,-1.00000,0.000,0.000,0.000,0.000,0.000,0.000,0,0.00,0,0,0,0,0,0,4.4431,2.409,0.000,0.0000,0.0655,-0.0000,0,2.5000,0.000
204,3.4000,0.0000,4.3280,0.3204,-0.0000,-5.0917,-0.2006,0.2006,0.000,0.000,-8.594,0,VEHICLE,0,-,0.0000,50,150,0,0.0800,0,0,0.000,0.000,0.000,0.0000,0.0000,0.0000,1,1.0000,0,0,0.0000,0,4.4431,0.0000,0.0000,0.0000,0.0000,0,80.00,0.0000,8.7193,9.6954,0.0000,9.3280,0.3204,80.00,-1,-1.00000,0.000,0.000,0.000,0.000,0.000,0.000,0,0.00,0,0,0,0,0,0,4.3587,2.348,0.000,0.0000,0.0639,-0.0000,0,2.5000,0.000
205,3.4167,0.0000,4.2377,0.3169,-0.0000,-5.4148,-0.2088,0.2088,0.000,0.000,-8.594,0,VEHICLE,0,-,0.0000,50,150,0,0.0800,0,0,0.000,0.000,0.000,0.0000,0.0000,0.0000,1,1.0000,0,0,0.0000,0,4.3587,0.0000,0.0000,0.0000,0.0000,0,80.00,0.0000,8.6290,9.6919,0.0000,9.2377,0.3169,80.00,-1,-1.00000,0.000,0.000,0.000,0.000,0.000,0.000,0,0.00,0,0,0,0,0,0,4.2689,2.289,0.000,0.0000,0.0623,-0.0000,0,2.5000,0.000
206,3.4333,0.0000,4.1421,0.3133,-0.0000,-5.7379,-0.2164,0.2164,0.000,0.000,-8.594,0,VEHICLE,0,-,0.0000,50,150,0,0.0800,0,0,0.000,0.000,0.000,0.0000,0.0000,0.0000,1,1.0000,0,0,0.0000,0,4.2689,0.0000,0.0000,0.0000,0.0000,0,80.00,0.0000,8.5334,9.6883,0.0000,9.1421,0.3133,80.00,-1,-1.00000,0.000,0.000,0.000,0.000,0.000,0.000,0,0.00,0,0,0,0,0,0,4.1738,2.231,0.000,0.0000,0.0607,-0.0000,0,2.5000,0.000
207,3.4500,0.0000,4.0411,0.3096,-0.0000,-6.0610,-0.2235,0.2235,0.000,0.000,-8.594,0,VEHICLE,0,-,0.0000,50,150,0,0.0800,0,0,0.000,0.000,0.000,0.0000,0.0000,0.0000,1,1.0000,0,0,0.0000,0,4.1738,0.0000,0.0000,0.0000,0.0000,0,80.00,0.0000,8.4324,9.6846,0.0000,9.0411,0.3096,80.00,-1,-1.00000,0.000,0.000,0.000,0.000,0.000,0.000,0,0.00,0,0,0,0,0,0,4.0732,2.174,0.000,0.0000,0.0591,-0.0000,0,2.5000,0.000
208,3.4667,0.0000,3.9347,0.3058,-0.0000,-6.3841,-0.2301,0.2301,0.000,0.000,-8.594,0,VEHICLE,0,-,0.0000,50,150,0,0.0800,0,0,0.000,0.000,0.000,0.0000,0.0000,0.0000,1,1.0000,0,0,0.0000,0,4.0732,0.0000,0.0000,0.0000,0.0000,0,80.00,0.0000,8.3260,9.6807,0.0000,8.9347,0.3058,80.00,-1,-1.00000,0.000,0.000,0.000,0.000,0.000,0.000,0,0.00,0,0,0,0,0,0,3.9673,2.119,0.000,0.0000,0.0576,-0.0000,0,2.5000,0.000
209,3.4833,0.0000,3.8229,0.3018,-0.0000,-6.7073,-0.2362,0.2362,0.000,0.000,-8.594,0,VEHICLE,0,-,0.0000,50,150,0,0.0800,0,0,0.000,0.000,0.000,0.0000,0.0000,0.0000,1,1.0000,0,0,0.0000,0,3.9673,0.0000,0.0000,0.0000,0.0000,0,80.00,0.0000,8.2142,9.6768,0.0000,8.8229,0.3018,80.00,-1,-1.00000,0.000,0.000,0.000,0.000,0.000,0.000,0,0.00,0,0,0,0,0,0,3.8559,2.065,0.000,0.0000,0.0562,-0.0000,0,2.5000,0.000
210,3.5000,0.0000,3.7057,0.2978,-0.0000,-7.0305,-0.2419,0.2419,0.000,0.000,-8.594,0,VEHICLE,0,-,0.0000,50,150,0,0.0800,0,0,0.000,0.000,0.000,0.0000,0.0000,0.0000,1,1.0000,0,0,0.0000,0,3.8559,0.0000,0.0000,0.0000,0.0000,0,80.00,0.0000,8.0970,9.6728,0.0000,8.7057,0.2978,80.00,-1,-1.00000,0.000,0.000,0.000,0.000,0.000,0.000,0,0.00,0,0,0,0,0,0,3.7392,2.013,0.000,0.0000,0.0548,-0.0000,0,2.5000,0.000
211,3.5167,0.0000,3.5832,0.2937,-0.0000,-7.3537,-0.2471,0.2471,0.000,0.000,-8.594,0,VEHICLE,0,-,0.0000,50,150,0,0.0800,0,0,0.000,0.000,0.000,0.0000,0.0000,0.0000,1,1.0000,0,0,0.0000,0,3.7392,0.0000,0.0000,0.0000,0.0000,0,80.00,0.0000,7.9744,9.6686,0.0000,8.5832,0.2937,80.00,-1,-1.00000,0.000,0.000,0.000,0.000,0.000,0.000,0,0.00,0,0,0,0,0,0,3.6170,1.962,0.000,0.0000,0.0534,-0.0000,0,2.5000,0.000
212,3.5333,0.0000,3.4552,0.2895,-0.0000,-7.6769,-0.2519,0.2519,0.000,0.000,-8.594,0,VEHICLE,0,-,0.0000,50,150,0,0.0800,0,0,0.000,0.000,0.000,0.0000,0.0000,0.0000,1,1.0000,0,0,0.0000,0,3.6170,0.0000,0.0000,0.0000,0.0000,0,80.00,0.0000,7.8465,9.6644,0.0000,8.4552,0.2895,80.00,-1,-1.00000,0.000,0.000,0.000,0.000,0.000,0.000,0,0.00,0,0,0,0,0,0,3.4895,1.912,0.000,0.0000,0.0520,-0.0000,0,2.5000,0.000
213,3.5500,0.0000,3.3219,0.2852,-0.0000,-8.0002,-0.2563,0.2563,0.000,0.000,-8.594,0,VEHICLE,0,-,0.0000,50,150,0,0.0800,0,0,0.000,0.000,0.000,0.0000,0.0000,0.0000,1,1.0000,0,0,0.0000,0,3.4895,0.0000,0.0000,0.0000,0.0000,0,80.00,0.0000,7.7131,9.6602,0.0000,8.3219,0.2852,80.00,-1,-1.00000,0.000,0.000,0.000,0.000,0.000,0.000,0,0.00,0,0,0,0,0,0,3.3566,1.864,0.000,0.0000,0.0507,-0.0000,0,2.5000,0.000
214,3.5667,0.0000,3.1832,0.2809,-0.0000,-8.3235,-0.2604,0.2604,0.000,0.000,-8.594,0,VEHICLE,0,-,0.0000,50,150,0,0.0800,0,0,0.000,0.000,0.000,0.0000,0.0000,0.0000,1,1.0000,0,0,0.0000,0,3.3566,0.0000,0.0000,0.0000,0.0000,0,80.00,0.0000,7.5744,9.6558,0.0000,8.1832,0.2809,80.00,-1,-1.00000,0.000,0.000,0.000,0.000,0.000,0.000,0,0.00,0,0,0,0,0,0,3.2182,1.817,0.000,0.0000,0.0494,-0.0000,0,2.5000,0.000
215,3.5833,0.0000,3.0390,0.2765,-0.0000,-8.6468,-0.2640,0.2640,0.000,0.000,-8.594,0,VEHICLE,0,-,0.0000,50,150,0,0.0800,0,0,0.000,0.000,0.000,0.0000,0.0000,0.0000,1,1.0000,0,0,0.0000,0,3.2182,0.0000,0.0000,0.0000,0.0000,0,80.00,0.0000,7.4303,9.6514,0.0000,8.0390,0.2765,80.00,-1,-1.00000,0.000,0.000,0.000,0.000,0.000,0.000,0,0.00,0,0,0,0,0,0,3.0745,1.771,0.000,0.0000,0.0482,-0.0000,0,2.5000,0.000
216,3.6000,0.0000,2.8895,0.2720,-0.0000,-8.9700,-0.2673,0.2673,0.000,0.000,-8.594,0,VEHICLE,0,-,0.0000,50,150,0,0.0800,0,0,0.000,0.000,0.000,0.0000,0.0000,0.0000,1,1.0000,0,0,0.0000,0,3.0745,0.0000,0.0000,0.0000,0.0000,0,80.00,0.0000,7.2808,9.6470,0.0000,7.8895,0.2720,80.00,-1,-1.00000,0.000,0.000,0.000,0.000,0.000,0.000,0,0.00,0,0,0,0,0,0,2.9254,1.726,0.000,0.0000,0.0470,-0.0000,0,2.5000,0.000
217,3.6167,0.0000,2.7347,0.2675,-0.0000,-9.2934,-0.2703,0.2703,0.000,0.000,-8.594,0,VEHICLE,0,-,0.0000,50,150,0,0.0800,0,0,0.000,0.000,0.000,0.0000,0.0000,0.0000,1,1.0000,0,0,0.0000,0,2.9254,0.0000,0.0000,0.0000,0.0000,0,80.00,0.0000,7.1259,9.6425,0.0000,7.7347,0.2675,80.00,-1,-1.00000,0.000,0.000,0.000,0.000,0.000,0.000,0,0.00,0,0,0,0,0,0,2.7708,1.682,0.000,0.0000,0.0458,-0.0000,0,2.5000,0.000
218,3.6333,0.0000,2.5744,0.2630,-0.0000,-9.6167,-0.2729,0.2729,0.000,0.000,-8.594,0,VEHICLE,0,-,0.0000,50,150,0,0.0800,0,0,0.000,0.000,0.000,0.0000,0.0000,0.0000,1,1.0000,0,0,0.0000,0,2.7708,0.0000,0.0000,0.0000,0.0000,0,80.00,0.0000,6.9656,9.6379,0.0000,7.5744,0.2630,80.00,-1,-1.00000,0.000,0.000,0.000,0.000,0.000,0.000,0,0.00,0,0,0,0,0,0,2.6109,1.640,0.000,0.0000,0.0446,-0.0000,0,2.5000,0.000
219,3.6500,0.0000,2.4087,0.2584,-0.0000,-9.9400,-0.2753,0.2753,0.000,0.000,-8.594,0,VEHICLE,0,-,0.0000,50,150,0,0.0800,0,0,0.000,0.000,0.000,0.0000,0.0000,0.0000,1,1.0000,0,0,0.0000,0,2.6109,0.0000,0.0000,0.0000,0.0000,0,80.00,0.0000,6.8000,9.6333,0.0000,7.4087,0.2584,80.00,-1,-1.00000,0.000,0.000,0.000,0.000,0.000,0.000,0,0.00,0,0,0,0,0,0,2.4456,1.598,0.000,0.0000,0.0435,-0.0000,0,2.5000,0.000
220,3.6667,0.0000,2.2437,0.2539,-0.0000,-9.8977,-0.2671,0.2671,0.000,0.000,-8.594,1,VEHICLE,0,-,0.0000,50,150,0,0.0800,0,0,0.000,0.000,0.000,0.0000,0.0000,0.0000,1,1.0000,0,0,0.0000,0,2.4456,0.0000,0.0000,0.0000,0.0000,0,80.00,0.0000,6.6350,9.6289,0.0000,7.2437,0.2539,80.00,-1,-1.00000,0.000,0.000,0.000,0.000,0.000,0.000,0,0.00,0,0,0,0,0,0,2.2822,1.403,0.000,0.0000,0.2039,-0.0000,4,2.4465,0.000
221,3.6833,0.0000,2.0911,0.2503,-0.0000,-9.1561,-0.2164,0.2164,0.000,0.000,-8.594,1,VEHICLE,0,-,0.0000,50,150,0,0.0800,0,0,0.000,0.000,0.000,0.0000,0.0000,0.0000,1,1.0000,0,0,0.0000,0,2.2822,0.0000,0.0000,0.0000,0.0000,0,80.00,0.0000,6.4824,9.6253,0.0000,7.0911,0.2503,80.00,-1,-1.00000,0.000,0.000,0.000,0.000,0.000,0.000,0,0.00,0,0,0,0,0,0,2.1311,1.221,0.000,0.0000,0.1905,-0.0000,4,2.2829,0.000
222,3.7000,0.0000,1.9503,0.2474,-0.0000,-8.4519,-0.1733,0.1733,0.000,0.000,-8.594,1,VEHICLE,0,-,0.0000,50,150,0,0.0800,0,0,0.000,0.000,0.000,0.0000,0.0000,0.0000,1,1.0000,0,0,0.0000,0,2.1311,0.0000,0.0000,0.0000,0.0000,0,80.00,0.0000,6.3415,9.6224,0.0000,6.9503,0.2474,80.00,-1,-1.00000,0.000,0.000,0.000,0.000,0.000,0.000,0,0.00,0,0,0,0,0,0,1.9916,1.052,0.000,-0.0000,0.1777,-0.0000,4,2.1316,0.000
223,3.7167,0.0000,1.8205,0.2451,-0.0000,-7.7840,-0.1370,0.1370,0.000,0.000,-8.594,1,VEHICLE,0,-,0.0000,50,150,0,0.0800,0,0,0.000,0.000,0.000,0.0000,0.0000,0.0000,1,1.0000,0,0,0.0000,0,1.9916,0.0000,0.0000,0.0000,0.0000,0,80.00,0.0000,6.2118,9.6201,0.0000,6.8205,0.2451,80.00,-1,-1.00000,0.000,0.000,0.000,0.000,0.000,0.000,0,0.00,0,0,0,0,0,0,1.8632,0.894,0.000,-0.0000,0.1654,-0.0000,4,1.9920,0.000
224,3.7333,0.0000,1.7014,0.2434,-0.0000,-7.1515,-0.1065,0.1065,0.000,0.000,-8.594,1,VEHICLE,0,-,0.0000,50,150,0,0.0800,0,0,0.000,0.000,0.000,0.0000,0.0000,0.0000,1,1.0000,0,0,0.0000,0,1.8632,0.0000,0.0000,0.0000,0.0000,0,80.00,0.0000,6.0926,9.6183,0.0000,6.7014,0.2434,80.00,-1,-1.00000,0.000,0.000,0.000,0.000,0.000,0.000,0,0.00,0,0,0,0,0,0,1.7452,0.747,0.000,-0.0000,0.1536,-0.0000,4,1.8634,0.000
225,3.7500,0.0000,1.5921,0.2420,-0.0000,-6.5534,-0.0813,0.0813,0.000,0.000,-8.594,1,VEHICLE,0,-,0.0000,50,150,0,0.0800,0,0,0.000,0.000,0.000,0.0000,0.0000,0.0000,1,1.0000,0,0,0.0000,0,1.7452,0.0000,0.0000,0.0000,0.0000,0,80.00,0.0000,5.9834,9.6170,0.0000,6.5921,0.2420,80.00,-1,-1.00000,0.000,0.000,0.000,0.000,0.000,0.000,0,0.00,0,0,0,0,0,0,1.6371,0.611,0.000,-0.0000,0.1423,-0.0000,4,1.7454,0.000
226,3.7667,0.0000,1.4923,0.2410,-0.0000,-5.9886,-0.0605,0.0605,0.000,0.000,-8.594,1,VEHICLE,0,-,0.0000,50,150,0,0.0800,0,0,0.000,0.000,0.000,0.0000,0.0000,0.0000,1,1.0000,0,0,0.0000,0,1.6371,0.0000,0.0000,0.0000,0.0000,0,80.00,0.0000,5.8836,9.6160,0.0000,6.4923,0.2410,80.00,-1,-1.00000,0.000,0.000,0.000,0.000,0.000,0.000,0,0.00,0,0,0,0,0,0,1.5383,0.486,0.000,-0.0000,0.1315,-0.0000,4,1.6372,0.000
227,3.7833,0.0000,1.4014,0.2403,-0.0000,-5.4561,-0.0435,0.0435,0.000,0.000,-8.594,1,VEHICLE,0,-,0.0000,50,150,0,0.0800,0,0,0.000,0.000,0.000,0.0000,0.0000,0.0000,1,1.0000,0,0,0.0000,0,1.5383,0.0000,0.0000,0.0000,0.0000,0,80.00,0.0000,5.7927,9.6152,0.0000,6.4014,0.2403,80.00,-1,-1.00000,0.000,0.000,0.000,0.000,0.000,0.000,0,0.00,0,0,0,0,0,0,1.4484,0.370,0.000,-0.0000,0.1213,-0.0000,4,1.5384,0.000
228,3.8000,0.0000,1.3188,0.2398,-0.0000,-4.9548,-0.0299,0.0299,0.000,0.000,-8.594,1,VEHICLE,0,-,0.0000,50,150,0,0.0800,0,0,0.000,0.000,0.000,0.0000,0.0000,0.0000,1,1.0000,0,0,0.0000,0,1.4484,0.0000,0.0000,0.0000,0.0000,0,80.00,0.0000,5.7101,9.6147,0.0000,6.3188,0.2398,80.00,-1,-1.00000,0.000,0.000,0.000,0.000,0.000,0.000,0,0.00,0,0,0,0,0,0,1.3666,0.263,0.000,-0.0000,0.1115,-0.0000,4,1.4484,0.000
229,3.8167,0.0000,1.2441,0.2395,-0.0000,-4.4836,-0.0191,0.0191,0.000,0.000,-8.594,1,VEHICLE,0,-,0.0000,50,150,0,0.0800,0,0,0.000,0.000,0.000,0.0000,0.0000,0.0000,1,1.0000,0,0,0.0000,0,1.3666,0.0000,0.0000,0.0000,0.0000,0,80.00,0.0000,5.6353,9.6144,0.0000,6.2441,0.2395,80.00,-1,-1.00000,0.000,0.000,0.000,0.000,0.000,0.000,0,0.00,0,0,0,0,0,0,1.2927,0.166,0.000,-0.0000,0.1023,-0.0000,4,1.3667,0.000
230,3.8333,0.0000,1.1767,0.2393,-0.0000,-4.0413,-0.0108,0.0108,0.000,0.000,-8.594,1,VEHICLE,0,-,0.0000,50,150,0,0.0800,0,0,0.000,0.000,0.000,0.0000,0.0000,0.0000,1,1.0000,0,0,0.0000,0,1.2927,0.0000,0.0000,0.0000,0.0000,0,80.00,0.0000,5.5680,9.6142,0.0000,6.1767,0.2393,80.00,-1,-1.00000,0.000,0.000,0.000,0.000,0.000,0.000,0,0.00,0,0,0,0,0,0,1.2261,0.077,0.000,-0.0000,0.0935,-0.0000,4,1.2927,0.000
231,3.8500,0.0000,1.1163,0.2392,-0.0000,-3.6269,-0.0044,0.0044,0.000,0.000,-8.594,1,VEHICLE,0,-,0.0000,50,150,0,0.0800,0,0,0.000,0.000,0.000,0.0000,0.0000,0.0000,1,1.0000,0,0,0.0000,0,1.2261,0.0000,0.0000,0.0000,0.0000,0,80.00,0.0000,5.5075,9.6142,0.0000,6.1163,0.2392,80.00,-1,-1.00000,0.000,0.000,0.000,0.000,0.000,0.000,0,0.00,0,0,0,0,0,0,1.1663,-0.005,0.000,-0.0000,0.0852,-0.0000,4,1.2261,0.000
232,3.8667,0.0000,1.0623,0.2392,-0.0000,-3.2392,0.0002,0.0002,0.000,0.000,-8.594,1,VEHICLE,0,-,0.0000,50,150,0,0.0800,0,0,0.000,0.000,0.000,0.0000,0.0000,0.0000,1,1.0000,0,0,0.0000,0,1.1663,0.0000,0.0000,0.0000,0.0000,0,80.00,0.0000,5.4536,9.6142,0.0000,6.0623,0.2392,80.00,-1,-1.00000,0.000,0.000,0.000,0.000,0.000,0.000,0,0.00,0,0,0,0,0,0,1.1129,-0.079,0.000,-0.0000,0.0773,-0.0000,4,1.1663,0.000
233,3.8833,0.0000,1.0143,0.2393,-0.0000,-2.8771,0.0035,0.0035,0.000,0.000,-8.594,1,VEHICLE,0,-,0.0000,50,150,0,0.0800,0,0,0.000,0.000,0.000,0.0000,0.0000,0.0000,1,1.0000,0,0,0.0000,0,1.1129,0.0000,0.0000,0.0000,0.0000,0,80.00,0.0000,5.4056,9.6142,0.0000,6.0143,0.2393,80.00,-1,-1.00000,0.000,0.000,0.000,0.000,0.000,0.000,0,0.00,0,0,0,0,0,0,1.0655,-0.145,0.000,0.0000,0.0699,-0.0000,4,1.1129,0.000
234,3.9000,0.0000,0.9720,0.2394,-0.0000,-2.5394,0.0056,0.0056,0.000,0.000,-8.594,1,VEHICLE,0,-,0.0000,50,150,0,0.0800,0,0,0.000,0.000,0.000,0.0000,0.0000,0.0000,1,1.0000,0,0,0.0000,0,1.0655,0.0000,0.0000,0.0000,0.0000,0,80.00,0.0000,5.3633,9.6143,0.0000,5.9720,0.2394,80.00,-1,-1.00000,0.000,0.000,0.000,0.000,0.000,0.000,0,0.00,0,0,0,0,0,0,1.0237,-0.205,0.000,-0.0000,0.0629,-0.0000,4,1.0655,0.000
235,3.9167,0.0000,0.9349,0.2395,-0.0000,-2.2252,0.0068,0.0068,0.000,0.000,-8.594,1,VEHICLE,0,-,0.0000,50,150,0,0.0800,0,0,0.000,0.000,0.000,0.0000,0.0000,0.0000,1,1.0000,0,0,0.0000,0,1.0237,0.0000,0.0000,0.0000,0.0000,0,80.00,0.0000,5.3262,9.6144,0.0000,5.9349,0.2395,80.00,-1,-1.00000,0.000,0.000,0.000,0.000,0.000,0.000,0,0.00,0,0,0,0,0,0,0.9871,-0.259,0.000,0.0000,0.0563,-0.0000,4,1.0237,0.000
236,3.9333,0.0000,0.9027,0.2396,-0.0000,-1.9333,0.0073,0.0073,0.000,0.000,-8.594,1,VEHICLE,0,-,0.0000,50,150,0,0.0800,0,0,0.000,0.000,0.000,0.0000,0.0000,0.0000,1,1.0000,0,0,0.0000,0,0.9871,0.0000,0.0000,0.0000,0.0000,0,80.00,0.0000,5.2940,9.6146,0.0000,5.9027,0.2396,80.00,-1,-1.00000,0.000,0.000,0.000,0.000,0.000,0.000,0,0.00,0,0,0,0,0,0,0.9552,-0.307,0.000,0.0000,0.0501,-0.0000,4,0.9871,0.000
237,3.9500,0.0000,0.8750,0.2397,-0.0000,-1.6627,0.0072,0.0072,0.000,0.000,-8.594,1,VEHICLE,0,-,0.0000,50,150,0,0.0800,0,0,0.000,0.000,0.000,0.0000,0.0000,0.0000,1,1.0000,0,0,0.0000,0,0.9552,0.0000,0.0000,0.0000,0.0000,0,80.00,0.0000,5.2663,9.6147,0.0000,5.8750,0.2397,80.00,-1,-1.00000,0.000,0.000,0.000,0.000,0.000,0.000,0,0.00,0,0,0,0,0,0,0.9279,-0.349,0.000,0.0000,0.0443,-0.0000,4,0.9552,0.000
238,3.9667,0.0000,0.8515,0.2398,-0.0000,-1.4123,0.0066,0.0066,0.000,0.000,-8.594,1,VEHICLE,0,-,0.0000,50,150,0,0.0800,0,0,0.000,0.000,0.000,0.0000,0.0000,0.0000,1,1.0000,0,0,0.0000,0,0.9279,0.0000,0.0000,0.0000,0.0000,0,80.00,0.0000,5.2427,9.6148,0.0000,5.8515,0.2398,80.00,-1,-1.00000,0.000,0.000,0.000,0.000,0.000,0.000,0,0.00,0,0,0,0,0,0,0.9046,-0.386,0.000,-0.0000,0.0388,-0.0000,4,0.9279,0.000
239,3.9833,0.0000,0.8318,0.2399,-0.0000,-1.1811,0.0058,0.0058,0.000,0.000,-8.594,1,VEHICLE,0,-,0.0000,50,150,0,0.0800,0,0,0.000,0.000,0.000,0.0000,0.0000,0.0000,1,1.0000,0,0,0.0000,0,0.9046,0.0000,0.0000,0.0000,0.0000,0,80.00,0.0000,5.2230,9.6149,0.0000,5.8318,0.2399,80.00,-1,-1.00000,0.000,0.000,0.000,0.000,0.000,0.000,0,0.00,0,0,0,0,0,0,0.8852,-0.418,0.000,0.0000,0.0338,-0.0000,4,0.9046,0.000
240,4.0000,0.0000,0.8156,0.2400,-0.0000,-0.9681,0.0047,0.0047,0.000,0.000,-8.594,1,VEHICLE,0,-,0.0000,50,150,0,0.0800,0,0,0.000,0.000,0.000,0.0000,0.0000,0.0000,1,1.0000,0,0,0.0000,0,0.8852,0.0000,0.0000,0.0000,0.0000,0,80.00,0.0000,5.2069,9.6150,0.0000,5.8156,0.2400,80.00,-1,-1.00000,0.000,0.000,0.000,0.000,0.000,0.000,0,0.00,0,0,0,0,0,0,0.8693,-0.446,0.000,-0.0000,0.0290,-0.0000,4,0.8852,0.000
241,4.0167,0.0000,0.8028,0.2401,-0.0000,-0.7724,0.0035,0.0035,0.000,0.000,-8.594,1,VEHICLE,0,-,0.0000,50,150,0,0.0800,0,0,0.000,0.000,0.000,0.0000,0.0000,0.0000,1,1.0000,0,0,0.0000,0,0.8693,0.0000,0.0000,0.0000,0.0000,0,80.00,0.0000,5.1940,9.6150,0.0000,5.8028,0.2401,80.00,-1,-1.00000,0.000,0.000,0.000,0.000,0.000,0.000,0,0.00,0,0,0,0,0,0,0.8566,-0.470,0.000,-0.0000,0.0246,-0.0000,4,0.8693,0.000
242,4.0333,0.0000,0.7929,0.2401,-0.0000,-0.5930,0.0022,0.0022,0.000,0.000,-8.594,1,VEHICLE,0,-,0.0000,50,150,0,0.0800,0,0,0.000,0.000,0.000,0.0000,0.0000,0.0000,1,1.0000,0,0,0.0000,0,0.8566,0.0000,0.0000,0.0000,0.0000,0,80.00,0.0000,5.1841,9.6151,0.0000,5.7929,0.2401,80.00,-1,-1.00000,0.000,0.000,0.000,0.000,0.000,0.000,0,0.00,0,0,0,0,0,0,0.8469,-0.489,0.000,-0.0000,0.0206,-0.0000,4,0.8566,0.000
243,4.0500,0.0000,0.7857,0.2401,-0.0000,-0.4290,0.0009,0.0009,0.000,0.000,-8.594,1,VEHICLE,0,-,0.0000,50,150,0,0.0800,0,0,0.000,0.000,0.000,0.0000,0.0000,0.0000,1,1.0000,0,0,0.0000,0,0.8469,0.0000,0.0000,0.0000,0.0000,0,80.00,0.0000,5.1770,9.6151,0.0000,5.7857,0.2401,80.00,-1,-1.00000,0.000,0.000,0.000,0.000,0.000,0.000,0,0.00,0,0,0,0,0,0,0.8399,-0.505,0.000,0.0000,0.0168,-0.0000,4,0.8469,0.000
244,4.0667,0.0000,0.7811,0.2401,0.0000,-0.2795,-0.0004,0.0004,0.000,0.000,-8.594,1,VEHICLE,0,-,0.0000,50,150,0,0.0800,0,0,0.000,0.000,0.000,0.0000,0.0000,0.0000,1,1.0000,0,0,0.0000,0,0.8399,0.0000,0.0000,0.0000,0.0000,0,80.00,0.0000,5.1723,9.6151,0.0000,5.7811,0.2401,80.00,-1,-1.00000,0.000,0.000,0.000,0.000,0.000,0.000,0,0.00,0,0,0,0,0,0,0.8353,-0.518,0.000,-0.0000,0.0133,-0.0000,4,0.8399,0.000
245,4.0833,0.0000,0.7787,0.2401,0.0000,-0.1438,-0.0016,0.0016,0.000,0.000,-8.594,1,VEHICLE,0,-,0.0000,50,150,0,0.0800,0,0,0.000,0.000,0.000,0.0000,0.0000,0.0000,1,1.0000,0,0,0.0000,0,0.8353,0.0000,0.0000,0.0000,0.0000,0,80.00,0.0000,5.1699,9.6150,0.0000,5.7787,0.2401,80.00,-1,-1.00000,0.000,0.000,0.000,0.000,0.000,0.000,0,0.00,0,0,0,0,0,0,0.8330,-0.528,0.000,-0.0000,0.0100,-0.0000,4,0.8354,0.000
246,4.1000,0.0000,0.7783,0.2400,0.0000,-0.0209,-0.0028,0.0028,0.000,0.000,-8.594,1,VEHICLE,0,-,0.0000,50,150,0,0.0800,0,0,0.000,0.000,0.000,0.0000,0.0000,0.0000,1,1.0000,0,0,0.0000,0,0.8330,0.0000,0.0000,0.0000,0.0000,0,80.00,0.0000,5.1696,9.6150,0.0000,5.7783,0.2400,80.00,-1,-1.00000,0.000,0.000,0.000,0.000,0.000,0.000,0,0.00,0,0,0,0,0,0,0.8327,-0.534,0.000,0.0000,0.0071,-0.0000,4,0.8330,0.000
247,4.1167,0.0000,0.7798,0.2400,0.0000,0.0899,-0.0039,0.0039,0.000,0.000,-8.594,1,VEHICLE,0,-,0.0000,50,150,0,0.0800,0,0,0.000,0.000,0.000,0.0000,0.0000,0.0000,1,1.0000,0,0,0.0000,0,0.8327,0.0000,0.0000,0.0000,0.0000,0,80.00,0.0000,5.1711,9.6149,0.0000,5.7798,0.2400,80.00,-1,-1.00000,0.000,0.000,0.000,0.000,0.000,0.000,0,0.00,0,0,0,0,0,0,0.8342,-0.539,0.000,-0.0000,0.0044,-0.0000,4,0.8328,0.000
248,4.1333,0.0000,0.7830,0.2399,0.0000,0.1894,-0.0048,0.0048,0.000,0.000,-8.594,1,VEHICLE,0,-,0.0000,50,150,0,0.0800,0,0,0.000,0.000,0.000,0.0000,0.0000,0.0000,1,1.0000,0,0,0.0000,0,0.8342,0.0000,0.0000,0.0000,0.0000,0,80.00,0.0000,5.1743,9.6148,0.0000,5.7830,0.2399,80.00,-1,-1.00000,0.000,0.000,0.000,0.000,0.000,0.000,0,0.00,0,0,0,0,0,0,0.8374,-0.540,0.000,0.0000,0.0019,-0.0000,4,0.8343,0.000
249,4.1500,0.0000,0.7876,0.2398,0.0000,0.2783,-0.0057,0.0057,0.000,0.000,-8.594,1,VEHICLE,0,-,0.0000,50,150,0,0.0800,0,0,0.000,0.000,0.000,0.0000,0.0000,0.0000,1,1.0000,0,0,0.0000,0,0.8374,0.0000,0.0000,0.0000,0.0000,0,80.00,0.0000,5.1789,9.6147,0.0000,5.7876,0.2398,80.00,-1,-1.00000,0.000,0.000,0.000,0.000,0.000,0.000,0,0.00,0,0,0,0,0,0,0.8421,-0.540,0.000,-0.0000,-0.0004,-0.0000,4,0.8375,0.000
250,4.1667,0.0000,0.7936,0.2397,0.0000,0.3574,-0.0064,0.0064,0.000,0.000,-8.594,1,VEHICLE,0,-,0.0000,50,150,0,0.0800,0,0,0.000,0.000,0.000,0.0000,0.0000,0.0000,1,1.0000,0,0,0.0000,0,0.8421,0.0000,0.0000,0.0000,0.0000,0,80.00,0.0000,5.1848,9.6146,0.0000,5.7936,0.2397,80.00,-1,-1.00000,0.000,0.000,0.000,0.000,0.000,0.000,0,0.00,0,0,0,0,0,0,0.8480,-0.538,0.000,-0.0000,-0.0024,-0.0000,4,0.8421,0.000
251,4.1833,0.0000,0.8007,0.2396,0.0000,0.4271,-0.0070,0.0070,0.000,0.000,-8.594,1,VEHICLE,0,-,0.0000,50,150,0,0.0800,0,0,0.000,0.000,0.000,0.0000,0.0000,0.0000,1,1.0000,0,0,0.0000,0,0.8480,0.0000,0.0000,0.0000,0.0000,0,80.00,0.0000,5.1920,9.6145,0.0000,5.8007,0.2396,80.00,-1,-1.00000,0.000,0.000,0.000,0.000,0.000,0.000,0,0.00,0,0,0,0,0,0,0.8551,-0.534,0.000,-0.0000,-0.0043,-0.0000,4,0.8480,0.000
252,4.2000,0.0000,0.8088,0.2395,0.0000,0.4883,-0.0076,0.0076,0.000,0.000,-8.594,1,VEHICLE,0,-,0.0000,50,150,0,0.0800,0,0,0.000,0.000,0.000,0.0000,0.0000,0.0000,1,1.0000,0,0,0.0000,0,0.8551,0.0000,0.0000,0.0000,0.0000,0,80.00,0.0000,5.2001,9.6144,0.0000,5.8088,0.2395,80.00,-1,-1.00000,0.000,0.000,0.000,0.000,0.000,0.000,0,0.00,0,0,0,0,0,0,0.8632,-0.528,0.000,0.0000,-0.0059,-0.0000,4,0.8551,0.000
253,4.2167,0.0000,0.8179,0.2393,0.0000,0.5415,-0.0080,0.0080,0.000,0.000,-8.594,1,VEHICLE,0,-,0.0000,50,150,0,0.0800,0,0,0.000,0.000,0.000,0.0000,0.0000,0.0000,1,1.0000,0,0,0.0000,0,0.8632,0.0000,0.0000,0.0000,0.0000,0,80.00,0.0000,5.2091,9.6143,0.0000,5.8179,0.2393,80.00,-1,-1.00000,0.000,0.000,0.000,0.000,0.000,0.000,0,0.00,0,0,0,0,0,0,0.8721,-0.521,0.000,0.0000,-0.0074,-0.0000,4,0.8632,0.000
254,4.2333,0.0000,0.8277,0.2392,0.0000,0.5874,-0.0083,0.0083,0.000,0.000,-8.594,1,VEHICLE,0,-,0.0000,50,150,0,0.0800,0,0,0.000,0.000,0.000,0.0000,0.0000,0.0000,1,1.0000,0,0,0.0000,0,0.8721,0.0000,0.0000,0.0000,0.0000,0,80.00,0.0000,5.2189,9.6141,0.0000,5.8277,0.2392,80.00,-1,-1.00000,0.000,0.000,0.000,0.000,0.000,0.000,0,0.00,0,0,0,0,0,0,0.8819,-0.512,0.000,-0.0000,-0.0088,-0.0000,4,0.8722,0.000
255,4.2500,0.0000,0.8381,0.2390,0.0000,0.6263,-0.0085,0.0085,0.000,0.000,-8.594,1,VEHICLE,0,-,0.0000,50,150,0,0.0800,0,0,0.000,0.000,0.000,0.0000,0.0000,0.0000,1,1.0000,0,0,0.0000,0,0.8819,0.0000,0.0000,0.0000,0.0000,0,80.00,0.0000,5.2294,9.6140,0.0000,5.8381,0.2390,80.00,-1,-1.00000,0.000,0.000,0.000,0.000,0.000,0.000,0,0.00,0,0,0,0,0,0,0.8922,-0.503,0.000,-0.0000,-0.0099,-0.0000,4,0.8819,0.000
256,4.2667,0.0000,0.8491,0.2389,0.0000,0.6590,-0.0086,0.0086,0.000,0.000,-8.594,1,VEHICLE,0,-,0.0000,50,150,0,0.0800,0,0,0.000,0.000,0.000,0.0000,0.0000,0.0000,1,1.0000,0,0,0.0000,0,0.8922,0.0000,0.0000,0.0000,0.0000,0,80.00,0.0000,5.2403,9.6138,0.0000,5.8491,0.2389,80.00,-1,-1.00000,0.000,0.000,0.000,0.000,0.000,0.000,0,0.00,0,0,0,0,0,0,0.9031,-0.492,0.000,0.0000,-0.0110,-0.0000,4,0.8923,0.000
257,4.2833,0.0000,0.8605,0.2388,0.0000,0.6858,-0.0087,0.0087,0.000,0.000,-8.594,1,VEHICLE,0,-,0.0000,50,150,0,0.0800,0,0,0.000,0.000,0.000,0.0000,0.0000,0.0000,1,1.0000,0,0,0.0000,0,0.9031,0.0000,0.0000,0.0000,0.0000,0,80.00,0.0000,5.2518,9.6137,0.0000,5.8605,0.2388,80.00,-1,-1.00000,0.000,0.000,0.000,0.000,0.000,0.000,0,0.00,0,0,0,0,0,0,0.9145,-0.481,0.000,-0.0000,-0.0119,-0.0000,4,0.9032,0.000
258,4.3000,0.0000,0.8723,0.2386,0.0000,0.7072,-0.0087,0.0087,0.000,0.000,-8.594,1,VEHICLE,0,-,0.0000,50,150,0,0.0800,0,0,0.000,0.000,0.000,0.0000,0.0000,0.0000,1,1.0000,0,0,0.0000,0,0.9145,0.0000,0.0000,0.0000,0.0000,0,80.00,0.0000,5.2636,9.6136,0.0000,5.8723,0.2386,80.00,-1,-1.00000,0.000,0.000,0.000,0.000,0.000,0.000,0,0.00,0,0,0,0,0,0,0.9261,-0.469,0.000,0.0000,-0.0126,-0.0000,4,0.9145,0.000
259,4.3167,0.0000,0.8844,0.2385,0.0000,0.7238,-0.0086,0.0086,0.000,0.000,-8.594,1,VEHICLE,0,-,0.0000,50,150,0,0.0800,0,0,0.000,0.000,0.000,0.0000,0.0000,0.0000,1,1.0000,0,0,0.0000,0,0.9261,0.0000,0.0000,0.0000,0.0000,0,80.00,0.0000,5.2756,9.6134,0.0000,5.8844,0.2385,80.00,-1,-1.00000,0.000,0.000,0.000,0.000,0.000,0.000,0,0.00,0,0,0,0,0,0,0.9381,-0.456,0.000,-0.0000,-0.0133,-0.0000,4,0.9262,0.000
260,4.3333,0.0000,0.8966,0.2383,0.0000,0.7358,-0.0084,0.0084,0.000,0.000,-8.594,1,VEHICLE,0,-,0.0000,50,150,0,0.0800,0,0,0.000,0.000,0.000,0.0000,0.0000,0.0000,1,1.0000,0,0,0.0000,0,0.9381,0.0000,0.0000,0.0000,0.0000,0,80.00,0.0000,5.2879,9.6133,0.0000,5.8966,0.2383,80.00,-1,-1.00000,0.000,0.000,0.000,0.000,0.000,0.000,0,0.00,0,0,0,0,0,0,0.9503,-0.443,0.000,0.0000,-0.0138,-0.0000,4,0.9381,0.000
261,4.3500,0.0000,0.9090,0.2382,0.0000,0.7437,-0.0083,0.0083,0.000,0.000,-8.594,1,VEHICLE,0,-,0.0000,50,150,0,0.0800,0,0,0.000,0.000,0.000,0.0000,0.0000,0.0000,1,1.0000,0,0,0.0000,0,0.9503,0.0000,0.0000,0.0000,0.0000,0,80.00,0.0000,5.3003,9.6131,0.0000,5.9090,0.2382,80.00,-1,-1.00000,0.000,0.000,0.000,0.000,0.000,0.000,0,0.00,0,0,0,0,0,0,0.9625,-0.430,0.000,-0.0000,-0.0142,-0.0000,4,0.9503,0.000
262,4.3667,0.0000,0.9215,0.2381,0.0000,0.7480,-0.0080,0.0080,0.000,0.000,-8.594,1,VEHICLE,0,-,0.0000,50,150,0,0.0800,0,0,0.000,0.000,0.000,0.0000,0.0000,0.0000,1,1.0000,0,0,0.0000,0,0.9625,0.0000,0.0000,0.0000,0.0000,0,80.00,0.0000,5.3127,9.6130,0.0000,5.9215,0.2381,80.00,-1,-1.00000,0.000,0.000,0.000,0.000,0.000,0.000,0,0.00,0,0,0,0,0,0,0.9749,-0.416,0.000,-0.0000,-0.0146,-0.0000,4,0.9626,0.000
263,4.3833,0.0000,0.9340,0.2379,0.0000,0.7488,-0.0078,0.0078,0.000,0.000,-8.594,1,VEHICLE,0,-,0.0000,50,150,0,0.0800,0,0,0.000,0.000,0.000,0.0000,0.0000,0.0000,1,1.0000,0,0,0.0000,0,0.9749,0.0000,0.0000,0.0000,0.0000,0,80.00,0.0000,5.3252,9.6129,0.0000,5.9340,0.2379,80.00,-1,-1.00000,0.000,0.000,0.000,0.000,0.000,0.000,0,0.00,0,0,0,0,0,0,0.9873,-0.402,0.000,0.0000,-0.0149,-0.0000,4,0.9749,0.000
264,4.4000,0.0000,0.9464,0.2378,0.0000,0.7466,-0.0075,0.0075,0.000,0.000,-8.594,1,VEHICLE,0,-,0.0000,50,150,0,0.0800,0,0,0.000,0.000,0.000,0.0000,0.0000,0.0000,1,1.0000,0,0,0.0000,0,0.9873,0.0000,0.0000,0.0000,0.0000,0,80.00,0.0000,5.3377,9.6127,0.0000,5.9464,0.2378,80.00,-1,-1.00000,0.000,0.000,0.000,0.000,0.000,0.000,0,0.00,0,0,0,0,0,0,0.9996,-0.387,0.000,0.0000,-0.0150,-0.0000,4,0.9873,0.000
265,4.4167,0.0000,0.9588,0.2377,0.0000,0.7417,-0.0072,0.0072,0.000,0.000,-8.594,1,VEHICLE,0,-,0.0000,50,150,0,0.0800,0,0,0.000,0.000,0.000,0.0000,0.0000,0.0000,1,1.0000,0,0,0.0000,0,0.9996,0.0000,0.0000,0.0000,0.0000,0,80.00,0.0000,5.3500,9.6126,0.0000,5.9588,0.2377,80.00,-1,-1.00000,0.000,0.000,0.000,0.000,0.000,0.000,0,0.00,0,0,0,0,0,0,1.0118,-0.373,0.000,-0.0000,-0.0151,-0.0000,4,0.9996,0.000
266,4.4333,0.0000,0.9710,0.2376,0.0000,0.7344,-0.0069,0.0069,0.000,0.000,-8.594,1,VEHICLE,0,-,0.0000,50,150,0,0.0800,0,0,0.000,0.000,0.000,0.0000,0.0000,0.0000,1,1.0000,0,0,0.0000,0,1.0118,0.0000,0.0000,0.0000,0.0000,0,80.00,0.0000,5.3623,9.6125,0.0000,5.9710,0.2376,80.00,-1,-1.00000,0.000,0.000,0.000,0.000,0.000,0.000,0,0.00,0,0,0,0,0,0,1.0239,-0.358,0.000,-0.0000,-0.0152,-0.0000,4,1.0118,0.000
267,4.4500,0.0000,0.9831,0.2375,0.0000,0.7248,-0.0066,0.0066,0.000,0.000,-8.594,1,VEHICLE,0,-,0.0000,50,150,0,0.0800,0,0,0.000,0.000,0.000,0.0000,0.0000,0.0000,1,1.0000,0,0,0.0000,0,1.0239,0.0000,0.0000,0.0000,0.0000,0,80.00,0.0000,5.3744,9.6124,0.0000,5.9831,0.2375,80.00,-1,-1.00000,0.000,0.000,0.000,0.000,0.000,0.000,0,0.00,0,0,0,0,0,0,1.0359,-0.344,0.000,-0.0000,-0.0152,-0.0000,4,1.0240,0.000
268,4.4667,0.0000,0.9950,0.2373,0.0000,0.7134,-0.0062,0.0062,0.000,0.000,-8.594,1,VEHICLE,0,-,0.0000,50,150,0,0.0800,0,0,0.000,0.000,0.000,0.0000,0.0000,0.0000,1,1.0000,0,0,0.0000,0,1.0359,0.0000,0.0000,0.0000,0.0000,0,80.00,0.0000,5.3862,9.6123,0.0000,5.9950,0.2373,80.00,-1,-1.00000,0.000,0.000,0.000,0.000,0.000,0.000,0,0.00,0,0,0,0,0,0,1.0477,-0.329,0.000,-0.0000,-0.0151,-0.0000,4,1.0359,0.000
269,4.4833,0.0000,1.0067,0.2373,0.0000,0.7003,-0.0059,0.0059,0.000,0.000,-8.594,1,VEHICLE,0,-,0.0000,50,150,0,0.0800,0,0,0.000,0.000,0.000,0.0000,0.0000,0.0000,1,1.0000,0,0,0.0000,0,1.0477,0.0000,0.0000,0.0000,0.0000,0,80.00,0.0000,5.3979,9.6122,0.0000,6.0067,0.2373,80.00,-1,-1.00000,0.000,0.000,0.000,0.000,0.000,0.000,0,0.00,0,0,0,0,0,0,1.0592,-0.315,0.000,-0.0000,-0.0150,-0.0000,4,1.0477,0.000
270,4.5000,0.0000,1.0181,0.2372,0.0000,0.6857,-0.0055,0.0055,0.000,0.000,-8.594,1,VEHICLE,0,-,0.0000,50,150,0,0.0800,0,0,0.000,0.000,0.000,0.0000,0.0000,0.0000,1,1.0000,0,0,0.0000,0,1.0592,0.0000,0.0000,0.0000,0.0000,0,80.00,0.0000,5.4093,9.6121,0.0000,6.0181,0.2372,80.00,-1,-1.00000,0.000,0.000,0.000,0.000,0.000,0.000,0,0.00,0,0,0,0,0,0,1.0705,-0.301,0.000,0.0000,-0.0148,-0.0000,4,1.0593,0.000
271,4.5167,0.0000,1.0292,0.2371,0.0000,0.6698,-0.0052,0.0052,0.000,0.000,-8.594,1,VEHICLE,0,-,0.0000,50,150,0,0.0800,0,0,0.000,0.000,0.000,0.0000,0.0000,0.0000,1,1.0000,0,0,0.0000,0,1.0705,0.0000,0.0000,0.0000,0.0000,0,80.00,0.0000,5.4205,9.6120,0.0000,6.0292,0.2371,80.00,-1,-1.00000,0.000,0.000,0.000,0.000,0.000,0.000,0,0.00,0,0,0,0,0,0,1.0816,-0.287,0.000,-0.0000,-0.0146,-0.0000,4,1.0706,0.000
272,4.5333,0.0000,1.0401,0.2370,0.0000,0.6529,-0.0049,0.0049,0.000,0.000,-8.594,1,VEHICLE,0,-,0.0000,50,150,0,0.0800,0,0,0.000,0.000,0.000,0.0000,0.0000,0.0000,1,1.0000,0,0,0.0000,0,1.0816,0.0000,0.0000,0.0000,0.0000,0,80.00,0.0000,5.4314,9.6119,0.0000,6.0401,0.2370,80.00,-1,-1.00000,0.000,0.000,0.000,0.000,0.000,0.000,0,0.00,0,0,0,0,0,0,1.0924,-0.273,0.000,-0.0000,-0.0144,-0.0000,4,1.0816,0.000
273,4.5500,0.0000,1.0507,0.2369,0.0000,0.6351,-0.0046,0.0046,0.000,0.000,-8.594,1,VEHICLE,0,-,0.0000,50,150,0,0.0800,0,0,0.000,0.000,0.000,0.0000,0.0000,0.0000,1,1.0000,0,0,0.0000,0,1.0924,0.0000,0.0000,0.0000,0.0000,0,80.00,0.0000,5.4420,9.6119,0.0000,6.0507,0.2369,80.00,-1,-1.00000,0.000,0.000,0.000,0.000,0.000,0.000,0,0.00,0,0,0,0,0,0,1.1028,-0.260,0.000,-0.0000,-0.0141,-0.0000,4,1.0924,0.000
274,4.5667,0.0000,1.0610,0.2368,0.0000,0.6165,-0.0043,0.0043,0.000,0.000,-8.594,1,VEHICLE,0,-,0.0000,50,150,0,0.0800,0,0,0.000,0.000,0.000,0.0000,0.0000,0.0000,1,1.0000,0,0,0.0000,0,1.1028,0.0000,0.0000,0.0000,0.0000,0,80.00,0.0000,5.4522,9.6118,0.0000,6.0610,0.2368,80.00,-1,-1.00000,0.000,0.000,0.000,0.000,0.000,0.000,0,0.00,0,0,0,0,0,0,1.1130,-0.247,0.000,0.0000,-0.0138,-0.0000,4,1.1029,0.000
275,4.5833,0.0000,1.0709,0.2368,0.0000,0.5973,-0.0040,0.0040,0.000,0.000,-8.594,1,VEHICLE,0,-,0.0000,50,150,0,0.0800,0,0,0.000,0.000,0.000,0.0000,0.0000,0.0000,1,1.0000,0,0,0.0000,0,1.1130,0.0000,0.0000,0.0000,0.0000,0,80.00,0.0000,5.4622,9.6117,0.0000,6.0709,0.2368,80.00,-1,-1.00000,0.000,0.000,0.000,0.000,0.000,0.000,0,0.00,0,0,0,0,0,0,1.1229,-0.234,0.000,-0.0000,-0.0135,-0.0000,4,1.1130,0.000
276,4.6000,0.0000,1.0806,0.2367,0.0000,0.5777,-0.0037,0.0037,0.000,0.000,-8.594,1,VEHICLE,0,-,0.0000,50,150,0,0.0800,0,0,0.000,0.000,0.000,0.0000,0.0000,0.0000,1,1.0000,0,0,0.0000,0,1.1229,0.0000,0.0000,0.0000,0.0000,0,80.00,0.0000,5.4718,9.6117,0.0000,6.0806,0.2367,80.00,-1,-1.00000,0.000,0.000,0.000,0.000,0.000,0.000,0,0.00,0,0,0,0,0,0,1.1324,-0.221,0.000,0.0000,-0.0131,-0.0000,4,1.1229,0.000
277,4.6167,0.0000,1.0899,0.2367,0.0000,0.5577,-0.0034,0.0034,0.000,0.000,-8.594,1,VEHICLE,0,-,0.0000,50,150,0,0.0800,0,0,0.000,0.000,0.000,0.0000,0.0000,0.0000,1,1.0000,0,0,0.0000,0,1.1324,0.0000,0.0000,0.0000,0.0000,0,80.00,0.0000,5.4811,9.6116,0.0000,6.0899,0.2367,80.00,-1,-1.00000,0.000,0.000,0.000,0.000,0.000,0.000,0,0.00,0,0,0,0,0,0,1.1416,-0.209,0.000,-0.0000,-0.0128,-0.0000,4,1.1324,0.000
278,4.6333,0.0000,1.0988,0.2366,0.0000,0.5375,-0.0031,0.0031,0.000,0.000,-8.594,1,VEHICLE,0,-,0.0000,50,150,0,0.0800,0,0,0.000,0.000,0.000,0.0000,0.0000,0.0000,1,1.0000,0,0,0.0000,0,1.1416,0.0000,0.0000,0.0000,0.0000,0,80.00,0.0000,5.4901,9.6116,0.0000,6.0988,0.2366,80.00,-1,-1.00000,0.000,0.000,0.000,0.000,0.000,0.000,0,0.00,0,0,0,0,0,0,1.1504,-0.197,0.000,-0.0000,-0.0124,-0.0000,4,1.1416,0.000
279,4.6500,0.0000,1.1074,0.2366,0.0000,0.5172,-0.0029,0.0029,0.000,0.000,-8.594,1,VEHICLE,0,-,0.0000,50,150,0,0.0800,0,0,0.000,0.000,0.000,0.0000,0.0000,0.0000,1,1.0000,0,0,0.0000,0,1.1504,0.0000,0.0000,0.0000,0.0000,0,80.00,0.0000,5.4987,9.6115,0.0000,6.1074,0.2366,80.00,-1,-1.00000,0.000,0.000,0.000,0.000,0.000,0.000,0,0.00,0,0,0,0,0,0,1.1590,-0.186,0.000,-0.0000,-0.0120,-0.0000,4,1.1504,0.000
280,4.6667,0.0000,1.1157,0.2365,0.0000,0.4968,-0.0027,0.0027,0.000,0.000,-8.594,1,VEHICLE,0,-,0.0000,50,150,0,0.0800,0,0,0.000,0.000,0.000,0.0000,0.0000,0.0000,1,1.0000,0,0,0.0000,0,1.1590,0.0000,0.0000,0.0000,0.0000,0,80.00,0.0000,5.5070,9.6115,0.0000,6.1157,0.2365,80.00,-1,-1.00000,0.000,0.000,0.000,0.000,0.000,0.000,0,0.00,0,0,0,0,0,0,1.1671,-0.174,0.000,0.0000,-0.0116,-0.0000,4,1.1590,0.000
281,4.6833,0.0000,1.1237,0.2365,0.0000,0.4765,-0.0024,0.0024,0.000,0.000,-8.594,1,VEHICLE,0,-,0.0000,50,150,0,0.0800,0,0,0.000,0.000,0.000,0.0000,0.0000,0.0000,1,1.0000,0,0,0.0000,0,1.1671,0.0000,0.0000,0.0000,0.0000,0,80.00,0.0000,5.5149,9.6114,0.0000,6.1237,0.2365,80.00,-1,-1.00000,0.000,0.000,0.000,0.000,0.000,0.000,0,0.00,0,0,0,0,0,0,1.1750,-0.164,0.000,-0.0000,-0.0112,-0.0000,4,1.1672,0.000
282,4.7000,0.0000,1.1313,0.2364,0.0000,0.4563,-0.0022,0.0022,0.000,0.000,-8.594,1,VEHICLE,0,-,0.0000,50,150,0,0.0800,0,0,0.000,0.000,0.000,0.0000,0.0000,0.0000,1,1.0000,0,0,0.0000,0,1.1750,0.0000,0.0000,0.0000,0.0000,0,80.00,0.0000,5.5225,9.6114,0.0000,6.1313,0.2364,80.00,-1,-1.00000,0.000,0.000,0.000,0.000,0.000,0.000,0,0.00,0,0,0,0,0,0,1.1825,-0.153,0.000,-0.0000,-0.0108,-0.0000,4,1.1750,0.000
283,4.7167,0.0000,1.1385,0.2364,0.0000,0.4363,-0.0020,0.0020,0.000,0.000,-8.594,1,VEHICLE,0,-,0.0000,50,150,0,0.0800,0,0,0.000,0.000,0.000,0.0000,0.0000,0.0000,1,1.0000,0,0,0.0000,0,1.1825,0.0000,0.0000,0.0000,0.0000,0,80.00,0.0000,5.5298,9.6113,0.0000,6.1385,0.2364,80.00,-1,-1.00000,0.000,0.000,0.000,0.000,0.000,0.000,0,0.00,0,0,0,0,0,0,1.1897,-0.143,0.000,-0.0000,-0.0104,-0.0000,4,1.1825,0.000
284,4.7333,0.0000,1.1455,0.2364,0.0000,0.4166,-0.0019,0.0019,0.000,0.000,-8.594,1,VEHICLE,0,-,0.0000,50,150,0,0.0800,0,0,0.000,0.000,0.000,0.0000,0.0000,0.0000,1,1.0000,0,0,0.0000,0,1.1897,0.0000,0.0000,0.0000,0.0000,0,80.00,0.0000,5.5367,9.6113,0.0000,6.1455,0.2364,80.00,-1,-1.00000,0.000,0.000,0.000,0.000,0.000,0.000,0,0.00,0,0,0,0,0,0,1.1966,-0.134,0.000,0.0000,-0.0100,-0.0000,4,1.1897,0.000
285,4.7500,0.0000,1.1521,0.2363,0.0000,0.3972,-0.0017,0.0017,0.000,0.000,-8.594,1,VEHICLE,0,-,0.0000,50,150,0,0.0800,0,0,0.000,0.000,0.000,0.0000,0.0000,0.0000,1,1.0000,0,0,0.0000,0,1.1966,0.0000,0.0000,0.0000,0.0000,0,80.00,0.0000,5.5434,9.6113,0.0000,6.1521,0.2363,80.00,-1,-1.00000,0.000,0.000,0.000,0.000,0.000,0.000,0,0.00,0,0,0,0,0,0,1.2031,-0.125,0.000,-0.0000,-0.0096,-0.0000,4,1.1966,0.000
286,4.7667,0.0000,1.1584,0.2363,0.0000,0.3781,-0.0015,0.0015,0.000,0.000,-8.594,1,VEHICLE,0,-,0.0000,50,150,0,0.0800,0,0,0.000,0.000,0.000,0.0000,0.0000,0.0000,1,1.0000,0,0,0.0000,0,1.2031,0.0000,0.0000,0.0000,0.0000,0,80.00,0.0000,5.5497,9.6113,0.0000,6.1584,0.2363,80.00,-1,-1.00000,0.000,0.000,0.000,0.000,0.000,0.000,0,0.00,0,0,0,0,0,0,1.2094,-0.116,0.000,0.0000,-0.0092,-0.0000,4,1.2031,0.000
287,4.7833,0.0000,1.1644,0.2363,0.0000,0.3594,-0.0014,0.0014,0.000,0.000,-8.594,1,VEHICLE,0,-,0.0000,50,150,0,0.0800,0,0,0.000,0.000,0.000,0.0000,0.0000,0.0000,1,1.0000,0,0,0.0000,0,1.2094,0.0000,0.0000,0.0000,0.0000,0,80.00,0.0000,5.5557,9.6112,0.0000,6.1644,0.2363,80.00,-1,-1.00000,0.000,0.000,0.000,0.000,0.000,0.000,0,0.00,0,0,0,0,0,0,1.2153,-0.107,0.000,-0.0000,-0.0088,-0.0000,4,1.2094,0.000
288,4.8000,0.0000,1.1701,0.2363,0.0000,0.3412,-0.0012,0.0012,0.000,0.000,-8.594,1,VEHICLE,0,-,0.0000,50,150,0,0.0800,0,0,0.000,0.000,0.000,0.0000,0.0000,0.0000,1,1.0000,0,0,0.0000,0,1.2153,0.0000,0.0000,0.0000,0.0000,0,80.00,0.0000,5.5613,9.6112,0.0000,6.1701,0.2363,80.00,-1,-1.00000,0.000,0.000,0.000,0.000,0.000,0.000,0,0.00,0,0,0,0,0,0,1.2209,-0.099,0.000,0.0000,-0.0084,-0.0000,4,1.2153,0.000
289,4.8167,0.0000,1.1755,0.2363,0.0000,0.3234,-0.0011,0.0011,0.000,0.000,-8.594,1,VEHICLE,0,-,0.0000,50,150,0,0.0800,0,0,0.000,0.000,0.000,0.0000,0.0000,0.0000,1,1.0000,0,0,0.0000,0,1.2209,0.0000,0.0000,0.0000,0.0000,0,80.00,0.0000,5.5667,9.6112,0.0000,6.1755,0.2363,80.00,-1,-1.00000,0.000,0.000,0.000,0.000,0.000,0.000,0,0.00,0,0,0,0,0,0,1.2262,-0.092,0.000,-0.0000,-0.0080,-0.0000,4,1.2209,0.000
290,4.8333,0.0000,1.1806,0.2362,0.0000,0.3061,-0.0010,0.0010,0.000,0.000,-8.594,1,VEHICLE,0,-,0.0000,50,150,0,0.0800,0,0,0.000,0.000,0.000,0.0000,0.0000,0.0000,1,1.0000,0,0,0.0000,0,1.2262,0.0000,0.0000,0.0000,0.0000,0,80.00,0.0000,5.5718,9.6112,0.0000,6.1806,0.2362,80.00,-1,-1.00000,0.000,0.000,0.000,0.000,0.000,0.000,0,0.00,0,0,0,0,0,0,1.2313,-0.085,0.000,0.0000,-0.0076,-0.0000,4,1.2262,0.000
291,4.8500,0.0000,1.1854,0.2362,0.0000,0.2893,-0.0009,0.0009,0.000,0.000,-8.594,1,VEHICLE,0,-,0.0000,50,150,0,0.0800,0,0,0.000,0.000,0.000,0.0000,0.0000,0.0000,1,1.0000,0,0,0.0000,0,1.2313,0.0000,0.0000,0.0000,0.0000,0,80.00,0.0000,5.5767,9.6112,0.0000,6.1854,0.2362,80.00,-1,-1.00000,0.000,0.000,0.000,0.000,0.000,0.000,0,0.00,0,0,0,0,0,0,1.2360,-0.078,0.000,-0.0000,-0.0073,-0.0000,4,1.2313,0.000
292,4.8667,0.0000,1.1899,0.2362,0.0000,0.2730,-0.0008,0.0008,0.000,0.000,-8.594,1,VEHICLE,0,-,0.0000,50,150,0,0.0800,0,0,0.000,0.000,0.000,0.0000,0.0000,0.0000,1,1.0000,0,0,0.0000,0,1.2360,0.0000,0.0000,0.0000,0.0000,0,80.00,0.0000,5.5812,9.6112,0.0000,6.1899,0.2362,80.00,-1,-1.00000,0.000,0.000,0.000,0.000,0.000,0.000,0,0.00,0,0,0,0,0,0,1.2405,-0.071,0.000,-0.0000,-0.0069,-0.0000,4,1.2360,0.000
293,4.8833,0.0000,1.1942,0.2362,0.0000,0.2572,-0.0007,0.0007,0.000,0.000,-8.594,1,VEHICLE,0,-,0.0000,50,150,0,0.0800,0,0,0.000,0.000,0.000,0.0000,0.0000,0.0000,1,1.0000,0,0,0.0000,0,1.2405,0.0000,0.0000,0.0000,0.0000,0,80.00,0.0000,5.5855,9.6111,0.0000,6.1942,0.2362,80.00,-1,-1.00000,0.000,0.000,0.000,0.000,0.000,0.000,0,0.00,0,0,0,0,0,0,1.2448,-0.065,0.000,-0.0000,-0.0065,-0.0000,4,1.2405,0.000
294,4.9000,0.0000,1.1983,0.2362,0.0000,0.2420,-0.0006,0.0006,0.000,0.000,-8.594,1,VEHICLE,0,-,0.0000,50,150,0,0.0800,0,0,0.000,0.000,0.000,0.0000,0.0000,0.0000,1,1.0000,0,0,0.0000,0,1.2448,0.0000,0.0000,0.0000,0.0000,0,80.00,0.0000,5.5895,9.6111,0.0000,6.1983,0.2362,80.00,-1,-1.00000,0.000,0.000,0.000,0.000,0.000,0.000,0,0.00,0,0,0,0,0,0,1.2487,-0.059,0.000,0.0000,-0.0062,-0.0000,4,1.2448,0.000
295,4.9167,0.0000,1.2020,0.2362,0.0000,0.2273,-0.0006,0.0006,0.000,0.000,-8.594,1,VEHICLE,0,-,0.0000,50,150,0,0.0800,0,0,0.000,0.000,0.000,0.0000,0.0000,0.0000,1,1.0000,0,0,0.0000,0,1.2487,0.0000,0.0000,0.0000,0.0000,0,80.00,0.0000,5.5933,9.6111,0.0000,6.2020,0.2362,80.00,-1,-1.00000,0.000,0.000,0.000,0.000,0.000,0.000,0,0.00,0,0,0,0,0,0,1.2525,-0.053,0.000,-0.0000,-0.0058,-0.0000,4,1.2487,0.000
296,4.9333,0.0000,1.2056,0.2362,0.0000,0.2132,-0.0005,0.0005,0.000,0.000,-8.594,1,VEHICLE,0,-,0.0000,50,150,0,0.0800,0,0,0.000,0.000,0.000,0.0000,0.0000,0.0000,1,1.0000,0,0,0.0000,0,1.2525,0.0000,0.0000,0.0000,0.0000,0,80.00,0.0000,5.5969,9.6111,0.0000,6.2056,0.2362,80.00,-1,-1.00000,0.000,0.000,0.000,0.000,0.000,0.000,0,0.00,0,0,0,0,0,0,1.2560,-0.048,0.000,0.0000,-0.0055,-0.0000,4,1.2525,0.000
297,4.9500,0.0000,1.2089,0.2362,0.0000,0.1996,-0.0004,0.0004,0.000,0.000,-8.594,1,VEHICLE,0,-,0.0000,50,150,0,0.0800,0,0,0.000,0.000,0.000,0.0000,0.0000,0.0000,1,1.0000,0,0,0.0000,0,1.2560,0.0000,0.0000,0.0000,0.0000,0,80.00,0.0000,5.6002,9.6111,0.0000,6.2089,0.2362,80.00,-1,-1.00000,0.000,0.000,0.000,0.000,0.000,0.000,0,0.00,0,0,0,0,0,0,1.2593,-0.043,0.000,-0.0000,-0.0052,-0.0000,4,1.2560,0.000
298,4.9667,0.0000,1.2120,0.2362,0.0000,0.1866,-0.0004,0.0004,0.000,0.000,-8.594,1,VEHICLE,0,-,0.0000,50,150,0,0.0800,0,0,0.000,0.000,0.000,0.0000,0.0000,0.0000,1,1.0000,0,0,0.0000,0,1.2593,0.0000,0.0000,0.0000,0.0000,0,80.00,0.0000,5.6033,9.6111,0.0000,6.2120,0.2362,80.00,-1,-1.00000,0.000,0.000,0.000,0.000,0.000,0.000,0,0.00,0,0,0,0,0,0,1.2624,-0.038,0.000,0.0000,-0.0049,-0.0000,4,1.2593,0.000
299,4.9833,0.0000,1.2149,0.2362,0.0000,0.1742,-0.0003,0.0003,0.000,0.000,-8.594,1,VEHICLE,0,-,0.0000,50,150,0,0.0800,0,0,0.000,0.000,0.000,0.0000,0.0000,0.0000,1,1.0000,0,0,0.0000,0,1.2624,0.0000,0.0000,0.0000,0.0000,0,80.00,0.0000,5.6062,9.6111,0.0000,6.2149,0.2362,80.00,-1,-1.00000,0.000,0.000,0.000,0.000,0.000,0.000,0,0.00,0,0,0,0,0,0,1.2652,-0.034,0.000,-0.0000,-0.0046,-0.0000,4,1.2624,0.000
300,5.0000,0.0000,1.2176,0.2361,0.0000,0.1623,-0.0003,0.0003,0.000,0.000,-8.594,1,VEHICLE,0,-,0.0000,50,150,0,0.0800,0,0,0.000,0.000,0.000,0.0000,0.0000,0.0000,1,1.0000,0,0,0.0000,0,1.2652,0.0000,0.0000,0.0000,0.0000,0,80.00,0.0000,5.6089,9.6111,0.0000,6.2176,0.2361,80.00,-1,-1.00000,0.000,0.000,0.000,0.000,0.000,0.000,0,0.00,0,0,0,0,0,0,1.2679,-0.030,0.000,-0.0000,-0.0043,-0.0000,4,1.2652,0.000
301,5.0167,0.0000,1.2202,0.2361,0.0000,0.1509,-0.0002,0.0002,0.000,0.000,-8.594,1,VEHICLE,0,-,0.0000,50,150,0,0.0800,0,0,0.000,0.000,0.000,0.0000,0.0000,0.0000,1,1.0000,0,0,0.0000,0,1.2679,0.0000,0.0000,0.0000,0.0000,0,80.00,0.0000,5.6114,9.6111,0.0000,6.2202,0.2361,80.00,-1,-1.00000,0.000,0.000,0.000,0.000,0.000,0.000,0,0.00,0,0,0,0,0,0,1.2704,-0.026,0.000,-0.0000,-0.0040,-0.0000,4,1.2679,0.000
302,5.0333,0.0000,1.2225,0.2361,0.0000,0.1400,-0.0002,0.0002,0.000,0.000,-8.594,1,VEHICLE,0,-,0.0000,50,150,0,0.0800,0,0,0.000,0.000,0.000,0.0000,0.0000,0.0000,1,1.0000,0,0,0.0000,0,1.2704,0.0000,0.0000,0.0000,0.0000,0,80.00,0.0000,5.6138,9.6111,0.0000,6.2225,0.2361,80.00,-1,-1.00000,0.000,0.000,0.000,0.000,0.000,0.000,0,0.00,0,0,0,0,0,0,1.2727,-0.023,0.000,0.0000,-0.0037,-0.0000,4,1.2704,0.000
303,5.0500,0.0000,1.2247,0.2361,0.0000,0.1297,-0.0002,0.0002,0.000,0.000,-8.594,1,VEHICLE,0,-,0.0000,50,150,0,0.0800,0,0,0.000,0.000,0.000,0.0000,0.0000,0.0000,1,1.0000,0,0,0.0000,0,1.2727,0.0000,0.0000,0.0000,0.0000,0,80.00,0.0000,5.6159,9.6111,0.0000,6.2247,0.2361,80.00,-1,-1.00000,0.000,0.000,0.000,0.000,0.000,0.000,0,0.00,0,0,0,0,0,0,1.2748,-0.019,0.000,-0.0000,-0.0035,-0.0000,4,1.2727,0.000
304,5.0667,0.0000,1.2267,0.2361,0.0000,0.1199,-0.0001,0.0001,0.000,0.000,-8.594,1,VEHICLE,0,-,0.0000,50,150,0,0.0800,0,0,0.000,0.000,0.000,0.0000,0.0000,0.0000,1,1.0000,0,0,0.0000,0,1.2748,0.0000,0.0000,0.0000,0.0000,0,80.00,0.0000,5.6179,9.6111,0.0000,6.2267,0.2361,80.00,-1,-1.00000,0.000,0.000,0.000,0.000,0.000,0.000,0,0.00,0,0,0,0,0,0,1.2768,-0.016,0.000,-0.0000,-0.0032,-0.0000,4,1.2748,0.000
305,5.0833,0.0000,1.2285,0.2361,0.0000,0.1106,-0.0001,0.0001,0.000,0.000,-8.594,1,VEHICLE,0,-,0.0000,50,150,0,0.0800,0,0,0.000,0.000,0.000,0.0000,0.0000,0.0000,1,1.0000,0,0,0.0000,0,1.2768,0.0000,0.0000,0.0000,0.0000,0,80.00,0.0000,5.6198,9.6111,0.0000,6.2285,0.2361,80.00,-1,-1.00000,0.000,0.000,0.000,0.000,0.000,0.000,0,0.00,0,0,0,0,0,0,1.2786,-0.013,0.000,-0.0000,-0.0030,-0.0000,4,1.2768,0.000
306,5.1000,0.0000,1.2302,0.2361,0.0000,0.1017,-0.0001,0.0001,0.000,0.000,-8.594,1,VEHICLE,0,-,0.0000,50,150,0,0.0800,0,0,0.000,0.000,0.000,0.0000,0.0000,0.0000,1,1.0000,0,0,0.0000,0,1.2786,0.0000,0.0000,0.0000,0.0000,0,80.00,0.0000,5.6215,9.6111,0.0000,6.2302,0.2361,80.00,-1,-1.00000,0.000,0.000,0.000,0.000,0.000,0.000,0,0.00,0,0,0,0,0,0,1.2803,-0.011,0.000,0.0000,-0.0028,-0.0000,4,1.2786,0.000
307,5.1167,0.0000,1.2317,0.2361,0.0000,0.0933,-0.0001,0.0001,0.000,0.000,-8.594,1,VEHICLE,0,-,0.0000,50,150,0,0.0800,0,0,0.000,0.000,0.000,0.0000,0.0000,0.0000,1,1.0000,0,0,0.0000,0,1.2803,0.0000,0.0000,0.0000,0.0000,0,80.00,0.0000,5.6230,9.6111,0.0000,6.2317,0.2361,80.00,-1,-1.00000,0.000,0.000,0.000,0.000,0.000,0.000,0,0.00,0,0,0,0,0,0,1.2818,-0.008,0.000,-0.0000,-0.0026,-0.0000,4,1.2803,0.000
308,5.1333,0.0000,1.2332,0.2361,0.0000,0.0854,-0.0001,0.0001,0.000,0.000,-8.594,1,VEHICLE,0,-,0.0000,50,150,0,0.0800,0,0,0.000,0.000,0.000,0.0000,0.0000,0.0000,1,1.0000,0,0,0.0000,0,1.2818,0.0000,0.0000,0.0000,0.0000,0,80.00,0.0000,5.6244,9.6111,0.0000,6.2332,0.2361,80.00,-1,-1.00000,0.000,0.000,0.000,0.000,0.000,0.000,0,0.00,0,0,0,0,0,0,1.2832,-0.006,0.000,0.0000,-0.0024,-0.0000,4,1.2818,0.000
309,5.1500,0.0000,1.2345,0.2361,0.0000,0.0780,-0.0000,0.0000,0.000,0.000,-8.594,1,VEHICLE,0,-,0.0000,50,150,0,0.0800,0,0,0.000,0.000,0.000,0.0000,0.0000,0.0000,1,1.0000,0,0,0.0000,0,1.2832,0.0000,0.0000,0.0000,0.0000,0,80.00,0.0000,5.6257,9.6111,0.0000,6.2345,0.2361,80.00,-1,-1.00000,0.000,0.000,0.000,0.000,0.000,0.000,0,0.00,0,0,0,0,0,0,1.2845,-0.004,0.000,-0.0000,-0.0022,-0.0000,4,1.2832,0.000
310,5.1667,0.0000,1.2357,0.2361,0.0000,0.0709,-0.0000,0.0000,0.000,0.000,-8.594,1,VEHICLE,0,-,0.0000,50,150,0,0.0800,0,0,0.000,0.000,0.000,0.0000,0.0000,0.0000,1,1.0000,0,0,0.0000,0,1.2845,0.0000,0.0000,0.0000,0.0000,0,80.00,0.0000,5.6269,9.6111,0.0000,6.2357,0.2361,80.00,-1,-1.00000,0.000,0.000,0.000,0.000,0.000,0.000,0,0.00,0,0,0,0,0,0,1.2857,-0.002,0.000,-0.0000,-0.0020,-0.0000,4,1.2845,0.000
311,5.1833,0.0000,1.2367,0.2361,0.0000,0.0643,-0.0000,0.0000,0.000,0.000,-8.594,1,VEHICLE,0,-,0.0000,50,150,0,0.0800,0,0,0.000,0.000,0.000,0.0000,0.0000,0.0000,1,1.0000,0,0,0.0000,0,1.2857,0.0000,0.0000,0.0000,0.0000,0,80.00,0.0000,5.6280,9.6111,0.0000,6.2367,0.2361,80.00,-1,-1.00000,0.000,0.000,0.000,0.000,0.000,0.000,0,0.00,0,0,0,0,0,0,1.2867,-0.000,0.000,-0.0000,-0.0018,-0.0000,4,1.2857,0.000
312,5.2000,0.0000,1.2377,0.2361,0.0000,0.0581,-0.0000,0.0000,0.000,0.000,-8.594,1,VEHICLE,0,-,0.0000,50,150,0,0.0800,0,0,0.000,0.000,0.000,0.0000,0.0000,0.0000,1,1.0000,0,0,0.0000,0,1.2867,0.0000,0.0000,0.0000,0.0000,0,80.00,0.0000,5.6290,9.6111,0.0000,6.2377,0.2361,80.00,-1,-1.00000,0.000,0.000,0.000,0.000,0.000,0.000,0,0.00,0,0,0,0,0,0,1.2877,0.001,0.000,0.0000,-0.0016,-0.0000,4,1.2867,0.000
313,5.2167,0.0000,1.2386,0.2361,0.0000,0.0523,0.0000,0.0000,0.000,0.000,-8.594,1,VEHICLE,0,-,0.0000,50,150,0,0.0800,0,0,0.000,0.000,0.000,0.0000,0.0000,0.0000,1,1.0000,0,0,0.0000,0,1.2877,0.0000,0.0000,0.0000,0.0000,0,80.00,0.0000,5.6298,9.6111,0.0000,6.2386,0.2361,80.00,-1,-1.00000,0.000,0.000,0.000,0.000,0.000,0.000,0,0.00,0,0,0,0,0,0,1.2885,0.003,0.000,-0.0000,-0.0015,-0.0000,4,1.2877,0.000
314,5.2333,0.0000,1.2393,0.2361,0.0000,0.0468,0.0000,0.0000,0.000,0.000,-8.594,1,VEHICLE,0,-,0.0000,50,150,0,0.0800,0,0,0.000,0.000,0.000,0.0000,0.0000,0.0000,1,1.0000,0,0,0.0000,0,1.2885,0.0000,0.0000,0.0000,0.0000,0,80.00,0.0000,5.6306,9.6111,0.0000,6.2393,0.2361,80.00,-1,-1.00000,0.000,0.000,0.000,0.000,0.000,0.000,0,0.00,0,0,0,0,0,0,1.2893,0.004,0.000,-0.0000,-0.0013,-0.0000,4,1.2885,0.000
315,5.2500,0.0000,1.2400,0.2361,0.0000,0.0417,0.0000,0.0000,0.000,0.000,-8.594,1,VEHICLE,0,-,0.0000,50,150,0,0.0800,0,0,0.000,0.000,0.000,0.0000,0.0000,0.0000,1,1.0000,0,0,0.0000,0,1.2893,0.0000,0.0000,0.0000,0.0000,0,80.00,0.0000,5.6313,9.6111,0.0000,6.2400,0.2361,80.00,-1,-1.00000,0.000,0.000,0.000,0.000,0.000,0.000,0,0.00,0,0,0,0,0,0,1.2900,0.005,0.000,0.0000,-0.0012,-0.0000,4,1.2893,0.000
316,5.2667,0.0000,1.2407,0.2361,0.0000,0.0369,0.0000,0.0000,0.000,0.000,-8.594,1,VEHICLE,0,-,0.0000,50,150,0,0.0800,0,0,0.000,0.000,0.000,0.0000,0.0000,0.0000,1,1.0000,0,0,0.0000,0,1.2900,0.0000,0.0000,0.0000,0.0000,0,80.00,0.0000,5.6319,9.6111,0.0000,6.2407,0.2361,80.00,-1,-1.00000,0.000,0.000,0.000,0.000,0.000,0.000,0,0.00,0,0,0,0,0,0,1.2906,0.006,0.000,-0.0000,-0.0011,-0.0000,4,1.2900,0.000
317,5.2833,0.0000,1.2412,0.2361,0.0000,0.0325,0.0000,0.0000,0.000,0.000,-8.594,1,VEHICLE,0,-,0.0000,50,150,0,0.0800,0,0,0.000,0.000,0.000,0.0000,0.0000,0.0000,1,1.0000,0,0,0.0000,0,1.2906,0.0000,0.0000,0.0000,0.0000,0,80.00,0.0000,5.6325,9.6111,0.0000,6.2412,0.2361,80.00,-1,-1.00000,0.000,0.000,0.000,0.000,0.000,0.000,0,0.00,0,0,0,0,0,0,1.2911,0.007,0.000,-0.0000,-0.0009,-0.0000,4,1.2906,0.000
318,5.3000,0.0000,1.2417,0.2361,0.0000,0.0283,0.0000,0.0000,0.000,0.000,-8.594,1,VEHICLE,0,-,0.0000,50,150,0,0.0800,0,0,0.000,0.000,0.000,0.0000,0.0000,0.0000,1,1.0000,0,0,0.0000,0,1.2911,0.0000,0.0000,0.0000,0.0000,0,80.00,0.0000,5.6329,9.6111,0.0000,6.2417,0.2361,80.00,-1,-1.00000,0.000,0.000,0.000,0.000,0.000,0.000,0,0.00,0,0,0,0,0,0,1.2916,0.008,0.000,-0.0000,-0.0008,-0.0000,4,1.2911,0.000
319,5.3167,0.0000,1.2421,0.2361,0.0000,0.0245,0.0000,0.0000,0.000,0.000,-8.594,1,VEHICLE,0,-,0.0000,50,150,0,0.0800,0,0,0.000,0.000,0.000,0.0000,0.0000,0.0000,1,1.0000,0,0,0.0000,0,1.2916,0.0000,0.0000,0.0000,0.0000,0,80.00,0.0000,5.6333,9.6111,0.0000,6.2421,0.2361,80.00,-1,-1.00000,0.000,0.000,0.000,0.000,0.000,0.000,0,0.00,0,0,0,0,0,0,1.2920,0.008,0.000,0.0000,-0.0007,-0.0000,4,1.2916,0.000
320,5.3333,0.0000,1.2424,0.2361,0.0000,0.0209,0.0001,0.0001,0.000,0.000,-8.594,1,VEHICLE,0,-,0.0000,50,150,0,0.0800,0,0,0.000,0.000,0.000,0.0000,0.0000,0.0000,1,1.0000,0,0,0.0000,0,1.2920,0.0000,0.0000,0.0000,0.0000,0,80.00,0.0000,5.6337,9.6111,0.0000,6.2424,0.2361,80.00,-1,-1.00000,0.000,0.000,0.000,0.000,0.000,0.000,0,0.00,0,0,0,0,0,0,1.2924,0.009,0.000,-0.0000,-0.0006,-0.0000,4,1.2920,0.000
321,5.3500,0.0000,1.2427,0.2361,0.0000,0.0176,0.0001,0.0001,0.000,0.000,-8.594,1,VEHICLE,0,-,0.0000,50,150,0,0.0800,0,0,0.000,0.000,0.000,0.0000,0.0000,0.0000,1,1.0000,0,0,0.0000,0,1.2924,0.0000,0.0000,0.0000,0.0000,0,80.00,0.0000,5.6340,9.6111,0.0000,6.2427,0.2361,80.00,-1,-1.00000,0.000,0.000,0.000,0.000,0.000,0.000,0,0.00,0,0,0,0,0,0,1.2926,0.010,0.000,0.0000,-0.0005,-0.0000,4,1.2924,0.000
322,5.3667,0.0000,1.2430,0.2361,0.0000,0.0146,0.0001,0.0001,0.000,0.000,-8.594,1,VEHICLE,0,-,0.0000,50,150,0,0.0800,0,0,0.000,0.000,0.000,0.0000,0.0000,0.0000,1,1.0000,0,0,0.0000,0,1.2926,0.0000,0.0000,0.0000,0.0000,0,80.00,0.0000,5.6342,9.6111,0.0000,6.2430,0.2361,80.00,-1,-1.00000,0.000,0.000,0.000,0.000,0.000,0.000,0,0.00,0,0,0,0,0,0,1.2929,0.010,0.000,-0.0000,-0.0004,-0.0000,4,1.2926,0.000
323,5.3833,0.0000,1.2432,0.2361,0.0000,0.0118,0.0001,0.0001,0.000,0.000,-8.594,1,VEHICLE,0,-,0.0000,50,150,0,0.0800,0,0,0.000,0.000,0.000,0.0000,0.0000,0.0000,1,1.0000,0,0,0.0000,0,1.2929,0.0000,0.0000,0.0000,0.0000,0,80.00,0.0000,5.6344,9.6111,0.0000,6.2432,0.2361,80.00,-1,-1.00000,0.000,0.000,0.000,0.000,0.000,0.000,0,0.00,0,0,0,0,0,0,1.2931,0.010,0.000,-0.0000,-0.0004,-0.0000,4,1.2929,0.000
324,5.4000,0.0000,1.2433,0.2361,0.0000,0.0093,0.0001,0.0001,0.000,0.000,-8.594,1,VEHICLE,0,-,0.0000,50,150,0,0.0800,0,0,0.000,0.000,0.000,0.0000,0.0000,0.0000,1,1.0000,0,0,0.0000,0,1.2931,0.0000,0.0000,0.0000,0.0000,0,80.00,0.0000,5.6346,9.6111,0.0000,6.2433,0.2361,80.00,-1,-1.00000,0.000,0.000,0.000,0.000,0.000,0.000,0,0.00,0,0,0,0,0,0,1.2932,0.011,0.000,-0.0000,-0.0003,-0.0000,4,1.2931,0.000
325,5.4167,0.0000,1.2434,0.2361,0.0000,0.0069,0.0001,0.0001,0.000,0.000,-8.594,1,VEHICLE,0,-,0.0000,50,150,0,0.0800,0,0,0.000,0.000,0.000,0.0000,0.0000,0.0000,1,1.0000,0,0,0.0000,0,1.2932,0.0000,0.0000,0.0000,0.0000,0,80.00,0.0000,5.6347,9.6111,0.0000,6.2434,0.2361,80.00,-1,-1.00000,0.000,0.000,0.000,0.000,0.000,0.000,0,0.00,0,0,0,0,0,0,1.2933,0.011,0.000,-0.0000,-0.0002,-0.0000,4,1.2932,0.000
326,5.4333,0.0000,1.2435,0.2361,0.0000,0.0048,0.0001,0.0001,0.000,0.000,-8.594,1,VEHICLE,0,-,0.0000,50,150,0,0.0800,0,0,0.000,0.000,0.000,0.0000,0.0000,0.0000,1,1.0000,0,0,0.0000,0,1.2933,0.0000,0.0000,0.0000,0.0000,0,80.00,0.0000,5.6348,9.6111,0.0000,6.2435,0.2361,80.00,-1,-1.00000,0.000,0.000,0.000,0.000,0.000,0.000,0,0.00,0,0,0,0,0,0,1.2934,0.011,0.000,0.0000,-0.0002,-0.0000,4,1.2933,0.000
327,5.4500,0.0000,1.2436,0.2361,0.0000,0.0028,0.0001,0.0001,0.000,0.000,-8.594,1,VEHICLE,0,-,0.0000,50,150,0,0.0800,0,0,0.000,0.000,0.000,0.0000,0.0000,0.0000,1,1.0000,0,0,0.0000,0,1.2934,0.0000,0.0000,0.0000,0.0000,0,80.00,0.0000,5.6348,9.6111,0.0000,6.2436,0.2361,80.00,-1,-1.00000,0.000,0.000,0.000,0.000,0.000,0.000,0,0.00,0,0,0,0,0,0,1.2935,0.011,0.000,-0.0000,-0.0001,-0.0000,4,1.2934,0.000
328,5.4667,0.0000,1.2436,0.2361,0.0000,0.0010,0.0001,0.0001,0.000,0.000,-8.594,1,VEHICLE,0,-,0.0000,50,150,0,0.0800,0,0,0.000,0.000,0.000,0.0000,0.0000,0.0000,1,1.0000,0,0,0.0000,0,1.2935,0.0000,0.0000,0.0000,0.0000,0,80.00,0.0000,5.6348,9.6111,0.0000,6.2436,0.2361,80.00,-1,-1.00000,0.000,0.000,0.000,0.000,0.000,0.000,0,0.00,0,0,0,0,0,0,1.2935,0.011,0.000,-0.0000,-0.0001,-0.0000,4,1.2935,0.000
329,5.4833,0.0000,1.2436,0.2361,0.0000,-0.0005,0.0001,0.0001,0.000,0.000,-8.594,1,VEHICLE,0,-,0.0000,50,150,0,0.0800,0,0,0.000,0.000,0.000,0.0000,0.0000,0.0000,1,1.0000,0,0,0.0000,0,1.2935,0.0000,0.0000,0.0000,0.0000,0,80.00,0.0000,5.6348,9.6111,0.0000,6.2436,0.2361,80.00,-1,-1.00000,0.000,0.000,0.000,0.000,0.000,0.000,0,0.00,0,0,0,0,0,0,1.2935,0.011,0.000,-0.0000,-0.0000,-0.0000,4,1.2935,0.000
330,5.5000,0.0000,1.2435,0.2361,0.0000,-0.0020,0.0001,0.0001,0.000,0.000,-8.594,1,VEHICLE,0,-,0.0000,50,150,0,0.0800,0,0,0.000,0.000,0.000,0.0000,0.0000,0.0000,1,1.0000,0,0,0.0000,0,1.2935,0.0000,0.0000,0.0000,0.0000,0,80.00,0.0000,5.6348,9.6111,0.0000,6.2435,0.2361,80.00,-1,-1.00000,0.000,0.000,0.000,0.000,0.000,0.000,0,0.00,0,0,0,0,0,0,1.2934,0.011,0.000,0.0000,0.0000,-0.0000,4,1.2935,0.000
331,5.5167,0.0000,1.2435,0.2361,0.0000,-0.0033,0.0001,0.0001,0.000,0.000,-8.594,1,VEHICLE,0,-,0.0000,50,150,0,0.0800,0,0,0.000,0.000,0.000,0.0000,0.0000,0.0000,1,1.0000,0,0,0.0000,0,1.2934,0.0000,0.0000,0.0000,0.0000,0,80.00,0.0000,5.6347,9.6111,0.0000,6.2435,0.2361,80.00,-1,-1.00000,0.000,0.000,0.000,0.000,0.000,0.000,0,0.00,0,0,0,0,0,0,1.2934,0.011,0.000,-0.0000,0.0001,-0.0000,4,1.2934,0.000
