step,t,x,y,z,vx,vy,vz,hspeed,yaw_deg,cam_yaw_deg,cam_pitch_deg,grounded,form,transforming,anim,anim_t,ammo,reserve,reloading,spread,shots,weapon_visible,reload_w,aim_w,aim_pitch_n,muzzle_x,muzzle_y,muzzle_z,move_form,progress,weapon_usable,weapon_restored,mesh_off_y,veh_driving,veh_ride,veh_dash,veh_dash_cd,veh_nitro,veh_nitro_cd,fine_aim,fov,cam_x,cam_y,cam_z,cam_focus_x,cam_focus_y,cam_focus_z,cam_fov,drawn_model,pose_delta,bb_min_x,bb_min_y,bb_min_z,bb_max_x,bb_max_y,bb_max_z,far_verts,far_max,partner_far_verts,partner_shown,arm_shown,hand_shrunk,robot_visible,vehicle_visible,com_h,pitch_deg,roll_deg,ang_x,ang_y,ang_z,contacts,spring_mean,rammed_remain
1,0.0167,0.0000,0.5500,0.0000,0.0000,0.2969,0.0000,0.0000,0.000,0.000,-8.594,1,VEHICLE,0,-,0.0000,50,150,0,0.0800,0,0,0.000,0.000,0.000,0.0000,0.0000,0.0000,1,1.0000,0,0,0.0000,0,0.0500,0.0000,0.0000,0.0000,0.0000,0,80.00,2.9761,4.1808,6.4911,0.0000,5.5500,0.0000,80.00,-1,-1.00000,0.000,0.000,0.000,0.000,0.000,0.000,0,0.00,0,0,0,0,0,0,0.6000,-0.000,0.000,-0.0000,0.0000,-0.0000,4,0.0500,0.000
2,0.0333,0.0000,0.5500,-0.0000,0.0000,0.0000,-0.0000,0.0000,0.000,0.000,-8.594,1,VEHICLE,0,-,0.0000,50,150,0,0.0800,0,0,0.000,0.000,0.000,0.0000,0.0000,0.0000,1,1.0000,0,0,0.0000,0,0.6000,0.0000,0.0000,0.0000,0.0000,0,80.00,2.9116,4.1958,6.5231,0.0000,5.5500,-0.0000,80.00,-1,-1.00000,0.000,0.000,0.000,0.000,0.000,0.000,0,0.00,0,0,0,0,0,0,0.6000,-0.000,0.000,-0.0000,0.0000,-0.0000,4,0.6000,0.000
3,0.0500,0.0000,0.5527,-0.0000,0.0000,0.1649,-0.0000,0.0000,0.000,0.000,-8.594,1,VEHICLE,0,-,0.0000,50,150,0,0.0800,0,0,0.000,0.000,0.000,0.0000,0.0000,0.0000,1,1.0000,0,0,0.0000,0,0.6000,0.0000,0.0000,0.0000,0.0000,0,80.00,2.8169,4.2205,6.5704,0.0000,5.5527,-0.0000,80.00,-1,-1.00000,0.000,0.000,0.000,0.000,0.000,0.000,0,0.00,0,0,0,0,0,0,0.6027,-0.000,0.000,-0.0000,0.0000,-0.0000,4,0.6000,0.000
4,0.0667,0.0000,0.5580,-0.0000,0.0000,0.3127,-0.0000,0.0000,0.000,0.000,-8.594,1,VEHICLE,0,-,0.0000,50,150,0,0.0800,0,0,0.000,0.000,0.000,0.0000,0.0000,0.0000,1,1.0000,0,0,0.0000,0,0.6027,0.0000,0.0000,0.0000,0.0000,0,80.00,2.7005,4.2527,6.6288,0.0000,5.5580,-0.0000,80.00,-1,-1.00000,0.000,0.000,0.000,0.000,0.000,0.000,0,0.00,0,0,0,0,0,0,0.6080,-0.000,0.000,-0.0000,0.0000,-0.0000,4,0.6027,0.000
5,0.0833,0.0000,0.5654,-0.0000,0.0000,0.4445,-0.0000,0.0000,0.000,0.000,-8.594,1,VEHICLE,0,-,0.0000,50,150,0,0.0800,0,0,0.000,0.000,0.000,0.0000,0.0000,0.0000,1,1.0000,0,0,0.0000,0,0.6080,0.0000,0.0000,0.0000,0.0000,0,80.00,2.5694,4.2906,6.6953,0.0000,5.5654,-0.0000,80.00,-1,-1.00000,0.000,0.000,0.000,0.000,0.000,0.000,0,0.00,0,0,0,0,0,0,0.6154,-0.000,0.000,-0.0000,0.0000,-0.0000,4,0.6080,0.000
6,0.1000,0.0000,0.5747,-0.0000,0.0000,0.5613,-0.0000,0.0000,0.000,0.000,-8.594,1,VEHICLE,0,-,0.0000,50,150,0,0.0800,0,0,0.000,0.000,0.000,0.0000,0.0000,0.0000,1,1.0000,0,0,0.0000,0,0.6154,0.0000,0.0000,0.0000,0.0000,0,80.00,2.4290,4.3326,6.7670,0.0000,5.5747,-0.0000,80.00,-1,-1.00000,0.000,0.000,0.000,0.000,0.000,0.000,0,0.00,0,0,0,0,0,0,0.6247,-0.000,0.000,-0.0000,0.0000,-0.0000,4,0.6154,0.000
7,0.1167,0.0000,0.5858,-0.0000,0.0000,0.6642,-0.0000,0.0000,0.000,0.000,-8.594,1,VEHICLE,0,-,0.0000,50,150,0,0.0800,0,0,0.000,0.000,0.000,0.0000,0.0000,0.0000,1,1.0000,0,0,0.0000,0,0.6247,0.0000,0.0000,0.0000,0.0000,0,80.00,2.2837,4.3775,6.8421,0.0000,5.5858,-0.0000,80.00,-1,-1.00000,0.000,0.000,0.000,0.000,0.000,0.000,0,0.00,0,0,0,0,0,0,0.6358,-0.000,0.000,-0.0000,0.0000,-0.0000,4,0.6247,0.000
8,0.1333,0.0000,0.5984,-0.0000,0.0000,0.7541,-0.0000,0.0000,0.000,0.000,-8.594,1,VEHICLE,0,-,0.0000,50,150,0,0.0800,0,0,0.000,0.000,0.000,0.0000,0.0000,0.0000,1,1.0000,0,0,0.0000,0,0.6358,0.0000,0.0000,0.0000,0.0000,0,80.00,2.1368,4.4243,6.9188,0.0000,5.5984,-0.0000,80.00,-1,-1.00000,0.000,0.000,0.000,0.000,0.000,0.000,0,0.00,0,0,0,0,0,0,0.6484,-0.000,0.000,-0.0000,0.0000,-0.0000,4,0.6358,0.000
9,0.1500,0.0000,0.6122,-0.0000,0.0000,0.8320,-0.0000,0.0000,0.000,0.000,-8.594,1,VEHICLE,0,-,0.0000,50,150,0,0.0800,0,0,0.000,0.000,0.000,0.0000,0.0000,0.0000,1,1.0000,0,0,0.0000,0,0.6484,0.0000,0.0000,0.0000,0.0000,0,80.00,1.9911,4.4722,6.9958,0.0000,5.6122,-0.0000,80.00,-1,-1.00000,0.000,0.000,0.000,0.000,0.000,0.000,0,0.00,0,0,0,0,0,0,0.6622,-0.000,0.000,-0.0000,0.0000,-0.0000,4,0.6484,0.000
10,0.1667,0.0000,0.6272,-0.0000,0.0000,0.8988,-0.0000,0.0000,0.000,0.000,-8.594,1,VEHICLE,0,-,0.0000,50,150,0,0.0800,0,0,0.000,0.000,0.000,0.0000,0.0000,0.0000,1,1.0000,0,0,0.0000,0,0.6622,0.0000,0.0000,0.0000,0.0000,0,80.00,1.8485,4.5206,7.0723,0.0000,5.6272,-0.0000,80.00,-1,-1.00000,0.000,0.000,0.000,0.000,0.000,0.000,0,0.00,0,0,0,0,0,0,0.6772,-0.000,0.000,-0.0000,0.0000,-0.0000,4,0.6622,0.000
11,0.1833,0.0000,0.6431,-0.0000,0.0000,0.9554,-0.0000,0.0000,0.000,0.000,-8.594,1,VEHICLE,0,-,0.0000,50,150,0,0.0800,0,0,0.000,0.000,0.000,0.0000,0.0000,0.0000,1,1.0000,0,0,0.0000,0,0.6772,0.0000,0.0000,0.0000,0.0000,0,80.00,1.7105,4.5688,7.1475,0.0000,5.6431,-0.0000,80.00,-1,-1.00000,0.000,0.000,0.000,0.000,0.000,0.000,0,0.00,0,0,0,0,0,0,0.6931,-0.000,0.000,-0.0000,0.0000,-0.0000,4,0.6772,0.000
12,0.2000,0.0000,0.6598,-0.0000,0.0000,1.0024,-0.0000,0.0000,0.000,0.000,-8.594,1,VEHICLE,0,-,0.0000,50,150,0,0.0800,0,0,0.000,0.000,0.000,0.0000,0.0000,0.0000,1,1.0000,0,0,0.0000,0,0.6931,0.0000,0.0000,0.0000,0.0000,0,80.00,1.5782,4.6166,7.2208,0.0000,5.6598,-0.0000,80.00,-1,-1.00000,0.000,0.000,0.000,0.000,0.000,0.000,0,0.00,0,0,0,0,0,0,0.7098,-0.000,0.000,-0.0000,0.0000,-0.0000,4,0.6931,0.000
13,0.2167,0.0000,0.6772,-0.0000,0.0000,1.0407,-0.0000,0.0000,0.000,0.000,-8.594,1,VEHICLE,0,-,0.0000,50,150,0,0.0800,0,0,0.000,0.000,0.000,0.0000,0.0000,0.0000,1,1.0000,0,0,0.0000,0,0.7098,0.0000,0.0000,0.0000,0.0000,0,80.00,1.4523,4.6636,7.2919,0.0000,5.6772,-0.0000,80.00,-1,-1.00000,0.000,0.000,0.000,0.000,0.000,0.000,0,0.00,0,0,0,0,0,0,0.7272,-0.000,0.000,-0.0000,0.0000,-0.0000,4,0.7098,0.000
14,0.2333,0.0000,0.6950,-0.0000,0.0000,1.0711,-0.0000,0.0000,0.000,0.000,-8.594,1,VEHICLE,0,-,0.0000,50,150,0,0.0800,0,0,0.000,0.000,0.000,0.0000,0.0000,0.0000,1,1.0000,0,0,0.0000,0,0.7272,0.0000,0.0000,0.0000,0.0000,0,80.00,1.3333,4.7095,7.3606,0.0000,5.6950,-0.0000,80.00,-1,-1.00000,0.000,0.000,0.000,0.000,0.000,0.000,0,0.00,0,0,0,0,0,0,0.7450,-0.000,0.000,-0.0000,0.0000,-0.0000,4,0.7272,0.000
15,0.2500,0.0000,0.7133,-0.0000,0.0000,1.0941,-0.0000,0.0000,0.000,0.000,-8.594,1,VEHICLE,0,-,0.0000,50,150,0,0.0800,0,0,0.000,0.000,0.000,0.0000,0.0000,0.0000,1,1.0000,0,0,0.0000,0,0.7450,0.0000,0.0000,0.0000,0.0000,0,80.00,1.2213,4.7542,7.4266,0.0000,5.7133,-0.0000,80.00,-1,-1.00000,0.000,0.000,0.000,0.000,0.000,0.000,0,0.00,0,0,0,0,0,0,0.7633,-0.000,0.000,0.0000,0.0000,-0.0000,4,0.7450,0.000
16,0.2667,0.0000,0.7318,-0.0000,0.0000,1.1105,-0.0000,0.0000,0.000,0.000,-8.594,1,VEHICLE,0,-,0.0000,50,150,0,0.0800,0,0,0.000,0.000,0.000,0.0000,0.0000,0.0000,1,1.0000,0,0,0.0000,0,0.7633,0.0000,0.0000,0.0000,0.0000,0,80.00,1.1166,4.7976,7.4900,0.0000,5.7318,-0.0000,80.00,-1,-1.00000,0.000,0.000,0.000,0.000,0.000,0.000,0,0.00,0,0,0,0,0,0,0.7818,-0.000,0.000,0.0000,-0.0000,-0.0000,4,0.7633,0.000
17,0.2833,0.0000,0.7505,-0.0000,0.0000,1.1207,-0.0000,0.0000,0.000,0.000,-8.594,1,VEHICLE,0,-,0.0000,50,150,0,0.0800,0,0,0.000,0.000,0.000,0.0000,0.0000,0.0000,1,1.0000,0,0,0.0000,0,0.7818,0.0000,0.0000,0.0000,0.0000,0,80.00,1.0190,4.8395,7.5508,0.0000,5.7505,-0.0000,80.00,-1,-1.00000,0.000,0.000,0.000,0.000,0.000,0.000,0,0.00,0,0,0,0,0,0,0.8005,-0.000,0.000,-0.0000,0.0000,-0.0000,4,0.7818,0.000
18,0.3000,0.0000,0.7692,-0.0000,0.0000,1.1255,-0.0000,0.0000,0.000,0.000,-8.594,1,VEHICLE,0,-,0.0000,50,150,0,0.0800,0,0,0.000,0.000,0.000,0.0000,0.0000,0.0000,1,1.0000,0,0,0.0000,0,0.8005,0.0000,0.0000,0.0000,0.0000,0,80.00,0.9283,4.8799,7.6090,0.0000,5.7692,-0.0000,80.00,-1,-1.00000,0.000,0.000,0.000,0.000,0.000,0.000,0,0.00,0,0,0,0,0,0,0.8192,-0.000,0.000,0.0000,-0.0000,-0.0000,4,0.8005,0.000
19,0.3167,0.0000,0.7880,-0.0000,0.0000,1.1253,-0.0000,0.0000,0.000,0.000,-8.594,1,VEHICLE,0,-,0.0000,50,150,0,0.0800,0,0,0.000,0.000,0.000,0.0000,0.0000,0.0000,1,1.0000,0,0,0.0000,0,0.8192,0.0000,0.0000,0.0000,0.0000,0,80.00,0.8445,4.9188,7.6646,0.0000,5.7880,-0.0000,80.00,-1,-1.00000,0.000,0.000,0.000,0.000,0.000,0.000,0,0.00,0,0,0,0,0,0,0.8380,-0.000,0.000,-0.0000,-0.0000,-0.0000,4,0.8192,0.000
20,0.3333,0.0000,0.8066,-0.0000,0.0000,1.1206,-0.0000,0.0000,0.000,0.000,-8.594,1,VEHICLE,0,-,0.0000,50,150,0,0.0800,0,0,0.000,0.000,0.000,0.0000,0.0000,0.0000,1,1.0000,0,0,0.0000,0,0.8380,0.0000,0.0000,0.0000,0.0000,0,80.00,0.7671,4.9562,7.7178,0.0000,5.8066,-0.0000,80.00,-1,-1.00000,0.000,0.000,0.000,0.000,0.000,0.000,0,0.00,0,0,0,0,0,0,0.8566,-0.000,0.000,0.0000,-0.0000,-0.0000,4,0.8380,0.000
21,0.3500,0.0000,0.8252,-0.0000,0.0000,1.1118,-0.0000,0.0000,0.000,0.000,-8.594,1,VEHICLE,0,-,0.0000,50,150,0,0.0800,0,0,0.000,0.000,0.000,0.0000,0.0000,0.0000,1,1.0000,0,0,0.0000,0,0.8566,0.0000,0.0000,0.0000,0.0000,0,80.00,0.6959,4.9920,7.7687,0.0000,5.8252,-0.0000,80.00,-1,-1.00000,0.000,0.000,0.000,0.000,0.000,0.000,0,0.00,0,0,0,0,0,0,0.8752,-0.000,0.000,-0.0000,0.0000,-0.0000,4,0.8566,0.000
22,0.3667,0.0000,0.8435,-0.0000,0.0000,1.0996,-0.0000,0.0000,0.000,0.000,-8.594,1,VEHICLE,0,-,0.0000,50,150,0,0.0800,0,0,0.000,0.000,0.000,0.0000,0.0000,0.0000,1,1.0000,0,0,0.0000,0,0.8752,0.0000,0.0000,0.0000,0.0000,0,80.00,0.6305,5.0263,7.8175,0.0000,5.8435,-0.0000,80.00,-1,-1.00000,0.000,0.000,0.000,0.000,0.000,0.000,0,0.00,0,0,0,0,0,0,0.8935,-0.000,0.000,0.0000,-0.0000,-0.0000,4,0.8752,0.000
23,0.3833,0.0000,0.8616,-0.0000,0.0000,1.0841,-0.0000,0.0000,0.000,0.000,-8.594,1,VEHICLE,0,-,0.0000,50,150,0,0.0800,0,0,0.000,0.000,0.000,0.0000,0.0000,0.0000,1,1.0000,0,0,0.0000,0,0.8935,0.0000,0.0000,0.0000,0.0000,0,80.00,0.5706,5.0591,7.8642,0.0000,5.8616,-0.0000,80.00,-1,-1.00000,0.000,0.000,0.000,0.000,0.000,0.000,0,0.00,0,0,0,0,0,0,0.9116,-0.000,0.000,-0.0000,-0.0000,-0.0000,4,0.8935,0.000
24,0.4000,0.0000,0.8793,-0.0000,0.0000,1.0659,-0.0000,0.0000,0.000,0.000,-8.594,1,VEHICLE,0,-,0.0000,50,150,0,0.0800,0,0,0.000,0.000,0.000,0.0000,0.0000,0.0000,1,1.0000,0,0,0.0000,0,0.9116,0.0000,0.0000,0.0000,0.0000,0,80.00,0.5158,5.0905,7.9091,0.0000,5.8793,-0.0000,80.00,-1,-1.00000,0.000,0.000,0.000,0.000,0.000,0.000,0,0.00,0,0,0,0,0,0,0.9293,-0.000,0.000,0.0000,-0.0000,-0.0000,4,0.9116,0.000
25,0.4167,0.0000,0.8968,-0.0000,0.0000,1.0452,-0.0000,0.0000,0.000,0.000,-8.594,1,VEHICLE,0,-,0.0000,50,150,0,0.0800,0,0,0.000,0.000,0.000,0.0000,0.0000,0.0000,1,1.0000,0,0,0.0000,0,0.9293,0.0000,0.0000,0.0000,0.0000,0,80.00,0.4659,5.1204,7.9522,0.0000,5.8968,-0.0000,80.00,-1,-1.00000,0.000,0.000,0.000,0.000,0.000,0.000,0,0.00,0,0,0,0,0,0,0.9468,-0.000,0.000,-0.0000,-0.0000,-0.0000,4,0.9293,0.000
26,0.4333,0.0000,0.9138,-0.0000,0.0000,1.0224,-0.0000,0.0000,0.000,0.000,-8.594,1,VEHICLE,0,-,0.0000,50,150,0,0.0800,0,0,0.000,0.000,0.000,0.0000,0.0000,0.0000,1,1.0000,0,0,0.0000,0,0.9468,0.0000,0.0000,0.0000,0.0000,0,80.00,0.4203,5.1490,7.9937,0.0000,5.9138,-0.0000,80.00,-1,-1.00000,0.000,0.000,0.000,0.000,0.000,0.000,0,0.00,0,0,0,0,0,0,0.9638,-0.000,0.000,-0.0000,0.0000,-0.0000,4,0.9468,0.000
27,0.4500,0.0000,0.9304,-0.0000,0.0000,0.9978,-0.0000,0.0000,0.000,0.000,-8.594,1,VEHICLE,0,-,0.0000,50,150,0,0.0800,0,0,0.000,0.000,0.000,0.0000,0.0000,0.0000,1,1.0000,0,0,0.0000,0,0.9638,0.0000,0.0000,0.0000,0.0000,0,80.00,0.3789,5.1762,8.0337,0.0000,5.9304,-0.0000,80.00,-1,-1.00000,0.000,0.000,0.000,0.000,0.000,0.000,0,0.00,0,0,0,0,0,0,0.9804,-0.000,0.000,0.0000,-0.0000,-0.0000,4,0.9638,0.000
28,0.4667,0.0000,0.9466,-0.0000,0.0000,0.9716,-0.0000,0.0000,0.000,0.000,-8.594,1,VEHICLE,0,-,0.0000,50,150,0,0.0800,0,0,0.000,0.000,0.000,0.0000,0.0000,0.0000,1,1.0000,0,0,0.0000,0,0.9804,0.0000,0.0000,0.0000,0.0000,0,80.00,0.3413,5.2021,8.0724,0.0000,5.9466,-0.0000,80.00,-1,-1.00000,0.000,0.000,0.000,0.000,0.000,0.000,0,0.00,0,0,0,0,0,0,0.9966,-0.000,0.000,0.0000,0.0000,-0.0000,4,0.9804,0.000
29,0.4833,0.0000,0.9624,-0.0000,0.0000,0.9442,-0.0000,0.0000,0.000,0.000,-8.594,1,VEHICLE,0,-,0.0000,50,150,0,0.0800,0,0,0.000,0.000,0.000,0.0000,0.0000,0.0000,1,1.0000,0,0,0.0000,0,0.9966,0.0000,0.0000,0.0000,0.0000,0,80.00,0.3072,5.2268,8.1099,0.0000,5.9624,-0.0000,80.00,-1,-1.00000,0.000,0.000,0.000,0.000,0.000,0.000,0,0.00,0,0,0,0,0,0,1.0124,-0.000,0.000,-0.0000,0.0000,-0.0000,4,0.9966,0.000
30,0.5000,0.0000,0.9776,-0.0000,0.0000,0.9158,-0.0000,0.0000,0.000,0.000,-8.594,1,VEHICLE,0,-,0.0000,50,150,0,0.0800,0,0,0.000,0.000,0.000,0.0000,0.0000,0.0000,1,1.0000,0,0,0.0000,0,1.0124,0.0000,0.0000,0.0000,0.0000,0,80.00,0.2762,5.2502,8.1463,0.0000,5.9776,-0.0000,80.00,-1,-1.00000,0.000,0.000,0.000,0.000,0.000,0.000,0,0.00,0,0,0,0,0,0,1.0276,-0.000,0.000,-0.0000,0.0000,-0.0000,4,1.0124,0.000
31,0.5167,0.0000,0.9924,-0.0000,0.0000,0.8865,-0.0000,0.0000,0.000,0.000,-8.594,1,VEHICLE,0,-,0.0000,50,150,0,0.0800,0,0,0.000,0.000,0.000,0.0000,0.0000,0.0000,1,1.0000,0,0,0.0000,0,1.0276,0.0000,0.0000,0.0000,0.0000,0,80.00,0.2482,5.2726,8.1816,0.0000,5.9924,-0.0000,80.00,-1,-1.00000,0.000,0.000,0.000,0.000,0.000,0.000,0,0.00,0,0,0,0,0,0,1.0424,-0.000,0.000,-0.0000,0.0000,-0.0000,4,1.0276,0.000
32,0.5333,0.0000,1.0067,-0.0000,0.0000,0.8566,-0.0000,0.0000,0.000,0.000,-8.594,1,VEHICLE,0,-,0.0000,50,150,0,0.0800,0,0,0.000,0.000,0.000,0.0000,0.0000,0.0000,1,1.0000,0,0,0.0000,0,1.0424,0.0000,0.0000,0.0000,0.0000,0,80.00,0.2229,5.2938,8.2160,0.0000,6.0067,-0.0000,80.00,-1,-1.00000,0.000,0.000,0.000,0.000,0.000,0.000,0,0.00,0,0,0,0,0,0,1.0567,-0.000,0.000,-0.0000,0.0000,-0.0000,4,1.0424,0.000
33,0.5500,0.0000,1.0204,-0.0000,0.0000,0.8263,-0.0000,0.0000,0.000,0.000,-8.594,1,VEHICLE,0,-,0.0000,50,150,0,0.0800,0,0,0.000,0.000,0.000,0.0000,0.0000,0.0000,1,1.0000,0,0,0.0000,0,1.0567,0.0000,0.0000,0.0000,0.0000,0,80.00,0.2001,5.3140,8.2496,0.0000,6.0204,-0.0000,80.00,-1,-1.00000,0.000,0.000,0.000,0.000,0.000,0.000,0,0.00,0,0,0,0,0,0,1.0704,-0.000,0.000,0.0000,0.0000,-0.0000,4,1.0567,0.000
34,0.5667,0.0000,1.0337,-0.0000,0.0000,0.7957,-0.0000,0.0000,0.000,0.000,-8.594,1,VEHICLE,0,-,0.0000,50,150,0,0.0800,0,0,0.000,0.000,0.000,0.0000,0.0000,0.0000,1,1.0000,0,0,0.0000,0,1.0704,0.0000,0.0000,0.0000,0.0000,0,80.00,0.1795,5.3332,8.2824,0.0000,6.0337,-0.0000,80.00,-1,-1.00000,0.000,0.000,0.000,0.000,0.000,0.000,0,0.00,0,0,0,0,0,0,1.0837,-0.000,0.000,-0.0000,-0.0000,-0.0000,4,1.0704,0.000
35,0.5833,0.0000,1.0465,-0.0000,0.0000,0.7650,-0.0000,0.0000,0.000,0.000,-8.594,1,VEHICLE,0,-,0.0000,50,150,0,0.0800,0,0,0.000,0.000,0.000,0.0000,0.0000,0.0000,1,1.0000,0,0,0.0000,0,1.0837,0.0000,0.0000,0.0000,0.0000,0,80.00,0.1609,5.3514,8.3145,0.0000,6.0465,-0.0000,80.00,-1,-1.00000,0.000,0.000,0.000,0.000,0.000,0.000,0,0.00,0,0,0,0,0,0,1.0965,-0.000,0.000,0.0000,0.0000,-0.0000,4,1.0837,0.000
36,0.6000,0.0000,1.0587,-0.0000,0.0000,0.7343,-0.0000,0.0000,0.000,0.000,-8.594,1,VEHICLE,0,-,0.0000,50,150,0,0.0800,0,0,0.000,0.000,0.000,0.0000,0.0000,0.0000,1,1.0000,0,0,0.0000,0,1.0965,0.0000,0.0000,0.0000,0.0000,0,80.00,0.1441,5.3687,8.3460,0.0000,6.0587,-0.0000,80.00,-1,-1.00000,0.000,0.000,0.000,0.000,0.000,0.000,0,0.00,0,0,0,0,0,0,1.1087,-0.000,0.000,0.0000,0.0000,-0.0000,4,1.0965,0.000
37,0.6167,0.0000,1.0704,-0.0000,0.0000,0.7037,-0.0000,0.0000,0.000,0.000,-8.594,1,VEHICLE,0,-,0.0000,50,150,0,0.0800,0,0,0.000,0.000,0.000,0.0000,0.0000,0.0000,1,1.0000,0,0,0.0000,0,1.1087,0.0000,0.0000,0.0000,0.0000,0,80.00,0.1291,5.3851,8.3769,0.0000,6.0704,-0.0000,80.00,-1,-1.00000,0.000,0.000,0.000,0.000,0.000,0.000,0,0.00,0,0,0,0,0,0,1.1204,-0.000,0.000,-0.0000,-0.0000,-0.0000,4,1.1087,0.000
38,0.6333,0.0000,1.0816,-0.0000,0.0000,0.6734,-0.0000,0.0000,0.000,0.000,-8.594,1,VEHICLE,0,-,0.0000,50,150,0,0.0800,0,0,0.000,0.000,0.000,0.0000,0.0000,0.0000,1,1.0000,0,0,0.0000,0,1.1204,0.0000,0.0000,0.0000,0.0000,0,80.00,0.1155,5.4006,8.4073,0.0000,6.0816,-0.0000,80.00,-1,-1.00000,0.000,0.000,0.000,0.000,0.000,0.000,0,0.00,0,0,0,0,0,0,1.1316,-0.000,0.000,-0.0000,0.0000,-0.0000,4,1.1204,0.000
39,0.6500,0.0000,1.0924,-0.0000,0.0000,0.6434,-0.0000,0.0000,0.000,0.000,-8.594,1,VEHICLE,0,-,0.0000,50,150,0,0.0800,0,0,0.000,0.000,0.000,0.0000,0.0000,0.0000,1,1.0000,0,0,0.0000,0,1.1316,0.0000,0.0000,0.0000,0.0000,0,80.00,0.1033,5.4153,8.4373,0.0000,6.0924,-0.0000,80.00,-1,-1.00000,0.000,0.000,0.000,0.000,0.000,0.000,0,0.00,0,0,0,0,0,0,1.1424,-0.000,0.000,-0.0000,0.0000,-0.0000,4,1.1316,0.000
40,0.6667,0.0000,1.1026,-0.0000,0.0000,0.6138,-0.0000,0.0000,0.000,0.000,-8.594,1,VEHICLE,0,-,0.0000,50,150,0,0.0800,0,0,0.000,0.000,0.000,0.0000,0.0000,0.0000,1,1.0000,0,0,0.0000,0,1.1424,0.0000,0.0000,0.0000,0.0000,0,80.00,0.0924,5.4293,8.4668,0.0000,6.1026,-0.0000,80.00,-1,-1.00000,0.000,0.000,0.000,0.000,0.000,0.000,0,0.00,0,0,0,0,0,0,1.1526,-0.000,0.000,0.0000,-0.0000,-0.0000,4,1.1424,0.000
41,0.6833,0.0000,1.1123,-0.0000,0.0000,0.5848,-0.0000,0.0000,0.000,0.000,-8.594,1,VEHICLE,0,-,0.0000,50,150,0,0.0800,0,0,0.000,0.000,0.000,0.0000,0.0000,0.0000,1,1.0000,0,0,0.0000,0,1.1526,0.0000,0.0000,0.0000,0.0000,0,80.00,0.0826,5.4425,8.4959,0.0000,6.1123,-0.0000,80.00,-1,-1.00000,0.000,0.000,0.000,0.000,0.000,0.000,0,0.00,0,0,0,0,0,0,1.1623,-0.000,0.000,-0.0000,0.0000,-0.0000,4,1.1526,0.000
42,0.7000,0.0000,1.1216,-0.0000,0.0000,0.5563,-0.0000,0.0000,0.000,0.000,-8.594,1,VEHICLE,0,-,0.0000,50,150,0,0.0800,0,0,0.000,0.000,0.000,0.0000,0.0000,0.0000,1,1.0000,0,0,0.0000,0,1.1623,0.0000,0.0000,0.0000,0.0000,0,80.00,0.0738,5.4551,8.5246,0.0000,6.1216,-0.0000,80.00,-1,-1.00000,0.000,0.000,0.000,0.000,0.000,0.000,0,0.00,0,0,0,0,0,0,1.1716,-0.000,0.000,-0.0000,-0.0000,-0.0000,4,1.1623,0.000
43,0.7167,0.0000,1.1304,-0.0000,0.0000,0.5284,-0.0000,0.0000,0.000,0.000,-8.594,1,VEHICLE,0,-,0.0000,50,150,0,0.0800,0,0,0.000,0.000,0.000,0.0000,0.0000,0.0000,1,1.0000,0,0,0.0000,0,1.1716,0.0000,0.0000,0.0000,0.0000,0,80.00,0.0659,5.4669,8.5529,0.0000,6.1304,-0.0000,80.00,-1,-1.00000,0.000,0.000,0.000,0.000,0.000,0.000,0,0.00,0,0,0,0,0,0,1.1804,-0.000,0.000,-0.0000,-0.0000,-0.0000,4,1.1716,0.000
44,0.7333,0.0000,1.1388,-0.0000,0.0000,0.5012,-0.0000,0.0000,0.000,0.000,-8.594,1,VEHICLE,0,-,0.0000,50,150,0,0.0800,0,0,0.000,0.000,0.000,0.0000,0.0000,0.0000,1,1.0000,0,0,0.0000,0,1.1804,0.0000,0.0000,0.0000,0.0000,0,80.00,0.0588,5.4782,8.5810,0.0000,6.1388,-0.0000,80.00,-1,-1.00000,0.000,0.000,0.000,0.000,0.000,0.000,0,0.00,0,0,0,0,0,0,1.1888,-0.000,0.000,-0.0000,0.0000,-0.0000,4,1.1804,0.000
45,0.7500,0.0000,1.1467,-0.0000,0.0000,0.4747,-0.0000,0.0000,0.000,0.000,-8.594,1,VEHICLE,0,-,0.0000,50,150,0,0.0800,0,0,0.000,0.000,0.000,0.0000,0.0000,0.0000,1,1.0000,0,0,0.0000,0,1.1888,0.0000,0.0000,0.0000,0.0000,0,80.00,0.0525,5.4888,8.6087,0.0000,6.1467,-0.0000,80.00,-1,-1.00000,0.000,0.000,0.000,0.000,0.000,0.000,0,0.00,0,0,0,0,0,0,1.1967,-0.000,0.000,0.0000,0.0000,-0.0000,4,1.1888,0.000
46,0.7667,0.0000,1.1542,-0.0000,0.0000,0.4490,-0.0000,0.0000,0.000,0.000,-8.594,1,VEHICLE,0,-,0.0000,50,150,0,0.0800,0,0,0.000,0.000,0.000,0.0000,0.0000,0.0000,1,1.0000,0,0,0.0000,0,1.1967,0.0000,0.0000,0.0000,0.0000,0,80.00,0.0468,5.4988,8.6360,0.0000,6.1542,-0.0000,80.00,-1,-1.00000,0.000,0.000,0.000,0.000,0.000,0.000,0,0.00,0,0,0,0,0,0,1.2042,-0.000,0.000,-0.0000,-0.0000,-0.0000,4,1.1967,0.000
47,0.7833,0.0000,1.1612,-0.0000,0.0000,0.4240,-0.0000,0.0000,0.000,0.000,-8.594,1,VEHICLE,0,-,0.0000,50,150,0,0.0800,0,0,0.000,0.000,0.000,0.0000,0.0000,0.0000,1,1.0000,0,0,0.0000,0,1.2042,0.0000,0.0000,0.0000,0.0000,0,80.00,0.0417,5.5083,8.6631,0.0000,6.1612,-0.0000,80.00,-1,-1.00000,0.000,0.000,0.000,0.000,0.000,0.000,0,0.00,0,0,0,0,0,0,1.2112,-0.000,0.000,-0.0000,0.0000,-0.0000,4,1.2042,0.000
48,0.8000,0.0000,1.1679,-0.0000,0.0000,0.3999,-0.0000,0.0000,0.000,0.000,-8.594,1,VEHICLE,0,-,0.0000,50,150,0,0.0800,0,0,0.000,0.000,0.000,0.0000,0.0000,0.0000,1,1.0000,0,0,0.0000,0,1.2112,0.0000,0.0000,0.0000,0.0000,0,80.00,0.0372,5.5172,8.6899,0.0000,6.1679,-0.0000,80.00,-1,-1.00000,0.000,0.000,0.000,0.000,0.000,0.000,0,0.00,0,0,0,0,0,0,1.2179,-0.000,0.000,-0.0000,0.0000,-0.0000,4,1.2112,0.000
49,0.8167,0.0000,1.1742,-0.0000,0.0000,0.3765,-0.0000,0.0000,0.000,0.000,-8.594,1,VEHICLE,0,-,0.0000,50,150,0,0.0800,0,0,0.000,0.000,0.000,0.0000,0.0000,0.0000,1,1.0000,0,0,0.0000,0,1.2179,0.0000,0.0000,0.0000,0.0000,0,80.00,0.0332,5.5256,8.7164,0.0000,6.1742,-0.0000,80.00,-1,-1.00000,0.000,0.000,0.000,0.000,0.000,0.000,0,0.00,0,0,0,0,0,0,1.2242,-0.000,0.000,-0.0000,-0.0000,-0.0000,4,1.2179,0.000
50,0.8333,0.0000,1.1801,-0.0000,0.0000,0.3540,-0.0000,0.0000,0.000,0.000,-8.594,1,VEHICLE,0,-,0.0000,50,150,0,0.0800,0,0,0.000,0.000,0.000,0.0000,0.0000,0.0000,1,1.0000,0,0,0.0000,0,1.2242,0.0000,0.0000,0.0000,0.0000,0,80.00,0.0295,5.5336,8.7425,0.0000,6.1801,-0.0000,80.00,-1,-1.00000,0.000,0.000,0.000,0.000,0.000,0.000,0,0.00,0,0,0,0,0,0,1.2301,-0.000,0.000,0.0000,-0.0000,-0.0000,4,1.2242,0.000
51,0.8500,0.0000,1.1856,-0.0000,0.0000,0.3323,-0.0000,0.0000,0.000,0.000,-8.594,1,VEHICLE,0,-,0.0000,50,150,0,0.0800,0,0,0.000,0.000,0.000,0.0000,0.0000,0.0000,1,1.0000,0,0,0.0000,0,1.2301,0.0000,0.0000,0.0000,0.0000,0,80.00,0.0263,5.5411,8.7684,0.0000,6.1856,-0.0000,80.00,-1,-1.00000,0.000,0.000,0.000,0.000,0.000,0.000,0,0.00,0,0,0,0,0,0,1.2356,-0.000,0.000,-0.0000,0.0000,-0.0000,4,1.2301,0.000
52,0.8667,0.0000,1.1908,-0.0000,0.0000,0.3115,-0.0000,0.0000,0.000,0.000,-8.594,1,VEHICLE,0,-,0.0000,50,150,0,0.0800,0,0,0.000,0.000,0.000,0.0000,0.0000,0.0000,1,1.0000,0,0,0.0000,0,1.2356,0.0000,0.0000,0.0000,0.0000,0,80.00,0.0234,5.5482,8.7940,0.0000,6.1908,-0.0000,80.00,-1,-1.00000,0.000,0.000,0.000,0.000,0.000,0.000,0,0.00,0,0,0,0,0,0,1.2408,-0.000,0.000,-0.0000,-0.0000,-0.0000,4,1.2356,0.000
53,0.8833,0.0000,1.1957,-0.0000,0.0000,0.2915,-0.0000,0.0000,0.000,0.000,-8.594,1,VEHICLE,0,-,0.0000,50,150,0,0.0800,0,0,0.000,0.000,0.000,0.0000,0.0000,0.0000,1,1.0000,0,0,0.0000,0,1.2408,0.0000,0.0000,0.0000,0.0000,0,80.00,0.0208,5.5548,8.8192,0.0000,6.1957,-0.0000,80.00,-1,-1.00000,0.000,0.000,0.000,0.000,0.000,0.000,0,0.00,0,0,0,0,0,0,1.2457,-0.000,0.000,-0.0000,-0.0000,-0.0000,4,1.2408,0.000
54,0.9000,0.0000,1.2002,-0.0000,0.0000,0.2723,-0.0000,0.0000,0.000,0.000,-8.594,1,VEHICLE,0,-,0.0000,50,150,0,0.0800,0,0,0.000,0.000,0.000,0.0000,0.0000,0.0000,1,1.0000,0,0,0.0000,0,1.2457,0.0000,0.0000,0.0000,0.0000,0,80.00,0.0185,5.5611,8.8441,0.0000,6.2002,-0.0000,80.00,-1,-1.00000,0.000,0.000,0.000,0.000,0.000,0.000,0,0.00,0,0,0,0,0,0,1.2502,-0.000,0.000,0.0000,0.0000,-0.0000,4,1.2457,0.000
55,0.9167,0.0000,1.2044,-0.0000,0.0000,0.2540,-0.0000,0.0000,0.000,0.000,-8.594,1,VEHICLE,0,-,0.0000,50,150,0,0.0800,0,0,0.000,0.000,0.000,0.0000,0.0000,0.0000,1,1.0000,0,0,0.0000,0,1.2502,0.0000,0.0000,0.0000,0.0000,0,80.00,0.0165,5.5670,8.8687,0.0000,6.2044,-0.0000,80.00,-1,-1.00000,0.000,0.000,0.000,0.000,0.000,0.000,0,0.00,0,0,0,0,0,0,1.2544,-0.000,0.000,-0.0000,-0.0000,-0.0000,4,1.2502,0.000
56,0.9333,0.0000,1.2084,-0.0000,0.0000,0.2365,-0.0000,0.0000,0.000,0.000,-8.594,1,VEHICLE,0,-,0.0000,50,150,0,0.0800,0,0,0.000,0.000,0.000,0.0000,0.0000,0.0000,1,1.0000,0,0,0.0000,0,1.2544,0.0000,0.0000,0.0000,0.0000,0,80.00,0.0147,5.5725,8.8930,0.0000,6.2084,-0.0000,80.00,-1,-1.00000,0.000,0.000,0.000,0.000,0.000,0.000,0,0.00,0,0,0,0,0,0,1.2584,-0.000,0.000,-0.0000,0.0000,-0.0000,4,1.2544,0.000
57,0.9500,0.0000,1.2120,-0.0000,0.0000,0.2197,-0.0000,0.0000,0.000,0.000,-8.594,1,VEHICLE,0,-,0.0000,50,150,0,0.0800,0,0,0.000,0.000,0.000,0.0000,0.0000,0.0000,1,1.0000,0,0,0.0000,0,1.2584,0.0000,0.0000,0.0000,0.0000,0,80.00,0.0130,5.5777,8.9168,0.0000,6.2120,-0.0000,80.00,-1,-1.00000,0.000,0.000,0.000,0.000,0.000,0.000,0,0.00,0,0,0,0,0,0,1.2620,-0.000,0.000,-0.0000,-0.0000,-0.0000,4,1.2584,0.000
58,0.9667,0.0000,1.2154,-0.0000,0.0000,0.2038,-0.0000,0.0000,0.000,0.000,-8.594,1,VEHICLE,0,-,0.0000,50,150,0,0.0800,0,0,0.000,0.000,0.000,0.0000,0.0000,0.0000,1,1.0000,0,0,0.0000,0,1.2620,0.0000,0.0000,0.0000,0.0000,0,80.00,0.0116,5.5826,8.9403,0.0000,6.2154,-0.0000,80.00,-1,-1.00000,0.000,0.000,0.000,0.000,0.000,0.000,0,0.00,0,0,0,0,0,0,1.2654,-0.000,0.000,-0.0000,-0.0000,-0.0000,4,1.2620,0.000
59,0.9833,0.0000,1.2186,-0.0000,0.0000,0.1887,-0.0000,0.0000,0.000,0.000,-8.594,1,VEHICLE,0,-,0.0000,50,150,0,0.0800,0,0,0.000,0.000,0.000,0.0000,0.0000,0.0000,1,1.0000,0,0,0.0000,0,1.2654,0.0000,0.0000,0.0000,0.0000,0,80.00,0.0103,5.5871,8.9634,0.0000,6.2186,-0.0000,80.00,-1,-1.00000,0.000,0.000,0.000,0.000,0.000,0.000,0,0.00,0,0,0,0,0,0,1.2686,-0.000,0.000,-0.0000,0.0000,-0.0000,4,1.2654,0.000
60,1.0000,0.0000,1.2215,-0.0000,0.0000,0.1743,-0.0000,0.0000,0.000,0.000,-8.594,1,VEHICLE,0,-,0.0000,50,150,0,0.0800,0,0,0.000,0.000,0.000,0.0000,0.0000,0.0000,1,1.0000,0,0,0.0000,0,1.2686,0.0000,0.0000,0.0000,0.0000,0,80.00,0.0092,5.5914,8.9861,0.0000,6.2215,-0.0000,80.00,-1,-1.00000,0.000,0.000,0.000,0.000,0.000,0.000,0,0.00,0,0,0,0,0,0,1.2715,-0.000,0.000,-0.0000,0.0000,-0.0000,4,1.2686,0.000
61,1.0167,0.0000,1.2242,-0.0000,0.0000,0.1606,-0.0000,0.0000,0.000,0.000,-8.594,1,VEHICLE,0,-,0.0000,50,150,0,0.0800,0,0,0.000,0.000,0.000,0.0000,0.0000,0.0000,1,1.0000,0,0,0.0000,0,1.2715,0.0000,0.0000,0.0000,0.0000,0,80.00,0.0081,5.5954,9.0084,0.0000,6.2242,-0.0000,80.00,-1,-1.00000,0.000,0.000,0.000,0.000,0.000,0.000,0,0.00,0,0,0,0,0,0,1.2742,-0.000,0.000,0.0000,-0.0000,-0.0000,4,1.2715,0.000
62,1.0333,0.0000,1.2266,-0.0000,0.0000,0.1477,-0.0000,0.0000,0.000,0.000,-8.594,1,VEHICLE,0,-,0.0000,50,150,0,0.0800,0,0,0.000,0.000,0.000,0.0000,0.0000,0.0000,1,1.0000,0,0,0.0000,0,1.2742,0.0000,0.0000,0.0000,0.0000,0,80.00,0.0072,5.5991,9.0302,0.0000,6.2266,-0.0000,80.00,-1,-1.00000,0.000,0.000,0.000,0.000,0.000,0.000,0,0.00,0,0,0,0,0,0,1.2766,-0.000,0.000,-0.0000,-0.0000,-0.0000,4,1.2742,0.000
63,1.0500,0.0000,1.2289,-0.0000,0.0000,0.1355,-0.0000,0.0000,0.000,0.000,-8.594,1,VEHICLE,0,-,0.0000,50,150,0,0.0800,0,0,0.000,0.000,0.000,0.0000,0.0000,0.0000,1,1.0000,0,0,0.0000,0,1.2766,0.0000,0.0000,0.0000,0.0000,0,80.00,0.0064,5.6026,9.0516,0.0000,6.2289,-0.0000,80.00,-1,-1.00000,0.000,0.000,0.000,0.000,0.000,0.000,0,0.00,0,0,0,0,0,0,1.2789,-0.000,0.000,-0.0000,0.0000,-0.0000,4,1.2766,0.000
64,1.0667,0.0000,1.2309,-0.0000,0.0000,0.1240,-0.0000,0.0000,0.000,0.000,-8.594,1,VEHICLE,0,-,0.0000,50,150,0,0.0800,0,0,0.000,0.000,0.000,0.0000,0.0000,0.0000,1,1.0000,0,0,0.0000,0,1.2789,0.0000,0.0000,0.0000,0.0000,0,80.00,0.0057,5.6059,9.0724,0.0000,6.2309,-0.0000,80.00,-1,-1.00000,0.000,0.000,0.000,0.000,0.000,0.000,0,0.00,0,0,0,0,0,0,1.2809,-0.000,0.000,-0.0000,-0.0000,-0.0000,4,1.2789,0.000
65,1.0833,0.0000,1.2328,-0.0000,0.0000,0.1131,-0.0000,0.0000,0.000,0.000,-8.594,1,VEHICLE,0,-,0.0000,50,150,0,0.0800,0,0,0.000,0.000,0.000,0.0000,0.0000,0.0000,1,1.0000,0,0,0.0000,0,1.2809,0.0000,0.0000,0.0000,0.0000,0,80.00,0.0051,5.6089,9.0928,0.0000,6.2328,-0.0000,80.00,-1,-1.00000,0.000,0.000,0.000,0.000,0.000,0.000,0,0.00,0,0,0,0,0,0,1.2828,-0.000,0.000,0.0000,0.0000,-0.0000,4,1.2809,0.000
66,1.1000,0.0000,1.2345,-0.0000,0.0000,0.1028,-0.0000,0.0000,0.000,0.000,-8.594,1,VEHICLE,0,-,0.0000,50,150,0,0.0800,0,0,0.000,0.000,0.000,0.0000,0.0000,0.0000,1,1.0000,0,0,0.0000,0,1.2828,0.0000,0.0000,0.0000,0.0000,0,80.00,0.0045,5.6118,9.1127,0.0000,6.2345,-0.0000,80.00,-1,-1.00000,0.000,0.000,0.000,0.000,0.000,0.000,0,0.00,0,0,0,0,0,0,1.2845,-0.000,0.000,-0.0000,0.0000,-0.0000,4,1.2828,0.000
67,1.1167,0.0000,1.2361,-0.0000,0.0000,0.0932,-0.0000,0.0000,0.000,0.000,-8.594,1,VEHICLE,0,-,0.0000,50,150,0,0.0800,0,0,0.000,0.000,0.000,0.0000,0.0000,0.0000,1,1.0000,0,0,0.0000,0,1.2845,0.0000,0.0000,0.0000,0.0000,0,80.00,0.0040,5.6144,9.1320,0.0000,6.2361,-0.0000,80.00,-1,-1.00000,0.000,0.000,0.000,0.000,0.000,0.000,0,0.00,0,0,0,0,0,0,1.2861,-0.000,0.000,-0.0000,-0.0000,-0.0000,4,1.2845,0.000
68,1.1333,0.0000,1.2375,-0.0000,0.0000,0.0842,-0.0000,0.0000,0.000,0.000,-8.594,1,VEHICLE,0,-,0.0000,50,150,0,0.0800,0,0,0.000,0.000,0.000,0.0000,0.0000,0.0000,1,1.0000,0,0,0.0000,0,1.2861,0.0000,0.0000,0.0000,0.0000,0,80.00,0.0035,5.6168,9.1507,0.0000,6.2375,-0.0000,80.00,-1,-1.00000,0.000,0.000,0.000,0.000,0.000,0.000,0,0.00,0,0,0,0,0,0,1.2875,-0.000,0.000,-0.0000,0.0000,-0.0000,4,1.2861,0.000
69,1.1500,0.0000,1.2388,-0.0000,0.0000,0.0757,-0.0000,0.0000,0.000,0.000,-8.594,1,VEHICLE,0,-,0.0000,50,150,0,0.0800,0,0,0.000,0.000,0.000,0.0000,0.0000,0.0000,1,1.0000,0,0,0.0000,0,1.2875,0.0000,0.0000,0.0000,0.0000,0,80.00,0.0031,5.6191,9.1689,0.0000,6.2388,-0.0000,80.00,-1,-1.00000,0.000,0.000,0.000,0.000,0.000,0.000,0,0.00,0,0,0,0,0,0,1.2888,-0.000,0.000,-0.0000,-0.0000,-0.0000,4,1.2875,0.000
70,1.1667,0.0000,1.2399,-0.0000,0.0000,0.0677,-0.0000,0.0000,0.000,0.000,-8.594,1,VEHICLE,0,-,0.0000,50,150,0,0.0800,0,0,0.000,0.000,0.000,0.0000,0.0000,0.0000,1,1.0000,0,0,0.0000,0,1.2888,0.0000,0.0000,0.0000,0.0000,0,80.00,0.0028,5.6212,9.1865,0.0000,6.2399,-0.0000,80.00,-1,-1.00000,0.000,0.000,0.000,0.000,0.000,0.000,0,0.00,0,0,0,0,0,0,1.2899,-0.000,0.000,-0.0000,0.0000,-0.0000,4,1.2888,0.000
71,1.1833,0.0000,1.2409,-0.0000,0.0000,0.0603,-0.0000,0.0000,0.000,0.000,-8.594,1,VEHICLE,0,-,0.0000,50,150,0,0.0800,0,0,0.000,0.000,0.000,0.0000,0.0000,0.0000,1,1.0000,0,0,0.0000,0,1.2899,0.0000,0.0000,0.0000,0.0000,0,80.00,0.0025,5.6231,9.2034,0.0000,6.2409,-0.0000,80.00,-1,-1.00000,0.000,0.000,0.000,0.000,0.000,0.000,0,0.00,0,0,0,0,0,0,1.2909,-0.000,0.000,-0.0000,0.0000,-0.0000,4,1.2899,0.000
72,1.2000,0.0000,1.2418,-0.0000,0.0000,0.0534,-0.0000,0.0000,0.000,0.000,-8.594,1,VEHICLE,0,-,0.0000,50,150,0,0.0800,0,0,0.000,0.000,0.000,0.0000,0.0000,0.0000,1,1.0000,0,0,0.0000,0,1.2909,0.0000,0.0000,0.0000,0.0000,0,80.00,0.0022,5.6248,9.2197,0.0000,6.2418,-0.0000,80.00,-1,-1.00000,0.000,0.000,0.000,0.000,0.000,0.000,0,0.00,0,0,0,0,0,0,1.2918,-0.000,0.000,0.0000,-0.0000,-0.0000,4,1.2909,0.000
73,1.2167,0.0000,1.2426,-0.0000,0.0000,0.0470,-0.0000,0.0000,0.000,0.000,-8.594,1,VEHICLE,0,-,0.0000,50,150,0,0.0800,0,0,0.000,0.000,0.000,0.0000,0.0000,0.0000,1,1.0000,0,0,0.0000,0,1.2918,0.0000,0.0000,0.0000,0.0000,0,80.00,0.0019,5.6264,9.2353,0.0000,6.2426,-0.0000,80.00,-1,-1.00000,0.000,0.000,0.000,0.000,0.000,0.000,0,0.00,0,0,0,0,0,0,1.2926,-0.000,0.000,-0.0000,-0.0000,-0.0000,4,1.2918,0.000
74,1.2333,0.0000,1.2433,-0.0000,0.0000,0.0410,-0.0000,0.0000,0.000,0.000,-8.594,1,VEHICLE,0,-,0.0000,50,150,0,0.0800,0,0,0.000,0.000,0.000,0.0000,0.0000,0.0000,1,1.0000,0,0,0.0000,0,1.2926,0.0000,0.0000,0.0000,0.0000,0,80.00,0.0017,5.6279,9.2502,0.0000,6.2433,-0.0000,80.00,-1,-1.00000,0.000,0.000,0.000,0.000,0.000,0.000,0,0.00,0,0,0,0,0,0,1.2933,-0.000,0.000,-0.0000,0.0000,-0.0000,4,1.2926,0.000
75,1.2500,0.0000,1.2438,-0.0000,0.0000,0.0355,-0.0000,0.0000,0.000,0.000,-8.594,1,VEHICLE,0,-,0.0000,50,150,0,0.0800,0,0,0.000,0.000,0.000,0.0000,0.0000,0.0000,1,1.0000,0,0,0.0000,0,1.2933,0.0000,0.0000,0.0000,0.0000,0,80.00,0.0015,5.6293,9.2644,0.0000,6.2438,-0.0000,80.00,-1,-1.00000,0.000,0.000,0.000,0.000,0.000,0.000,0,0.00,0,0,0,0,0,0,1.2938,-0.000,0.000,0.0000,0.0000,-0.0000,4,1.2933,0.000
76,1.2667,0.0000,1.2443,-0.0000,0.0000,0.0303,-0.0000,0.0000,0.000,0.000,-8.594,1,VEHICLE,0,-,0.0000,50,150,0,0.0800,0,0,0.000,0.000,0.000,0.0000,0.0000,0.0000,1,1.0000,0,0,0.0000,0,1.2938,0.0000,0.0000,0.0000,0.0000,0,80.00,0.0013,5.6305,9.2778,0.0000,6.2443,-0.0000,80.00,-1,-1.00000,0.000,0.000,0.000,0.000,0.000,0.000,0,0.00,0,0,0,0,0,0,1.2943,-0.000,0.000,-0.0000,-0.0000,-0.0000,4,1.2938,0.000
77,1.2833,0.0000,1.2448,-0.0000,0.0000,0.0256,-0.0000,0.0000,0.000,0.000,-8.594,1,VEHICLE,0,-,0.0000,50,150,0,0.0800,0,0,0.000,0.000,0.000,0.0000,0.0000,0.0000,1,1.0000,0,0,0.0000,0,1.2943,0.0000,0.0000,0.0000,0.0000,0,80.00,0.0012,5.6316,9.2905,0.0000,6.2448,-0.0000,80.00,-1,-1.00000,0.000,0.000,0.000,0.000,0.000,0.000,0,0.00,0,0,0,0,0,0,1.2948,-0.000,0.000,0.0000,0.0000,-0.0000,4,1.2943,0.000
78,1.3000,0.0000,1.2451,-0.0000,0.0000,0.0212,-0.0000,0.0000,0.000,0.000,-8.594,1,VEHICLE,0,-,0.0000,50,150,0,0.0800,0,0,0.000,0.000,0.000,0.0000,0.0000,0.0000,1,1.0000,0,0,0.0000,0,1.2948,0.0000,0.0000,0.0000,0.0000,0,80.00,0.0011,5.6325,9.3024,0.0000,6.2451,-0.0000,80.00,-1,-1.00000,0.000,0.000,0.000,0.000,0.000,0.000,0,0.00,0,0,0,0,0,0,1.2951,-0.000,0.000,-0.0000,-0.0000,-0.0000,4,1.2948,0.000
79,1.3167,0.0000,1.2454,-0.0000,0.0000,0.0172,-0.0000,0.0000,0.000,0.000,-8.594,1,VEHICLE,0,-,0.0000,50,150,0,0.0800,0,0,0.000,0.000,0.000,0.0000,0.0000,0.0000,1,1.0000,0,0,0.0000,0,1.2951,0.0000,0.0000,0.0000,0.0000,0,80.00,0.0009,5.6334,9.3135,0.0000,6.2454,-0.0000,80.00,-1,-1.00000,0.000,0.000,0.000,0.000,0.000,0.000,0,0.00,0,0,0,0,0,0,1.2954,-0.000,0.000,-0.0000,0.0000,-0.0000,4,1.2951,0.000
80,1.3333,0.0000,1.2456,-0.0000,0.0000,0.0135,-0.0000,0.0000,0.000,0.000,-8.594,1,VEHICLE,0,-,0.0000,50,150,0,0.0800,0,0,0.000,0.000,0.000,0.0000,0.0000,0.0000,1,1.0000,0,0,0.0000,0,1.2954,0.0000,0.0000,0.0000,0.0000,0,80.00,0.0008,5.6342,9.3237,0.0000,6.2456,-0.0000,80.00,-1,-1.00000,0.000,0.000,0.000,0.000,0.000,0.000,0,0.00,0,0,0,0,0,0,1.2956,-0.000,0.000,-0.0000,-0.0000,-0.0000,4,1.2954,0.000
81,1.3500,0.0000,1.2458,-0.0000,0.0000,0.0102,-0.0000,0.0000,0.000,0.000,-8.594,1,VEHICLE,0,-,0.0000,50,150,0,0.0800,0,0,0.000,0.000,0.000,0.0000,0.0000,0.0000,1,1.0000,0,0,0.0000,0,1.2956,0.0000,0.0000,0.0000,0.0000,0,80.00,0.0007,5.6348,9.3331,0.0000,6.2458,-0.0000,80.00,-1,-1.00000,0.000,0.000,0.000,0.000,0.000,0.000,0,0.00,0,0,0,0,0,0,1.2958,-0.000,0.000,-0.0000,0.0000,-0.0000,4,1.2956,0.000
82,1.3667,0.0000,1.2459,-0.0000,0.0000,0.0071,-0.0000,0.0000,0.000,0.000,-8.594,1,VEHICLE,0,-,0.0000,50,150,0,0.0800,0,0,0.000,0.000,0.000,0.0000,0.0000,0.0000,1,1.0000,0,0,0.0000,0,1.2958,0.0000,0.0000,0.0000,0.0000,0,80.00,0.0006,5.6354,9.3416,0.0000,6.2459,-0.0000,80.00,-1,-1.00000,0.000,0.000,0.000,0.000,0.000,0.000,0,0.00,0,0,0,0,0,0,1.2959,-0.000,0.000,0.0000,0.0000,-0.0000,4,1.2958,0.000
83,1.3833,0.0000,1.2460,-0.0000,0.0000,0.0043,-0.0000,0.0000,0.000,0.000,-8.594,1,VEHICLE,0,-,0.0000,50,150,0,0.0800,0,0,0.000,0.000,0.000,0.0000,0.0000,0.0000,1,1.0000,0,0,0.0000,0,1.2959,0.0000,0.0000,0.0000,0.0000,0,80.00,0.0006,5.6359,9.3492,0.0000,6.2460,-0.0000,80.00,-1,-1.00000,0.000,0.000,0.000,0.000,0.000,0.000,0,0.00,0,0,0,0,0,0,1.2960,-0.000,0.000,-0.0000,-0.0000,-0.0000,4,1.2959,0.000
84,1.4000,0.0000,1.2460,-0.0000,0.0000,0.0018,-0.0000,0.0000,0.000,0.000,-8.594,1,VEHICLE,0,-,0.0000,50,150,0,0.0800,0,0,0.000,0.000,0.000,0.0000,0.0000,0.0000,1,1.0000,0,0,0.0000,0,1.2960,0.0000,0.0000,0.0000,0.0000,0,80.00,0.0005,5.6362,9.3558,0.0000,6.2460,-0.0000,80.00,-1,-1.00000,0.000,0.000,0.000,0.000,0.000,0.000,0,0.00,0,0,0,0,0,0,1.2960,-0.000,0.000,0.0000,0.0000,-0.0000,4,1.2960,0.000
85,1.4167,0.0000,1.2460,-0.0000,0.0000,-0.0005,-0.0000,0.0000,0.000,0.000,-8.594,1,VEHICLE,0,-,0.0000,50,150,0,0.0800,0,0,0.000,0.000,0.000,0.0000,0.0000,0.0000,1,1.0000,0,0,0.0000,0,1.2960,0.0000,0.0000,0.0000,0.0000,0,80.00,0.0004,5.6365,9.3615,0.0000,6.2460,-0.0000,80.00,-1,-1.00000,0.000,0.000,0.000,0.000,0.000,0.000,0,0.00,0,0,0,0,0,0,1.2960,-0.000,0.000,-0.0000,-0.0000,-0.0000,4,1.2960,0.000
86,1.4333,0.0000,1.2460,-0.0000,0.0000,-0.0026,-0.0000,0.0000,0.000,0.000,-8.594,1,VEHICLE,0,-,0.0000,50,150,0,0.0800,0,0,0.000,0.000,0.000,0.0000,0.0000,0.0000,1,1.0000,0,0,0.0000,0,1.2960,0.0000,0.0000,0.0000,0.0000,0,80.00,0.0004,5.6367,9.3662,0.0000,6.2460,-0.0000,80.00,-1,-1.00000,0.000,0.000,0.000,0.000,0.000,0.000,0,0.00,0,0,0,0,0,0,1.2960,-0.000,0.000,0.0000,0.0000,-0.0000,4,1.2960,0.000
87,1.4500,0.0000,1.2459,-0.0000,0.0000,-0.0044,-0.0000,0.0000,0.000,0.000,-8.594,1,VEHICLE,0,-,0.0000,50,150,0,0.0800,0,0,0.000,0.000,0.000,0.0000,0.0000,0.0000,1,1.0000,0,0,0.0000,0,1.2960,0.0000,0.0000,0.0000,0.0000,0,80.00,0.0004,5.6368,9.3699,0.0000,6.2459,-0.0000,80.00,-1,-1.00000,0.000,0.000,0.000,0.000,0.000,0.000,0,0.00,0,0,0,0,0,0,1.2959,-0.000,0.000,-0.0000,0.0000,-0.0000,4,1.2960,0.000
88,1.4667,0.0000,1.2458,-0.0000,0.0000,-0.0060,-0.0000,0.0000,0.000,0.000,-8.594,1,VEHICLE,0,-,0.0000,50,150,0,0.0800,0,0,0.000,0.000,0.000,0.0000,0.0000,0.0000,1,1.0000,0,0,0.0000,0,1.2959,0.0000,0.0000,0.0000,0.0000,0,80.00,0.0003,5.6369,9.3726,0.0000,6.2458,-0.0000,80.00,-1,-1.00000,0.000,0.000,0.000,0.000,0.000,0.000,0,0.00,0,0,0,0,0,0,1.2958,-0.000,0.000,-0.0000,-0.0000,-0.0000,4,1.2959,0.000
89,1.4833,0.0000,1.2457,-0.0000,0.0000,-0.0075,-0.0000,0.0000,0.000,0.000,-8.594,1,VEHICLE,0,-,0.0000,50,150,0,0.0800,0,0,0.000,0.000,0.000,0.0000,0.0000,0.0000,1,1.0000,0,0,0.0000,0,1.2958,0.0000,0.0000,0.0000,0.0000,0,80.00,0.0003,5.6369,9.3743,0.0000,6.2457,-0.0000,80.00,-1,-1.00000,0.000,0.000,0.000,0.000,0.000,0.000,0,0.00,0,0,0,0,0,0,1.2957,-0.000,0.000,-0.0000,0.0000,-0.0000,4,1.2958,0.000
90,1.5000,0.0000,1.2455,-0.0000,0.0000,-0.0088,-0.0000,0.0000,0.000,0.000,-8.594,1,VEHICLE,0,-,0.0000,50,150,0,0.0800,0,0,0.000,0.000,0.000,0.0000,0.0000,0.0000,1,1.0000,0,0,0.0000,0,1.2957,0.0000,0.0000,0.0000,0.0000,0,80.00,0.0002,5.6367,9.3748,0.0000,6.2455,-0.0000,80.00,-1,-1.00000,0.000,0.000,0.000,0.000,0.000,0.000,0,0.00,0,0,0,0,0,0,1.2955,-0.000,0.000,-0.0000,-0.0000,-0.0000,4,1.2957,0.000
91,1.5167,0.0000,1.2454,-0.0000,0.0000,-0.0099,-0.0000,0.0000,0.000,0.000,-8.594,1,VEHICLE,0,-,0.0000,50,150,0,0.0800,0,0,0.000,0.000,0.000,0.0000,0.0000,0.0000,1,1.0000,0,0,0.0000,0,1.2955,0.0000,0.0000,0.0000,0.0000,0,80.00,0.0002,5.6366,9.3748,0.0000,6.2454,-0.0000,80.00,-1,-1.00000,0.000,0.000,0.000,0.000,0.000,0.000,0,0.00,0,0,0,0,0,0,1.2954,-0.000,0.000,0.0000,0.0000,-0.0000,4,1.2955,0.000
92,1.5333,0.0000,1.2452,-0.0000,0.0000,-0.0108,-0.0000,0.0000,0.000,0.000,-8.594,1,VEHICLE,0,-,0.0000,50,150,0,0.0800,0,0,0.000,0.000,0.000,0.0000,0.0000,0.0000,1,1.0000,0,0,0.0000,0,1.2954,0.0000,0.0000,0.0000,0.0000,0,80.00,0.0002,5.6364,9.3749,0.0000,6.2452,-0.0000,80.00,-1,-1.00000,0.000,0.000,0.000,0.000,0.000,0.000,0,0.00,0,0,0,0,0,0,1.2952,-0.000,0.000,-0.0000,0.0000,-0.0000,4,1.2954,0.000
93,1.5500,0.0000,1.2450,-0.0000,0.0000,-0.0117,-0.0000,0.0000,0.000,0.000,-8.594,1,VEHICLE,0,-,0.0000,50,150,0,0.0800,0,0,0.000,0.000,0.000,0.0000,0.0000,0.0000,1,1.0000,0,0,0.0000,0,1.2952,0.0000,0.0000,0.0000,0.0000,0,80.00,0.0002,5.6362,9.3749,0.0000,6.2450,-0.0000,80.00,-1,-1.00000,0.000,0.000,0.000,0.000,0.000,0.000,0,0.00,0,0,0,0,0,0,1.2950,-0.000,0.000,-0.0000,-0.0000,-0.0000,4,1.2952,0.000
94,1.5667,0.0000,1.2448,-0.0000,0.0000,-0.0124,-0.0000,0.0000,0.000,0.000,-8.594,1,VEHICLE,0,-,0.0000,50,150,0,0.0800,0,0,0.000,0.000,0.000,0.0000,0.0000,0.0000,1,1.0000,0,0,0.0000,0,1.2950,0.0000,0.0000,0.0000,0.0000,0,80.00,0.0001,5.6360,9.3749,0.0000,6.2448,-0.0000,80.00,-1,-1.00000,0.000,0.000,0.000,0.000,0.000,0.000,0,0.00,0,0,0,0,0,0,1.2948,-0.000,0.000,-0.0000,0.0000,-0.0000,4,1.2950,0.000
95,1.5833,0.0000,1.2446,-0.0000,0.0000,-0.0129,-0.0000,0.0000,0.000,0.000,-8.594,1,VEHICLE,0,-,0.0000,50,150,0,0.0800,0,0,0.000,0.000,0.000,0.0000,0.0000,0.0000,1,1.0000,0,0,0.0000,0,1.2948,0.0000,0.0000,0.0000,0.0000,0,80.00,0.0001,5.6358,9.3749,0.0000,6.2446,-0.0000,80.00,-1,-1.00000,0.000,0.000,0.000,0.000,0.000,0.000,0,0.00,0,0,0,0,0,0,1.2946,-0.000,0.000,0.0000,0.0000,-0.0000,4,1.2948,0.000
96,1.6000,0.0000,1.2444,-0.0000,0.0000,-0.0134,-0.0000,0.0000,0.000,0.000,-8.594,1,VEHICLE,0,-,0.0000,50,150,0,0.0800,0,0,0.000,0.000,0.000,0.0000,0.0000,0.0000,1,1.0000,0,0,0.0000,0,1.2946,0.0000,0.0000,0.0000,0.0000,0,80.00,0.0001,5.6356,9.3749,0.0000,6.2444,-0.0000,80.00,-1,-1.00000,0.000,0.000,0.000,0.000,0.000,0.000,0,0.00,0,0,0,0,0,0,1.2944,-0.000,0.000,-0.0000,-0.0000,-0.0000,4,1.2946,0.000
97,1.6167,0.0000,1.2441,-0.0000,0.0000,-0.0138,-0.0000,0.0000,0.000,0.000,-8.594,1,VEHICLE,0,-,0.0000,50,150,0,0.0800,0,0,0.000,0.000,0.000,0.0000,0.0000,0.0000,1,1.0000,0,0,0.0000,0,1.2944,0.0000,0.0000,0.0000,0.0000,0,80.00,0.0001,5.6354,9.3749,0.0000,6.2441,-0.0000,80.00,-1,-1.00000,0.000,0.000,0.000,0.000,0.000,0.000,0,0.00,0,0,0,0,0,0,1.2941,-0.000,0.000,-0.0000,0.0000,-0.0000,4,1.2944,0.000
98,1.6333,0.0000,1.2439,-0.0000,0.0000,-0.0140,-0.0000,0.0000,0.000,0.000,-8.594,1,VEHICLE,0,-,0.0000,50,150,0,0.0800,0,0,0.000,0.000,0.000,0.0000,0.0000,0.0000,1,1.0000,0,0,0.0000,0,1.2941,0.0000,0.0000,0.0000,0.0000,0,80.00,0.0001,5.6351,9.3749,0.0000,6.2439,-0.0000,80.00,-1,-1.00000,0.000,0.000,0.000,0.000,0.000,0.000,0,0.00,0,0,0,0,0,0,1.2939,-0.000,0.000,-0.0000,0.0000,-0.0000,4,1.2941,0.000
99,1.6500,0.0000,1.2437,-0.0000,0.0000,-0.0142,-0.0000,0.0000,0.000,0.000,-8.594,1,VEHICLE,0,-,0.0000,50,150,0,0.0800,0,0,0.000,0.000,0.000,0.0000,0.0000,0.0000,1,1.0000,0,0,0.0000,0,1.2939,0.0000,0.0000,0.0000,0.0000,0,80.00,0.0001,5.6349,9.3749,0.0000,6.2437,-0.0000,80.00,-1,-1.00000,0.000,0.000,0.000,0.000,0.000,0.000,0,0.00,0,0,0,0,0,0,1.2937,-0.000,0.000,-0.0000,-0.0000,-0.0000,4,1.2939,0.000
100,1.6667,0.0000,1.2434,-0.0000,0.0000,-0.0143,-0.0000,0.0000,0.000,0.000,-8.594,1,VEHICLE,0,-,0.0000,50,150,0,0.0800,0,0,0.000,0.000,0.000,0.0000,0.0000,0.0000,1,1.0000,0,0,0.0000,0,1.2937,0.0000,0.0000,0.0000,0.0000,0,80.00,0.0001,5.6347,9.3749,0.0000,6.2434,-0.0000,80.00,-1,-1.00000,0.000,0.000,0.000,0.000,0.000,0.000,0,0.00,0,0,0,0,0,0,1.2934,-0.000,0.000,-0.0000,-0.0000,-0.0000,4,1.2937,0.000
101,1.6833,0.0000,1.2432,-0.0000,0.0000,-0.0144,-0.0000,0.0000,0.000,0.000,-8.594,1,VEHICLE,0,-,0.0000,50,150,0,0.0800,0,0,0.000,0.000,0.000,0.0000,0.0000,0.0000,1,1.0000,0,0,0.0000,0,1.2934,0.0000,0.0000,0.0000,0.0000,0,80.00,0.0001,5.6344,9.3749,0.0000,6.2432,-0.0000,80.00,-1,-1.00000,0.000,0.000,0.000,0.000,0.000,0.000,0,0.00,0,0,0,0,0,0,1.2932,-0.000,0.000,-0.0000,0.0000,-0.0000,4,1.2934,0.000
102,1.7000,0.0000,1.2429,-0.0000,0.0000,-0.0144,-0.0000,0.0000,0.000,0.000,-8.594,1,VEHICLE,0,-,0.0000,50,150,0,0.0800,0,0,0.000,0.000,0.000,0.0000,0.0000,0.0000,1,1.0000,0,0,0.0000,0,1.2932,0.0000,0.0000,0.0000,0.0000,0,80.00,0.0001,5.6342,9.3749,0.0000,6.2429,-0.0000,80.00,-1,-1.00000,0.000,0.000,0.000,0.000,0.000,0.000,0,0.00,0,0,0,0,0,0,1.2929,-0.000,0.000,0.0000,0.0000,-0.0000,4,1.2932,0.000
103,1.7167,0.0000,1.2427,-0.0000,0.0000,-0.0143,-0.0000,0.0000,0.000,0.000,-8.594,1,VEHICLE,0,-,0.0000,50,150,0,0.0800,0,0,0.000,0.000,0.000,0.0000,0.0000,0.0000,1,1.0000,0,0,0.0000,0,1.2929,0.0000,0.0000,0.0000,0.0000,0,80.00,0.0000,5.6339,9.3749,0.0000,6.2427,-0.0000,80.00,-1,-1.00000,0.000,0.000,0.000,0.000,0.000,0.000,0,0.00,0,0,0,0,0,0,1.2927,-0.000,0.000,-0.0000,-0.0000,-0.0000,4,1.2929,0.000
104,1.7333,0.0000,1.2425,-0.0000,0.0000,-0.0142,-0.0000,0.0000,0.000,0.000,-8.594,1,VEHICLE,0,-,0.0000,50,150,0,0.0800,0,0,0.000,0.000,0.000,0.0000,0.0000,0.0000,1,1.0000,0,0,0.0000,0,1.2927,0.0000,0.0000,0.0000,0.0000,0,80.00,0.0000,5.6337,9.3749,0.0000,6.2425,-0.0000,80.00,-1,-1.00000,0.000,0.000,0.000,0.000,0.000,0.000,0,0.00,0,0,0,0,0,0,1.2925,-0.000,0.000,-0.0000,0.0000,-0.0000,4,1.2927,0.000
105,1.7500,0.0000,1.2422,-0.0000,0.0000,-0.0140,-0.0000,0.0000,0.000,0.000,-8.594,1,VEHICLE,0,-,0.0000,50,150,0,0.0800,0,0,0.000,0.000,0.000,0.0000,0.0000,0.0000,1,1.0000,0,0,0.0000,0,1.2925,0.0000,0.0000,0.0000,0.0000,0,80.00,0.0000,5.6335,9.3749,0.0000,6.2422,-0.0000,80.00,-1,-1.00000,0.000,0.000,0.000,0.000,0.000,0.000,0,0.00,0,0,0,0,0,0,1.2922,-0.000,0.000,-0.0000,0.0000,-0.0000,4,1.2925,0.000
106,1.7667,0.0000,1.2420,-0.0000,0.0000,-0.0138,-0.0000,0.0000,0.000,0.000,-8.594,1,VEHICLE,0,-,0.0000,50,150,0,0.0800,0,0,0.000,0.000,0.000,0.0000,0.0000,0.0000,1,1.0000,0,0,0.0000,0,1.2922,0.0000,0.0000,0.0000,0.0000,0,80.00,0.0000,5.6333,9.3749,0.0000,6.2420,-0.0000,80.00,-1,-1.00000,0.000,0.000,0.000,0.000,0.000,0.000,0,0.00,0,0,0,0,0,0,1.2920,-0.000,0.000,-0.0000,0.0000,-0.0000,4,1.2922,0.000
107,1.7833,0.0000,1.2418,-0.0000,0.0000,-0.0136,-0.0000,0.0000,0.000,0.000,-8.594,1,VEHICLE,0,-,0.0000,50,150,0,0.0800,0,0,0.000,0.000,0.000,0.0000,0.0000,0.0000,1,1.0000,0,0,0.0000,0,1.2920,0.0000,0.0000,0.0000,0.0000,0,80.00,0.0000,5.6330,9.3749,0.0000,6.2418,-0.0000,80.00,-1,-1.00000,0.000,0.000,0.000,0.000,0.000,0.000,0,0.00,0,0,0,0,0,0,1.2918,-0.000,0.000,0.0000,-0.0000,-0.0000,4,1.2920,0.000
108,1.8000,0.0000,1.2415,-0.0000,0.0000,-0.0133,-0.0000,0.0000,0.000,0.000,-8.594,1,VEHICLE,0,-,0.0000,50,150,0,0.0800,0,0,0.000,0.000,0.000,0.0000,0.0000,0.0000,1,1.0000,0,0,0.0000,0,1.2918,0.0000,0.0000,0.0000,0.0000,0,80.00,0.0000,5.6328,9.3749,0.0000,6.2415,-0.0000,80.00,-1,-1.00000,0.000,0.000,0.000,0.000,0.000,0.000,0,0.00,0,0,0,0,0,0,1.2915,-0.000,0.000,-0.0000,0.0000,-0.0000,4,1.2918,0.000
109,1.8167,0.0000,1.2413,-0.0000,0.0000,-0.0130,-0.0000,0.0000,0.000,0.000,-8.594,1,VEHICLE,0,-,0.0000,50,150,0,0.0800,0,0,0.000,0.000,0.000,0.0000,0.0000,0.0000,1,1.0000,0,0,0.0000,0,1.2915,0.0000,0.0000,0.0000,0.0000,0,80.00,0.0000,5.6326,9.3749,0.0000,6.2413,-0.0000,80.00,-1,-1.00000,0.000,0.000,0.000,0.000,0.000,0.000,0,0.00,0,0,0,0,0,0,1.2913,-0.000,0.000,-0.0000,0.0000,-0.0000,4,1.2915,0.000
110,1.8333,0.0000,1.2411,-0.0000,0.0000,-0.0127,-0.0000,0.0000,0.000,0.000,-8.594,1,VEHICLE,0,-,0.0000,50,150,0,0.0800,0,0,0.000,0.000,0.000,0.0000,0.0000,0.0000,1,1.0000,0,0,0.0000,0,1.2913,0.0000,0.0000,0.0000,0.0000,0,80.00,0.0000,5.6324,9.3749,0.0000,6.2411,-0.0000,80.00,-1,-1.00000,0.000,0.000,0.000,0.000,0.000,0.000,0,0.00,0,0,0,0,0,0,1.2911,-0.000,0.000,-0.0000,-0.0000,-0.0000,4,1.2913,0.000
111,1.8500,0.0000,1.2409,-0.0000,0.0000,-0.0123,-0.0000,0.0000,0.000,0.000,-8.594,1,VEHICLE,0,-,0.0000,50,150,0,0.0800,0,0,0.000,0.000,0.000,0.0000,0.0000,0.0000,1,1.0000,0,0,0.0000,0,1.2911,0.0000,0.0000,0.0000,0.0000,0,80.00,0.0000,5.6322,9.3749,0.0000,6.2409,-0.0000,80.00,-1,-1.00000,0.000,0.000,0.000,0.000,0.000,0.000,0,0.00,0,0,0,0,0,0,1.2909,-0.000,0.000,-0.0000,0.0000,-0.0000,4,1.2911,0.000
112,1.8667,0.0000,1.2407,-0.0000,0.0000,-0.0120,-0.0000,0.0000,0.000,0.000,-8.594,1,VEHICLE,0,-,0.0000,50,150,0,0.0800,0,0,0.000,0.000,0.000,0.0000,0.0000,0.0000,1,1.0000,0,0,0.0000,0,1.2909,0.0000,0.0000,0.0000,0.0000,0,80.00,0.0000,5.6320,9.3749,0.0000,6.2407,-0.0000,80.00,-1,-1.00000,0.000,0.000,0.000,0.000,0.000,0.000,0,0.00,0,0,0,0,0,0,1.2907,-0.000,0.000,0.0000,-0.0000,-0.0000,4,1.2909,0.000
113,1.8833,0.0000,1.2405,-0.0000,0.0000,-0.0116,-0.0000,0.0000,0.000,0.000,-8.594,1,VEHICLE,0,-,0.0000,50,150,0,0.0800,0,0,0.000,0.000,0.000,0.0000,0.0000,0.0000,1,1.0000,0,0,0.0000,0,1.2907,0.0000,0.0000,0.0000,0.0000,0,80.00,0.0000,5.6318,9.3749,0.0000,6.2405,-0.0000,80.00,-1,-1.00000,0.000,0.000,0.000,0.000,0.000,0.000,0,0.00,0,0,0,0,0,0,1.2905,-0.000,0.000,-0.0000,0.0000,-0.0000,4,1.2907,0.000
114,1.9000,0.0000,1.2403,-0.0000,0.0000,-0.0112,-0.0000,0.0000,0.000,0.000,-8.594,1,VEHICLE,0,-,0.0000,50,150,0,0.0800,0,0,0.000,0.000,0.000,0.0000,0.0000,0.0000,1,1.0000,0,0,0.0000,0,1.2905,0.0000,0.0000,0.0000,0.0000,0,80.00,0.0000,5.6316,9.3749,0.0000,6.2403,-0.0000,80.00,-1,-1.00000,0.000,0.000,0.000,0.000,0.000,0.000,0,0.00,0,0,0,0,0,0,1.2903,-0.000,0.000,-0.0000,0.0000,-0.0000,4,1.2905,0.000
115,1.9167,0.0000,1.2402,-0.0000,0.0000,-0.0109,-0.0000,0.0000,0.000,0.000,-8.594,1,VEHICLE,0,-,0.0000,50,150,0,0.0800,0,0,0.000,0.000,0.000,0.0000,0.0000,0.0000,1,1.0000,0,0,0.0000,0,1.2903,0.0000,0.0000,0.0000,0.0000,0,80.00,0.0000,5.6314,9.3749,0.0000,6.2402,-0.0000,80.00,-1,-1.00000,0.000,0.000,0.000,0.000,0.000,0.000,0,0.00,0,0,0,0,0,0,1.2902,-0.000,0.000,-0.0000,-0.0000,-0.0000,4,1.2903,0.000
116,1.9333,0.0000,1.2400,-0.0000,0.0000,-0.0105,-0.0000,0.0000,0.000,0.000,-8.594,1,VEHICLE,0,-,0.0000,50,150,0,0.0800,0,0,0.000,0.000,0.000,0.0000,0.0000,0.0000,1,1.0000,0,0,0.0000,0,1.2902,0.0000,0.0000,0.0000,0.0000,0,80.00,0.0000,5.6312,9.3749,0.0000,6.2400,-0.0000,80.00,-1,-1.00000,0.000,0.000,0.000,0.000,0.000,0.000,0,0.00,0,0,0,0,0,0,1.2900,-0.000,0.000,-0.0000,0.0000,-0.0000,4,1.2902,0.000
117,1.9500,0.0000,1.2398,-0.0000,0.0000,-0.0101,-0.0000,0.0000,0.000,0.000,-8.594,1,VEHICLE,0,-,0.0000,50,150,0,0.0800,0,0,0.000,0.000,0.000,0.0000,0.0000,0.0000,1,1.0000,0,0,0.0000,0,1.2900,0.0000,0.0000,0.0000,0.0000,0,80.00,0.0000,5.6311,9.3749,0.0000,6.2398,-0.0000,80.00,-1,-1.00000,0.000,0.000,0.000,0.000,0.000,0.000,0,0.00,0,0,0,0,0,0,1.2898,-0.000,0.000,-0.0000,0.0000,-0.0000,4,1.2900,0.000
118,1.9667,0.0000,1.2397,-0.0000,0.0000,-0.0097,-0.0000,0.0000,0.000,0.000,-8.594,1,VEHICLE,0,-,0.0000,50,150,0,0.0800,0,0,0.000,0.000,0.000,0.0000,0.0000,0.0000,1,1.0000,0,0,0.0000,0,1.2898,0.0000,0.0000,0.0000,0.0000,0,80.00,0.0000,5.6309,9.3749,0.0000,6.2397,-0.0000,80.00,-1,-1.00000,0.000,0.000,0.000,0.000,0.000,0.000,0,0.00,0,0,0,0,0,0,1.2897,-0.000,0.000,0.0000,-0.0000,-0.0000,4,1.2898,0.000
119,1.9833,0.0000,1.2395,-0.0000,0.0000,-0.0093,-0.0000,0.0000,0.000,0.000,-8.594,1,VEHICLE,0,-,0.0000,50,150,0,0.0800,0,0,0.000,0.000,0.000,0.0000,0.0000,0.0000,1,1.0000,0,0,0.0000,0,1.2897,0.0000,0.0000,0.0000,0.0000,0,80.00,0.0000,5.6308,9.3749,0.0000,6.2395,-0.0000,80.00,-1,-1.00000,0.000,0.000,0.000,0.000,0.000,0.000,0,0.00,0,0,0,0,0,0,1.2895,-0.000,0.000,-0.0000,0.0000,-0.0000,4,1.2897,0.000
120,2.0000,0.0000,1.2393,-0.0000,0.0000,-0.0089,-0.0000,0.0000,0.000,0.000,-8.594,1,VEHICLE,0,-,0.0000,50,150,0,0.0800,0,0,0.000,0.000,0.000,0.0000,0.0000,0.0000,1,1.0000,0,0,0.0000,0,1.2895,0.0000,0.0000,0.0000,0.0000,0,80.00,0.0000,5.6306,9.3749,0.0000,6.2393,-0.0000,80.00,-1,-1.00000,0.000,0.000,0.000,0.000,0.000,0.000,0,0.00,0,0,0,0,0,0,1.2893,-0.000,0.000,-0.0000,0.0000,-0.0000,4,1.2895,0.000
121,2.0167,0.0000,1.2392,-0.0000,0.0000,-0.0085,-0.0000,0.0000,0.000,0.000,-8.594,1,VEHICLE,0,-,0.0000,50,150,0,0.0800,0,0,0.000,0.000,0.000,0.0000,0.0000,0.0000,1,1.0000,0,0,0.0000,0,1.2893,0.0000,0.0000,0.0000,0.0000,0,80.00,0.0000,5.6305,9.3749,0.0000,6.2392,-0.0000,80.00,-1,-1.00000,0.000,0.000,0.000,0.000,0.000,0.000,0,0.00,0,0,0,0,0,0,1.2892,-0.000,0.000,-0.0000,-0.0000,-0.0000,4,1.2893,0.000
122,2.0333,0.0000,1.2391,-0.0000,0.0000,-0.0081,-0.0000,0.0000,0.000,0.000,-8.594,1,VEHICLE,0,-,0.0000,50,150,0,0.0800,0,0,0.000,0.000,0.000,0.0000,0.0000,0.0000,1,1.0000,0,0,0.0000,0,1.2892,0.0000,0.0000,0.0000,0.0000,0,80.00,0.0000,5.6303,9.3749,0.0000,6.2391,-0.0000,80.00,-1,-1.00000,0.000,0.000,0.000,0.000,0.000,0.000,0,0.00,0,0,0,0,0,0,1.2891,-0.000,0.000,-0.0000,0.0000,-0.0000,4,1.2892,0.000
123,2.0500,0.0000,1.2389,-0.0000,0.0000,-0.0078,-0.0000,0.0000,0.000,0.000,-8.594,1,VEHICLE,0,-,0.0000,50,150,0,0.0800,0,0,0.000,0.000,0.000,0.0000,0.0000,0.0000,1,1.0000,0,0,0.0000,0,1.2891,0.0000,0.0000,0.0000,0.0000,0,80.00,0.0000,5.6302,9.3749,0.0000,6.2389,-0.0000,80.00,-1,-1.00000,0.000,0.000,0.000,0.000,0.000,0.000,0,0.00,0,0,0,0,0,0,1.2889,-0.000,0.000,-0.0000,-0.0000,-0.0000,4,1.2891,0.000
124,2.0667,0.0000,1.2388,-0.0000,0.0000,-0.0074,-0.0000,0.0000,0.000,0.000,-8.594,1,VEHICLE,0,-,0.0000,50,150,0,0.0800,0,0,0.000,0.000,0.000,0.0000,0.0000,0.0000,1,1.0000,0,0,0.0000,0,1.2889,0.0000,0.0000,0.0000,0.0000,0,80.00,0.0000,5.6301,9.3749,0.0000,6.2388,-0.0000,80.00,-1,-1.00000,0.000,0.000,0.000,0.000,0.000,0.000,0,0.00,0,0,0,0,0,0,1.2888,-0.000,0.000,0.0000,0.0000,-0.0000,4,1.2889,0.000
125,2.0833,0.0000,1.2387,-0.0000,0.0000,-0.0070,-0.0000,0.0000,0.000,0.000,-8.594,1,VEHICLE,0,-,0.0000,50,150,0,0.0800,0,0,0.000,0.000,0.000,0.0000,0.0000,0.0000,1,1.0000,0,0,0.0000,0,1.2888,0.0000,0.0000,0.0000,0.0000,0,80.00,0.0000,5.6300,9.3749,0.0000,6.2387,-0.0000,80.00,-1,-1.00000,0.000,0.000,0.000,0.000,0.000,0.000,0,0.00,0,0,0,0,0,0,1.2887,-0.000,0.000,-0.0000,-0.0000,-0.0000,4,1.2888,0.000
126,2.1000,0.0000,1.2386,-0.0000,0.0000,-0.0067,-0.0000,0.0000,0.000,0.000,-8.594,1,VEHICLE,0,-,0.0000,50,150,0,0.0800,0,0,0.000,0.000,0.000,0.0000,0.0000,0.0000,1,1.0000,0,0,0.0000,0,1.2887,0.0000,0.0000,0.0000,0.0000,0,80.00,0.0000,5.6299,9.3749,0.0000,6.2386,-0.0000,80.00,-1,-1.00000,0.000,0.000,0.000,0.000,0.000,0.000,0,0.00,0,0,0,0,0,0,1.2886,-0.000,0.000,-0.0000,0.0000,-0.0000,4,1.2887,0.000
127,2.1167,0.0000,1.2385,-0.0000,0.0000,-0.0063,-0.0000,0.0000,0.000,0.000,-8.594,1,VEHICLE,0,-,0.0000,50,150,0,0.0800,0,0,0.000,0.000,0.000,0.0000,0.0000,0.0000,1,1.0000,0,0,0.0000,0,1.2886,0.0000,0.0000,0.0000,0.0000,0,80.00,0.0000,5.6297,9.3749,0.0000,6.2385,-0.0000,80.00,-1,-1.00000,0.000,0.000,0.000,0.000,0.000,0.000,0,0.00,0,0,0,0,0,0,1.2885,-0.000,0.000,-0.0000,-0.0000,-0.0000,4,1.2886,0.000
128,2.1333,0.0000,1.2384,-0.0000,0.0000,-0.0060,-0.0000,0.0000,0.000,0.000,-8.594,1,VEHICLE,0,-,0.0000,50,150,0,0.0800,0,0,0.000,0.000,0.000,0.0000,0.0000,0.0000,1,1.0000,0,0,0.0000,0,1.2885,0.0000,0.0000,0.0000,0.0000,0,80.00,0.0000,5.6296,9.3749,0.0000,6.2384,-0.0000,80.00,-1,-1.00000,0.000,0.000,0.000,0.000,0.000,0.000,0,0.00,0,0,0,0,0,0,1.2884,-0.000,0.000,0.0000,0.0000,-0.0000,4,1.2885,0.000
129,2.1500,0.0000,1.2383,-0.0000,0.0000,-0.0057,-0.0000,0.0000,0.000,0.000,-8.594,1,VEHICLE,0,-,0.0000,50,150,0,0.0800,0,0,0.000,0.000,0.000,0.0000,0.0000,0.0000,1,1.0000,0,0,0.0000,0,1.2884,0.0000,0.0000,0.0000,0.0000,0,80.00,0.0000,5.6296,9.3749,0.0000,6.2383,-0.0000,80.00,-1,-1.00000,0.000,0.000,0.000,0.000,0.000,0.000,0,0.00,0,0,0,0,0,0,1.2883,-0.000,0.000,-0.0000,0.0000,-0.0000,4,1.2884,0.000
130,2.1667,0.0000,1.2382,-0.0000,0.0000,-0.0053,-0.0000,0.0000,0.000,0.000,-8.594,1,VEHICLE,0,-,0.0000,50,150,0,0.0800,0,0,0.000,0.000,0.000,0.0000,0.0000,0.0000,1,1.0000,0,0,0.0000,0,1.2883,0.0000,0.0000,0.0000,0.0000,0,80.00,0.0000,5.6295,9.3749,0.0000,6.2382,-0.0000,80.00,-1,-1.00000,0.000,0.000,0.000,0.000,0.000,0.000,0,0.00,0,0,0,0,0,0,1.2882,-0.000,0.000,-0.0000,-0.0000,-0.0000,4,1.2883,0.000
131,2.1833,0.0000,1.2381,-0.0000,0.0000,-0.0050,-0.0000,0.0000,0.000,0.000,-8.594,1,VEHICLE,0,-,0.0000,50,150,0,0.0800,0,0,0.000,0.000,0.000,0.0000,0.0000,0.0000,1,1.0000,0,0,0.0000,0,1.2882,0.0000,0.0000,0.0000,0.0000,0,80.00,0.0000,5.6294,9.3749,0.0000,6.2381,-0.0000,80.00,-1,-1.00000,0.000,0.000,0.000,0.000,0.000,0.000,0,0.00,0,0,0,0,0,0,1.2881,-0.000,0.000,0.0000,0.0000,-0.0000,4,1.2882,0.000
132,2.2000,0.0000,1.2380,-0.0000,0.0000,-0.0047,-0.0000,0.0000,0.000,0.000,-8.594,1,VEHICLE,0,-,0.0000,50,150,0,0.0800,0,0,0.000,0.000,0.000,0.0000,0.0000,0.0000,1,1.0000,0,0,0.0000,0,1.2881,0.0000,0.0000,0.0000,0.0000,0,80.00,0.0000,5.6293,9.3749,0.0000,6.2380,-0.0000,80.00,-1,-1.00000,0.000,0.000,0.000,0.000,0.000,0.000,0,0.00,0,0,0,0,0,0,1.2880,-0.000,0.000,-0.0000,0.0000,-0.0000,4,1.2881,0.000
133,2.2167,0.0000,1.2380,-0.0000,0.0000,-0.0045,-0.0000,0.0000,0.000,0.000,-8.594,1,VEHICLE,0,-,0.0000,50,150,0,0.0800,0,0,0.000,0.000,0.000,0.0000,0.0000,0.0000,1,1.0000,0,0,0.0000,0,1.2880,0.0000,0.0000,0.0000,0.0000,0,80.00,0.0000,5.6292,9.3749,0.0000,6.2380,-0.0000,80.00,-1,-1.00000,0.000,0.000,0.000,0.000,0.000,0.000,0,0.00,0,0,0,0,0,0,1.2880,-0.000,0.000,-0.0000,-0.0000,-0.0000,4,1.2880,0.000
134,2.2333,0.0000,1.2379,-0.0000,0.0000,-0.0042,-0.0000,0.0000,0.000,0.000,-8.594,1,VEHICLE,0,-,0.0000,50,150,0,0.0800,0,0,0.000,0.000,0.000,0.0000,0.0000,0.0000,1,1.0000,0,0,0.0000,0,1.2880,0.0000,0.0000,0.0000,0.0000,0,80.00,0.0000,5.6292,9.3749,0.0000,6.2379,-0.0000,80.00,-1,-1.00000,0.000,0.000,0.000,0.000,0.000,0.000,0,0.00,0,0,0,0,0,0,1.2879,-0.000,0.000,-0.0000,0.0000,-0.0000,4,1.2880,0.000
135,2.2500,0.0000,1.2378,-0.0000,0.0000,-0.0039,-0.0000,0.0000,0.000,0.000,-8.594,1,VEHICLE,0,-,0.0000,50,150,0,0.0800,0,0,0.000,0.000,0.000,0.0000,0.0000,0.0000,1,1.0000,0,0,0.0000,0,1.2879,0.0000,0.0000,0.0000,0.0000,0,80.00,0.0000,5.6291,9.3749,0.0000,6.2378,-0.0000,80.00,-1,-1.00000,0.000,0.000,0.000,0.000,0.000,0.000,0,0.00,0,0,0,0,0,0,1.2878,-0.000,0.000,-0.0000,-0.0000,-0.0000,4,1.2879,0.000
136,2.2667,0.0000,1.2378,-0.0000,0.0000,-0.0037,-0.0000,0.0000,0.000,0.000,-8.594,1,VEHICLE,0,-,0.0000,50,150,0,0.0800,0,0,0.000,0.000,0.000,0.0000,0.0000,0.0000,1,1.0000,0,0,0.0000,0,1.2878,0.0000,0.0000,0.0000,0.0000,0,80.00,0.0000,5.6290,9.3749,0.0000,6.2378,-0.0000,80.00,-1,-1.00000,0.000,0.000,0.000,0.000,0.000,0.000,0,0.00,0,0,0,0,0,0,1.2878,-0.000,0.000,-0.0000,0.0000,-0.0000,4,1.2878,0.000
137,2.2833,0.0000,1.2377,-0.0000,0.0000,-0.0034,-0.0000,0.0000,0.000,0.000,-8.594,1,VEHICLE,0,-,0.0000,50,150,0,0.0800,0,0,0.000,0.000,0.000,0.0000,0.0000,0.0000,1,1.0000,0,0,0.0000,0,1.2878,0.0000,0.0000,0.0000,0.0000,0,80.00,0.0000,5.6290,9.3749,0.0000,6.2377,-0.0000,80.00,-1,-1.00000,0.000,0.000,0.000,0.000,0.000,0.000,0,0.00,0,0,0,0,0,0,1.2877,-0.000,0.000,-0.0000,-0.0000,-0.0000,4,1.2878,0.000
138,2.3000,0.0000,1.2377,-0.0000,0.0000,-0.0032,-0.0000,0.0000,0.000,0.000,-8.594,1,VEHICLE,0,-,0.0000,50,150,0,0.0800,0,0,0.000,0.000,0.000,0.0000,0.0000,0.0000,1,1.0000,0,0,0.0000,0,1.2877,0.0000,0.0000,0.0000,0.0000,0,80.00,0.0000,5.6289,9.3749,0.0000,6.2377,-0.0000,80.00,-1,-1.00000,0.000,0.000,0.000,0.000,0.000,0.000,0,0.00,0,0,0,0,0,0,1.2877,-0.000,0.000,-0.0000,0.0000,-0.0000,4,1.2877,0.000
139,2.3167,0.0000,1.2376,-0.0000,0.0000,-0.0030,-0.0000,0.0000,0.000,0.000,-8.594,1,VEHICLE,0,-,0.0000,50,150,0,0.0800,0,0,0.000,0.000,0.000,0.0000,0.0000,0.0000,1,1.0000,0,0,0.0000,0,1.2877,0.0000,0.0000,0.0000,0.0000,0,80.00,0.0000,5.6289,9.3749,0.0000,6.2376,-0.0000,80.00,-1,-1.00000,0.000,0.000,0.000,0.000,0.000,0.000,0,0.00,0,0,0,0,0,0,1.2876,-0.000,0.000,0.0000,-0.0000,-0.0000,4,1.2877,0.000
140,2.3333,0.0000,1.2376,-0.0000,0.0000,-0.0028,-0.0000,0.0000,0.000,0.000,-8.594,1,VEHICLE,0,-,0.0000,50,150,0,0.0800,0,0,0.000,0.000,0.000,0.0000,0.0000,0.0000,1,1.0000,0,0,0.0000,0,1.2876,0.0000,0.0000,0.0000,0.0000,0,80.00,0.0000,5.6288,9.3749,0.0000,6.2376,-0.0000,80.00,-1,-1.00000,0.000,0.000,0.000,0.000,0.000,0.000,0,0.00,0,0,0,0,0,0,1.2876,-0.000,0.000,-0.0000,0.0000,-0.0000,4,1.2876,0.000
141,2.3500,0.0000,1.2375,-0.0000,0.0000,-0.0026,-0.0000,0.0000,0.000,0.000,-8.594,1,VEHICLE,0,-,0.0000,50,150,0,0.0800,0,0,0.000,0.000,0.000,0.0000,0.0000,0.0000,1,1.0000,0,0,0.0000,0,1.2876,0.0000,0.0000,0.0000,0.0000,0,80.00,0.0000,5.6288,9.3749,0.0000,6.2375,-0.0000,80.00,-1,-1.00000,0.000,0.000,0.000,0.000,0.000,0.000,0,0.00,0,0,0,0,0,0,1.2875,-0.000,0.000,-0.0000,-0.0000,-0.0000,4,1.2876,0.000
142,2.3667,0.0000,1.2375,-0.0000,0.0000,-0.0024,-0.0000,0.0000,0.000,0.000,-8.594,1,VEHICLE,0,-,0.0000,50,150,0,0.0800,0,0,0.000,0.000,0.000,0.0000,0.0000,0.0000,1,1.0000,0,0,0.0000,0,1.2875,0.0000,0.0000,0.0000,0.0000,0,80.00,0.0000,5.6287,9.3749,0.0000,6.2375,-0.0000,80.00,-1,-1.00000,0.000,0.000,0.000,0.000,0.000,0.000,0,0.00,0,0,0,0,0,0,1.2875,-0.000,0.000,-0.0000,-0.0000,-0.0000,4,1.2875,0.000
143,2.3833,0.0000,1.2374,-0.0000,0.0000,-0.0022,-0.0000,0.0000,0.000,0.000,-8.594,1,VEHICLE,0,-,0.0000,50,150,0,0.0800,0,0,0.000,0.000,0.000,0.0000,0.0000,0.0000,1,1.0000,0,0,0.0000,0,1.2875,0.0000,0.0000,0.0000,0.0000,0,80.00,0.0000,5.6287,9.3749,0.0000,6.2374,-0.0000,80.00,-1,-1.00000,0.000,0.000,0.000,0.000,0.000,0.000,0,0.00,0,0,0,0,0,0,1.2874,-0.000,0.000,-0.0000,0.0000,-0.0000,4,1.2875,0.000
144,2.4000,0.0000,1.2374,-0.0000,0.0000,-0.0020,-0.0000,0.0000,0.000,0.000,-8.594,1,VEHICLE,0,-,0.0000,50,150,0,0.0800,0,0,0.000,0.000,0.000,0.0000,0.0000,0.0000,1,1.0000,0,0,0.0000,0,1.2874,0.0000,0.0000,0.0000,0.0000,0,80.00,0.0000,5.6287,9.3749,0.0000,6.2374,-0.0000,80.00,-1,-1.00000,0.000,0.000,0.000,0.000,0.000,0.000,0,0.00,0,0,0,0,0,0,1.2874,-0.000,0.000,0.0000,0.0000,-0.0000,4,1.2874,0.000
145,2.4167,0.0000,1.2374,-0.0000,0.0000,-0.0019,-0.0000,0.0000,0.000,0.000,-8.594,1,VEHICLE,0,-,0.0000,50,150,0,0.0800,0,0,0.000,0.000,0.000,0.0000,0.0000,0.0000,1,1.0000,0,0,0.0000,0,1.2874,0.0000,0.0000,0.0000,0.0000,0,80.00,0.0000,5.6286,9.3749,0.0000,6.2374,-0.0000,80.00,-1,-1.00000,0.000,0.000,0.000,0.000,0.000,0.000,0,0.00,0,0,0,0,0,0,1.2874,-0.000,0.000,-0.0000,-0.0000,-0.0000,4,1.2874,0.000
146,2.4333,0.0000,1.2374,-0.0000,0.0000,-0.0017,-0.0000,0.0000,0.000,0.000,-8.594,1,VEHICLE,0,-,0.0000,50,150,0,0.0800,0,0,0.000,0.000,0.000,0.0000,0.0000,0.0000,1,1.0000,0,0,0.0000,0,1.2874,0.0000,0.0000,0.0000,0.0000,0,80.00,0.0000,5.6286,9.3749,0.0000,6.2374,-0.0000,80.00,-1,-1.00000,0.000,0.000,0.000,0.000,0.000,0.000,0,0.00,0,0,0,0,0,0,1.2874,-0.000,0.000,-0.0000,0.0000,-0.0000,4,1.2874,0.000
147,2.4500,0.0000,1.2373,-0.0000,0.0000,-0.0016,-0.0000,0.0000,0.000,0.000,-8.594,1,VEHICLE,0,-,0.0000,50,150,0,0.0800,0,0,0.000,0.000,0.000,0.0000,0.0000,0.0000,1,1.0000,0,0,0.0000,0,1.2874,0.0000,0.0000,0.0000,0.0000,0,80.00,0.0000,5.6286,9.3749,0.0000,6.2373,-0.0000,80.00,-1,-1.00000,0.000,0.000,0.000,0.000,0.000,0.000,0,0.00,0,0,0,0,0,0,1.2873,-0.000,0.000,-0.0000,0.0000,-0.0000,4,1.2874,0.000
148,2.4667,0.0000,1.2373,-0.0000,0.0000,-0.0014,-0.0000,0.0000,0.000,0.000,-8.594,1,VEHICLE,0,-,0.0000,50,150,0,0.0800,0,0,0.000,0.000,0.000,0.0000,0.0000,0.0000,1,1.0000,0,0,0.0000,0,1.2873,0.0000,0.0000,0.0000,0.0000,0,80.00,0.0000,5.6286,9.3749,0.0000,6.2373,-0.0000,80.00,-1,-1.00000,0.000,0.000,0.000,0.000,0.000,0.000,0,0.00,0,0,0,0,0,0,1.2873,-0.000,0.000,-0.0000,0.0000,-0.0000,4,1.2873,0.000
149,2.4833,0.0000,1.2373,-0.0000,0.0000,-0.0013,-0.0000,0.0000,0.000,0.000,-8.594,1,VEHICLE,0,-,0.0000,50,150,0,0.0800,0,0,0.000,0.000,0.000,0.0000,0.0000,0.0000,1,1.0000,0,0,0.0000,0,1.2873,0.0000,0.0000,0.0000,0.0000,0,80.00,0.0000,5.6285,9.3749,0.0000,6.2373,-0.0000,80.00,-1,-1.00000,0.000,0.000,0.000,0.000,0.000,0.000,0,0.00,0,0,0,0,0,0,1.2873,-0.000,0.000,-0.0000,-0.0000,-0.0000,4,1.2873,0.000
150,2.5000,0.0000,1.2373,-0.0000,0.0000,-0.0012,-0.0000,0.0000,0.000,0.000,-8.594,1,VEHICLE,0,-,0.0000,50,150,0,0.0800,0,0,0.000,0.000,0.000,0.0000,0.0000,0.0000,1,1.0000,0,0,0.0000,0,1.2873,0.0000,0.0000,0.0000,0.0000,0,80.00,0.0000,5.6285,9.3749,0.0000,6.2373,-0.0000,80.00,-1,-1.00000,0.000,0.000,0.000,0.000,0.000,0.000,0,0.00,0,0,0,0,0,0,1.2873,-0.000,0.000,-0.0000,0.0000,-0.0000,4,1.2873,0.000
151,2.5167,0.0000,1.2372,-0.0083,0.0000,-0.0010,-0.5000,0.5000,0.000,0.000,-8.594,1,VEHICLE,0,-,0.0000,50,150,0,0.0800,0,0,0.000,0.000,0.000,0.0000,0.0000,0.0000,1,1.0000,0,0,0.0000,0,1.2873,0.0000,0.0000,0.0000,0.0000,0,80.00,0.0000,5.6285,9.3666,0.0000,6.2372,-0.0083,80.00,-1,-1.00000,0.000,0.000,0.000,0.000,0.000,0.000,0,0.00,0,0,0,0,0,0,1.2872,-0.000,0.000,0.0000,-0.0000,-0.0000,4,1.2873,0.000
152,2.5333,0.0000,1.2372,-0.0250,0.0000,-0.0009,-1.0000,1.0000,0.000,0.000,-8.594,1,VEHICLE,0,-,0.0000,50,150,0,0.0800,0,0,0.000,0.000,0.000,0.0000,0.0000,0.0000,1,1.0000,0,0,0.0000,0,1.2872,0.0000,0.0000,0.0000,0.0000,0,80.00,0.0000,5.6285,9.3499,0.0000,6.2372,-0.0250,80.00,-1,-1.00000,0.000,0.000,0.000,0.000,0.000,0.000,0,0.00,0,0,0,0,0,0,1.2872,-0.000,0.000,-0.0000,0.0000,-0.0000,4,1.2872,0.000
153,2.5500,0.0000,1.2372,-0.0500,0.0000,-0.0008,-1.5000,1.5000,0.000,0.000,-8.594,1,VEHICLE,0,-,0.0000,50,150,0,0.0800,0,0,0.000,0.000,0.000,0.0000,0.0000,0.0000,1,1.0000,0,0,0.0000,0,1.2872,0.0000,0.0000,0.0000,0.0000,0,80.00,0.0000,5.6285,9.3249,0.0000,6.2372,-0.0500,80.00,-1,-1.00000,0.000,0.000,0.000,0.000,0.000,0.000,0,0.00,0,0,0,0,0,0,1.2872,-0.000,0.000,-0.0000,-0.0000,-0.0000,4,1.2872,0.000
154,2.5667,0.0000,1.2372,-0.0833,0.0000,-0.0007,-2.0000,2.0000,0.000,0.000,-8.594,1,VEHICLE,0,-,0.0000,50,150,0,0.0800,0,0,0.000,0.000,0.000,0.0000,0.0000,0.0000,1,1.0000,0,0,0.0000,0,1.2872,0.0000,0.0000,0.0000,0.0000,0,80.00,0.0000,5.6285,9.2916,0.0000,6.2372,-0.0833,80.00,-1,-1.00000,0.000,0.000,0.000,0.000,0.000,0.000,0,0.00,0,0,0,0,0,0,1.2872,-0.000,0.000,-0.0000,0.0000,-0.0000,4,1.2872,0.000
155,2.5833,0.0000,1.2372,-0.1250,0.0000,-0.0007,-2.5000,2.5000,0.000,0.000,-8.594,1,VEHICLE,0,-,0.0000,50,150,0,0.0800,0,0,0.000,0.000,0.000,0.0000,0.0000,0.0000,1,1.0000,0,0,0.0000,0,1.2872,0.0000,0.0000,0.0000,0.0000,0,80.00,0.0000,5.6285,9.2499,0.0000,6.2372,-0.1250,80.00,-1,-1.00000,0.000,0.000,0.000,0.000,0.000,0.000,0,0.00,0,0,0,0,0,0,1.2872,-0.000,0.000,-0.0000,0.0000,-0.0000,4,1.2872,0.000
156,2.6000,0.0000,1.2372,-0.1750,0.0000,-0.0006,-3.0000,3.0000,0.000,0.000,-8.594,1,VEHICLE,0,-,0.0000,50,150,0,0.0800,0,0,0.000,0.000,0.000,0.0000,0.0000,0.0000,1,1.0000,0,0,0.0000,0,1.2872,0.0000,0.0000,0.0000,0.0000,0,80.00,0.0000,5.6284,9.1999,0.0000,6.2372,-0.1750,80.00,-1,-1.00000,0.000,0.000,0.000,0.000,0.000,0.000,0,0.00,0,0,0,0,0,0,1.2872,-0.000,0.000,0.0000,0.0000,-0.0000,4,1.2872,0.000
157,2.6167,0.0000,1.2372,-0.2333,0.0000,-0.0005,-3.5000,3.5000,0.000,0.000,-8.594,1,VEHICLE,0,-,0.0000,50,150,0,0.0800,0,0,0.000,0.000,0.000,0.0000,0.0000,0.0000,1,1.0000,0,0,0.0000,0,1.2872,0.0000,0.0000,0.0000,0.0000,0,80.00,0.0000,5.6284,9.1416,0.0000,6.2372,-0.2333,80.00,-1,-1.00000,0.000,0.000,0.000,0.000,0.000,0.000,0,0.00,0,0,0,0,0,0,1.2872,-0.000,0.000,0.0000,-0.0000,-0.0000,4,1.2872,0.000
158,2.6333,0.0000,1.2372,-0.3000,0.0000,-0.0004,-4.0000,4.0000,0.000,0.000,-8.594,1,VEHICLE,0,-,0.0000,50,150,0,0.0800,0,0,0.000,0.000,0.000,0.0000,0.0000,0.0000,1,1.0000,0,0,0.0000,0,1.2872,0.0000,0.0000,0.0000,0.0000,0,80.00,0.0000,5.6284,9.0749,0.0000,6.2372,-0.3000,80.00,-1,-1.00000,0.000,0.000,0.000,0.000,0.000,0.000,0,0.00,0,0,0,0,0,0,1.2872,-0.000,0.000,-0.0000,0.0000,-0.0000,4,1.2872,0.000
159,2.6500,0.0000,1.2372,-0.3750,0.0000,-0.0004,-4.5000,4.5000,0.000,0.000,-8.594,1,VEHICLE,0,-,0.0000,50,150,0,0.0800,0,0,0.000,0.000,0.000,0.0000,0.0000,0.0000,1,1.0000,0,0,0.0000,0,1.2872,0.0000,0.0000,0.0000,0.0000,0,80.00,0.0000,5.6284,8.9999,0.0000,6.2372,-0.3750,80.00,-1,-1.00000,0.000,0.000,0.000,0.000,0.000,0.000,0,0.00,0,0,0,0,0,0,1.2872,-0.000,0.000,-0.0000,-0.0000,-0.0000,4,1.2872,0.000
160,2.6667,0.0000,1.2372,-0.4583,0.0000,-0.0003,-5.0000,5.0000,0.000,0.000,-8.594,1,VEHICLE,0,-,0.0000,50,150,0,0.0800,0,0,0.000,0.000,0.000,0.0000,0.0000,0.0000,1,1.0000,0,0,0.0000,0,1.2872,0.0000,0.0000,0.0000,0.0000,0,80.00,0.0000,5.6284,8.9166,0.0000,6.2372,-0.4583,80.00,-1,-1.00000,0.000,0.000,0.000,0.000,0.000,0.000,0,0.00,0,0,0,0,0,0,1.2872,-0.000,0.000,-0.0000,-0.0000,-0.0000,4,1.2872,0.000
161,2.6833,0.0000,1.2371,-0.5500,0.0000,-0.0003,-5.5000,5.5000,0.000,0.000,-8.594,1,VEHICLE,0,-,0.0000,50,150,0,0.0800,0,0,0.000,0.000,0.000,0.0000,0.0000,0.0000,1,1.0000,0,0,0.0000,0,1.2872,0.0000,0.0000,0.0000,0.0000,0,80.00,0.0000,5.6284,8.8249,0.0000,6.2371,-0.5500,80.00,-1,-1.00000,0.000,0.000,0.000,0.000,0.000,0.000,0,0.00,0,0,0,0,0,0,1.2871,-0.000,0.000,0.0000,0.0000,-0.0000,4,1.2872,0.000
162,2.7000,0.0000,1.2371,-0.6500,0.0000,-0.0002,-6.0000,6.0000,0.000,0.000,-8.594,1,VEHICLE,0,-,0.0000,50,150,0,0.0800,0,0,0.000,0.000,0.000,0.0000,0.0000,0.0000,1,1.0000,0,0,0.0000,0,1.2871,0.0000,0.0000,0.0000,0.0000,0,80.00,0.0000,5.6284,8.7249,0.0000,6.2371,-0.6500,80.00,-1,-1.00000,0.000,0.000,0.000,0.000,0.000,0.000,0,0.00,0,0,0,0,0,0,1.2871,-0.000,0.000,-0.0000,0.0000,-0.0000,4,1.2871,0.000
163,2.7167,0.0000,1.2371,-0.7583,0.0000,-0.0002,-6.5000,6.5000,0.000,0.000,-8.594,1,VEHICLE,0,-,0.0000,50,150,0,0.0800,0,0,0.000,0.000,0.000,0.0000,0.0000,0.0000,1,1.0000,0,0,0.0000,0,1.2871,0.0000,0.0000,0.0000,0.0000,0,80.00,0.0000,5.6284,8.6166,0.0000,6.2371,-0.7583,80.00,-1,-1.00000,0.000,0.000,0.000,0.000,0.000,0.000,0,0.00,0,0,0,0,0,0,1.2871,-0.000,0.000,0.0000,-0.0000,-0.0000,4,1.2871,0.000
164,2.7333,0.0000,1.2371,-0.8750,0.0000,-0.0001,-7.0000,7.0000,0.000,0.000,-8.594,1,VEHICLE,0,-,0.0000,50,150,0,0.0800,0,0,0.000,0.000,0.000,0.0000,0.0000,0.0000,1,1.0000,0,0,0.0000,0,1.2871,0.0000,0.0000,0.0000,0.0000,0,80.00,0.0000,5.6284,8.4999,0.0000,6.2371,-0.8750,80.00,-1,-1.00000,0.000,0.000,0.000,0.000,0.000,0.000,0,0.00,0,0,0,0,0,0,1.2871,-0.000,0.000,-0.0000,0.0000,-0.0000,4,1.2871,0.000
165,2.7500,0.0000,1.2371,-1.0000,0.0000,-0.0001,-7.5000,7.5000,0.000,0.000,-8.594,1,VEHICLE,0,-,0.0000,50,150,0,0.0800,0,0,0.000,0.000,0.000,0.0000,0.0000,0.0000,1,1.0000,0,0,0.0000,0,1.2871,0.0000,0.0000,0.0000,0.0000,0,80.00,0.0000,5.6284,8.3749,0.0000,6.2371,-1.0000,80.00,-1,-1.00000,0.000,0.000,0.000,0.000,0.000,0.000,0,0.00,0,0,0,0,0,0,1.2871,-0.000,0.000,-0.0000,0.0000,-0.0000,4,1.2871,0.000
166,2.7667,0.0000,1.2371,-1.1333,0.0000,-0.0000,-8.0000,8.0000,0.000,0.000,-8.594,1,VEHICLE,0,-,0.0000,50,150,0,0.0800,0,0,0.000,0.000,0.000,0.0000,0.0000,0.0000,1,1.0000,0,0,0.0000,0,1.2871,0.0000,0.0000,0.0000,0.0000,0,80.00,0.0000,5.6284,8.2416,0.0000,6.2371,-1.1333,80.00,-1,-1.00000,0.000,0.000,0.000,0.000,0.000,0.000,0,0.00,0,0,0,0,0,0,1.2871,-0.000,0.000,-0.0000,-0.0000,-0.0000,4,1.2871,0.000
167,2.7833,0.0000,1.2371,-1.2750,0.0000,-0.0000,-8.5000,8.5000,0.000,0.000,-8.594,1,VEHICLE,0,-,0.0000,50,150,0,0.0800,0,0,0.000,0.000,0.000,0.0000,0.0000,0.0000,1,1.0000,0,0,0.0000,0,1.2871,0.0000,0.0000,0.0000,0.0000,0,80.00,0.0000,5.6284,8.0999,0.0000,6.2371,-1.2750,80.00,-1,-1.00000,0.000,0.000,0.000,0.000,0.000,0.000,0,0.00,0,0,0,0,0,0,1.2871,-0.000,0.000,-0.0000,0.0000,-0.0000,4,1.2871,0.000
168,2.8000,0.0000,1.2371,-1.4250,0.0000,0.0000,-9.0000,9.0000,0.000,0.000,-8.594,1,VEHICLE,0,-,0.0000,50,150,0,0.0800,0,0,0.000,0.000,0.000,0.0000,0.0000,0.0000,1,1.0000,0,0,0.0000,0,1.2871,0.0000,0.0000,0.0000,0.0000,0,80.00,0.0000,5.6284,7.9499,0.0000,6.2371,-1.4250,80.00,-1,-1.00000,0.000,0.000,0.000,0.000,0.000,0.000,0,0.00,0,0,0,0,0,0,1.2871,-0.000,0.000,0.0000,0.0000,-0.0000,4,1.2871,0.000
169,2.8167,0.0000,1.2371,-1.5833,0.0000,0.0000,-9.5000,9.5000,0.000,0.000,-8.594,1,VEHICLE,0,-,0.0000,50,150,0,0.0800,0,0,0.000,0.000,0.000,0.0000,0.0000,0.0000,1,1.0000,0,0,0.0000,0,1.2871,0.0000,0.0000,0.0000,0.0000,0,80.00,0.0000,5.6284,7.7916,0.0000,6.2371,-1.5833,80.00,-1,-1.00000,0.000,0.000,0.000,0.000,0.000,0.000,0,0.00,0,0,0,0,0,0,1.2871,-0.000,0.000,-0.0000,-0.0000,-0.0000,4,1.2871,0.000
170,2.8333,0.0000,1.2371,-1.7500,0.0000,0.0001,-10.0000,10.0000,0.000,0.000,-8.594,1,VEHICLE,0,-,0.0000,50,150,0,0.0800,0,0,0.000,0.000,0.000,0.0000,0.0000,0.0000,1,1.0000,0,0,0.0000,0,1.2871,0.0000,0.0000,0.0000,0.0000,0,80.00,0.0000,5.6284,7.6249,0.0000,6.2371,-1.7500,80.00,-1,-1.00000,0.000,0.000,0.000,0.000,0.000,0.000,0,0.00,0,0,0,0,0,0,1.2871,-0.000,0.000,-0.0000,-0.0000,-0.0000,4,1.2871,0.000
171,2.8500,0.0000,1.2371,-1.9250,0.0000,0.0001,-10.5000,10.5000,0.000,0.000,-8.594,1,VEHICLE,0,-,0.0000,50,150,0,0.0800,0,0,0.000,0.000,0.000,0.0000,0.0000,0.0000,1,1.0000,0,0,0.0000,0,1.2871,0.0000,0.0000,0.0000,0.0000,0,80.00,0.0000,5.6284,7.4499,0.0000,6.2371,-1.9250,80.00,-1,-1.00000,0.000,0.000,0.000,0.000,0.000,0.000,0,0.00,0,0,0,0,0,0,1.2871,-0.000,0.000,-0.0000,-0.0000,-0.0000,4,1.2871,0.000
172,2.8667,0.0000,1.2371,-2.1083,0.0000,0.0001,-11.0000,11.0000,0.000,0.000,-8.594,1,VEHICLE,0,-,0.0000,50,150,0,0.0800,0,0,0.000,0.000,0.000,0.0000,0.0000,0.0000,1,1.0000,0,0,0.0000,0,1.2871,0.0000,0.0000,0.0000,0.0000,0,80.00,0.0000,5.6284,7.2666,0.0000,6.2371,-2.1083,80.00,-1,-1.00000,0.000,0.000,0.000,0.000,0.000,0.000,0,0.00,0,0,0,0,0,0,1.2871,-0.000,0.000,-0.0000,0.0000,-0.0000,4,1.2871,0.000
173,2.8833,0.0000,1.2371,-2.3000,0.0000,0.0001,-11.5000,11.5000,0.000,0.000,-8.594,1,VEHICLE,0,-,0.0000,50,150,0,0.0800,0,0,0.000,0.000,0.000,0.0000,0.0000,0.0000,1,1.0000,0,0,0.0000,0,1.2871,0.0000,0.0000,0.0000,0.0000,0,80.00,0.0000,5.6284,7.0749,0.0000,6.2371,-2.3000,80.00,-1,-1.00000,0.000,0.000,0.000,0.000,0.000,0.000,0,0.00,0,0,0,0,0,0,1.2871,-0.000,0.000,-0.0000,0.0000,-0.0000,4,1.2871,0.000
174,2.9000,0.0000,1.2371,-2.5000,0.0000,0.0001,-12.0000,12.0000,0.000,0.000,-8.594,1,VEHICLE,0,-,0.0000,50,150,0,0.0800,0,0,0.000,0.000,0.000,0.0000,0.0000,0.0000,1,1.0000,0,0,0.0000,0,1.2871,0.0000,0.0000,0.0000,0.0000,0,80.00,0.0000,5.6284,6.8749,0.0000,6.2371,-2.5000,80.00,-1,-1.00000,0.000,0.000,0.000,0.000,0.000,0.000,0,0.00,0,0,0,0,0,0,1.2871,-0.000,0.000,-0.0000,-0.0000,-0.0000,4,1.2871,0.000
175,2.9167,0.0000,1.2371,-2.7083,0.0000,0.0001,-12.5000,12.5000,0.000,0.000,-8.594,1,VEHICLE,0,-,0.0000,50,150,0,0.0800,0,0,0.000,0.000,0.000,0.0000,0.0000,0.0000,1,1.0000,0,0,0.0000,0,1.2871,0.0000,0.0000,0.0000,0.0000,0,80.00,0.0000,5.6284,6.6666,0.0000,6.2371,-2.7083,80.00,-1,-1.00000,0.000,0.000,0.000,0.000,0.000,0.000,0,0.00,0,0,0,0,0,0,1.2871,-0.000,0.000,0.0000,-0.0000,-0.0000,4,1.2871,0.000
176,2.9333,0.0000,1.2372,-2.9250,0.0000,0.0002,-13.0000,13.0000,0.000,0.000,-8.594,1,VEHICLE,0,-,0.0000,50,150,0,0.0800,0,0,0.000,0.000,0.000,0.0000,0.0000,0.0000,1,1.0000,0,0,0.0000,0,1.2871,0.0000,0.0000,0.0000,0.0000,0,80.00,0.0000,5.6284,6.4499,0.0000,6.2372,-2.9250,80.00,-1,-1.00000,0.000,0.000,0.000,0.000,0.000,0.000,0,0.00,0,0,0,0,0,0,1.2872,-0.000,0.000,-0.0000,-0.0000,-0.0000,4,1.2871,0.000
177,2.9500,0.0000,1.2372,-3.1500,0.0000,0.0002,-13.5000,13.5000,0.000,0.000,-8.594,1,VEHICLE,0,-,0.0000,50,150,0,0.0800,0,0,0.000,0.000,0.000,0.0000,0.0000,0.0000,1,1.0000,0,0,0.0000,0,1.2872,0.0000,0.0000,0.0000,0.0000,0,80.00,0.0000,5.6284,6.2249,0.0000,6.2372,-3.1500,80.00,-1,-1.00000,0.000,0.000,0.000,0.000,0.000,0.000,0,0.00,0,0,0,0,0,0,1.2872,-0.000,0.000,-0.0000,0.0000,-0.0000,4,1.2872,0.000
178,2.9667,0.0000,1.2372,-3.3833,0.0000,0.0002,-14.0000,14.0000,0.000,0.000,-8.594,1,VEHICLE,0,-,0.0000,50,150,0,0.0800,0,0,0.000,0.000,0.000,0.0000,0.0000,0.0000,1,1.0000,0,0,0.0000,0,1.2872,0.0000,0.0000,0.0000,0.0000,0,80.00,0.0000,5.6284,5.9916,0.0000,6.2372,-3.3833,80.00,-1,-1.00000,0.000,0.000,0.000,0.000,0.000,0.000,0,0.00,0,0,0,0,0,0,1.2872,-0.000,0.000,0.0000,0.0000,-0.0000,4,1.2872,0.000
179,2.9833,0.0000,1.2372,-3.6250,0.0000,0.0002,-14.5000,14.5000,0.000,0.000,-8.594,1,VEHICLE,0,-,0.0000,50,150,0,0.0800,0,0,0.000,0.000,0.000,0.0000,0.0000,0.0000,1,1.0000,0,0,0.0000,0,1.2872,0.0000,0.0000,0.0000,0.0000,0,80.00,0.0000,5.6284,5.7499,0.0000,6.2372,-3.6250,80.00,-1,-1.00000,0.000,0.000,0.000,0.000,0.000,0.000,0,0.00,0,0,0,0,0,0,1.2872,-0.000,0.000,-0.0000,-0.0000,-0.0000,4,1.2872,0.000
180,3.0000,0.0000,1.2372,-3.8750,0.0000,0.0002,-15.0000,15.0000,0.000,0.000,-8.594,1,VEHICLE,0,-,0.0000,50,150,0,0.0800,0,0,0.000,0.000,0.000,0.0000,0.0000,0.0000,1,1.0000,0,0,0.0000,0,1.2872,0.0000,0.0000,0.0000,0.0000,0,80.00,0.0000,5.6284,5.4999,0.0000,6.2372,-3.8750,80.00,-1,-1.00000,0.000,0.000,0.000,0.000,0.000,0.000,0,0.00,0,0,0,0,0,0,1.2872,-0.000,0.000,-0.0000,0.0000,-0.0000,4,1.2872,0.000
181,3.0167,0.0000,1.2372,-4.1250,0.0000,0.0002,-15.0000,15.0000,0.000,0.000,-8.594,1,VEHICLE,0,-,0.0000,50,150,0,0.0800,0,0,0.000,0.000,0.000,0.0000,0.0000,0.0000,1,1.0000,0,0,0.0000,0,1.2872,0.0000,0.0000,0.0000,0.0000,0,80.00,0.0000,5.6284,5.2499,0.0000,6.2372,-4.1250,80.00,-1,-1.00000,0.000,0.000,0.000,0.000,0.000,0.000,0,0.00,0,0,0,0,0,0,1.2872,-0.000,0.000,-0.0000,-0.0000,-0.0000,4,1.2872,0.000
182,3.0333,0.0000,1.2372,-4.3750,0.0000,0.0002,-15.0000,15.0000,0.000,0.000,-8.594,1,VEHICLE,0,-,0.0000,50,150,0,0.0800,0,0,0.000,0.000,0.000,0.0000,0.0000,0.0000,1,1.0000,0,0,0.0000,0,1.2872,0.0000,0.0000,0.0000,0.0000,0,80.00,0.0000,5.6284,4.9999,0.0000,6.2372,-4.3750,80.00,-1,-1.00000,0.000,0.000,0.000,0.000,0.000,0.000,0,0.00,0,0,0,0,0,0,1.2872,-0.000,0.000,0.0000,-0.0000,-0.0000,4,1.2872,0.000
183,3.0500,0.0000,1.2372,-4.6250,0.0000,0.0002,-15.0000,15.0000,0.000,0.000,-8.594,1,VEHICLE,0,-,0.0000,50,150,0,0.0800,0,0,0.000,0.000,0.000,0.0000,0.0000,0.0000,1,1.0000,0,0,0.0000,0,1.2872,0.0000,0.0000,0.0000,0.0000,0,80.00,0.0000,5.6284,4.7499,0.0000,6.2372,-4.6250,80.00,-1,-1.00000,0.000,0.000,0.000,0.000,0.000,0.000,0,0.00,0,0,0,0,0,0,1.2872,-0.000,0.000,-0.0000,0.0000,-0.0000,4,1.2872,0.000
184,3.0667,0.0000,1.2372,-4.8750,0.0000,0.0002,-15.0000,15.0000,0.000,0.000,-8.594,1,VEHICLE,0,-,0.0000,50,150,0,0.0800,0,0,0.000,0.000,0.000,0.0000,0.0000,0.0000,1,1.0000,0,0,0.0000,0,1.2872,0.0000,0.0000,0.0000,0.0000,0,80.00,0.0000,5.6284,4.4999,0.0000,6.2372,-4.8750,80.00,-1,-1.00000,0.000,0.000,0.000,0.000,0.000,0.000,0,0.00,0,0,0,0,0,0,1.2872,-0.000,0.000,-0.0000,-0.0000,-0.0000,4,1.2872,0.000
185,3.0833,0.0000,1.2372,-5.1250,0.0000,0.0002,-15.0000,15.0000,0.000,0.000,-8.594,1,VEHICLE,0,-,0.0000,50,150,0,0.0800,0,0,0.000,0.000,0.000,0.0000,0.0000,0.0000,1,1.0000,0,0,0.0000,0,1.2872,0.0000,0.0000,0.0000,0.0000,0,80.00,0.0000,5.6284,4.2499,0.0000,6.2372,-5.1250,80.00,-1,-1.00000,0.000,0.000,0.000,0.000,0.000,0.000,0,0.00,0,0,0,0,0,0,1.2872,-0.000,0.000,-0.0000,0.0000,-0.0000,4,1.2872,0.000
186,3.1000,0.0000,1.2372,-5.3750,0.0000,0.0002,-15.0000,15.0000,0.000,0.000,-8.594,1,VEHICLE,0,-,0.0000,50,150,0,0.0800,0,0,0.000,0.000,0.000,0.0000,0.0000,0.0000,1,1.0000,0,0,0.0000,0,1.2872,0.0000,0.0000,0.0000,0.0000,0,80.00,0.0000,5.6284,3.9999,0.0000,6.2372,-5.3750,80.00,-1,-1.00000,0.000,0.000,0.000,0.000,0.000,0.000,0,0.00,0,0,0,0,0,0,1.2872,-0.000,0.000,0.0000,0.0000,-0.0000,4,1.2872,0.000
187,3.1167,0.0000,1.2372,-5.6250,0.0000,0.0002,-15.0000,15.0000,0.000,0.000,-8.594,1,VEHICLE,0,-,0.0000,50,150,0,0.0800,0,0,0.000,0.000,0.000,0.0000,0.0000,0.0000,1,1.0000,0,0,0.0000,0,1.2872,0.0000,0.0000,0.0000,0.0000,0,80.00,0.0000,5.6284,3.7499,0.0000,6.2372,-5.6250,80.00,-1,-1.00000,0.000,0.000,0.000,0.000,0.000,0.000,0,0.00,0,0,0,0,0,0,1.2872,-0.000,0.000,-0.0000,0.0000,-0.0000,4,1.2872,0.000
188,3.1333,0.0000,1.2372,-5.8750,0.0000,0.0002,-15.0000,15.0000,0.000,0.000,-8.594,1,VEHICLE,0,-,0.0000,50,150,0,0.0800,0,0,0.000,0.000,0.000,0.0000,0.0000,0.0000,1,1.0000,0,0,0.0000,0,1.2872,0.0000,0.0000,0.0000,0.0000,0,80.00,0.0000,5.6284,3.4999,0.0000,6.2372,-5.8750,80.00,-1,-1.00000,0.000,0.000,0.000,0.000,0.000,0.000,0,0.00,0,0,0,0,0,0,1.2872,-0.000,0.000,-0.0000,-0.0000,-0.0000,4,1.2872,0.000
189,3.1500,0.0000,1.2372,-6.1250,0.0000,0.0002,-15.0000,15.0000,0.000,0.000,-8.594,1,VEHICLE,0,-,0.0000,50,150,0,0.0800,0,0,0.000,0.000,0.000,0.0000,0.0000,0.0000,1,1.0000,0,0,0.0000,0,1.2872,0.0000,0.0000,0.0000,0.0000,0,80.00,0.0000,5.6285,3.2499,0.0000,6.2372,-6.1250,80.00,-1,-1.00000,0.000,0.000,0.000,0.000,0.000,0.000,0,0.00,0,0,0,0,0,0,1.2872,-0.000,0.000,-0.0000,-0.0000,-0.0000,4,1.2872,0.000
190,3.1667,0.0000,1.2372,-6.3750,0.0000,0.0002,-15.0000,15.0000,0.000,0.000,-8.594,1,VEHICLE,0,-,0.0000,50,150,0,0.0800,0,0,0.000,0.000,0.000,0.0000,0.0000,0.0000,1,1.0000,0,0,0.0000,0,1.2872,0.0000,0.0000,0.0000,0.0000,0,80.00,0.0000,5.6285,2.9999,0.0000,6.2372,-6.3750,80.00,-1,-1.00000,0.000,0.000,0.000,0.000,0.000,0.000,0,0.00,0,0,0,0,0,0,1.2872,-0.000,0.000,-0.0000,-0.0000,-0.0000,4,1.2872,0.000
191,3.1833,0.0000,1.2372,-6.6250,0.0000,0.0002,-15.0000,15.0000,0.000,0.000,-8.594,1,VEHICLE,0,-,0.0000,50,150,0,0.0800,0,0,0.000,0.000,0.000,0.0000,0.0000,0.0000,1,1.0000,0,0,0.0000,0,1.2872,0.0000,0.0000,0.0000,0.0000,0,80.00,0.0000,5.6285,2.7499,0.0000,6.2372,-6.6250,80.00,-1,-1.00000,0.000,0.000,0.000,0.000,0.000,0.000,0,0.00,0,0,0,0,0,0,1.2872,-0.000,0.000,-0.0000,0.0000,-0.0000,4,1.2872,0.000
192,3.2000,0.0000,1.2372,-6.8750,0.0000,0.0002,-15.0000,15.0000,0.000,0.000,-8.594,1,VEHICLE,0,-,0.0000,50,150,0,0.0800,0,0,0.000,0.000,0.000,0.0000,0.0000,0.0000,1,1.0000,0,0,0.0000,0,1.2872,0.0000,0.0000,0.0000,0.0000,0,80.00,0.0000,5.6285,2.4999,0.0000,6.2372,-6.8750,80.00,-1,-1.00000,0.000,0.000,0.000,0.000,0.000,0.000,0,0.00,0,0,0,0,0,0,1.2872,-0.000,0.000,-0.0000,-0.0000,-0.0000,4,1.2872,0.000
193,3.2167,0.0000,1.2372,-7.1250,0.0000,0.0002,-15.0000,15.0000,0.000,0.000,-8.594,1,VEHICLE,0,-,0.0000,50,150,0,0.0800,0,0,0.000,0.000,0.000,0.0000,0.0000,0.0000,1,1.0000,0,0,0.0000,0,1.2872,0.0000,0.0000,0.0000,0.0000,0,80.00,0.0000,5.6285,2.2499,0.0000,6.2372,-7.1250,80.00,-1,-1.00000,0.000,0.000,0.000,0.000,0.000,0.000,0,0.00,0,0,0,0,0,0,1.2872,-0.000,0.000,-0.0000,0.0000,-0.0000,4,1.2872,0.000
194,3.2333,0.0000,1.2372,-7.3750,0.0000,0.0002,-15.0000,15.0000,0.000,0.000,-8.594,1,VEHICLE,0,-,0.0000,50,150,0,0.0800,0,0,0.000,0.000,0.000,0.0000,0.0000,0.0000,1,1.0000,0,0,0.0000,0,1.2872,0.0000,0.0000,0.0000,0.0000,0,80.00,0.0000,5.6285,1.9999,0.0000,6.2372,-7.3750,80.00,-1,-1.00000,0.000,0.000,0.000,0.000,0.000,0.000,0,0.00,0,0,0,0,0,0,1.2872,-0.000,0.000,0.0000,-0.0000,-0.0000,4,1.2872,0.000
195,3.2500,0.0000,1.2372,-7.6250,0.0000,0.0002,-15.0000,15.0000,0.000,0.000,-8.594,1,VEHICLE,0,-,0.0000,50,150,0,0.0800,0,0,0.000,0.000,0.000,0.0000,0.0000,0.0000,1,1.0000,0,0,0.0000,0,1.2872,0.0000,0.0000,0.0000,0.0000,0,80.00,0.0000,5.6285,1.7499,0.0000,6.2372,-7.6250,80.00,-1,-1.00000,0.000,0.000,0.000,0.000,0.000,0.000,0,0.00,0,0,0,0,0,0,1.2872,-0.000,0.000,-0.0000,0.0000,-0.0000,4,1.2872,0.000
196,3.2667,0.0000,1.2372,-7.8750,0.0000,0.0001,-15.0000,15.0000,0.000,0.000,-8.594,1,VEHICLE,0,-,0.0000,50,150,0,0.0800,0,0,0.000,0.000,0.000,0.0000,0.0000,0.0000,1,1.0000,0,0,0.0000,0,1.2872,0.0000,0.0000,0.0000,0.0000,0,80.00,0.0000,5.6285,1.4999,0.0000,6.2372,-7.8750,80.00,-1,-1.00000,0.000,0.000,0.000,0.000,0.000,0.000,0,0.00,0,0,0,0,0,0,1.2872,-0.000,0.000,-0.0000,-0.0000,-0.0000,4,1.2872,0.000
197,3.2833,0.0000,1.2372,-8.1250,0.0000,0.0001,-15.0000,15.0000,0.000,0.000,-8.594,1,VEHICLE,0,-,0.0000,50,150,0,0.0800,0,0,0.000,0.000,0.000,0.0000,0.0000,0.0000,1,1.0000,0,0,0.0000,0,1.2872,0.0000,0.0000,0.0000,0.0000,0,80.00,0.0000,5.6285,1.2499,0.0000,6.2372,-8.1250,80.00,-1,-1.00000,0.000,0.000,0.000,0.000,0.000,0.000,0,0.00,0,0,0,0,0,0,1.2872,-0.000,0.000,-0.0000,0.0000,-0.0000,4,1.2872,0.000
198,3.3000,0.0000,1.2372,-8.3750,0.0000,0.0001,-15.0000,15.0000,0.000,0.000,-8.594,1,VEHICLE,0,-,0.0000,50,150,0,0.0800,0,0,0.000,0.000,0.000,0.0000,0.0000,0.0000,1,1.0000,0,0,0.0000,0,1.2872,0.0000,0.0000,0.0000,0.0000,0,80.00,0.0000,5.6285,0.9999,0.0000,6.2372,-8.3750,80.00,-1,-1.00000,0.000,0.000,0.000,0.000,0.000,0.000,0,0.00,0,0,0,0,0,0,1.2872,-0.000,0.000,-0.0000,0.0000,-0.0000,4,1.2872,0.000
199,3.3167,0.0000,1.2372,-8.6250,0.0000,0.0001,-15.0000,15.0000,0.000,0.000,-8.594,1,VEHICLE,0,-,0.0000,50,150,0,0.0800,0,0,0.000,0.000,0.000,0.0000,0.0000,0.0000,1,1.0000,0,0,0.0000,0,1.2872,0.0000,0.0000,0.0000,0.0000,0,80.00,0.0000,5.6285,0.7499,0.0000,6.2372,-8.6250,80.00,-1,-1.00000,0.000,0.000,0.000,0.000,0.000,0.000,0,0.00,0,0,0,0,0,0,1.2872,-0.000,0.000,0.0000,-0.0000,-0.0000,4,1.2872,0.000
200,3.3333,0.0000,1.2372,-8.8750,0.0000,0.0001,-15.0000,15.0000,0.000,0.000,-8.594,1,VEHICLE,0,-,0.0000,50,150,0,0.0800,0,0,0.000,0.000,0.000,0.0000,0.0000,0.0000,1,1.0000,0,0,0.0000,0,1.2872,0.0000,0.0000,0.0000,0.0000,0,80.00,0.0000,5.6285,0.4999,0.0000,6.2372,-8.8750,80.00,-1,-1.00000,0.000,0.000,0.000,0.000,0.000,0.000,0,0.00,0,0,0,0,0,0,1.2872,-0.000,0.000,-0.0000,-0.0000,-0.0000,4,1.2872,0.000
201,3.3500,0.0000,1.2372,-9.1250,0.0000,0.0001,-15.0000,15.0000,0.000,0.000,-8.594,1,VEHICLE,0,-,0.0000,50,150,0,0.0800,0,0,0.000,0.000,0.000,0.0000,0.0000,0.0000,1,1.0000,0,0,0.0000,0,1.2872,0.0000,0.0000,0.0000,0.0000,0,80.00,0.0000,5.6285,0.2499,0.0000,6.2372,-9.1250,80.00,-1,-1.00000,0.000,0.000,0.000,0.000,0.000,0.000,0,0.00,0,0,0,0,0,0,1.2872,-0.000,0.000,-0.0000,0.0000,-0.0000,4,1.2872,0.000
202,3.3667,0.0000,1.2372,-9.3750,0.0000,0.0001,-15.0000,15.0000,0.000,0.000,-8.594,1,VEHICLE,0,-,0.0000,50,150,0,0.0800,0,0,0.000,0.000,0.000,0.0000,0.0000,0.0000,1,1.0000,0,0,0.0000,0,1.2872,0.0000,0.0000,0.0000,0.0000,0,80.00,0.0000,5.6285,-0.0001,0.0000,6.2372,-9.3750,80.00,-1,-1.00000,0.000,0.000,0.000,0.000,0.000,0.000,0,0.00,0,0,0,0,0,0,1.2872,-0.000,0.000,0.0000,0.0000,-0.0000,4,1.2872,0.000
203,3.3833,0.0000,1.2372,-9.6250,0.0000,0.0001,-15.0000,15.0000,0.000,0.000,-8.594,1,VEHICLE,0,-,0.0000,50,150,0,0.0800,0,0,0.000,0.000,0.000,0.0000,0.0000,0.0000,1,1.0000,0,0,0.0000,0,1.2872,0.0000,0.0000,0.0000,0.0000,0,80.00,0.0000,5.6285,-0.2501,0.0000,6.2372,-9.6250,80.00,-1,-1.00000,0.000,0.000,0.000,0.000,0.000,0.000,0,0.00,0,0,0,0,0,0,1.2872,-0.000,0.000,-0.0000,-0.0000,-0.0000,4,1.2872,0.000
204,3.4000,0.0000,1.2372,-9.8750,0.0000,0.0001,-15.0000,15.0000,0.000,0.000,-8.594,1,VEHICLE,0,-,0.0000,50,150,0,0.0800,0,0,0.000,0.000,0.000,0.0000,0.0000,0.0000,1,1.0000,0,0,0.0000,0,1.2872,0.0000,0.0000,0.0000,0.0000,0,80.00,0.0000,5.6285,-0.5001,0.0000,6.2372,-9.8750,80.00,-1,-1.00000,0.000,0.000,0.000,0.000,0.000,0.000,0,0.00,0,0,0,0,0,0,1.2872,-0.000,0.000,0.0000,0.0000,-0.0000,4,1.2872,0.000
205,3.4167,0.0000,1.2372,-10.1250,0.0000,0.0001,-15.0000,15.0000,0.000,0.000,-8.594,1,VEHICLE,0,-,0.0000,50,150,0,0.0800,0,0,0.000,0.000,0.000,0.0000,0.0000,0.0000,1,1.0000,0,0,0.0000,0,1.2872,0.0000,0.0000,0.0000,0.0000,0,80.00,0.0000,5.6285,-0.7501,0.0000,6.2372,-10.1250,80.00,-1,-1.00000,0.000,0.000,0.000,0.000,0.000,0.000,0,0.00,0,0,0,0,0,0,1.2872,-0.000,0.000,-0.0000,-0.0000,-0.0000,4,1.2872,0.000
206,3.4333,0.0000,1.2372,-10.3750,0.0000,0.0001,-15.0000,15.0000,0.000,0.000,-8.594,1,VEHICLE,0,-,0.0000,50,150,0,0.0800,0,0,0.000,0.000,0.000,0.0000,0.0000,0.0000,1,1.0000,0,0,0.0000,0,1.2872,0.0000,0.0000,0.0000,0.0000,0,80.00,0.0000,5.6285,-1.0001,0.0000,6.2372,-10.3750,80.00,-1,-1.00000,0.000,0.000,0.000,0.000,0.000,0.000,0,0.00,0,0,0,0,0,0,1.2872,-0.000,0.000,0.0000,0.0000,-0.0000,4,1.2872,0.000
207,3.4500,0.0000,1.2372,-10.6250,0.0000,0.0001,-15.0000,15.0000,0.000,0.000,-8.594,1,VEHICLE,0,-,0.0000,50,150,0,0.0800,0,0,0.000,0.000,0.000,0.0000,0.0000,0.0000,1,1.0000,0,0,0.0000,0,1.2872,0.0000,0.0000,0.0000,0.0000,0,80.00,0.0000,5.6285,-1.2501,0.0000,6.2372,-10.6250,80.00,-1,-1.00000,0.000,0.000,0.000,0.000,0.000,0.000,0,0.00,0,0,0,0,0,0,1.2872,-0.000,0.000,-0.0000,-0.0000,-0.0000,4,1.2872,0.000
208,3.4667,0.0000,1.2372,-10.8750,0.0000,0.0001,-15.0000,15.0000,0.000,0.000,-8.594,1,VEHICLE,0,-,0.0000,50,150,0,0.0800,0,0,0.000,0.000,0.000,0.0000,0.0000,0.0000,1,1.0000,0,0,0.0000,0,1.2872,0.0000,0.0000,0.0000,0.0000,0,80.00,0.0000,5.6285,-1.5001,0.0000,6.2372,-10.8750,80.00,-1,-1.00000,0.000,0.000,0.000,0.000,0.000,0.000,0,0.00,0,0,0,0,0,0,1.2872,-0.000,0.000,-0.0000,-0.0000,-0.0000,4,1.2872,0.000
209,3.4833,0.0000,1.2372,-11.1250,0.0000,0.0001,-15.0000,15.0000,0.000,0.000,-8.594,1,VEHICLE,0,-,0.0000,50,150,0,0.0800,0,0,0.000,0.000,0.000,0.0000,0.0000,0.0000,1,1.0000,0,0,0.0000,0,1.2872,0.0000,0.0000,0.0000,0.0000,0,80.00,0.0000,5.6285,-1.7501,0.0000,6.2372,-11.1250,80.00,-1,-1.00000,0.000,0.000,0.000,0.000,0.000,0.000,0,0.00,0,0,0,0,0,0,1.2872,-0.000,0.000,-0.0000,0.0000,-0.0000,4,1.2872,0.000
210,3.5000,0.0000,1.2372,-11.3750,0.0000,0.0001,-15.0000,15.0000,0.000,0.000,-8.594,1,VEHICLE,0,-,0.0000,50,150,0,0.0800,0,0,0.000,0.000,0.000,0.0000,0.0000,0.0000,1,1.0000,0,0,0.0000,0,1.2872,0.0000,0.0000,0.0000,0.0000,0,80.00,0.0000,5.6285,-2.0001,0.0000,6.2372,-11.3750,80.00,-1,-1.00000,0.000,0.000,0.000,0.000,0.000,0.000,0,0.00,0,0,0,0,0,0,1.2872,-0.000,0.000,-0.0000,-0.0000,-0.0000,4,1.2872,0.000
211,3.5167,0.0000,1.2372,-11.6250,0.0000,0.0001,-15.0000,15.0000,0.000,0.000,-8.594,1,VEHICLE,0,-,0.0000,50,150,0,0.0800,0,0,0.000,0.000,0.000,0.0000,0.0000,0.0000,1,1.0000,0,0,0.0000,0,1.2872,0.0000,0.0000,0.0000,0.0000,0,80.00,0.0000,5.6285,-2.2501,0.0000,6.2372,-11.6250,80.00,-1,-1.00000,0.000,0.000,0.000,0.000,0.000,0.000,0,0.00,0,0,0,0,0,0,1.2872,-0.000,0.000,-0.0000,0.0000,-0.0000,4,1.2872,0.000
212,3.5333,0.0000,1.2372,-11.8750,0.0000,0.0001,-15.0000,15.0000,0.000,0.000,-8.594,1,VEHICLE,0,-,0.0000,50,150,0,0.0800,0,0,0.000,0.000,0.000,0.0000,0.0000,0.0000,1,1.0000,0,0,0.0000,0,1.2872,0.0000,0.0000,0.0000,0.0000,0,80.00,0.0000,5.6285,-2.5001,0.0000,6.2372,-11.8750,80.00,-1,-1.00000,0.000,0.000,0.000,0.000,0.000,0.000,0,0.00,0,0,0,0,0,0,1.2872,-0.000,0.000,-0.0000,-0.0000,-0.0000,4,1.2872,0.000
213,3.5500,0.0000,1.2372,-12.1250,0.0000,0.0001,-15.0000,15.0000,0.000,0.000,-8.594,1,VEHICLE,0,-,0.0000,50,150,0,0.0800,0,0,0.000,0.000,0.000,0.0000,0.0000,0.0000,1,1.0000,0,0,0.0000,0,1.2872,0.0000,0.0000,0.0000,0.0000,0,80.00,0.0000,5.6285,-2.7501,0.0000,6.2372,-12.1250,80.00,-1,-1.00000,0.000,0.000,0.000,0.000,0.000,0.000,0,0.00,0,0,0,0,0,0,1.2872,-0.000,0.000,0.0000,0.0000,-0.0000,4,1.2872,0.000
214,3.5667,0.0000,1.2372,-12.3750,0.0000,0.0001,-15.0000,15.0000,0.000,0.000,-8.594,1,VEHICLE,0,-,0.0000,50,150,0,0.0800,0,0,0.000,0.000,0.000,0.0000,0.0000,0.0000,1,1.0000,0,0,0.0000,0,1.2872,0.0000,0.0000,0.0000,0.0000,0,80.00,0.0000,5.6285,-3.0001,0.0000,6.2372,-12.3750,80.00,-1,-1.00000,0.000,0.000,0.000,0.000,0.000,0.000,0,0.00,0,0,0,0,0,0,1.2872,-0.000,0.000,-0.0000,0.0000,-0.0000,4,1.2872,0.000
215,3.5833,0.0000,1.2372,-12.6250,0.0000,0.0001,-15.0000,15.0000,0.000,0.000,-8.594,1,VEHICLE,0,-,0.0000,50,150,0,0.0800,0,0,0.000,0.000,0.000,0.0000,0.0000,0.0000,1,1.0000,0,0,0.0000,0,1.2872,0.0000,0.0000,0.0000,0.0000,0,80.00,0.0000,5.6285,-3.2501,0.0000,6.2372,-12.6250,80.00,-1,-1.00000,0.000,0.000,0.000,0.000,0.000,0.000,0,0.00,0,0,0,0,0,0,1.2872,-0.000,0.000,-0.0000,0.0000,-0.0000,4,1.2872,0.000
216,3.6000,0.0000,1.2372,-12.8750,0.0000,0.0001,-15.0000,15.0000,0.000,0.000,-8.594,1,VEHICLE,0,-,0.0000,50,150,0,0.0800,0,0,0.000,0.000,0.000,0.0000,0.0000,0.0000,1,1.0000,0,0,0.0000,0,1.2872,0.0000,0.0000,0.0000,0.0000,0,80.00,0.0000,5.6285,-3.5001,0.0000,6.2372,-12.8750,80.00,-1,-1.00000,0.000,0.000,0.000,0.000,0.000,0.000,0,0.00,0,0,0,0,0,0,1.2872,-0.000,0.000,-0.0000,-0.0000,-0.0000,4,1.2872,0.000
217,3.6167,0.0000,1.2372,-13.1250,0.0000,0.0001,-15.0000,15.0000,0.000,0.000,-8.594,1,VEHICLE,0,-,0.0000,50,150,0,0.0800,0,0,0.000,0.000,0.000,0.0000,0.0000,0.0000,1,1.0000,0,0,0.0000,0,1.2872,0.0000,0.0000,0.0000,0.0000,0,80.00,0.0000,5.6285,-3.7501,0.0000,6.2372,-13.1250,80.00,-1,-1.00000,0.000,0.000,0.000,0.000,0.000,0.000,0,0.00,0,0,0,0,0,0,1.2872,-0.000,0.000,0.0000,0.0000,-0.0000,4,1.2872,0.000
218,3.6333,0.0000,1.2372,-13.3750,0.0000,0.0000,-15.0000,15.0000,0.000,0.000,-8.594,1,VEHICLE,0,-,0.0000,50,150,0,0.0800,0,0,0.000,0.000,0.000,0.0000,0.0000,0.0000,1,1.0000,0,0,0.0000,0,1.2872,0.0000,0.0000,0.0000,0.0000,0,80.00,0.0000,5.6285,-4.0001,0.0000,6.2372,-13.3750,80.00,-1,-1.00000,0.000,0.000,0.000,0.000,0.000,0.000,0,0.00,0,0,0,0,0,0,1.2872,-0.000,0.000,-0.0000,-0.0000,-0.0000,4,1.2872,0.000
219,3.6500,0.0000,1.2372,-13.6250,0.0000,0.0000,-15.0000,15.0000,0.000,0.000,-8.594,1,VEHICLE,0,-,0.0000,50,150,0,0.0800,0,0,0.000,0.000,0.000,0.0000,0.0000,0.0000,1,1.0000,0,0,0.0000,0,1.2872,0.0000,0.0000,0.0000,0.0000,0,80.00,0.0000,5.6285,-4.2501,0.0000,6.2372,-13.6250,80.00,-1,-1.00000,0.000,0.000,0.000,0.000,0.000,0.000,0,0.00,0,0,0,0,0,0,1.2872,-0.000,0.000,-0.0000,0.0000,-0.0000,4,1.2872,0.000
220,3.6667,0.0000,1.2372,-13.8750,0.0000,0.0000,-15.0000,15.0000,0.000,0.000,-8.594,1,VEHICLE,0,-,0.0000,50,150,0,0.0800,0,0,0.000,0.000,0.000,0.0000,0.0000,0.0000,1,1.0000,0,0,0.0000,0,1.2872,0.0000,0.0000,0.0000,0.0000,0,80.00,0.0000,5.6285,-4.5001,0.0000,6.2372,-13.8750,80.00,-1,-1.00000,0.000,0.000,0.000,0.000,0.000,0.000,0,0.00,0,0,0,0,0,0,1.2872,-0.000,0.000,-0.0000,-0.0000,-0.0000,4,1.2872,0.000
221,3.6833,0.0000,1.2372,-14.1250,0.0000,0.0000,-15.0000,15.0000,0.000,0.000,-8.594,1,VEHICLE,0,-,0.0000,50,150,0,0.0800,0,0,0.000,0.000,0.000,0.0000,0.0000,0.0000,1,1.0000,0,0,0.0000,0,1.2872,0.0000,0.0000,0.0000,0.0000,0,80.00,0.0000,5.6285,-4.7501,0.0000,6.2372,-14.1250,80.00,-1,-1.00000,0.000,0.000,0.000,0.000,0.000,0.000,0,0.00,0,0,0,0,0,0,1.2872,-0.000,0.000,0.0000,-0.0000,-0.0000,4,1.2872,0.000
222,3.7000,0.0000,1.2372,-14.3750,0.0000,0.0000,-15.0000,15.0000,0.000,0.000,-8.594,1,VEHICLE,0,-,0.0000,50,150,0,0.0800,0,0,0.000,0.000,0.000,0.0000,0.0000,0.0000,1,1.0000,0,0,0.0000,0,1.2872,0.0000,0.0000,0.0000,0.0000,0,80.00,0.0000,5.6285,-5.0001,0.0000,6.2372,-14.3750,80.00,-1,-1.00000,0.000,0.000,0.000,0.000,0.000,0.000,0,0.00,0,0,0,0,0,0,1.2872,-0.000,0.000,-0.0000,0.0000,-0.0000,4,1.2872,0.000
223,3.7167,0.0000,1.2372,-14.6250,0.0000,0.0000,-15.0000,15.0000,0.000,0.000,-8.594,1,VEHICLE,0,-,0.0000,50,150,0,0.0800,0,0,0.000,0.000,0.000,0.0000,0.0000,0.0000,1,1.0000,0,0,0.0000,0,1.2872,0.0000,0.0000,0.0000,0.0000,0,80.00,0.0000,5.6285,-5.2501,0.0000,6.2372,-14.6250,80.00,-1,-1.00000,0.000,0.000,0.000,0.000,0.000,0.000,0,0.00,0,0,0,0,0,0,1.2872,-0.000,0.000,-0.0000,0.0000,-0.0000,4,1.2872,0.000
224,3.7333,0.0000,1.2372,-14.8750,0.0000,0.0000,-15.0000,15.0000,0.000,0.000,-8.594,1,VEHICLE,0,-,0.0000,50,150,0,0.0800,0,0,0.000,0.000,0.000,0.0000,0.0000,0.0000,1,1.0000,0,0,0.0000,0,1.2872,0.0000,0.0000,0.0000,0.0000,0,80.00,0.0000,5.6285,-5.5001,0.0000,6.2372,-14.8750,80.00,-1,-1.00000,0.000,0.000,0.000,0.000,0.000,0.000,0,0.00,0,0,0,0,0,0,1.2872,-0.000,0.000,0.0000,-0.0000,-0.0000,4,1.2872,0.000
225,3.7500,0.0000,1.2372,-15.1250,0.0000,0.0000,-15.0000,15.0000,0.000,0.000,-8.594,1,VEHICLE,0,-,0.0000,50,150,0,0.0800,0,0,0.000,0.000,0.000,0.0000,0.0000,0.0000,1,1.0000,0,0,0.0000,0,1.2872,0.0000,0.0000,0.0000,0.0000,0,80.00,0.0000,5.6285,-5.7501,0.0000,6.2372,-15.1250,80.00,-1,-1.00000,0.000,0.000,0.000,0.000,0.000,0.000,0,0.00,0,0,0,0,0,0,1.2872,-0.000,0.000,-0.0000,0.0000,-0.0000,4,1.2872,0.000
226,3.7667,0.0000,1.2372,-15.3750,0.0000,0.0000,-15.0000,15.0000,0.000,0.000,-8.594,1,VEHICLE,0,-,0.0000,50,150,0,0.0800,0,0,0.000,0.000,0.000,0.0000,0.0000,0.0000,1,1.0000,0,0,0.0000,0,1.2872,0.0000,0.0000,0.0000,0.0000,0,80.00,0.0000,5.6285,-6.0001,0.0000,6.2372,-15.3750,80.00,-1,-1.00000,0.000,0.000,0.000,0.000,0.000,0.000,0,0.00,0,0,0,0,0,0,1.2872,-0.000,0.000,-0.0000,-0.0000,-0.0000,4,1.2872,0.000
227,3.7833,0.0000,1.2372,-15.6250,0.0000,0.0000,-15.0000,15.0000,0.000,0.000,-8.594,1,VEHICLE,0,-,0.0000,50,150,0,0.0800,0,0,0.000,0.000,0.000,0.0000,0.0000,0.0000,1,1.0000,0,0,0.0000,0,1.2872,0.0000,0.0000,0.0000,0.0000,0,80.00,0.0000,5.6285,-6.2501,0.0000,6.2372,-15.6250,80.00,-1,-1.00000,0.000,0.000,0.000,0.000,0.000,0.000,0,0.00,0,0,0,0,0,0,1.2872,-0.000,0.000,-0.0000,0.0000,-0.0000,4,1.2872,0.000
228,3.8000,0.0000,1.2372,-15.8750,0.0000,0.0000,-15.0000,15.0000,0.000,0.000,-8.594,1,VEHICLE,0,-,0.0000,50,150,0,0.0800,0,0,0.000,0.000,0.000,0.0000,0.0000,0.0000,1,1.0000,0,0,0.0000,0,1.2872,0.0000,0.0000,0.0000,0.0000,0,80.00,0.0000,5.6285,-6.5001,0.0000,6.2372,-15.8750,80.00,-1,-1.00000,0.000,0.000,0.000,0.000,0.000,0.000,0,0.00,0,0,0,0,0,0,1.2872,-0.000,0.000,0.0000,0.0000,-0.0000,4,1.2872,0.000
229,3.8167,0.0000,1.2372,-16.1250,0.0000,0.0000,-15.0000,15.0000,0.000,0.000,-8.594,1,VEHICLE,0,-,0.0000,50,150,0,0.0800,0,0,0.000,0.000,0.000,0.0000,0.0000,0.0000,1,1.0000,0,0,0.0000,0,1.2872,0.0000,0.0000,0.0000,0.0000,0,80.00,0.0000,5.6285,-6.7501,0.0000,6.2372,-16.1250,80.00,-1,-1.00000,0.000,0.000,0.000,0.000,0.000,0.000,0,0.00,0,0,0,0,0,0,1.2872,-0.000,0.000,-0.0000,-0.0000,-0.0000,4,1.2872,0.000
230,3.8333,0.0000,1.2372,-16.3750,0.0000,0.0000,-15.0000,15.0000,0.000,0.000,-8.594,1,VEHICLE,0,-,0.0000,50,150,0,0.0800,0,0,0.000,0.000,0.000,0.0000,0.0000,0.0000,1,1.0000,0,0,0.0000,0,1.2872,0.0000,0.0000,0.0000,0.0000,0,80.00,0.0000,5.6285,-7.0001,0.0000,6.2372,-16.3750,80.00,-1,-1.00000,0.000,0.000,0.000,0.000,0.000,0.000,0,0.00,0,0,0,0,0,0,1.2872,-0.000,0.000,-0.0000,0.0000,-0.0000,4,1.2872,0.000
231,3.8500,0.0000,1.2372,-16.6250,0.0000,0.0000,-15.0000,15.0000,0.000,0.000,-8.594,1,VEHICLE,0,-,0.0000,50,150,0,0.0800,0,0,0.000,0.000,0.000,0.0000,0.0000,0.0000,1,1.0000,0,0,0.0000,0,1.2872,0.0000,0.0000,0.0000,0.0000,0,80.00,0.0000,5.6285,-7.2501,0.0000,6.2372,-16.6250,80.00,-1,-1.00000,0.000,0.000,0.000,0.000,0.000,0.000,0,0.00,0,0,0,0,0,0,1.2872,-0.000,0.000,0.0000,0.0000,-0.0000,4,1.2872,0.000
232,3.8667,0.0000,1.2372,-16.8750,0.0000,0.0000,-15.0000,15.0000,0.000,0.000,-8.594,1,VEHICLE,0,-,0.0000,50,150,0,0.0800,0,0,0.000,0.000,0.000,0.0000,0.0000,0.0000,1,1.0000,0,0,0.0000,0,1.2872,0.0000,0.0000,0.0000,0.0000,0,80.00,0.0000,5.6285,-7.5001,0.0000,6.2372,-16.8750,80.00,-1,-1.00000,0.000,0.000,0.000,0.000,0.000,0.000,0,0.00,0,0,0,0,0,0,1.2872,-0.000,0.000,-0.0000,0.0000,-0.0000,4,1.2872,0.000
233,3.8833,0.0000,1.2372,-17.1250,0.0000,0.0000,-15.0000,15.0000,0.000,0.000,-8.594,1,VEHICLE,0,-,0.0000,50,150,0,0.0800,0,0,0.000,0.000,0.000,0.0000,0.0000,0.0000,1,1.0000,0,0,0.0000,0,1.2872,0.0000,0.0000,0.0000,0.0000,0,80.00,0.0000,5.6285,-7.7501,0.0000,6.2372,-17.1250,80.00,-1,-1.00000,0.000,0.000,0.000,0.000,0.000,0.000,0,0.00,0,0,0,0,0,0,1.2872,-0.000,0.000,0.0000,-0.0000,-0.0000,4,1.2872,0.000
234,3.9000,0.0000,1.2373,-17.3750,0.0000,0.0000,-15.0000,15.0000,0.000,0.000,-8.594,1,VEHICLE,0,-,0.0000,50,150,0,0.0800,0,0,0.000,0.000,0.000,0.0000,0.0000,0.0000,1,1.0000,0,0,0.0000,0,1.2872,0.0000,0.0000,0.0000,0.0000,0,80.00,0.0000,5.6285,-8.0001,0.0000,6.2373,-17.3750,80.00,-1,-1.00000,0.000,0.000,0.000,0.000,0.000,0.000,0,0.00,0,0,0,0,0,0,1.2873,-0.000,0.000,-0.0000,0.0000,-0.0000,4,1.2872,0.000
235,3.9167,0.0000,1.2373,-17.6250,0.0000,0.0000,-15.0000,15.0000,0.000,0.000,-8.594,1,VEHICLE,0,-,0.0000,50,150,0,0.0800,0,0,0.000,0.000,0.000,0.0000,0.0000,0.0000,1,1.0000,0,0,0.0000,0,1.2873,0.0000,0.0000,0.0000,0.0000,0,80.00,0.0000,5.6285,-8.2501,0.0000,6.2373,-17.6250,80.00,-1,-1.00000,0.000,0.000,0.000,0.000,0.000,0.000,0,0.00,0,0,0,0,0,0,1.2873,-0.000,0.000,-0.0000,-0.0000,-0.0000,4,1.2873,0.000
236,3.9333,0.0000,1.2373,-17.8750,0.0000,0.0000,-15.0000,15.0000,0.000,0.000,-8.594,1,VEHICLE,0,-,0.0000,50,150,0,0.0800,0,0,0.000,0.000,0.000,0.0000,0.0000,0.0000,1,1.0000,0,0,0.0000,0,1.2873,0.0000,0.0000,0.0000,0.0000,0,80.00,0.0000,5.6285,-8.5001,0.0000,6.2373,-17.8750,80.00,-1,-1.00000,0.000,0.000,0.000,0.000,0.000,0.000,0,0.00,0,0,0,0,0,0,1.2873,-0.000,0.000,-0.0000,0.0000,-0.0000,4,1.2873,0.000
237,3.9500,0.0000,1.2373,-18.1250,0.0000,0.0000,-15.0000,15.0000,0.000,0.000,-8.594,1,VEHICLE,0,-,0.0000,50,150,0,0.0800,0,0,0.000,0.000,0.000,0.0000,0.0000,0.0000,1,1.0000,0,0,0.0000,0,1.2873,0.0000,0.0000,0.0000,0.0000,0,80.00,0.0000,5.6285,-8.7501,0.0000,6.2373,-18.1250,80.00,-1,-1.00000,0.000,0.000,0.000,0.000,0.000,0.000,0,0.00,0,0,0,0,0,0,1.2873,-0.000,0.000,0.0000,-0.0000,-0.0000,4,1.2873,0.000
238,3.9667,0.0000,1.2373,-18.3750,0.0000,0.0000,-15.0000,15.0000,0.000,0.000,-8.594,1,VEHICLE,0,-,0.0000,50,150,0,0.0800,0,0,0.000,0.000,0.000,0.0000,0.0000,0.0000,1,1.0000,0,0,0.0000,0,1.2873,0.0000,0.0000,0.0000,0.0000,0,80.00,0.0000,5.6285,-9.0001,0.0000,6.2373,-18.3750,80.00,-1,-1.00000,0.000,0.000,0.000,0.000,0.000,0.000,0,0.00,0,0,0,0,0,0,1.2873,-0.000,0.000,-0.0000,0.0000,-0.0000,4,1.2873,0.000
239,3.9833,0.0000,1.2373,-18.6250,0.0000,0.0000,-15.0000,15.0000,0.000,0.000,-8.594,1,VEHICLE,0,-,0.0000,50,150,0,0.0800,0,0,0.000,0.000,0.000,0.0000,0.0000,0.0000,1,1.0000,0,0,0.0000,0,1.2873,0.0000,0.0000,0.0000,0.0000,0,80.00,0.0000,5.6285,-9.2501,0.0000,6.2373,-18.6250,80.00,-1,-1.00000,0.000,0.000,0.000,0.000,0.000,0.000,0,0.00,0,0,0,0,0,0,1.2873,-0.000,0.000,-0.0000,0.0000,-0.0000,4,1.2873,0.000
240,4.0000,0.0000,1.2373,-18.8750,0.0000,0.0000,-15.0000,15.0000,0.000,0.000,-8.594,1,VEHICLE,0,-,0.0000,50,150,0,0.0800,0,0,0.000,0.000,0.000,0.0000,0.0000,0.0000,1,1.0000,0,0,0.0000,0,1.2873,0.0000,0.0000,0.0000,0.0000,0,80.00,0.0000,5.6285,-9.5001,0.0000,6.2373,-18.8750,80.00,-1,-1.00000,0.000,0.000,0.000,0.000,0.000,0.000,0,0.00,0,0,0,0,0,0,1.2873,-0.000,0.000,-0.0000,-0.0000,-0.0000,4,1.2873,0.000
241,4.0167,0.0000,1.2373,-19.1250,0.0000,0.0000,-15.0000,15.0000,0.000,0.000,-8.594,1,VEHICLE,0,-,0.0000,50,150,0,0.0800,0,0,0.000,0.000,0.000,0.0000,0.0000,0.0000,1,1.0000,0,0,0.0000,0,1.2873,0.0000,0.0000,0.0000,0.0000,0,80.00,0.0000,5.6285,-9.7501,0.0000,6.2373,-19.1250,80.00,-1,-1.00000,0.000,0.000,0.000,0.000,0.000,0.000,0,0.00,0,0,0,0,0,0,1.2873,-0.000,0.000,0.0000,-0.0000,-0.0000,4,1.2873,0.000
242,4.0333,0.0000,1.2373,-19.3750,0.0000,0.0000,-15.0000,15.0000,0.000,0.000,-8.594,1,VEHICLE,0,-,0.0000,50,150,0,0.0800,0,0,0.000,0.000,0.000,0.0000,0.0000,0.0000,1,1.0000,0,0,0.0000,0,1.2873,0.0000,0.0000,0.0000,0.0000,0,80.00,0.0000,5.6285,-10.0001,0.0000,6.2373,-19.3750,80.00,-1,-1.00000,0.000,0.000,0.000,0.000,0.000,0.000,0,0.00,0,0,0,0,0,0,1.2873,-0.000,0.000,-0.0000,0.0000,-0.0000,4,1.2873,0.000
243,4.0500,0.0000,1.2373,-19.6250,0.0000,0.0000,-15.0000,15.0000,0.000,0.000,-8.594,1,VEHICLE,0,-,0.0000,50,150,0,0.0800,0,0,0.000,0.000,0.000,0.0000,0.0000,0.0000,1,1.0000,0,0,0.0000,0,1.2873,0.0000,0.0000,0.0000,0.0000,0,80.00,0.0000,5.6285,-10.2501,0.0000,6.2373,-19.6250,80.00,-1,-1.00000,0.000,0.000,0.000,0.000,0.000,0.000,0,0.00,0,0,0,0,0,0,1.2873,-0.000,0.000,-0.0000,-0.0000,-0.0000,4,1.2873,0.000
244,4.0667,0.0000,1.2373,-19.8750,0.0000,0.0000,-15.0000,15.0000,0.000,0.000,-8.594,1,VEHICLE,0,-,0.0000,50,150,0,0.0800,0,0,0.000,0.000,0.000,0.0000,0.0000,0.0000,1,1.0000,0,0,0.0000,0,1.2873,0.0000,0.0000,0.0000,0.0000,0,80.00,0.0000,5.6285,-10.5001,0.0000,6.2373,-19.8750,80.00,-1,-1.00000,0.000,0.000,0.000,0.000,0.000,0.000,0,0.00,0,0,0,0,0,0,1.2873,-0.000,0.000,-0.0000,0.0000,-0.0000,4,1.2873,0.000
245,4.0833,0.0000,1.2373,-20.1250,0.0000,0.0000,-15.0000,15.0000,0.000,0.000,-8.594,1,VEHICLE,0,-,0.0000,50,150,0,0.0800,0,0,0.000,0.000,0.000,0.0000,0.0000,0.0000,1,1.0000,0,0,0.0000,0,1.2873,0.0000,0.0000,0.0000,0.0000,0,80.00,0.0000,5.6285,-10.7501,0.0000,6.2373,-20.1250,80.00,-1,-1.00000,0.000,0.000,0.000,0.000,0.000,0.000,0,0.00,0,0,0,0,0,0,1.2873,-0.000,0.000,0.0000,0.0000,-0.0000,4,1.2873,0.000
246,4.1000,0.0000,1.2373,-20.3750,0.0000,0.0000,-15.0000,15.0000,0.000,0.000,-8.594,1,VEHICLE,0,-,0.0000,50,150,0,0.0800,0,0,0.000,0.000,0.000,0.0000,0.0000,0.0000,1,1.0000,0,0,0.0000,0,1.2873,0.0000,0.0000,0.0000,0.0000,0,80.00,0.0000,5.6285,-11.0001,0.0000,6.2373,-20.3750,80.00,-1,-1.00000,0.000,0.000,0.000,0.000,0.000,0.000,0,0.00,0,0,0,0,0,0,1.2873,-0.000,0.000,-0.0000,-0.0000,-0.0000,4,1.2873,0.000
247,4.1167,0.0000,1.2373,-20.6250,0.0000,0.0000,-15.0000,15.0000,0.000,0.000,-8.594,1,VEHICLE,0,-,0.0000,50,150,0,0.0800,0,0,0.000,0.000,0.000,0.0000,0.0000,0.0000,1,1.0000,0,0,0.0000,0,1.2873,0.0000,0.0000,0.0000,0.0000,0,80.00,0.0000,5.6285,-11.2501,0.0000,6.2373,-20.6250,80.00,-1,-1.00000,0.000,0.000,0.000,0.000,0.000,0.000,0,0.00,0,0,0,0,0,0,1.2873,-0.000,0.000,-0.0000,0.0000,-0.0000,4,1.2873,0.000
248,4.1333,0.0000,1.2373,-20.8750,0.0000,0.0000,-15.0000,15.0000,0.000,0.000,-8.594,1,VEHICLE,0,-,0.0000,50,150,0,0.0800,0,0,0.000,0.000,0.000,0.0000,0.0000,0.0000,1,1.0000,0,0,0.0000,0,1.2873,0.0000,0.0000,0.0000,0.0000,0,80.00,0.0000,5.6285,-11.5001,0.0000,6.2373,-20.8750,80.00,-1,-1.00000,0.000,0.000,0.000,0.000,0.000,0.000,0,0.00,0,0,0,0,0,0,1.2873,-0.000,0.000,-0.0000,0.0000,-0.0000,4,1.2873,0.000
249,4.1500,0.0000,1.2373,-21.1250,0.0000,0.0000,-15.0000,15.0000,0.000,0.000,-8.594,1,VEHICLE,0,-,0.0000,50,150,0,0.0800,0,0,0.000,0.000,0.000,0.0000,0.0000,0.0000,1,1.0000,0,0,0.0000,0,1.2873,0.0000,0.0000,0.0000,0.0000,0,80.00,0.0000,5.6285,-11.7501,0.0000,6.2373,-21.1250,80.00,-1,-1.00000,0.000,0.000,0.000,0.000,0.000,0.000,0,0.00,0,0,0,0,0,0,1.2873,-0.000,0.000,-0.0000,-0.0000,-0.0000,4,1.2873,0.000
250,4.1667,0.0000,1.2373,-21.3750,0.0000,0.0000,-15.0000,15.0000,0.000,0.000,-8.594,1,VEHICLE,0,-,0.0000,50,150,0,0.0800,0,0,0.000,0.000,0.000,0.0000,0.0000,0.0000,1,1.0000,0,0,0.0000,0,1.2873,0.0000,0.0000,0.0000,0.0000,0,80.00,0.0000,5.6285,-12.0001,0.0000,6.2373,-21.3750,80.00,-1,-1.00000,0.000,0.000,0.000,0.000,0.000,0.000,0,0.00,0,0,0,0,0,0,1.2873,-0.000,0.000,-0.0000,0.0000,-0.0000,4,1.2873,0.000
251,4.1833,0.0000,1.2373,-21.6250,0.0000,0.0000,-15.0000,15.0000,0.000,0.000,-8.594,1,VEHICLE,0,-,0.0000,50,150,0,0.0800,0,0,0.000,0.000,0.000,0.0000,0.0000,0.0000,1,1.0000,0,0,0.0000,0,1.2873,0.0000,0.0000,0.0000,0.0000,0,80.00,0.0000,5.6285,-12.2501,0.0000,6.2373,-21.6250,80.00,-1,-1.00000,0.000,0.000,0.000,0.000,0.000,0.000,0,0.00,0,0,0,0,0,0,1.2873,-0.000,0.000,0.0000,0.0000,-0.0000,4,1.2873,0.000
252,4.2000,0.0000,1.2373,-21.8750,0.0000,0.0000,-15.0000,15.0000,0.000,0.000,-8.594,1,VEHICLE,0,-,0.0000,50,150,0,0.0800,0,0,0.000,0.000,0.000,0.0000,0.0000,0.0000,1,1.0000,0,0,0.0000,0,1.2873,0.0000,0.0000,0.0000,0.0000,0,80.00,0.0000,5.6285,-12.5001,0.0000,6.2373,-21.8750,80.00,-1,-1.00000,0.000,0.000,0.000,0.000,0.000,0.000,0,0.00,0,0,0,0,0,0,1.2873,-0.000,0.000,-0.0000,-0.0000,-0.0000,4,1.2873,0.000
253,4.2167,0.0000,1.2373,-22.1250,0.0000,0.0000,-15.0000,15.0000,0.000,0.000,-8.594,1,VEHICLE,0,-,0.0000,50,150,0,0.0800,0,0,0.000,0.000,0.000,0.0000,0.0000,0.0000,1,1.0000,0,0,0.0000,0,1.2873,0.0000,0.0000,0.0000,0.0000,0,80.00,0.0000,5.6285,-12.7501,0.0000,6.2373,-22.1250,80.00,-1,-1.00000,0.000,0.000,0.000,0.000,0.000,0.000,0,0.00,0,0,0,0,0,0,1.2873,-0.000,0.000,-0.0000,0.0000,-0.0000,4,1.2873,0.000
254,4.2333,0.0000,1.2373,-22.3750,0.0000,0.0000,-15.0000,15.0000,0.000,0.000,-8.594,1,VEHICLE,0,-,0.0000,50,150,0,0.0800,0,0,0.000,0.000,0.000,0.0000,0.0000,0.0000,1,1.0000,0,0,0.0000,0,1.2873,0.0000,0.0000,0.0000,0.0000,0,80.00,0.0000,5.6285,-13.0001,0.0000,6.2373,-22.3750,80.00,-1,-1.00000,0.000,0.000,0.000,0.000,0.000,0.000,0,0.00,0,0,0,0,0,0,1.2873,-0.000,0.000,-0.0000,0.0000,-0.0000,4,1.2873,0.000
255,4.2500,0.0000,1.2373,-22.6250,0.0000,-0.0000,-15.0000,15.0000,0.000,0.000,-8.594,1,VEHICLE,0,-,0.0000,50,150,0,0.0800,0,0,0.000,0.000,0.000,0.0000,0.0000,0.0000,1,1.0000,0,0,0.0000,0,1.2873,0.0000,0.0000,0.0000,0.0000,0,80.00,0.0000,5.6285,-13.2501,0.0000,6.2373,-22.6250,80.00,-1,-1.00000,0.000,0.000,0.000,0.000,0.000,0.000,0,0.00,0,0,0,0,0,0,1.2873,-0.000,0.000,-0.0000,-0.0000,-0.0000,4,1.2873,0.000
256,4.2667,0.0000,1.2373,-22.8750,0.0000,-0.0000,-15.0000,15.0000,0.000,0.000,-8.594,1,VEHICLE,0,-,0.0000,50,150,0,0.0800,0,0,0.000,0.000,0.000,0.0000,0.0000,0.0000,1,1.0000,0,0,0.0000,0,1.2873,0.0000,0.0000,0.0000,0.0000,0,80.00,0.0000,5.6285,-13.5001,0.0000,6.2373,-22.8750,80.00,-1,-1.00000,0.000,0.000,0.000,0.000,0.000,0.000,0,0.00,0,0,0,0,0,0,1.2873,-0.000,0.000,-0.0000,0.0000,-0.0000,4,1.2873,0.000
257,4.2833,0.0000,1.2373,-23.1250,0.0000,-0.0000,-15.0000,15.0000,0.000,0.000,-8.594,1,VEHICLE,0,-,0.0000,50,150,0,0.0800,0,0,0.000,0.000,0.000,0.0000,0.0000,0.0000,1,1.0000,0,0,0.0000,0,1.2873,0.0000,0.0000,0.0000,0.0000,0,80.00,0.0000,5.6285,-13.7501,0.0000,6.2373,-23.1250,80.00,-1,-1.00000,0.000,0.000,0.000,0.000,0.000,0.000,0,0.00,0,0,0,0,0,0,1.2873,-0.000,0.000,-0.0000,0.0000,-0.0000,4,1.2873,0.000
258,4.3000,0.0000,1.2373,-23.3750,0.0000,-0.0000,-15.0000,15.0000,0.000,0.000,-8.594,1,VEHICLE,0,-,0.0000,50,150,0,0.0800,0,0,0.000,0.000,0.000,0.0000,0.0000,0.0000,1,1.0000,0,0,0.0000,0,1.2873,0.0000,0.0000,0.0000,0.0000,0,80.00,0.0000,5.6285,-14.0001,0.0000,6.2373,-23.3750,80.00,-1,-1.00000,0.000,0.000,0.000,0.000,0.000,0.000,0,0.00,0,0,0,0,0,0,1.2873,-0.000,0.000,0.0000,-0.0000,-0.0000,4,1.2873,0.000
259,4.3167,0.0000,1.2373,-23.6250,0.0000,-0.0000,-15.0000,15.0000,0.000,0.000,-8.594,1,VEHICLE,0,-,0.0000,50,150,0,0.0800,0,0,0.000,0.000,0.000,0.0000,0.0000,0.0000,1,1.0000,0,0,0.0000,0,1.2873,0.0000,0.0000,0.0000,0.0000,0,80.00,0.0000,5.6285,-14.2501,0.0000,6.2373,-23.6250,80.00,-1,-1.00000,0.000,0.000,0.000,0.000,0.000,0.000,0,0.00,0,0,0,0,0,0,1.2873,-0.000,0.000,-0.0000,0.0000,-0.0000,4,1.2873,0.000
260,4.3333,0.0000,1.2373,-23.8750,0.0000,-0.0000,-15.0000,15.0000,0.000,0.000,-8.594,1,VEHICLE,0,-,0.0000,50,150,0,0.0800,0,0,0.000,0.000,0.000,0.0000,0.0000,0.0000,1,1.0000,0,0,0.0000,0,1.2873,0.0000,0.0000,0.0000,0.0000,0,80.00,0.0000,5.6285,-14.5001,0.0000,6.2373,-23.8750,80.00,-1,-1.00000,0.000,0.000,0.000,0.000,0.000,0.000,0,0.00,0,0,0,0,0,0,1.2873,-0.000,0.000,-0.0000,-0.0000,-0.0000,4,1.2873,0.000
261,4.3500,0.0000,1.2373,-24.1250,0.0000,-0.0000,-15.0000,15.0000,0.000,0.000,-8.594,1,VEHICLE,0,-,0.0000,50,150,0,0.0800,0,0,0.000,0.000,0.000,0.0000,0.0000,0.0000,1,1.0000,0,0,0.0000,0,1.2873,0.0000,0.0000,0.0000,0.0000,0,80.00,0.0000,5.6285,-14.7501,0.0000,6.2373,-24.1250,80.00,-1,-1.00000,0.000,0.000,0.000,0.000,0.000,0.000,0,0.00,0,0,0,0,0,0,1.2873,-0.000,0.000,-0.0000,0.0000,-0.0000,4,1.2873,0.000
262,4.3667,0.0000,1.2373,-24.3750,0.0000,-0.0000,-15.0000,15.0000,0.000,0.000,-8.594,1,VEHICLE,0,-,0.0000,50,150,0,0.0800,0,0,0.000,0.000,0.000,0.0000,0.0000,0.0000,1,1.0000,0,0,0.0000,0,1.2873,0.0000,0.0000,0.0000,0.0000,0,80.00,0.0000,5.6285,-15.0001,0.0000,6.2373,-24.3750,80.00,-1,-1.00000,0.000,0.000,0.000,0.000,0.000,0.000,0,0.00,0,0,0,0,0,0,1.2873,-0.000,0.000,-0.0000,0.0000,-0.0000,4,1.2873,0.000
263,4.3833,0.0000,1.2373,-24.6250,0.0000,-0.0000,-15.0000,15.0000,0.000,0.000,-8.594,1,VEHICLE,0,-,0.0000,50,150,0,0.0800,0,0,0.000,0.000,0.000,0.0000,0.0000,0.0000,1,1.0000,0,0,0.0000,0,1.2873,0.0000,0.0000,0.0000,0.0000,0,80.00,0.0000,5.6285,-15.2501,0.0000,6.2373,-24.6250,80.00,-1,-1.00000,0.000,0.000,0.000,0.000,0.000,0.000,0,0.00,0,0,0,0,0,0,1.2873,-0.000,0.000,-0.0000,-0.0000,-0.0000,4,1.2873,0.000
264,4.4000,0.0000,1.2373,-24.8750,0.0000,-0.0000,-15.0000,15.0000,0.000,0.000,-8.594,1,VEHICLE,0,-,0.0000,50,150,0,0.0800,0,0,0.000,0.000,0.000,0.0000,0.0000,0.0000,1,1.0000,0,0,0.0000,0,1.2873,0.0000,0.0000,0.0000,0.0000,0,80.00,0.0000,5.6285,-15.5001,0.0000,6.2373,-24.8750,80.00,-1,-1.00000,0.000,0.000,0.000,0.000,0.000,0.000,0,0.00,0,0,0,0,0,0,1.2873,-0.000,0.000,0.0000,0.0000,-0.0000,4,1.2873,0.000
265,4.4167,0.0000,1.2373,-25.1250,0.0000,-0.0000,-15.0000,15.0000,0.000,0.000,-8.594,1,VEHICLE,0,-,0.0000,50,150,0,0.0800,0,0,0.000,0.000,0.000,0.0000,0.0000,0.0000,1,1.0000,0,0,0.0000,0,1.2873,0.0000,0.0000,0.0000,0.0000,0,80.00,0.0000,5.6285,-15.7501,0.0000,6.2373,-25.1250,80.00,-1,-1.00000,0.000,0.000,0.000,0.000,0.000,0.000,0,0.00,0,0,0,0,0,0,1.2873,-0.000,0.000,-0.0000,0.0000,-0.0000,4,1.2873,0.000
266,4.4333,0.0000,1.2373,-25.3750,0.0000,-0.0000,-15.0000,15.0000,0.000,0.000,-8.594,1,VEHICLE,0,-,0.0000,50,150,0,0.0800,0,0,0.000,0.000,0.000,0.0000,0.0000,0.0000,1,1.0000,0,0,0.0000,0,1.2873,0.0000,0.0000,0.0000,0.0000,0,80.00,0.0000,5.6285,-16.0001,0.0000,6.2373,-25.3750,80.00,-1,-1.00000,0.000,0.000,0.000,0.000,0.000,0.000,0,0.00,0,0,0,0,0,0,1.2873,-0.000,0.000,-0.0000,-0.0000,-0.0000,4,1.2873,0.000
267,4.4500,0.0000,1.2373,-25.6250,0.0000,-0.0000,-15.0000,15.0000,0.000,0.000,-8.594,1,VEHICLE,0,-,0.0000,50,150,0,0.0800,0,0,0.000,0.000,0.000,0.0000,0.0000,0.0000,1,1.0000,0,0,0.0000,0,1.2873,0.0000,0.0000,0.0000,0.0000,0,80.00,0.0000,5.6285,-16.2501,0.0000,6.2373,-25.6250,80.00,-1,-1.00000,0.000,0.000,0.000,0.000,0.000,0.000,0,0.00,0,0,0,0,0,0,1.2873,-0.000,0.000,-0.0000,0.0000,-0.0000,4,1.2873,0.000
268,4.4667,0.0000,1.2373,-25.8750,0.0000,-0.0000,-15.0000,15.0000,0.000,0.000,-8.594,1,VEHICLE,0,-,0.0000,50,150,0,0.0800,0,0,0.000,0.000,0.000,0.0000,0.0000,0.0000,1,1.0000,0,0,0.0000,0,1.2873,0.0000,0.0000,0.0000,0.0000,0,80.00,0.0000,5.6285,-16.5001,0.0000,6.2373,-25.8750,80.00,-1,-1.00000,0.000,0.000,0.000,0.000,0.000,0.000,0,0.00,0,0,0,0,0,0,1.2873,-0.000,0.000,-0.0000,0.0000,-0.0000,4,1.2873,0.000
269,4.4833,0.0000,1.2373,-26.1250,0.0000,-0.0000,-15.0000,15.0000,0.000,0.000,-8.594,1,VEHICLE,0,-,0.0000,50,150,0,0.0800,0,0,0.000,0.000,0.000,0.0000,0.0000,0.0000,1,1.0000,0,0,0.0000,0,1.2873,0.0000,0.0000,0.0000,0.0000,0,80.00,0.0000,5.6285,-16.7501,0.0000,6.2373,-26.1250,80.00,-1,-1.00000,0.000,0.000,0.000,0.000,0.000,0.000,0,0.00,0,0,0,0,0,0,1.2873,-0.000,0.000,-0.0000,-0.0000,-0.0000,4,1.2873,0.000
270,4.5000,0.0000,1.2373,-26.3750,0.0000,-0.0000,-15.0000,15.0000,0.000,0.000,-8.594,1,VEHICLE,0,-,0.0000,50,150,0,0.0800,0,0,0.000,0.000,0.000,0.0000,0.0000,0.0000,1,1.0000,0,0,0.0000,0,1.2873,0.0000,0.0000,0.0000,0.0000,0,80.00,0.0000,5.6285,-17.0001,0.0000,6.2373,-26.3750,80.00,-1,-1.00000,0.000,0.000,0.000,0.000,0.000,0.000,0,0.00,0,0,0,0,0,0,1.2873,-0.000,0.000,-0.0000,0.0000,-0.0000,4,1.2873,0.000
271,4.5167,0.0000,1.2373,-26.6167,0.0000,-0.0000,-14.5000,14.5000,0.000,0.000,-8.594,1,VEHICLE,0,-,0.0000,50,150,0,0.0800,0,0,0.000,0.000,0.000,0.0000,0.0000,0.0000,1,1.0000,0,0,0.0000,0,1.2873,0.0000,0.0000,0.0000,0.0000,0,80.00,0.0000,5.6285,-17.2417,0.0000,6.2373,-26.6167,80.00,-1,-1.00000,0.000,0.000,0.000,0.000,0.000,0.000,0,0.00,0,0,0,0,0,0,1.2873,-0.000,0.000,0.0000,0.0000,-0.0000,4,1.2873,0.000
272,4.5333,0.0000,1.2373,-26.8500,0.0000,-0.0000,-14.0000,14.0000,0.000,0.000,-8.594,1,VEHICLE,0,-,0.0000,50,150,0,0.0800,0,0,0.000,0.000,0.000,0.0000,0.0000,0.0000,1,1.0000,0,0,0.0000,0,1.2873,0.0000,0.0000,0.0000,0.0000,0,80.00,0.0000,5.6285,-17.4751,0.0000,6.2373,-26.8500,80.00,-1,-1.00000,0.000,0.000,0.000,0.000,0.000,0.000,0,0.00,0,0,0,0,0,0,1.2873,-0.000,0.000,-0.0000,-0.0000,-0.0000,4,1.2873,0.000
273,4.5500,0.0000,1.2373,-27.0750,0.0000,-0.0000,-13.5000,13.5000,0.000,0.000,-8.594,1,VEHICLE,0,-,0.0000,50,150,0,0.0800,0,0,0.000,0.000,0.000,0.0000,0.0000,0.0000,1,1.0000,0,0,0.0000,0,1.2873,0.0000,0.0000,0.0000,0.0000,0,80.00,0.0000,5.6285,-17.7001,0.0000,6.2373,-27.0750,80.00,-1,-1.00000,0.000,0.000,0.000,0.000,0.000,0.000,0,0.00,0,0,0,0,0,0,1.2873,-0.000,0.000,-0.0000,0.0000,-0.0000,4,1.2873,0.000
274,4.5667,0.0000,1.2373,-27.2917,0.0000,-0.0000,-13.0000,13.0000,0.000,0.000,-8.594,1,VEHICLE,0,-,0.0000,50,150,0,0.0800,0,0,0.000,0.000,0.000,0.0000,0.0000,0.0000,1,1.0000,0,0,0.0000,0,1.2873,0.0000,0.0000,0.0000,0.0000,0,80.00,0.0000,5.6285,-17.9167,0.0000,6.2373,-27.2917,80.00,-1,-1.00000,0.000,0.000,0.000,0.000,0.000,0.000,0,0.00,0,0,0,0,0,0,1.2873,-0.000,0.000,-0.0000,0.0000,-0.0000,4,1.2873,0.000
275,4.5833,0.0000,1.2373,-27.5000,0.0000,-0.0000,-12.5000,12.5000,0.000,0.000,-8.594,1,VEHICLE,0,-,0.0000,50,150,0,0.0800,0,0,0.000,0.000,0.000,0.0000,0.0000,0.0000,1,1.0000,0,0,0.0000,0,1.2873,0.0000,0.0000,0.0000,0.0000,0,80.00,0.0000,5.6285,-18.1251,0.0000,6.2373,-27.5000,80.00,-1,-1.00000,0.000,0.000,0.000,0.000,0.000,0.000,0,0.00,0,0,0,0,0,0,1.2873,-0.000,0.000,0.0000,-0.0000,-0.0000,4,1.2873,0.000
276,4.6000,0.0000,1.2373,-27.7000,0.0000,-0.0000,-12.0000,12.0000,0.000,0.000,-8.594,1,VEHICLE,0,-,0.0000,50,150,0,0.0800,0,0,0.000,0.000,0.000,0.0000,0.0000,0.0000,1,1.0000,0,0,0.0000,0,1.2873,0.0000,0.0000,0.0000,0.0000,0,80.00,0.0000,5.6285,-18.3251,0.0000,6.2373,-27.7000,80.00,-1,-1.00000,0.000,0.000,0.000,0.000,0.000,0.000,0,0.00,0,0,0,0,0,0,1.2873,-0.000,0.000,-0.0000,0.0000,-0.0000,4,1.2873,0.000
277,4.6167,0.0000,1.2373,-27.8917,0.0000,-0.0000,-11.5000,11.5000,0.000,0.000,-8.594,1,VEHICLE,0,-,0.0000,50,150,0,0.0800,0,0,0.000,0.000,0.000,0.0000,0.0000,0.0000,1,1.0000,0,0,0.0000,0,1.2873,0.0000,0.0000,0.0000,0.0000,0,80.00,0.0000,5.6285,-18.5167,0.0000,6.2373,-27.8917,80.00,-1,-1.00000,0.000,0.000,0.000,0.000,0.000,0.000,0,0.00,0,0,0,0,0,0,1.2873,-0.000,0.000,-0.0000,-0.0000,-0.0000,4,1.2873,0.000
278,4.6333,0.0000,1.2373,-28.0750,0.0000,-0.0000,-11.0000,11.0000,0.000,0.000,-8.594,1,VEHICLE,0,-,0.0000,50,150,0,0.0800,0,0,0.000,0.000,0.000,0.0000,0.0000,0.0000,1,1.0000,0,0,0.0000,0,1.2873,0.0000,0.0000,0.0000,0.0000,0,80.00,0.0000,5.6285,-18.7001,0.0000,6.2373,-28.0750,80.00,-1,-1.00000,0.000,0.000,0.000,0.000,0.000,0.000,0,0.00,0,0,0,0,0,0,1.2873,-0.000,0.000,-0.0000,-0.0000,-0.0000,4,1.2873,0.000
279,4.6500,0.0000,1.2373,-28.2500,0.0000,-0.0000,-10.5000,10.5000,0.000,0.000,-8.594,1,VEHICLE,0,-,0.0000,50,150,0,0.0800,0,0,0.000,0.000,0.000,0.0000,0.0000,0.0000,1,1.0000,0,0,0.0000,0,1.2873,0.0000,0.0000,0.0000,0.0000,0,80.00,0.0000,5.6285,-18.8751,0.0000,6.2373,-28.2500,80.00,-1,-1.00000,0.000,0.000,0.000,0.000,0.000,0.000,0,0.00,0,0,0,0,0,0,1.2873,-0.000,0.000,0.0000,0.0000,-0.0000,4,1.2873,0.000
280,4.6667,0.0000,1.2373,-28.4167,0.0000,-0.0000,-10.0000,10.0000,0.000,0.000,-8.594,1,VEHICLE,0,-,0.0000,50,150,0,0.0800,0,0,0.000,0.000,0.000,0.0000,0.0000,0.0000,1,1.0000,0,0,0.0000,0,1.2873,0.0000,0.0000,0.0000,0.0000,0,80.00,0.0000,5.6285,-19.0417,0.0000,6.2373,-28.4167,80.00,-1,-1.00000,0.000,0.000,0.000,0.000,0.000,0.000,0,0.00,0,0,0,0,0,0,1.2873,-0.000,0.000,-0.0000,0.0000,-0.0000,4,1.2873,0.000
281,4.6833,0.0000,1.2373,-28.5750,0.0000,-0.0000,-9.5000,9.5000,0.000,0.000,-8.594,1,VEHICLE,0,-,0.0000,50,150,0,0.0800,0,0,0.000,0.000,0.000,0.0000,0.0000,0.0000,1,1.0000,0,0,0.0000,0,1.2873,0.0000,0.0000,0.0000,0.0000,0,80.00,0.0000,5.6285,-19.2001,0.0000,6.2373,-28.5750,80.00,-1,-1.00000,0.000,0.000,0.000,0.000,0.000,0.000,0,0.00,0,0,0,0,0,0,1.2873,-0.000,0.000,-0.0000,0.0000,-0.0000,4,1.2873,0.000
282,4.7000,0.0000,1.2373,-28.7250,0.0000,-0.0000,-9.0000,9.0000,0.000,0.000,-8.594,1,VEHICLE,0,-,0.0000,50,150,0,0.0800,0,0,0.000,0.000,0.000,0.0000,0.0000,0.0000,1,1.0000,0,0,0.0000,0,1.2873,0.0000,0.0000,0.0000,0.0000,0,80.00,0.0000,5.6285,-19.3501,0.0000,6.2373,-28.7250,80.00,-1,-1.00000,0.000,0.000,0.000,0.000,0.000,0.000,0,0.00,0,0,0,0,0,0,1.2873,-0.000,0.000,-0.0000,0.0000,-0.0000,4,1.2873,0.000
283,4.7167,0.0000,1.2373,-28.8667,0.0000,-0.0000,-8.5000,8.5000,0.000,0.000,-8.594,1,VEHICLE,0,-,0.0000,50,150,0,0.0800,0,0,0.000,0.000,0.000,0.0000,0.0000,0.0000,1,1.0000,0,0,0.0000,0,1.2873,0.0000,0.0000,0.0000,0.0000,0,80.00,0.0000,5.6285,-19.4917,0.0000,6.2373,-28.8667,80.00,-1,-1.00000,0.000,0.000,0.000,0.000,0.000,0.000,0,0.00,0,0,0,0,0,0,1.2873,-0.000,0.000,-0.0000,-0.0000,-0.0000,4,1.2873,0.000
284,4.7333,0.0000,1.2373,-29.0000,0.0000,-0.0000,-8.0000,8.0000,0.000,0.000,-8.594,1,VEHICLE,0,-,0.0000,50,150,0,0.0800,0,0,0.000,0.000,0.000,0.0000,0.0000,0.0000,1,1.0000,0,0,0.0000,0,1.2873,0.0000,0.0000,0.0000,0.0000,0,80.00,0.0000,5.6285,-19.6251,0.0000,6.2373,-29.0000,80.00,-1,-1.00000,0.000,0.000,0.000,0.000,0.000,0.000,0,0.00,0,0,0,0,0,0,1.2873,-0.000,0.000,0.0000,-0.0000,-0.0000,4,1.2873,0.000
285,4.7500,0.0000,1.2373,-29.1250,0.0000,-0.0000,-7.5000,7.5000,0.000,0.000,-8.594,1,VEHICLE,0,-,0.0000,50,150,0,0.0800,0,0,0.000,0.000,0.000,0.0000,0.0000,0.0000,1,1.0000,0,0,0.0000,0,1.2873,0.0000,0.0000,0.0000,0.0000,0,80.00,0.0000,5.6285,-19.7501,0.0000,6.2373,-29.1250,80.00,-1,-1.00000,0.000,0.000,0.000,0.000,0.000,0.000,0,0.00,0,0,0,0,0,0,1.2873,-0.000,0.000,-0.0000,0.0000,-0.0000,4,1.2873,0.000
286,4.7667,0.0000,1.2373,-29.2417,0.0000,-0.0000,-7.0000,7.0000,0.000,0.000,-8.594,1,VEHICLE,0,-,0.0000,50,150,0,0.0800,0,0,0.000,0.000,0.000,0.0000,0.0000,0.0000,1,1.0000,0,0,0.0000,0,1.2873,0.0000,0.0000,0.0000,0.0000,0,80.00,0.0000,5.6285,-19.8667,0.0000,6.2373,-29.2417,80.00,-1,-1.00000,0.000,0.000,0.000,0.000,0.000,0.000,0,0.00,0,0,0,0,0,0,1.2873,-0.000,0.000,-0.0000,-0.0000,-0.0000,4,1.2873,0.000
287,4.7833,0.0000,1.2373,-29.3500,0.0000,-0.0000,-6.5000,6.5000,0.000,0.000,-8.594,1,VEHICLE,0,-,0.0000,50,150,0,0.0800,0,0,0.000,0.000,0.000,0.0000,0.0000,0.0000,1,1.0000,0,0,0.0000,0,1.2873,0.0000,0.0000,0.0000,0.0000,0,80.00,0.0000,5.6285,-19.9751,0.0000,6.2373,-29.3500,80.00,-1,-1.00000,0.000,0.000,0.000,0.000,0.000,0.000,0,0.00,0,0,0,0,0,0,1.2873,-0.000,0.000,-0.0000,0.0000,-0.0000,4,1.2873,0.000
288,4.8000,0.0000,1.2373,-29.4500,0.0000,-0.0000,-6.0000,6.0000,0.000,0.000,-8.594,1,VEHICLE,0,-,0.0000,50,150,0,0.0800,0,0,0.000,0.000,0.000,0.0000,0.0000,0.0000,1,1.0000,0,0,0.0000,0,1.2873,0.0000,0.0000,0.0000,0.0000,0,80.00,0.0000,5.6285,-20.0751,0.0000,6.2373,-29.4500,80.00,-1,-1.00000,0.000,0.000,0.000,0.000,0.000,0.000,0,0.00,0,0,0,0,0,0,1.2873,-0.000,0.000,-0.0000,-0.0000,-0.0000,4,1.2873,0.000
289,4.8167,0.0000,1.2373,-29.5417,0.0000,-0.0000,-5.5000,5.5000,0.000,0.000,-8.594,1,VEHICLE,0,-,0.0000,50,150,0,0.0800,0,0,0.000,0.000,0.000,0.0000,0.0000,0.0000,1,1.0000,0,0,0.0000,0,1.2873,0.0000,0.0000,0.0000,0.0000,0,80.00,0.0000,5.6285,-20.1667,0.0000,6.2373,-29.5417,80.00,-1,-1.00000,0.000,0.000,0.000,0.000,0.000,0.000,0,0.00,0,0,0,0,0,0,1.2873,-0.000,0.000,-0.0000,0.0000,-0.0000,4,1.2873,0.000
290,4.8333,0.0000,1.2373,-29.6250,0.0000,-0.0000,-5.0000,5.0000,0.000,0.000,-8.594,1,VEHICLE,0,-,0.0000,50,150,0,0.0800,0,0,0.000,0.000,0.000,0.0000,0.0000,0.0000,1,1.0000,0,0,0.0000,0,1.2873,0.0000,0.0000,0.0000,0.0000,0,80.00,0.0000,5.6285,-20.2501,0.0000,6.2373,-29.6250,80.00,-1,-1.00000,0.000,0.000,0.000,0.000,0.000,0.000,0,0.00,0,0,0,0,0,0,1.2873,-0.000,0.000,0.0000,-0.0000,-0.0000,4,1.2873,0.000
291,4.8500,0.0000,1.2373,-29.7000,0.0000,-0.0000,-4.5000,4.5000,0.000,0.000,-8.594,1,VEHICLE,0,-,0.0000,50,150,0,0.0800,0,0,0.000,0.000,0.000,0.0000,0.0000,0.0000,1,1.0000,0,0,0.0000,0,1.2873,0.0000,0.0000,0.0000,0.0000,0,80.00,0.0000,5.6285,-20.3251,0.0000,6.2373,-29.7000,80.00,-1,-1.00000,0.000,0.000,0.000,0.000,0.000,0.000,0,0.00,0,0,0,0,0,0,1.2873,-0.000,0.000,-0.0000,0.0000,-0.0000,4,1.2873,0.000
292,4.8667,0.0000,1.2373,-29.7667,0.0000,-0.0000,-4.0000,4.0000,0.000,0.000,-8.594,1,VEHICLE,0,-,0.0000,50,150,0,0.0800,0,0,0.000,0.000,0.000,0.0000,0.0000,0.0000,1,1.0000,0,0,0.0000,0,1.2873,0.0000,0.0000,0.0000,0.0000,0,80.00,0.0000,5.6285,-20.3917,0.0000,6.2373,-29.7667,80.00,-1,-1.00000,0.000,0.000,0.000,0.000,0.000,0.000,0,0.00,0,0,0,0,0,0,1.2873,-0.000,0.000,-0.0000,-0.0000,-0.0000,4,1.2873,0.000
293,4.8833,0.0000,1.2373,-29.8250,0.0000,-0.0000,-3.5000,3.5000,0.000,0.000,-8.594,1,VEHICLE,0,-,0.0000,50,150,0,0.0800,0,0,0.000,0.000,0.000,0.0000,0.0000,0.0000,1,1.0000,0,0,0.0000,0,1.2873,0.0000,0.0000,0.0000,0.0000,0,80.00,0.0000,5.6285,-20.4501,0.0000,6.2373,-29.8250,80.00,-1,-1.00000,0.000,0.000,0.000,0.000,0.000,0.000,0,0.00,0,0,0,0,0,0,1.2873,-0.000,0.000,-0.0000,0.0000,-0.0000,4,1.2873,0.000
294,4.9000,0.0000,1.2373,-29.8750,0.0000,-0.0000,-3.0000,3.0000,0.000,0.000,-8.594,1,VEHICLE,0,-,0.0000,50,150,0,0.0800,0,0,0.000,0.000,0.000,0.0000,0.0000,0.0000,1,1.0000,0,0,0.0000,0,1.2873,0.0000,0.0000,0.0000,0.0000,0,80.00,0.0000,5.6285,-20.5001,0.0000,6.2373,-29.8750,80.00,-1,-1.00000,0.000,0.000,0.000,0.000,0.000,0.000,0,0.00,0,0,0,0,0,0,1.2873,-0.000,0.000,0.0000,-0.0000,-0.0000,4,1.2873,0.000
295,4.9167,0.0000,1.2373,-29.9167,0.0000,-0.0000,-2.5000,2.5000,0.000,0.000,-8.594,1,VEHICLE,0,-,0.0000,50,150,0,0.0800,0,0,0.000,0.000,0.000,0.0000,0.0000,0.0000,1,1.0000,0,0,0.0000,0,1.2873,0.0000,0.0000,0.0000,0.0000,0,80.00,0.0000,5.6285,-20.5417,0.0000,6.2373,-29.9167,80.00,-1,-1.00000,0.000,0.000,0.000,0.000,0.000,0.000,0,0.00,0,0,0,0,0,0,1.2873,-0.000,0.000,-0.0000,0.0000,-0.0000,4,1.2873,0.000
296,4.9333,0.0000,1.2373,-29.9500,0.0000,-0.0000,-2.0000,2.0000,0.000,0.000,-8.594,1,VEHICLE,0,-,0.0000,50,150,0,0.0800,0,0,0.000,0.000,0.000,0.0000,0.0000,0.0000,1,1.0000,0,0,0.0000,0,1.2873,0.0000,0.0000,0.0000,0.0000,0,80.00,0.0000,5.6285,-20.5751,0.0000,6.2373,-29.9500,80.00,-1,-1.00000,0.000,0.000,0.000,0.000,0.000,0.000,0,0.00,0,0,0,0,0,0,1.2873,-0.000,0.000,-0.0000,-0.0000,-0.0000,4,1.2873,0.000
297,4.9500,0.0000,1.2373,-29.9750,0.0000,-0.0000,-1.5000,1.5000,0.000,0.000,-8.594,1,VEHICLE,0,-,0.0000,50,150,0,0.0800,0,0,0.000,0.000,0.000,0.0000,0.0000,0.0000,1,1.0000,0,0,0.0000,0,1.2873,0.0000,0.0000,0.0000,0.0000,0,80.00,0.0000,5.6285,-20.6001,0.0000,6.2373,-29.9750,80.00,-1,-1.00000,0.000,0.000,0.000,0.000,0.000,0.000,0,0.00,0,0,0,0,0,0,1.2873,-0.000,0.000,-0.0000,0.0000,-0.0000,4,1.2873,0.000
298,4.9667,0.0000,1.2373,-29.9917,0.0000,-0.0000,-1.0000,1.0000,0.000,0.000,-8.594,1,VEHICLE,0,-,0.0000,50,150,0,0.0800,0,0,0.000,0.000,0.000,0.0000,0.0000,0.0000,1,1.0000,0,0,0.0000,0,1.2873,0.0000,0.0000,0.0000,0.0000,0,80.00,0.0000,5.6285,-20.6167,0.0000,6.2373,-29.9917,80.00,-1,-1.00000,0.000,0.000,0.000,0.000,0.000,0.000,0,0.00,0,0,0,0,0,0,1.2873,-0.000,0.000,-0.0000,-0.0000,-0.0000,4,1.2873,0.000
299,4.9833,0.0000,1.2373,-30.0000,0.0000,-0.0000,-0.5000,0.5000,0.000,0.000,-8.594,1,VEHICLE,0,-,0.0000,50,150,0,0.0800,0,0,0.000,0.000,0.000,0.0000,0.0000,0.0000,1,1.0000,0,0,0.0000,0,1.2873,0.0000,0.0000,0.0000,0.0000,0,80.00,0.0000,5.6285,-20.6251,0.0000,6.2373,-30.0000,80.00,-1,-1.00000,0.000,0.000,0.000,0.000,0.000,0.000,0,0.00,0,0,0,0,0,0,1.2873,-0.000,0.000,-0.0000,0.0000,-0.0000,4,1.2873,0.000
300,5.0000,0.0000,1.2373,-30.0000,0.0000,-0.0000,0.0000,0.0000,0.000,0.000,-8.594,1,VEHICLE,0,-,0.0000,50,150,0,0.0800,0,0,0.000,0.000,0.000,0.0000,0.0000,0.0000,1,1.0000,0,0,0.0000,0,1.2873,0.0000,0.0000,0.0000,0.0000,0,80.00,0.0000,5.6285,-20.6251,0.0000,6.2373,-30.0000,80.00,-1,-1.00000,0.000,0.000,0.000,0.000,0.000,0.000,0,0.00,0,0,0,0,0,0,1.2873,-0.000,0.000,0.0000,-0.0000,-0.0000,4,1.2873,0.000
301,5.0167,0.0000,1.2373,-30.0000,0.0000,-0.0000,-0.0000,0.0000,0.000,0.000,-8.594,1,VEHICLE,0,-,0.0000,50,150,0,0.0800,0,0,0.000,0.000,0.000,0.0000,0.0000,0.0000,1,1.0000,0,0,0.0000,0,1.2873,0.0000,0.0000,0.0000,0.0000,0,80.00,0.0000,5.6285,-20.6251,0.0000,6.2373,-30.0000,80.00,-1,-1.00000,0.000,0.000,0.000,0.000,0.000,0.000,0,0.00,0,0,0,0,0,0,1.2873,-0.000,0.000,-0.0000,0.0000,-0.0000,4,1.2873,0.000
302,5.0333,0.0000,1.2373,-30.0000,0.0000,-0.0000,-0.0000,0.0000,0.000,0.000,-8.594,1,VEHICLE,0,-,0.0000,50,150,0,0.0800,0,0,0.000,0.000,0.000,0.0000,0.0000,0.0000,1,1.0000,0,0,0.0000,0,1.2873,0.0000,0.0000,0.0000,0.0000,0,80.00,0.0000,5.6285,-20.6251,0.0000,6.2373,-30.0000,80.00,-1,-1.00000,0.000,0.000,0.000,0.000,0.000,0.000,0,0.00,0,0,0,0,0,0,1.2873,-0.000,0.000,-0.0000,-0.0000,-0.0000,4,1.2873,0.000
303,5.0500,0.0000,1.2373,-30.0000,0.0000,-0.0000,-0.0000,0.0000,0.000,0.000,-8.594,1,VEHICLE,0,-,0.0000,50,150,0,0.0800,0,0,0.000,0.000,0.000,0.0000,0.0000,0.0000,1,1.0000,0,0,0.0000,0,1.2873,0.0000,0.0000,0.0000,0.0000,0,80.00,0.0000,5.6285,-20.6251,0.0000,6.2373,-30.0000,80.00,-1,-1.00000,0.000,0.000,0.000,0.000,0.000,0.000,0,0.00,0,0,0,0,0,0,1.2873,-0.000,0.000,-0.0000,0.0000,-0.0000,4,1.2873,0.000
304,5.0667,0.0000,1.2373,-30.0000,0.0000,-0.0000,-0.0000,0.0000,0.000,0.000,-8.594,1,VEHICLE,0,-,0.0000,50,150,0,0.0800,0,0,0.000,0.000,0.000,0.0000,0.0000,0.0000,1,1.0000,0,0,0.0000,0,1.2873,0.0000,0.0000,0.0000,0.0000,0,80.00,0.0000,5.6285,-20.6251,0.0000,6.2373,-30.0000,80.00,-1,-1.00000,0.000,0.000,0.000,0.000,0.000,0.000,0,0.00,0,0,0,0,0,0,1.2873,-0.000,0.000,-0.0000,-0.0000,-0.0000,4,1.2873,0.000
305,5.0833,0.0000,1.2373,-30.0000,0.0000,-0.0000,-0.0000,0.0000,0.000,0.000,-8.594,1,VEHICLE,0,-,0.0000,50,150,0,0.0800,0,0,0.000,0.000,0.000,0.0000,0.0000,0.0000,1,1.0000,0,0,0.0000,0,1.2873,0.0000,0.0000,0.0000,0.0000,0,80.00,0.0000,5.6285,-20.6251,0.0000,6.2373,-30.0000,80.00,-1,-1.00000,0.000,0.000,0.000,0.000,0.000,0.000,0,0.00,0,0,0,0,0,0,1.2873,-0.000,0.000,-0.0000,0.0000,-0.0000,4,1.2873,0.000
306,5.1000,0.0000,1.2373,-30.0000,0.0000,-0.0000,-0.0000,0.0000,0.000,0.000,-8.594,1,VEHICLE,0,-,0.0000,50,150,0,0.0800,0,0,0.000,0.000,0.000,0.0000,0.0000,0.0000,1,1.0000,0,0,0.0000,0,1.2873,0.0000,0.0000,0.0000,0.0000,0,80.00,0.0000,5.6285,-20.6251,0.0000,6.2373,-30.0000,80.00,-1,-1.00000,0.000,0.000,0.000,0.000,0.000,0.000,0,0.00,0,0,0,0,0,0,1.2873,-0.000,0.000,-0.0000,-0.0000,-0.0000,4,1.2873,0.000
307,5.1167,0.0000,1.2373,-30.0000,0.0000,-0.0000,-0.0000,0.0000,0.000,0.000,-8.594,1,VEHICLE,0,-,0.0000,50,150,0,0.0800,0,0,0.000,0.000,0.000,0.0000,0.0000,0.0000,1,1.0000,0,0,0.0000,0,1.2873,0.0000,0.0000,0.0000,0.0000,0,80.00,0.0000,5.6285,-20.6251,0.0000,6.2373,-30.0000,80.00,-1,-1.00000,0.000,0.000,0.000,0.000,0.000,0.000,0,0.00,0,0,0,0,0,0,1.2873,-0.000,0.000,-0.0000,0.0000,-0.0000,4,1.2873,0.000
308,5.1333,0.0000,1.2373,-30.0000,0.0000,-0.0000,-0.0000,0.0000,0.000,0.000,-8.594,1,VEHICLE,0,-,0.0000,50,150,0,0.0800,0,0,0.000,0.000,0.000,0.0000,0.0000,0.0000,1,1.0000,0,0,0.0000,0,1.2873,0.0000,0.0000,0.0000,0.0000,0,80.00,0.0000,5.6285,-20.6251,0.0000,6.2373,-30.0000,80.00,-1,-1.00000,0.000,0.000,0.000,0.000,0.000,0.000,0,0.00,0,0,0,0,0,0,1.2873,-0.000,0.000,0.0000,-0.0000,-0.0000,4,1.2873,0.000
309,5.1500,0.0000,1.2373,-30.0000,0.0000,-0.0000,-0.0000,0.0000,0.000,0.000,-8.594,1,VEHICLE,0,-,0.0000,50,150,0,0.0800,0,0,0.000,0.000,0.000,0.0000,0.0000,0.0000,1,1.0000,0,0,0.0000,0,1.2873,0.0000,0.0000,0.0000,0.0000,0,80.00,0.0000,5.6285,-20.6251,0.0000,6.2373,-30.0000,80.00,-1,-1.00000,0.000,0.000,0.000,0.000,0.000,0.000,0,0.00,0,0,0,0,0,0,1.2873,-0.000,0.000,-0.0000,0.0000,-0.0000,4,1.2873,0.000
310,5.1667,0.0000,1.2373,-30.0000,0.0000,-0.0000,-0.0000,0.0000,0.000,0.000,-8.594,1,VEHICLE,0,-,0.0000,50,150,0,0.0800,0,0,0.000,0.000,0.000,0.0000,0.0000,0.0000,1,1.0000,0,0,0.0000,0,1.2873,0.0000,0.0000,0.0000,0.0000,0,80.00,0.0000,5.6285,-20.6251,0.0000,6.2373,-30.0000,80.00,-1,-1.00000,0.000,0.000,0.000,0.000,0.000,0.000,0,0.00,0,0,0,0,0,0,1.2873,-0.000,0.000,-0.0000,0.0000,-0.0000,4,1.2873,0.000
311,5.1833,0.0000,1.2373,-30.0000,0.0000,-0.0000,-0.0000,0.0000,0.000,0.000,-8.594,1,VEHICLE,0,-,0.0000,50,150,0,0.0800,0,0,0.000,0.000,0.000,0.0000,0.0000,0.0000,1,1.0000,0,0,0.0000,0,1.2873,0.0000,0.0000,0.0000,0.0000,0,80.00,0.0000,5.6285,-20.6251,0.0000,6.2373,-30.0000,80.00,-1,-1.00000,0.000,0.000,0.000,0.000,0.000,0.000,0,0.00,0,0,0,0,0,0,1.2873,-0.000,0.000,-0.0000,-0.0000,-0.0000,4,1.2873,0.000
312,5.2000,0.0000,1.2373,-30.0000,0.0000,-0.0000,-0.0000,0.0000,0.000,0.000,-8.594,1,VEHICLE,0,-,0.0000,50,150,0,0.0800,0,0,0.000,0.000,0.000,0.0000,0.0000,0.0000,1,1.0000,0,0,0.0000,0,1.2873,0.0000,0.0000,0.0000,0.0000,0,80.00,0.0000,5.6285,-20.6251,0.0000,6.2373,-30.0000,80.00,-1,-1.00000,0.000,0.000,0.000,0.000,0.000,0.000,0,0.00,0,0,0,0,0,0,1.2873,-0.000,0.000,-0.0000,0.0000,-0.0000,4,1.2873,0.000
313,5.2167,0.0000,1.2373,-30.0000,0.0000,-0.0000,-0.0000,0.0000,0.000,0.000,-8.594,1,VEHICLE,0,-,0.0000,50,150,0,0.0800,0,0,0.000,0.000,0.000,0.0000,0.0000,0.0000,1,1.0000,0,0,0.0000,0,1.2873,0.0000,0.0000,0.0000,0.0000,0,80.00,0.0000,5.6285,-20.6251,0.0000,6.2373,-30.0000,80.00,-1,-1.00000,0.000,0.000,0.000,0.000,0.000,0.000,0,0.00,0,0,0,0,0,0,1.2873,-0.000,0.000,-0.0000,-0.0000,-0.0000,4,1.2873,0.000
314,5.2333,0.0000,1.2373,-30.0000,0.0000,-0.0000,-0.0000,0.0000,0.000,0.000,-8.594,1,VEHICLE,0,-,0.0000,50,150,0,0.0800,0,0,0.000,0.000,0.000,0.0000,0.0000,0.0000,1,1.0000,0,0,0.0000,0,1.2873,0.0000,0.0000,0.0000,0.0000,0,80.00,0.0000,5.6285,-20.6251,0.0000,6.2373,-30.0000,80.00,-1,-1.00000,0.000,0.000,0.000,0.000,0.000,0.000,0,0.00,0,0,0,0,0,0,1.2873,-0.000,0.000,-0.0000,0.0000,-0.0000,4,1.2873,0.000
315,5.2500,0.0000,1.2373,-30.0000,0.0000,-0.0000,-0.0000,0.0000,0.000,0.000,-8.594,1,VEHICLE,0,-,0.0000,50,150,0,0.0800,0,0,0.000,0.000,0.000,0.0000,0.0000,0.0000,1,1.0000,0,0,0.0000,0,1.2873,0.0000,0.0000,0.0000,0.0000,0,80.00,0.0000,5.6285,-20.6251,0.0000,6.2373,-30.0000,80.00,-1,-1.00000,0.000,0.000,0.000,0.000,0.000,0.000,0,0.00,0,0,0,0,0,0,1.2873,-0.000,0.000,0.0000,0.0000,-0.0000,4,1.2873,0.000
316,5.2667,0.0000,1.2373,-30.0000,0.0000,-0.0000,-0.0000,0.0000,0.000,0.000,-8.594,1,VEHICLE,0,-,0.0000,50,150,0,0.0800,0,0,0.000,0.000,0.000,0.0000,0.0000,0.0000,1,1.0000,0,0,0.0000,0,1.2873,0.0000,0.0000,0.0000,0.0000,0,80.00,0.0000,5.6285,-20.6251,0.0000,6.2373,-30.0000,80.00,-1,-1.00000,0.000,0.000,0.000,0.000,0.000,0.000,0,0.00,0,0,0,0,0,0,1.2873,-0.000,0.000,-0.0000,-0.0000,-0.0000,4,1.2873,0.000
317,5.2833,0.0000,1.2373,-30.0000,0.0000,-0.0000,-0.0000,0.0000,0.000,0.000,-8.594,1,VEHICLE,0,-,0.0000,50,150,0,0.0800,0,0,0.000,0.000,0.000,0.0000,0.0000,0.0000,1,1.0000,0,0,0.0000,0,1.2873,0.0000,0.0000,0.0000,0.0000,0,80.00,0.0000,5.6285,-20.6251,0.0000,6.2373,-30.0000,80.00,-1,-1.00000,0.000,0.000,0.000,0.000,0.000,0.000,0,0.00,0,0,0,0,0,0,1.2873,-0.000,0.000,-0.0000,0.0000,-0.0000,4,1.2873,0.000
318,5.3000,0.0000,1.2373,-30.0000,0.0000,-0.0000,-0.0000,0.0000,0.000,0.000,-8.594,1,VEHICLE,0,-,0.0000,50,150,0,0.0800,0,0,0.000,0.000,0.000,0.0000,0.0000,0.0000,1,1.0000,0,0,0.0000,0,1.2873,0.0000,0.0000,0.0000,0.0000,0,80.00,0.0000,5.6285,-20.6251,0.0000,6.2373,-30.0000,80.00,-1,-1.00000,0.000,0.000,0.000,0.000,0.000,0.000,0,0.00,0,0,0,0,0,0,1.2873,-0.000,0.000,-0.0000,0.0000,-0.0000,4,1.2873,0.000
319,5.3167,0.0000,1.2373,-30.0000,0.0000,-0.0000,-0.0000,0.0000,0.000,0.000,-8.594,1,VEHICLE,0,-,0.0000,50,150,0,0.0800,0,0,0.000,0.000,0.000,0.0000,0.0000,0.0000,1,1.0000,0,0,0.0000,0,1.2873,0.0000,0.0000,0.0000,0.0000,0,80.00,0.0000,5.6285,-20.6251,0.0000,6.2373,-30.0000,80.00,-1,-1.00000,0.000,0.000,0.000,0.000,0.000,0.000,0,0.00,0,0,0,0,0,0,1.2873,-0.000,0.000,-0.0000,-0.0000,-0.0000,4,1.2873,0.000
320,5.3333,0.0000,1.2373,-30.0000,0.0000,-0.0000,-0.0000,0.0000,0.000,0.000,-8.594,1,VEHICLE,0,-,0.0000,50,150,0,0.0800,0,0,0.000,0.000,0.000,0.0000,0.0000,0.0000,1,1.0000,0,0,0.0000,0,1.2873,0.0000,0.0000,0.0000,0.0000,0,80.00,0.0000,5.6285,-20.6251,0.0000,6.2373,-30.0000,80.00,-1,-1.00000,0.000,0.000,0.000,0.000,0.000,0.000,0,0.00,0,0,0,0,0,0,1.2873,-0.000,0.000,-0.0000,0.0000,-0.0000,4,1.2873,0.000
321,5.3500,0.0000,1.2373,-30.0000,0.0000,-0.0000,-0.0000,0.0000,0.000,0.000,-8.594,1,VEHICLE,0,-,0.0000,50,150,0,0.0800,0,0,0.000,0.000,0.000,0.0000,0.0000,0.0000,1,1.0000,0,0,0.0000,0,1.2873,0.0000,0.0000,0.0000,0.0000,0,80.00,0.0000,5.6285,-20.6251,0.0000,6.2373,-30.0000,80.00,-1,-1.00000,0.000,0.000,0.000,0.000,0.000,0.000,0,0.00,0,0,0,0,0,0,1.2873,-0.000,0.000,-0.0000,-0.0000,-0.0000,4,1.2873,0.000
322,5.3667,0.0000,1.2373,-30.0000,0.0000,-0.0000,-0.0000,0.0000,0.000,0.000,-8.594,1,VEHICLE,0,-,0.0000,50,150,0,0.0800,0,0,0.000,0.000,0.000,0.0000,0.0000,0.0000,1,1.0000,0,0,0.0000,0,1.2873,0.0000,0.0000,0.0000,0.0000,0,80.00,0.0000,5.6285,-20.6251,0.0000,6.2373,-30.0000,80.00,-1,-1.00000,0.000,0.000,0.000,0.000,0.000,0.000,0,0.00,0,0,0,0,0,0,1.2873,-0.000,0.000,-0.0000,0.0000,-0.0000,4,1.2873,0.000
323,5.3833,0.0000,1.2373,-30.0000,0.0000,-0.0000,-0.0000,0.0000,0.000,0.000,-8.594,1,VEHICLE,0,-,0.0000,50,150,0,0.0800,0,0,0.000,0.000,0.000,0.0000,0.0000,0.0000,1,1.0000,0,0,0.0000,0,1.2873,0.0000,0.0000,0.0000,0.0000,0,80.00,0.0000,5.6285,-20.6251,0.0000,6.2373,-30.0000,80.00,-1,-1.00000,0.000,0.000,0.000,0.000,0.000,0.000,0,0.00,0,0,0,0,0,0,1.2873,-0.000,0.000,0.0000,-0.0000,-0.0000,4,1.2873,0.000
324,5.4000,0.0000,1.2373,-30.0000,0.0000,-0.0000,-0.0000,0.0000,0.000,0.000,-8.594,1,VEHICLE,0,-,0.0000,50,150,0,0.0800,0,0,0.000,0.000,0.000,0.0000,0.0000,0.0000,1,1.0000,0,0,0.0000,0,1.2873,0.0000,0.0000,0.0000,0.0000,0,80.00,0.0000,5.6285,-20.6251,0.0000,6.2373,-30.0000,80.00,-1,-1.00000,0.000,0.000,0.000,0.000,0.000,0.000,0,0.00,0,0,0,0,0,0,1.2873,-0.000,0.000,-0.0000,0.0000,-0.0000,4,1.2873,0.000
325,5.4167,0.0000,1.2373,-30.0000,0.0000,-0.0000,-0.0000,0.0000,0.000,0.000,-8.594,1,VEHICLE,0,-,0.0000,50,150,0,0.0800,0,0,0.000,0.000,0.000,0.0000,0.0000,0.0000,1,1.0000,0,0,0.0000,0,1.2873,0.0000,0.0000,0.0000,0.0000,0,80.00,0.0000,5.6285,-20.6251,0.0000,6.2373,-30.0000,80.00,-1,-1.00000,0.000,0.000,0.000,0.000,0.000,0.000,0,0.00,0,0,0,0,0,0,1.2873,-0.000,0.000,-0.0000,-0.0000,-0.0000,4,1.2873,0.000
326,5.4333,0.0000,1.2373,-30.0000,0.0000,-0.0000,-0.0000,0.0000,0.000,0.000,-8.594,1,VEHICLE,0,-,0.0000,50,150,0,0.0800,0,0,0.000,0.000,0.000,0.0000,0.0000,0.0000,1,1.0000,0,0,0.0000,0,1.2873,0.0000,0.0000,0.0000,0.0000,0,80.00,0.0000,5.6285,-20.6251,0.0000,6.2373,-30.0000,80.00,-1,-1.00000,0.000,0.000,0.000,0.000,0.000,0.000,0,0.00,0,0,0,0,0,0,1.2873,-0.000,0.000,-0.0000,0.0000,-0.0000,4,1.2873,0.000
327,5.4500,0.0000,1.2373,-30.0000,0.0000,-0.0000,-0.0000,0.0000,0.000,0.000,-8.594,1,VEHICLE,0,-,0.0000,50,150,0,0.0800,0,0,0.000,0.000,0.000,0.0000,0.0000,0.0000,1,1.0000,0,0,0.0000,0,1.2873,0.0000,0.0000,0.0000,0.0000,0,80.00,0.0000,5.6285,-20.6251,0.0000,6.2373,-30.0000,80.00,-1,-1.00000,0.000,0.000,0.000,0.000,0.000,0.000,0,0.00,0,0,0,0,0,0,1.2873,-0.000,0.000,-0.0000,-0.0000,-0.0000,4,1.2873,0.000
328,5.4667,0.0000,1.2373,-30.0000,0.0000,-0.0000,-0.0000,0.0000,0.000,0.000,-8.594,1,VEHICLE,0,-,0.0000,50,150,0,0.0800,0,0,0.000,0.000,0.000,0.0000,0.0000,0.0000,1,1.0000,0,0,0.0000,0,1.2873,0.0000,0.0000,0.0000,0.0000,0,80.00,0.0000,5.6285,-20.6251,0.0000,6.2373,-30.0000,80.00,-1,-1.00000,0.000,0.000,0.000,0.000,0.000,0.000,0,0.00,0,0,0,0,0,0,1.2873,-0.000,0.000,-0.0000,0.0000,-0.0000,4,1.2873,0.000
329,5.4833,0.0000,1.2373,-30.0000,0.0000,-0.0000,-0.0000,0.0000,0.000,0.000,-8.594,1,VEHICLE,0,-,0.0000,50,150,0,0.0800,0,0,0.000,0.000,0.000,0.0000,0.0000,0.0000,1,1.0000,0,0,0.0000,0,1.2873,0.0000,0.0000,0.0000,0.0000,0,80.00,0.0000,5.6285,-20.6251,0.0000,6.2373,-30.0000,80.00,-1,-1.00000,0.000,0.000,0.000,0.000,0.000,0.000,0,0.00,0,0,0,0,0,0,1.2873,-0.000,0.000,0.0000,-0.0000,-0.0000,4,1.2873,0.000
330,5.5000,0.0000,1.2373,-30.0000,0.0000,-0.0000,-0.0000,0.0000,0.000,0.000,-8.594,1,VEHICLE,0,-,0.0000,50,150,0,0.0800,0,0,0.000,0.000,0.000,0.0000,0.0000,0.0000,1,1.0000,0,0,0.0000,0,1.2873,0.0000,0.0000,0.0000,0.0000,0,80.00,0.0000,5.6285,-20.6251,0.0000,6.2373,-30.0000,80.00,-1,-1.00000,0.000,0.000,0.000,0.000,0.000,0.000,0,0.00,0,0,0,0,0,0,1.2873,-0.000,0.000,-0.0000,-0.0000,-0.0000,4,1.2873,0.000
331,5.5167,0.0000,1.2373,-30.0000,0.0000,-0.0000,-0.0000,0.0000,0.000,0.000,-8.594,1,VEHICLE,0,-,0.0000,50,150,0,0.0800,0,0,0.000,0.000,0.000,0.0000,0.0000,0.0000,1,1.0000,0,0,0.0000,0,1.2873,0.0000,0.0000,0.0000,0.0000,0,80.00,0.0000,5.6285,-20.6251,0.0000,6.2373,-30.0000,80.00,-1,-1.00000,0.000,0.000,0.000,0.000,0.000,0.000,0,0.00,0,0,0,0,0,0,1.2873,-0.000,0.000,-0.0000,0.0000,-0.0000,4,1.2873,0.000
332,5.5333,0.0000,1.2373,-30.0000,0.0000,-0.0000,-0.0000,0.0000,0.000,0.000,-8.594,1,VEHICLE,0,-,0.0000,50,150,0,0.0800,0,0,0.000,0.000,0.000,0.0000,0.0000,0.0000,1,1.0000,0,0,0.0000,0,1.2873,0.0000,0.0000,0.0000,0.0000,0,80.00,0.0000,5.6285,-20.6251,0.0000,6.2373,-30.0000,80.00,-1,-1.00000,0.000,0.000,0.000,0.000,0.000,0.000,0,0.00,0,0,0,0,0,0,1.2873,-0.000,0.000,-0.0000,-0.0000,-0.0000,4,1.2873,0.000
333,5.5500,0.0000,1.2373,-30.0000,0.0000,-0.0000,-0.0000,0.0000,0.000,0.000,-8.594,1,VEHICLE,0,-,0.0000,50,150,0,0.0800,0,0,0.000,0.000,0.000,0.0000,0.0000,0.0000,1,1.0000,0,0,0.0000,0,1.2873,0.0000,0.0000,0.0000,0.0000,0,80.00,0.0000,5.6285,-20.6251,0.0000,6.2373,-30.0000,80.00,-1,-1.00000,0.000,0.000,0.000,0.000,0.000,0.000,0,0.00,0,0,0,0,0,0,1.2873,-0.000,0.000,-0.0000,0.0000,-0.0000,4,1.2873,0.000
334,5.5667,0.0000,1.2373,-30.0000,0.0000,-0.0000,-0.0000,0.0000,0.000,0.000,-8.594,1,VEHICLE,0,-,0.0000,50,150,0,0.0800,0,0,0.000,0.000,0.000,0.0000,0.0000,0.0000,1,1.0000,0,0,0.0000,0,1.2873,0.0000,0.0000,0.0000,0.0000,0,80.00,0.0000,5.6285,-20.6251,0.0000,6.2373,-30.0000,80.00,-1,-1.00000,0.000,0.000,0.000,0.000,0.000,0.000,0,0.00,0,0,0,0,0,0,1.2873,-0.000,0.000,0.0000,-0.0000,-0.0000,4,1.2873,0.000
335,5.5833,0.0000,1.2373,-30.0000,0.0000,-0.0000,-0.0000,0.0000,0.000,0.000,-8.594,1,VEHICLE,0,-,0.0000,50,150,0,0.0800,0,0,0.000,0.000,0.000,0.0000,0.0000,0.0000,1,1.0000,0,0,0.0000,0,1.2873,0.0000,0.0000,0.0000,0.0000,0,80.00,0.0000,5.6285,-20.6251,0.0000,6.2373,-30.0000,80.00,-1,-1.00000,0.000,0.000,0.000,0.000,0.000,0.000,0,0.00,0,0,0,0,0,0,1.2873,-0.000,0.000,-0.0000,0.0000,-0.0000,4,1.2873,0.000
336,5.6000,0.0000,1.2373,-30.0000,0.0000,-0.0000,-0.0000,0.0000,0.000,0.000,-8.594,1,VEHICLE,0,-,0.0000,50,150,0,0.0800,0,0,0.000,0.000,0.000,0.0000,0.0000,0.0000,1,1.0000,0,0,0.0000,0,1.2873,0.0000,0.0000,0.0000,0.0000,0,80.00,0.0000,5.6285,-20.6251,0.0000,6.2373,-30.0000,80.00,-1,-1.00000,0.000,0.000,0.000,0.000,0.000,0.000,0,0.00,0,0,0,0,0,0,1.2873,-0.000,0.000,-0.0000,-0.0000,-0.0000,4,1.2873,0.000
337,5.6167,0.0000,1.2373,-30.0000,0.0000,-0.0000,-0.0000,0.0000,0.000,0.000,-8.594,1,VEHICLE,0,-,0.0000,50,150,0,0.0800,0,0,0.000,0.000,0.000,0.0000,0.0000,0.0000,1,1.0000,0,0,0.0000,0,1.2873,0.0000,0.0000,0.0000,0.0000,0,80.00,0.0000,5.6285,-20.6251,0.0000,6.2373,-30.0000,80.00,-1,-1.00000,0.000,0.000,0.000,0.000,0.000,0.000,0,0.00,0,0,0,0,0,0,1.2873,-0.000,0.000,-0.0000,0.0000,-0.0000,4,1.2873,0.000
338,5.6333,0.0000,1.2373,-30.0000,0.0000,-0.0000,-0.0000,0.0000,0.000,0.000,-8.594,1,VEHICLE,0,-,0.0000,50,150,0,0.0800,0,0,0.000,0.000,0.000,0.0000,0.0000,0.0000,1,1.0000,0,0,0.0000,0,1.2873,0.0000,0.0000,0.0000,0.0000,0,80.00,0.0000,5.6285,-20.6251,0.0000,6.2373,-30.0000,80.00,-1,-1.00000,0.000,0.000,0.000,0.000,0.000,0.000,0,0.00,0,0,0,0,0,0,1.2873,-0.000,0.000,-0.0000,-0.0000,-0.0000,4,1.2873,0.000
339,5.6500,0.0000,1.2373,-30.0000,0.0000,-0.0000,-0.0000,0.0000,0.000,0.000,-8.594,1,VEHICLE,0,-,0.0000,50,150,0,0.0800,0,0,0.000,0.000,0.000,0.0000,0.0000,0.0000,1,1.0000,0,0,0.0000,0,1.2873,0.0000,0.0000,0.0000,0.0000,0,80.00,0.0000,5.6285,-20.6251,0.0000,6.2373,-30.0000,80.00,-1,-1.00000,0.000,0.000,0.000,0.000,0.000,0.000,0,0.00,0,0,0,0,0,0,1.2873,-0.000,0.000,-0.0000,0.0000,-0.0000,4,1.2873,0.000
340,5.6667,0.0000,1.2373,-30.0000,0.0000,-0.0000,-0.0000,0.0000,0.000,0.000,-8.594,1,VEHICLE,0,-,0.0000,50,150,0,0.0800,0,0,0.000,0.000,0.000,0.0000,0.0000,0.0000,1,1.0000,0,0,0.0000,0,1.2873,0.0000,0.0000,0.0000,0.0000,0,80.00,0.0000,5.6285,-20.6251,0.0000,6.2373,-30.0000,80.00,-1,-1.00000,0.000,0.000,0.000,0.000,0.000,0.000,0,0.00,0,0,0,0,0,0,1.2873,-0.000,0.000,0.0000,-0.0000,-0.0000,4,1.2873,0.000
341,5.6833,0.0000,1.2373,-30.0000,0.0000,-0.0000,-0.0000,0.0000,0.000,0.000,-8.594,1,VEHICLE,0,-,0.0000,50,150,0,0.0800,0,0,0.000,0.000,0.000,0.0000,0.0000,0.0000,1,1.0000,0,0,0.0000,0,1.2873,0.0000,0.0000,0.0000,0.0000,0,80.00,0.0000,5.6285,-20.6251,0.0000,6.2373,-30.0000,80.00,-1,-1.00000,0.000,0.000,0.000,0.000,0.000,0.000,0,0.00,0,0,0,0,0,0,1.2873,-0.000,0.000,-0.0000,0.0000,-0.0000,4,1.2873,0.000
342,5.7000,0.0000,1.2373,-30.0000,0.0000,-0.0000,-0.0000,0.0000,0.000,0.000,-8.594,1,VEHICLE,0,-,0.0000,50,150,0,0.0800,0,0,0.000,0.000,0.000,0.0000,0.0000,0.0000,1,1.0000,0,0,0.0000,0,1.2873,0.0000,0.0000,0.0000,0.0000,0,80.00,0.0000,5.6285,-20.6251,0.0000,6.2373,-30.0000,80.00,-1,-1.00000,0.000,0.000,0.000,0.000,0.000,0.000,0,0.00,0,0,0,0,0,0,1.2873,-0.000,0.000,-0.0000,-0.0000,-0.0000,4,1.2873,0.000
343,5.7167,0.0000,1.2373,-30.0000,0.0000,-0.0000,-0.0000,0.0000,0.000,0.000,-8.594,1,VEHICLE,0,-,0.0000,50,150,0,0.0800,0,0,0.000,0.000,0.000,0.0000,0.0000,0.0000,1,1.0000,0,0,0.0000,0,1.2873,0.0000,0.0000,0.0000,0.0000,0,80.00,0.0000,5.6285,-20.6251,0.0000,6.2373,-30.0000,80.00,-1,-1.00000,0.000,0.000,0.000,0.000,0.000,0.000,0,0.00,0,0,0,0,0,0,1.2873,-0.000,0.000,-0.0000,0.0000,-0.0000,4,1.2873,0.000
344,5.7333,0.0000,1.2373,-30.0000,0.0000,-0.0000,-0.0000,0.0000,0.000,0.000,-8.594,1,VEHICLE,0,-,0.0000,50,150,0,0.0800,0,0,0.000,0.000,0.000,0.0000,0.0000,0.0000,1,1.0000,0,0,0.0000,0,1.2873,0.0000,0.0000,0.0000,0.0000,0,80.00,0.0000,5.6285,-20.6251,0.0000,6.2373,-30.0000,80.00,-1,-1.00000,0.000,0.000,0.000,0.000,0.000,0.000,0,0.00,0,0,0,0,0,0,1.2873,-0.000,0.000,-0.0000,-0.0000,-0.0000,4,1.2873,0.000
345,5.7500,0.0000,1.2373,-30.0000,0.0000,-0.0000,-0.0000,0.0000,0.000,0.000,-8.594,1,VEHICLE,0,-,0.0000,50,150,0,0.0800,0,0,0.000,0.000,0.000,0.0000,0.0000,0.0000,1,1.0000,0,0,0.0000,0,1.2873,0.0000,0.0000,0.0000,0.0000,0,80.00,0.0000,5.6285,-20.6251,0.0000,6.2373,-30.0000,80.00,-1,-1.00000,0.000,0.000,0.000,0.000,0.000,0.000,0,0.00,0,0,0,0,0,0,1.2873,-0.000,0.000,-0.0000,0.0000,-0.0000,4,1.2873,0.000
346,5.7667,0.0000,1.2373,-30.0000,0.0000,-0.0000,-0.0000,0.0000,0.000,0.000,-8.594,1,VEHICLE,0,-,0.0000,50,150,0,0.0800,0,0,0.000,0.000,0.000,0.0000,0.0000,0.0000,1,1.0000,0,0,0.0000,0,1.2873,0.0000,0.0000,0.0000,0.0000,0,80.00,0.0000,5.6285,-20.6251,0.0000,6.2373,-30.0000,80.00,-1,-1.00000,0.000,0.000,0.000,0.000,0.000,0.000,0,0.00,0,0,0,0,0,0,1.2873,-0.000,0.000,-0.0000,-0.0000,-0.0000,4,1.2873,0.000
347,5.7833,0.0000,1.2373,-30.0000,0.0000,-0.0000,-0.0000,0.0000,0.000,0.000,-8.594,1,VEHICLE,0,-,0.0000,50,150,0,0.0800,0,0,0.000,0.000,0.000,0.0000,0.0000,0.0000,1,1.0000,0,0,0.0000,0,1.2873,0.0000,0.0000,0.0000,0.0000,0,80.00,0.0000,5.6285,-20.6251,0.0000,6.2373,-30.0000,80.00,-1,-1.00000,0.000,0.000,0.000,0.000,0.000,0.000,0,0.00,0,0,0,0,0,0,1.2873,-0.000,0.000,0.0000,0.0000,-0.0000,4,1.2873,0.000
348,5.8000,0.0000,1.2373,-30.0000,0.0000,-0.0000,-0.0000,0.0000,0.000,0.000,-8.594,1,VEHICLE,0,-,0.0000,50,150,0,0.0800,0,0,0.000,0.000,0.000,0.0000,0.0000,0.0000,1,1.0000,0,0,0.0000,0,1.2873,0.0000,0.0000,0.0000,0.0000,0,80.00,0.0000,5.6285,-20.6251,0.0000,6.2373,-30.0000,80.00,-1,-1.00000,0.000,0.000,0.000,0.000,0.000,0.000,0,0.00,0,0,0,0,0,0,1.2873,-0.000,0.000,-0.0000,-0.0000,-0.0000,4,1.2873,0.000
349,5.8167,0.0000,1.2373,-30.0000,0.0000,-0.0000,-0.0000,0.0000,0.000,0.000,-8.594,1,VEHICLE,0,-,0.0000,50,150,0,0.0800,0,0,0.000,0.000,0.000,0.0000,0.0000,0.0000,1,1.0000,0,0,0.0000,0,1.2873,0.0000,0.0000,0.0000,0.0000,0,80.00,0.0000,5.6285,-20.6251,0.0000,6.2373,-30.0000,80.00,-1,-1.00000,0.000,0.000,0.000,0.000,0.000,0.000,0,0.00,0,0,0,0,0,0,1.2873,-0.000,0.000,-0.0000,0.0000,-0.0000,4,1.2873,0.000
350,5.8333,0.0000,1.2373,-30.0000,0.0000,-0.0000,-0.0000,0.0000,0.000,0.000,-8.594,1,VEHICLE,0,-,0.0000,50,150,0,0.0800,0,0,0.000,0.000,0.000,0.0000,0.0000,0.0000,1,1.0000,0,0,0.0000,0,1.2873,0.0000,0.0000,0.0000,0.0000,0,80.00,0.0000,5.6285,-20.6251,0.0000,6.2373,-30.0000,80.00,-1,-1.00000,0.000,0.000,0.000,0.000,0.000,0.000,0,0.00,0,0,0,0,0,0,1.2873,-0.000,0.000,-0.0000,-0.0000,-0.0000,4,1.2873,0.000
351,5.8500,0.0000,1.2373,-30.0000,0.0000,-0.0000,-0.0000,0.0000,0.000,0.000,-8.594,1,VEHICLE,0,-,0.0000,50,150,0,0.0800,0,0,0.000,0.000,0.000,0.0000,0.0000,0.0000,1,1.0000,0,0,0.0000,0,1.2873,0.0000,0.0000,0.0000,0.0000,0,80.00,0.0000,5.6285,-20.6251,0.0000,6.2373,-30.0000,80.00,-1,-1.00000,0.000,0.000,0.000,0.000,0.000,0.000,0,0.00,0,0,0,0,0,0,1.2873,-0.000,0.000,-0.0000,0.0000,-0.0000,4,1.2873,0.000
352,5.8667,0.0000,1.2373,-30.0000,0.0000,-0.0000,-0.0000,0.0000,0.000,0.000,-8.594,1,VEHICLE,0,-,0.0000,50,150,0,0.0800,0,0,0.000,0.000,0.000,0.0000,0.0000,0.0000,1,1.0000,0,0,0.0000,0,1.2873,0.0000,0.0000,0.0000,0.0000,0,80.00,0.0000,5.6285,-20.6251,0.0000,6.2373,-30.0000,80.00,-1,-1.00000,0.000,0.000,0.000,0.000,0.000,0.000,0,0.00,0,0,0,0,0,0,1.2873,-0.000,0.000,-0.0000,0.0000,-0.0000,4,1.2873,0.000
353,5.8833,0.0000,1.2373,-30.0000,0.0000,-0.0000,-0.0000,0.0000,0.000,0.000,-8.594,1,VEHICLE,0,-,0.0000,50,150,0,0.0800,0,0,0.000,0.000,0.000,0.0000,0.0000,0.0000,1,1.0000,0,0,0.0000,0,1.2873,0.0000,0.0000,0.0000,0.0000,0,80.00,0.0000,5.6285,-20.6251,0.0000,6.2373,-30.0000,80.00,-1,-1.00000,0.000,0.000,0.000,0.000,0.000,0.000,0,0.00,0,0,0,0,0,0,1.2873,-0.000,0.000,-0.0000,-0.0000,-0.0000,4,1.2873,0.000
354,5.9000,0.0000,1.2373,-30.0000,0.0000,-0.0000,-0.0000,0.0000,0.000,0.000,-8.594,1,VEHICLE,0,-,0.0000,50,150,0,0.0800,0,0,0.000,0.000,0.000,0.0000,0.0000,0.0000,1,1.0000,0,0,0.0000,0,1.2873,0.0000,0.0000,0.0000,0.0000,0,80.00,0.0000,5.6285,-20.6251,0.0000,6.2373,-30.0000,80.00,-1,-1.00000,0.000,0.000,0.000,0.000,0.000,0.000,0,0.00,0,0,0,0,0,0,1.2873,-0.000,0.000,-0.0000,-0.0000,-0.0000,4,1.2873,0.000
355,5.9167,0.0000,1.2373,-30.0000,0.0000,-0.0000,-0.0000,0.0000,0.000,0.000,-8.594,1,VEHICLE,0,-,0.0000,50,150,0,0.0800,0,0,0.000,0.000,0.000,0.0000,0.0000,0.0000,1,1.0000,0,0,0.0000,0,1.2873,0.0000,0.0000,0.0000,0.0000,0,80.00,0.0000,5.6285,-20.6251,0.0000,6.2373,-30.0000,80.00,-1,-1.00000,0.000,0.000,0.000,0.000,0.000,0.000,0,0.00,0,0,0,0,0,0,1.2873,-0.000,0.000,0.0000,-0.0000,-0.0000,4,1.2873,0.000
356,5.9333,0.0000,1.2373,-30.0000,0.0000,-0.0000,-0.0000,0.0000,0.000,0.000,-8.594,1,VEHICLE,0,-,0.0000,50,150,0,0.0800,0,0,0.000,0.000,0.000,0.0000,0.0000,0.0000,1,1.0000,0,0,0.0000,0,1.2873,0.0000,0.0000,0.0000,0.0000,0,80.00,0.0000,5.6285,-20.6251,0.0000,6.2373,-30.0000,80.00,-1,-1.00000,0.000,0.000,0.000,0.000,0.000,0.000,0,0.00,0,0,0,0,0,0,1.2873,-0.000,0.000,-0.0000,0.0000,-0.0000,4,1.2873,0.000
357,5.9500,0.0000,1.2373,-30.0000,0.0000,-0.0000,-0.0000,0.0000,0.000,0.000,-8.594,1,VEHICLE,0,-,0.0000,50,150,0,0.0800,0,0,0.000,0.000,0.000,0.0000,0.0000,0.0000,1,1.0000,0,0,0.0000,0,1.2873,0.0000,0.0000,0.0000,0.0000,0,80.00,0.0000,5.6285,-20.6251,0.0000,6.2373,-30.0000,80.00,-1,-1.00000,0.000,0.000,0.000,0.000,0.000,0.000,0,0.00,0,0,0,0,0,0,1.2873,-0.000,0.000,-0.0000,-0.0000,-0.0000,4,1.2873,0.000
358,5.9667,0.0000,1.2373,-30.0000,0.0000,-0.0000,-0.0000,0.0000,0.000,0.000,-8.594,1,VEHICLE,0,-,0.0000,50,150,0,0.0800,0,0,0.000,0.000,0.000,0.0000,0.0000,0.0000,1,1.0000,0,0,0.0000,0,1.2873,0.0000,0.0000,0.0000,0.0000,0,80.00,0.0000,5.6285,-20.6251,0.0000,6.2373,-30.0000,80.00,-1,-1.00000,0.000,0.000,0.000,0.000,0.000,0.000,0,0.00,0,0,0,0,0,0,1.2873,-0.000,0.000,-0.0000,-0.0000,-0.0000,4,1.2873,0.000
359,5.9833,0.0000,1.2373,-30.0000,0.0000,-0.0000,-0.0000,0.0000,0.000,0.000,-8.594,1,VEHICLE,0,-,0.0000,50,150,0,0.0800,0,0,0.000,0.000,0.000,0.0000,0.0000,0.0000,1,1.0000,0,0,0.0000,0,1.2873,0.0000,0.0000,0.0000,0.0000,0,80.00,0.0000,5.6285,-20.6251,0.0000,6.2373,-30.0000,80.00,-1,-1.00000,0.000,0.000,0.000,0.000,0.000,0.000,0,0.00,0,0,0,0,0,0,1.2873,-0.000,0.000,-0.0000,-0.0000,-0.0000,4,1.2873,0.000
360,6.0000,0.0000,1.2373,-30.0000,0.0000,-0.0000,-0.0000,0.0000,0.000,0.000,-8.594,1,VEHICLE,0,-,0.0000,50,150,0,0.0800,0,0,0.000,0.000,0.000,0.0000,0.0000,0.0000,1,1.0000,0,0,0.0000,0,1.2873,0.0000,0.0000,0.0000,0.0000,0,80.00,0.0000,5.6285,-20.6251,0.0000,6.2373,-30.0000,80.00,-1,-1.00000,0.000,0.000,0.000,0.000,0.000,0.000,0,0.00,0,0,0,0,0,0,1.2873,-0.000,0.000,-0.0000,-0.0000,-0.0000,4,1.2873,0.000
