step,t,x,y,z,vx,vy,vz,hspeed,yaw_deg,cam_yaw_deg,cam_pitch_deg,grounded,form,transforming,anim,anim_t,ammo,reserve,reloading,spread,shots,weapon_visible,reload_w,aim_w,aim_pitch_n,muzzle_x,muzzle_y,muzzle_z,move_form,progress,weapon_usable,weapon_restored,mesh_off_y,veh_driving,veh_ride,veh_dash,veh_dash_cd,veh_nitro,veh_nitro_cd,fine_aim,fov,cam_x,cam_y,cam_z,cam_focus_x,cam_focus_y,cam_focus_z,cam_fov,drawn_model,pose_delta,bb_min_x,bb_min_y,bb_min_z,bb_max_x,bb_max_y,bb_max_z,far_verts,far_max,partner_far_verts,partner_shown,arm_shown,hand_shrunk,robot_visible,vehicle_visible,com_h,pitch_deg,roll_deg,ang_x,ang_y,ang_z,contacts,spring_mean,rammed_remain
1,0.0167,0.0000,0.5500,0.0000,0.0000,0.2969,0.0000,0.0000,0.000,0.000,-8.594,1,VEHICLE,0,-,0.0000,50,150,0,0.0800,0,0,0.000,0.000,0.000,0.0000,0.0000,0.0000,1,1.0000,0,0,0.0000,0,0.0500,0.0000,0.0000,0.0000,0.0000,0,80.00,2.9761,4.1808,6.4911,0.0000,5.5500,0.0000,80.00,-1,-1.00000,0.000,0.000,0.000,0.000,0.000,0.000,0,0.00,0,0,0,0,0,0,0.6000,-0.000,0.000,-0.0000,0.0000,-0.0000,4,0.0500,0.000
2,0.0333,0.0000,0.5500,-0.0000,0.0000,0.0000,-0.0000,0.0000,0.000,0.000,-8.594,1,VEHICLE,0,-,0.0000,50,150,0,0.0800,0,0,0.000,0.000,0.000,0.0000,0.0000,0.0000,1,1.0000,0,0,0.0000,0,0.6000,0.0000,0.0000,0.0000,0.0000,0,80.00,2.9116,4.1958,6.5231,0.0000,5.5500,-0.0000,80.00,-1,-1.00000,0.000,0.000,0.000,0.000,0.000,0.000,0,0.00,0,0,0,0,0,0,0.6000,-0.000,0.000,-0.0000,0.0000,-0.0000,4,0.6000,0.000
3,0.0500,0.0000,0.5527,-0.0000,0.0000,0.1649,-0.0000,0.0000,0.000,0.000,-8.594,1,VEHICLE,0,-,0.0000,50,150,0,0.0800,0,0,0.000,0.000,0.000,0.0000,0.0000,0.0000,1,1.0000,0,0,0.0000,0,0.6000,0.0000,0.0000,0.0000,0.0000,0,80.00,2.8169,4.2205,6.5704,0.0000,5.5527,-0.0000,80.00,-1,-1.00000,0.000,0.000,0.000,0.000,0.000,0.000,0,0.00,0,0,0,0,0,0,0.6027,-0.000,0.000,-0.0000,0.0000,-0.0000,4,0.6000,0.000
4,0.0667,0.0000,0.5580,-0.0000,0.0000,0.3127,-0.0000,0.0000,0.000,0.000,-8.594,1,VEHICLE,0,-,0.0000,50,150,0,0.0800,0,0,0.000,0.000,0.000,0.0000,0.0000,0.0000,1,1.0000,0,0,0.0000,0,0.6027,0.0000,0.0000,0.0000,0.0000,0,80.00,2.7005,4.2527,6.6288,0.0000,5.5580,-0.0000,80.00,-1,-1.00000,0.000,0.000,0.000,0.000,0.000,0.000,0,0.00,0,0,0,0,0,0,0.6080,-0.000,0.000,-0.0000,0.0000,-0.0000,4,0.6027,0.000
5,0.0833,0.0000,0.5654,-0.0000,0.0000,0.4445,-0.0000,0.0000,0.000,0.000,-8.594,1,VEHICLE,0,-,0.0000,50,150,0,0.0800,0,0,0.000,0.000,0.000,0.0000,0.0000,0.0000,1,1.0000,0,0,0.0000,0,0.6080,0.0000,0.0000,0.0000,0.0000,0,80.00,2.5694,4.2906,6.6953,0.0000,5.5654,-0.0000,80.00,-1,-1.00000,0.000,0.000,0.000,0.000,0.000,0.000,0,0.00,0,0,0,0,0,0,0.6154,-0.000,0.000,-0.0000,0.0000,-0.0000,4,0.6080,0.000
6,0.1000,0.0000,0.5747,-0.0000,0.0000,0.5613,-0.0000,0.0000,0.000,0.000,-8.594,1,VEHICLE,0,-,0.0000,50,150,0,0.0800,0,0,0.000,0.000,0.000,0.0000,0.0000,0.0000,1,1.0000,0,0,0.0000,0,0.6154,0.0000,0.0000,0.0000,0.0000,0,80.00,2.4290,4.3326,6.7670,0.0000,5.5747,-0.0000,80.00,-1,-1.00000,0.000,0.000,0.000,0.000,0.000,0.000,0,0.00,0,0,0,0,0,0,0.6247,-0.000,0.000,-0.0000,0.0000,-0.0000,4,0.6154,0.000
7,0.1167,0.0000,0.5858,-0.0000,0.0000,0.6642,-0.0000,0.0000,0.000,0.000,-8.594,1,VEHICLE,0,-,0.0000,50,150,0,0.0800,0,0,0.000,0.000,0.000,0.0000,0.0000,0.0000,1,1.0000,0,0,0.0000,0,0.6247,0.0000,0.0000,0.0000,0.0000,0,80.00,2.2837,4.3775,6.8421,0.0000,5.5858,-0.0000,80.00,-1,-1.00000,0.000,0.000,0.000,0.000,0.000,0.000,0,0.00,0,0,0,0,0,0,0.6358,-0.000,0.000,-0.0000,0.0000,-0.0000,4,0.6247,0.000
8,0.1333,0.0000,0.5984,-0.0000,0.0000,0.7541,-0.0000,0.0000,0.000,0.000,-8.594,1,VEHICLE,0,-,0.0000,50,150,0,0.0800,0,0,0.000,0.000,0.000,0.0000,0.0000,0.0000,1,1.0000,0,0,0.0000,0,0.6358,0.0000,0.0000,0.0000,0.0000,0,80.00,2.1368,4.4243,6.9188,0.0000,5.5984,-0.0000,80.00,-1,-1.00000,0.000,0.000,0.000,0.000,0.000,0.000,0,0.00,0,0,0,0,0,0,0.6484,-0.000,0.000,-0.0000,0.0000,-0.0000,4,0.6358,0.000
9,0.1500,0.0000,0.6122,-0.0000,0.0000,0.8320,-0.0000,0.0000,0.000,0.000,-8.594,1,VEHICLE,0,-,0.0000,50,150,0,0.0800,0,0,0.000,0.000,0.000,0.0000,0.0000,0.0000,1,1.0000,0,0,0.0000,0,0.6484,0.0000,0.0000,0.0000,0.0000,0,80.00,1.9911,4.4722,6.9958,0.0000,5.6122,-0.0000,80.00,-1,-1.00000,0.000,0.000,0.000,0.000,0.000,0.000,0,0.00,0,0,0,0,0,0,0.6622,-0.000,0.000,-0.0000,0.0000,-0.0000,4,0.6484,0.000
10,0.1667,0.0000,0.6272,-0.0000,0.0000,0.8988,-0.0000,0.0000,0.000,0.000,-8.594,1,VEHICLE,0,-,0.0000,50,150,0,0.0800,0,0,0.000,0.000,0.000,0.0000,0.0000,0.0000,1,1.0000,0,0,0.0000,0,0.6622,0.0000,0.0000,0.0000,0.0000,0,80.00,1.8485,4.5206,7.0723,0.0000,5.6272,-0.0000,80.00,-1,-1.00000,0.000,0.000,0.000,0.000,0.000,0.000,0,0.00,0,0,0,0,0,0,0.6772,-0.000,0.000,-0.0000,0.0000,-0.0000,4,0.6622,0.000
11,0.1833,0.0000,0.6431,-0.0000,0.0000,0.9554,-0.0000,0.0000,0.000,0.000,-8.594,1,VEHICLE,0,-,0.0000,50,150,0,0.0800,0,0,0.000,0.000,0.000,0.0000,0.0000,0.0000,1,1.0000,0,0,0.0000,0,0.6772,0.0000,0.0000,0.0000,0.0000,0,80.00,1.7105,4.5688,7.1475,0.0000,5.6431,-0.0000,80.00,-1,-1.00000,0.000,0.000,0.000,0.000,0.000,0.000,0,0.00,0,0,0,0,0,0,0.6931,-0.000,0.000,-0.0000,0.0000,-0.0000,4,0.6772,0.000
12,0.2000,0.0000,0.6598,-0.0000,0.0000,1.0024,-0.0000,0.0000,0.000,0.000,-8.594,1,VEHICLE,0,-,0.0000,50,150,0,0.0800,0,0,0.000,0.000,0.000,0.0000,0.0000,0.0000,1,1.0000,0,0,0.0000,0,0.6931,0.0000,0.0000,0.0000,0.0000,0,80.00,1.5782,4.6166,7.2208,0.0000,5.6598,-0.0000,80.00,-1,-1.00000,0.000,0.000,0.000,0.000,0.000,0.000,0,0.00,0,0,0,0,0,0,0.7098,-0.000,0.000,-0.0000,0.0000,-0.0000,4,0.6931,0.000
13,0.2167,0.0000,0.6772,-0.0000,0.0000,1.0407,-0.0000,0.0000,0.000,0.000,-8.594,1,VEHICLE,0,-,0.0000,50,150,0,0.0800,0,0,0.000,0.000,0.000,0.0000,0.0000,0.0000,1,1.0000,0,0,0.0000,0,0.7098,0.0000,0.0000,0.0000,0.0000,0,80.00,1.4523,4.6636,7.2919,0.0000,5.6772,-0.0000,80.00,-1,-1.00000,0.000,0.000,0.000,0.000,0.000,0.000,0,0.00,0,0,0,0,0,0,0.7272,-0.000,0.000,-0.0000,0.0000,-0.0000,4,0.7098,0.000
14,0.2333,0.0000,0.6950,-0.0000,0.0000,1.0711,-0.0000,0.0000,0.000,0.000,-8.594,1,VEHICLE,0,-,0.0000,50,150,0,0.0800,0,0,0.000,0.000,0.000,0.0000,0.0000,0.0000,1,1.0000,0,0,0.0000,0,0.7272,0.0000,0.0000,0.0000,0.0000,0,80.00,1.3333,4.7095,7.3606,0.0000,5.6950,-0.0000,80.00,-1,-1.00000,0.000,0.000,0.000,0.000,0.000,0.000,0,0.00,0,0,0,0,0,0,0.7450,-0.000,0.000,-0.0000,0.0000,-0.0000,4,0.7272,0.000
15,0.2500,0.0000,0.7133,-0.0000,0.0000,1.0941,-0.0000,0.0000,0.000,0.000,-8.594,1,VEHICLE,0,-,0.0000,50,150,0,0.0800,0,0,0.000,0.000,0.000,0.0000,0.0000,0.0000,1,1.0000,0,0,0.0000,0,0.7450,0.0000,0.0000,0.0000,0.0000,0,80.00,1.2213,4.7542,7.4266,0.0000,5.7133,-0.0000,80.00,-1,-1.00000,0.000,0.000,0.000,0.000,0.000,0.000,0,0.00,0,0,0,0,0,0,0.7633,-0.000,0.000,0.0000,0.0000,-0.0000,4,0.7450,0.000
16,0.2667,0.0000,0.7318,-0.0000,0.0000,1.1105,-0.0000,0.0000,0.000,0.000,-8.594,1,VEHICLE,0,-,0.0000,50,150,0,0.0800,0,0,0.000,0.000,0.000,0.0000,0.0000,0.0000,1,1.0000,0,0,0.0000,0,0.7633,0.0000,0.0000,0.0000,0.0000,0,80.00,1.1166,4.7976,7.4900,0.0000,5.7318,-0.0000,80.00,-1,-1.00000,0.000,0.000,0.000,0.000,0.000,0.000,0,0.00,0,0,0,0,0,0,0.7818,-0.000,0.000,-0.0000,-0.0000,-0.0000,4,0.7633,0.000
17,0.2833,0.0000,0.7505,-0.0000,0.0000,1.1207,-0.0000,0.0000,0.000,0.000,-8.594,1,VEHICLE,0,-,0.0000,50,150,0,0.0800,0,0,0.000,0.000,0.000,0.0000,0.0000,0.0000,1,1.0000,0,0,0.0000,0,0.7818,0.0000,0.0000,0.0000,0.0000,0,80.00,1.0190,4.8395,7.5508,0.0000,5.7505,-0.0000,80.00,-1,-1.00000,0.000,0.000,0.000,0.000,0.000,0.000,0,0.00,0,0,0,0,0,0,0.8005,-0.000,0.000,-0.0000,-0.0000,-0.0000,4,0.7818,0.000
18,0.3000,0.0000,0.7692,-0.0000,0.0000,1.1255,-0.0000,0.0000,0.000,0.000,-8.594,1,VEHICLE,0,-,0.0000,50,150,0,0.0800,0,0,0.000,0.000,0.000,0.0000,0.0000,0.0000,1,1.0000,0,0,0.0000,0,0.8005,0.0000,0.0000,0.0000,0.0000,0,80.00,0.9283,4.8799,7.6090,0.0000,5.7692,-0.0000,80.00,-1,-1.00000,0.000,0.000,0.000,0.000,0.000,0.000,0,0.00,0,0,0,0,0,0,0.8192,-0.000,0.000,0.0000,-0.0000,-0.0000,4,0.8005,0.000
19,0.3167,0.0000,0.7880,-0.0000,0.0000,1.1253,-0.0000,0.0000,0.000,0.000,-8.594,1,VEHICLE,0,-,0.0000,50,150,0,0.0800,0,0,0.000,0.000,0.000,0.0000,0.0000,0.0000,1,1.0000,0,0,0.0000,0,0.8192,0.0000,0.0000,0.0000,0.0000,0,80.00,0.8445,4.9188,7.6646,0.0000,5.7880,-0.0000,80.00,-1,-1.00000,0.000,0.000,0.000,0.000,0.000,0.000,0,0.00,0,0,0,0,0,0,0.8380,-0.000,0.000,-0.0000,0.0000,-0.0000,4,0.8192,0.000
20,0.3333,0.0000,0.8066,-0.0000,0.0000,1.1206,-0.0000,0.0000,0.000,0.000,-8.594,1,VEHICLE,0,-,0.0000,50,150,0,0.0800,0,0,0.000,0.000,0.000,0.0000,0.0000,0.0000,1,1.0000,0,0,0.0000,0,0.8380,0.0000,0.0000,0.0000,0.0000,0,80.00,0.7671,4.9562,7.7178,0.0000,5.8066,-0.0000,80.00,-1,-1.00000,0.000,0.000,0.000,0.000,0.000,0.000,0,0.00,0,0,0,0,0,0,0.8566,-0.000,0.000,0.0000,0.0000,-0.0000,4,0.8380,0.000
21,0.3500,0.0000,0.8252,-0.0000,0.0000,1.1118,-0.0000,0.0000,0.000,0.000,-8.594,1,VEHICLE,0,-,0.0000,50,150,0,0.0800,0,0,0.000,0.000,0.000,0.0000,0.0000,0.0000,1,1.0000,0,0,0.0000,0,0.8566,0.0000,0.0000,0.0000,0.0000,0,80.00,0.6959,4.9920,7.7687,0.0000,5.8252,-0.0000,80.00,-1,-1.00000,0.000,0.000,0.000,0.000,0.000,0.000,0,0.00,0,0,0,0,0,0,0.8752,-0.000,0.000,0.0000,-0.0000,-0.0000,4,0.8566,0.000
22,0.3667,0.0000,0.8435,-0.0000,0.0000,1.0996,-0.0000,0.0000,0.000,0.000,-8.594,1,VEHICLE,0,-,0.0000,50,150,0,0.0800,0,0,0.000,0.000,0.000,0.0000,0.0000,0.0000,1,1.0000,0,0,0.0000,0,0.8752,0.0000,0.0000,0.0000,0.0000,0,80.00,0.6305,5.0263,7.8175,0.0000,5.8435,-0.0000,80.00,-1,-1.00000,0.000,0.000,0.000,0.000,0.000,0.000,0,0.00,0,0,0,0,0,0,0.8935,-0.000,0.000,0.0000,-0.0000,-0.0000,4,0.8752,0.000
23,0.3833,0.0000,0.8616,-0.0000,0.0000,1.0841,-0.0000,0.0000,0.000,0.000,-8.594,1,VEHICLE,0,-,0.0000,50,150,0,0.0800,0,0,0.000,0.000,0.000,0.0000,0.0000,0.0000,1,1.0000,0,0,0.0000,0,0.8935,0.0000,0.0000,0.0000,0.0000,0,80.00,0.5706,5.0591,7.8642,0.0000,5.8616,-0.0000,80.00,-1,-1.00000,0.000,0.000,0.000,0.000,0.000,0.000,0,0.00,0,0,0,0,0,0,0.9116,-0.000,0.000,-0.0000,0.0000,-0.0000,4,0.8935,0.000
24,0.4000,0.0000,0.8793,-0.0000,0.0000,1.0659,-0.0000,0.0000,0.000,0.000,-8.594,1,VEHICLE,0,-,0.0000,50,150,0,0.0800,0,0,0.000,0.000,0.000,0.0000,0.0000,0.0000,1,1.0000,0,0,0.0000,0,0.9116,0.0000,0.0000,0.0000,0.0000,0,80.00,0.5158,5.0905,7.9091,0.0000,5.8793,-0.0000,80.00,-1,-1.00000,0.000,0.000,0.000,0.000,0.000,0.000,0,0.00,0,0,0,0,0,0,0.9293,-0.000,0.000,-0.0000,0.0000,-0.0000,4,0.9116,0.000
25,0.4167,0.0000,0.8968,-0.0000,0.0000,1.0452,-0.0000,0.0000,0.000,0.000,-8.594,1,VEHICLE,0,-,0.0000,50,150,0,0.0800,0,0,0.000,0.000,0.000,0.0000,0.0000,0.0000,1,1.0000,0,0,0.0000,0,0.9293,0.0000,0.0000,0.0000,0.0000,0,80.00,0.4659,5.1204,7.9522,0.0000,5.8968,-0.0000,80.00,-1,-1.00000,0.000,0.000,0.000,0.000,0.000,0.000,0,0.00,0,0,0,0,0,0,0.9468,-0.000,0.000,0.0000,-0.0000,-0.0000,4,0.9293,0.000
26,0.4333,0.0000,0.9138,-0.0000,0.0000,1.0224,-0.0000,0.0000,0.000,0.000,-8.594,1,VEHICLE,0,-,0.0000,50,150,0,0.0800,0,0,0.000,0.000,0.000,0.0000,0.0000,0.0000,1,1.0000,0,0,0.0000,0,0.9468,0.0000,0.0000,0.0000,0.0000,0,80.00,0.4203,5.1490,7.9937,0.0000,5.9138,-0.0000,80.00,-1,-1.00000,0.000,0.000,0.000,0.000,0.000,0.000,0,0.00,0,0,0,0,0,0,0.9638,-0.000,0.000,-0.0000,0.0000,-0.0000,4,0.9468,0.000
27,0.4500,0.0000,0.9304,-0.0000,0.0000,0.9978,-0.0000,0.0000,0.000,0.000,-8.594,1,VEHICLE,0,-,0.0000,50,150,0,0.0800,0,0,0.000,0.000,0.000,0.0000,0.0000,0.0000,1,1.0000,0,0,0.0000,0,0.9638,0.0000,0.0000,0.0000,0.0000,0,80.00,0.3789,5.1762,8.0337,0.0000,5.9304,-0.0000,80.00,-1,-1.00000,0.000,0.000,0.000,0.000,0.000,0.000,0,0.00,0,0,0,0,0,0,0.9804,-0.000,0.000,-0.0000,-0.0000,-0.0000,4,0.9638,0.000
28,0.4667,0.0000,0.9466,-0.0000,0.0000,0.9716,-0.0000,0.0000,0.000,0.000,-8.594,1,VEHICLE,0,-,0.0000,50,150,0,0.0800,0,0,0.000,0.000,0.000,0.0000,0.0000,0.0000,1,1.0000,0,0,0.0000,0,0.9804,0.0000,0.0000,0.0000,0.0000,0,80.00,0.3413,5.2021,8.0724,0.0000,5.9466,-0.0000,80.00,-1,-1.00000,0.000,0.000,0.000,0.000,0.000,0.000,0,0.00,0,0,0,0,0,0,0.9966,-0.000,0.000,-0.0000,0.0000,-0.0000,4,0.9804,0.000
29,0.4833,0.0000,0.9624,-0.0000,0.0000,0.9442,-0.0000,0.0000,0.000,0.000,-8.594,1,VEHICLE,0,-,0.0000,50,150,0,0.0800,0,0,0.000,0.000,0.000,0.0000,0.0000,0.0000,1,1.0000,0,0,0.0000,0,0.9966,0.0000,0.0000,0.0000,0.0000,0,80.00,0.3072,5.2268,8.1099,0.0000,5.9624,-0.0000,80.00,-1,-1.00000,0.000,0.000,0.000,0.000,0.000,0.000,0,0.00,0,0,0,0,0,0,1.0124,-0.000,0.000,0.0000,-0.0000,-0.0000,4,0.9966,0.000
30,0.5000,0.0000,0.9776,-0.0000,0.0000,0.9158,-0.0000,0.0000,0.000,0.000,-8.594,1,VEHICLE,0,-,0.0000,50,150,0,0.0800,0,0,0.000,0.000,0.000,0.0000,0.0000,0.0000,1,1.0000,0,0,0.0000,0,1.0124,0.0000,0.0000,0.0000,0.0000,0,80.00,0.2762,5.2502,8.1463,0.0000,5.9776,-0.0000,80.00,-1,-1.00000,0.000,0.000,0.000,0.000,0.000,0.000,0,0.00,0,0,0,0,0,0,1.0276,-0.000,0.000,-0.0000,0.0000,-0.0000,4,1.0124,0.000
31,0.5167,0.0000,0.9924,-0.0000,0.0000,0.8865,-0.0000,0.0000,0.000,0.000,-8.594,1,VEHICLE,0,-,0.0000,50,150,0,0.0800,0,0,0.000,0.000,0.000,0.0000,0.0000,0.0000,1,1.0000,0,0,0.0000,0,1.0276,0.0000,0.0000,0.0000,0.0000,0,80.00,0.2482,5.2726,8.1816,0.0000,5.9924,-0.0000,80.00,-1,-1.00000,0.000,0.000,0.000,0.000,0.000,0.000,0,0.00,0,0,0,0,0,0,1.0424,-0.000,0.000,-0.0000,0.0000,-0.0000,4,1.0276,0.000
32,0.5333,0.0000,1.0067,-0.0000,0.0000,0.8566,-0.0000,0.0000,0.000,0.000,-8.594,1,VEHICLE,0,-,0.0000,50,150,0,0.0800,0,0,0.000,0.000,0.000,0.0000,0.0000,0.0000,1,1.0000,0,0,0.0000,0,1.0424,0.0000,0.0000,0.0000,0.0000,0,80.00,0.2229,5.2938,8.2160,0.0000,6.0067,-0.0000,80.00,-1,-1.00000,0.000,0.000,0.000,0.000,0.000,0.000,0,0.00,0,0,0,0,0,0,1.0567,-0.000,0.000,-0.0000,0.0000,-0.0000,4,1.0424,0.000
33,0.5500,0.0000,1.0204,-0.0000,0.0000,0.8263,-0.0000,0.0000,0.000,0.000,-8.594,1,VEHICLE,0,-,0.0000,50,150,0,0.0800,0,0,0.000,0.000,0.000,0.0000,0.0000,0.0000,1,1.0000,0,0,0.0000,0,1.0567,0.0000,0.0000,0.0000,0.0000,0,80.00,0.2001,5.3140,8.2496,0.0000,6.0204,-0.0000,80.00,-1,-1.00000,0.000,0.000,0.000,0.000,0.000,0.000,0,0.00,0,0,0,0,0,0,1.0704,-0.000,0.000,-0.0000,0.0000,-0.0000,4,1.0567,0.000
34,0.5667,0.0000,1.0337,-0.0000,0.0000,0.7957,-0.0000,0.0000,0.000,0.000,-8.594,1,VEHICLE,0,-,0.0000,50,150,0,0.0800,0,0,0.000,0.000,0.000,0.0000,0.0000,0.0000,1,1.0000,0,0,0.0000,0,1.0704,0.0000,0.0000,0.0000,0.0000,0,80.00,0.1795,5.3332,8.2824,0.0000,6.0337,-0.0000,80.00,-1,-1.00000,0.000,0.000,0.000,0.000,0.000,0.000,0,0.00,0,0,0,0,0,0,1.0837,-0.000,0.000,-0.0000,0.0000,-0.0000,4,1.0704,0.000
35,0.5833,0.0000,1.0465,-0.0000,0.0000,0.7650,-0.0000,0.0000,0.000,0.000,-8.594,1,VEHICLE,0,-,0.0000,50,150,0,0.0800,0,0,0.000,0.000,0.000,0.0000,0.0000,0.0000,1,1.0000,0,0,0.0000,0,1.0837,0.0000,0.0000,0.0000,0.0000,0,80.00,0.1609,5.3514,8.3145,0.0000,6.0465,-0.0000,80.00,-1,-1.00000,0.000,0.000,0.000,0.000,0.000,0.000,0,0.00,0,0,0,0,0,0,1.0965,-0.000,0.000,-0.0000,0.0000,-0.0000,4,1.0837,0.000
36,0.6000,0.0000,1.0587,-0.0000,0.0000,0.7343,-0.0000,0.0000,0.000,0.000,-8.594,1,VEHICLE,0,-,0.0000,50,150,0,0.0800,0,0,0.000,0.000,0.000,0.0000,0.0000,0.0000,1,1.0000,0,0,0.0000,0,1.0965,0.0000,0.0000,0.0000,0.0000,0,80.00,0.1441,5.3687,8.3460,0.0000,6.0587,-0.0000,80.00,-1,-1.00000,0.000,0.000,0.000,0.000,0.000,0.000,0,0.00,0,0,0,0,0,0,1.1087,-0.000,0.000,-0.0000,0.0000,-0.0000,4,1.0965,0.000
37,0.6167,0.0000,1.0704,-0.0000,0.0000,0.7037,-0.0000,0.0000,0.000,0.000,-8.594,1,VEHICLE,0,-,0.0000,50,150,0,0.0800,0,0,0.000,0.000,0.000,0.0000,0.0000,0.0000,1,1.0000,0,0,0.0000,0,1.1087,0.0000,0.0000,0.0000,0.0000,0,80.00,0.1291,5.3851,8.3769,0.0000,6.0704,-0.0000,80.00,-1,-1.00000,0.000,0.000,0.000,0.000,0.000,0.000,0,0.00,0,0,0,0,0,0,1.1204,-0.000,0.000,0.0000,-0.0000,-0.0000,4,1.1087,0.000
38,0.6333,0.0000,1.0816,-0.0000,0.0000,0.6734,-0.0000,0.0000,0.000,0.000,-8.594,1,VEHICLE,0,-,0.0000,50,150,0,0.0800,0,0,0.000,0.000,0.000,0.0000,0.0000,0.0000,1,1.0000,0,0,0.0000,0,1.1204,0.0000,0.0000,0.0000,0.0000,0,80.00,0.1155,5.4006,8.4073,0.0000,6.0816,-0.0000,80.00,-1,-1.00000,0.000,0.000,0.000,0.000,0.000,0.000,0,0.00,0,0,0,0,0,0,1.1316,-0.000,0.000,-0.0000,0.0000,-0.0000,4,1.1204,0.000
39,0.6500,0.0000,1.0924,-0.0000,0.0000,0.6434,-0.0000,0.0000,0.000,0.000,-8.594,1,VEHICLE,0,-,0.0000,50,150,0,0.0800,0,0,0.000,0.000,0.000,0.0000,0.0000,0.0000,1,1.0000,0,0,0.0000,0,1.1316,0.0000,0.0000,0.0000,0.0000,0,80.00,0.1033,5.4153,8.4373,0.0000,6.0924,-0.0000,80.00,-1,-1.00000,0.000,0.000,0.000,0.000,0.000,0.000,0,0.00,0,0,0,0,0,0,1.1424,-0.000,0.000,-0.0000,-0.0000,-0.0000,4,1.1316,0.000
40,0.6667,0.0000,1.1026,-0.0000,0.0000,0.6138,-0.0000,0.0000,0.000,0.000,-8.594,1,VEHICLE,0,-,0.0000,50,150,0,0.0800,0,0,0.000,0.000,0.000,0.0000,0.0000,0.0000,1,1.0000,0,0,0.0000,0,1.1424,0.0000,0.0000,0.0000,0.0000,0,80.00,0.0924,5.4293,8.4668,0.0000,6.1026,-0.0000,80.00,-1,-1.00000,0.000,0.000,0.000,0.000,0.000,0.000,0,0.00,0,0,0,0,0,0,1.1526,-0.000,0.000,0.0000,0.0000,-0.0000,4,1.1424,0.000
41,0.6833,0.0000,1.1123,-0.0000,0.0000,0.5848,-0.0000,0.0000,0.000,0.000,-8.594,1,VEHICLE,0,-,0.0000,50,150,0,0.0800,0,0,0.000,0.000,0.000,0.0000,0.0000,0.0000,1,1.0000,0,0,0.0000,0,1.1526,0.0000,0.0000,0.0000,0.0000,0,80.00,0.0826,5.4425,8.4959,0.0000,6.1123,-0.0000,80.00,-1,-1.00000,0.000,0.000,0.000,0.000,0.000,0.000,0,0.00,0,0,0,0,0,0,1.1623,-0.000,0.000,-0.0000,-0.0000,-0.0000,4,1.1526,0.000
42,0.7000,0.0000,1.1216,-0.0000,0.0000,0.5563,-0.0000,0.0000,0.000,0.000,-8.594,1,VEHICLE,0,-,0.0000,50,150,0,0.0800,0,0,0.000,0.000,0.000,0.0000,0.0000,0.0000,1,1.0000,0,0,0.0000,0,1.1623,0.0000,0.0000,0.0000,0.0000,0,80.00,0.0738,5.4551,8.5246,0.0000,6.1216,-0.0000,80.00,-1,-1.00000,0.000,0.000,0.000,0.000,0.000,0.000,0,0.00,0,0,0,0,0,0,1.1716,-0.000,0.000,-0.0000,0.0000,-0.0000,4,1.1623,0.000
43,0.7167,0.0000,1.1304,-0.0000,0.0000,0.5284,-0.0000,0.0000,0.000,0.000,-8.594,1,VEHICLE,0,-,0.0000,50,150,0,0.0800,0,0,0.000,0.000,0.000,0.0000,0.0000,0.0000,1,1.0000,0,0,0.0000,0,1.1716,0.0000,0.0000,0.0000,0.0000,0,80.00,0.0659,5.4669,8.5529,0.0000,6.1304,-0.0000,80.00,-1,-1.00000,0.000,0.000,0.000,0.000,0.000,0.000,0,0.00,0,0,0,0,0,0,1.1804,-0.000,0.000,-0.0000,-0.0000,-0.0000,4,1.1716,0.000
44,0.7333,0.0000,1.1388,-0.0000,0.0000,0.5012,-0.0000,0.0000,0.000,0.000,-8.594,1,VEHICLE,0,-,0.0000,50,150,0,0.0800,0,0,0.000,0.000,0.000,0.0000,0.0000,0.0000,1,1.0000,0,0,0.0000,0,1.1804,0.0000,0.0000,0.0000,0.0000,0,80.00,0.0588,5.4782,8.5810,0.0000,6.1388,-0.0000,80.00,-1,-1.00000,0.000,0.000,0.000,0.000,0.000,0.000,0,0.00,0,0,0,0,0,0,1.1888,-0.000,0.000,-0.0000,0.0000,-0.0000,4,1.1804,0.000
45,0.7500,0.0000,1.1467,-0.0000,0.0000,0.4747,-0.0000,0.0000,0.000,0.000,-8.594,1,VEHICLE,0,-,0.0000,50,150,0,0.0800,0,0,0.000,0.000,0.000,0.0000,0.0000,0.0000,1,1.0000,0,0,0.0000,0,1.1888,0.0000,0.0000,0.0000,0.0000,0,80.00,0.0525,5.4888,8.6087,0.0000,6.1467,-0.0000,80.00,-1,-1.00000,0.000,0.000,0.000,0.000,0.000,0.000,0,0.00,0,0,0,0,0,0,1.1967,-0.000,0.000,0.0000,-0.0000,-0.0000,4,1.1888,0.000
46,0.7667,0.0000,1.1542,-0.0000,0.0000,0.4490,-0.0000,0.0000,0.000,0.000,-8.594,1,VEHICLE,0,-,0.0000,50,150,0,0.0800,0,0,0.000,0.000,0.000,0.0000,0.0000,0.0000,1,1.0000,0,0,0.0000,0,1.1967,0.0000,0.0000,0.0000,0.0000,0,80.00,0.0468,5.4988,8.6360,0.0000,6.1542,-0.0000,80.00,-1,-1.00000,0.000,0.000,0.000,0.000,0.000,0.000,0,0.00,0,0,0,0,0,0,1.2042,-0.000,0.000,-0.0000,-0.0000,-0.0000,4,1.1967,0.000
47,0.7833,0.0000,1.1612,-0.0000,0.0000,0.4240,-0.0000,0.0000,0.000,0.000,-8.594,1,VEHICLE,0,-,0.0000,50,150,0,0.0800,0,0,0.000,0.000,0.000,0.0000,0.0000,0.0000,1,1.0000,0,0,0.0000,0,1.2042,0.0000,0.0000,0.0000,0.0000,0,80.00,0.0417,5.5083,8.6631,0.0000,6.1612,-0.0000,80.00,-1,-1.00000,0.000,0.000,0.000,0.000,0.000,0.000,0,0.00,0,0,0,0,0,0,1.2112,-0.000,0.000,-0.0000,0.0000,-0.0000,4,1.2042,0.000
48,0.8000,0.0000,1.1679,-0.0000,0.0000,0.3999,-0.0000,0.0000,0.000,0.000,-8.594,1,VEHICLE,0,-,0.0000,50,150,0,0.0800,0,0,0.000,0.000,0.000,0.0000,0.0000,0.0000,1,1.0000,0,0,0.0000,0,1.2112,0.0000,0.0000,0.0000,0.0000,0,80.00,0.0372,5.5172,8.6899,0.0000,6.1679,-0.0000,80.00,-1,-1.00000,0.000,0.000,0.000,0.000,0.000,0.000,0,0.00,0,0,0,0,0,0,1.2179,-0.000,0.000,0.0000,-0.0000,-0.0000,4,1.2112,0.000
49,0.8167,0.0000,1.1742,-0.0000,0.0000,0.3765,-0.0000,0.0000,0.000,0.000,-8.594,1,VEHICLE,0,-,0.0000,50,150,0,0.0800,0,0,0.000,0.000,0.000,0.0000,0.0000,0.0000,1,1.0000,0,0,0.0000,0,1.2179,0.0000,0.0000,0.0000,0.0000,0,80.00,0.0332,5.5256,8.7164,0.0000,6.1742,-0.0000,80.00,-1,-1.00000,0.000,0.000,0.000,0.000,0.000,0.000,0,0.00,0,0,0,0,0,0,1.2242,-0.000,0.000,-0.0000,0.0000,-0.0000,4,1.2179,0.000
50,0.8333,0.0000,1.1801,-0.0000,0.0000,0.3540,-0.0000,0.0000,0.000,0.000,-8.594,1,VEHICLE,0,-,0.0000,50,150,0,0.0800,0,0,0.000,0.000,0.000,0.0000,0.0000,0.0000,1,1.0000,0,0,0.0000,0,1.2242,0.0000,0.0000,0.0000,0.0000,0,80.00,0.0295,5.5336,8.7425,0.0000,6.1801,-0.0000,80.00,-1,-1.00000,0.000,0.000,0.000,0.000,0.000,0.000,0,0.00,0,0,0,0,0,0,1.2301,-0.000,0.000,-0.0000,-0.0000,-0.0000,4,1.2242,0.000
51,0.8500,0.0000,1.1856,-0.0000,0.0000,0.3323,-0.0000,0.0000,0.000,0.000,-8.594,1,VEHICLE,0,-,0.0000,50,150,0,0.0800,0,0,0.000,0.000,0.000,0.0000,0.0000,0.0000,1,1.0000,0,0,0.0000,0,1.2301,0.0000,0.0000,0.0000,0.0000,0,80.00,0.0263,5.5411,8.7684,0.0000,6.1856,-0.0000,80.00,-1,-1.00000,0.000,0.000,0.000,0.000,0.000,0.000,0,0.00,0,0,0,0,0,0,1.2356,-0.000,0.000,-0.0000,0.0000,-0.0000,4,1.2301,0.000
52,0.8667,0.0000,1.1908,-0.0000,0.0000,0.3115,-0.0000,0.0000,0.000,0.000,-8.594,1,VEHICLE,0,-,0.0000,50,150,0,0.0800,0,0,0.000,0.000,0.000,0.0000,0.0000,0.0000,1,1.0000,0,0,0.0000,0,1.2356,0.0000,0.0000,0.0000,0.0000,0,80.00,0.0234,5.5482,8.7940,0.0000,6.1908,-0.0000,80.00,-1,-1.00000,0.000,0.000,0.000,0.000,0.000,0.000,0,0.00,0,0,0,0,0,0,1.2408,-0.000,0.000,0.0000,-0.0000,-0.0000,4,1.2356,0.000
53,0.8833,0.0000,1.1957,-0.0000,0.0000,0.2915,-0.0000,0.0000,0.000,0.000,-8.594,1,VEHICLE,0,-,0.0000,50,150,0,0.0800,0,0,0.000,0.000,0.000,0.0000,0.0000,0.0000,1,1.0000,0,0,0.0000,0,1.2408,0.0000,0.0000,0.0000,0.0000,0,80.00,0.0208,5.5548,8.8192,0.0000,6.1957,-0.0000,80.00,-1,-1.00000,0.000,0.000,0.000,0.000,0.000,0.000,0,0.00,0,0,0,0,0,0,1.2457,-0.000,0.000,-0.0000,0.0000,-0.0000,4,1.2408,0.000
54,0.9000,0.0000,1.2002,-0.0000,0.0000,0.2723,-0.0000,0.0000,0.000,0.000,-8.594,1,VEHICLE,0,-,0.0000,50,150,0,0.0800,0,0,0.000,0.000,0.000,0.0000,0.0000,0.0000,1,1.0000,0,0,0.0000,0,1.2457,0.0000,0.0000,0.0000,0.0000,0,80.00,0.0185,5.5611,8.8441,0.0000,6.2002,-0.0000,80.00,-1,-1.00000,0.000,0.000,0.000,0.000,0.000,0.000,0,0.00,0,0,0,0,0,0,1.2502,-0.000,0.000,-0.0000,0.0000,-0.0000,4,1.2457,0.000
55,0.9167,0.0000,1.2044,-0.0000,0.0000,0.2540,-0.0000,0.0000,0.000,0.000,-8.594,1,VEHICLE,0,-,0.0000,50,150,0,0.0800,0,0,0.000,0.000,0.000,0.0000,0.0000,0.0000,1,1.0000,0,0,0.0000,0,1.2502,0.0000,0.0000,0.0000,0.0000,0,80.00,0.0165,5.5670,8.8687,0.0000,6.2044,-0.0000,80.00,-1,-1.00000,0.000,0.000,0.000,0.000,0.000,0.000,0,0.00,0,0,0,0,0,0,1.2544,-0.000,0.000,-0.0000,-0.0000,-0.0000,4,1.2502,0.000
56,0.9333,0.0000,1.2084,-0.0000,0.0000,0.2365,-0.0000,0.0000,0.000,0.000,-8.594,1,VEHICLE,0,-,0.0000,50,150,0,0.0800,0,0,0.000,0.000,0.000,0.0000,0.0000,0.0000,1,1.0000,0,0,0.0000,0,1.2544,0.0000,0.0000,0.0000,0.0000,0,80.00,0.0147,5.5725,8.8930,0.0000,6.2084,-0.0000,80.00,-1,-1.00000,0.000,0.000,0.000,0.000,0.000,0.000,0,0.00,0,0,0,0,0,0,1.2584,-0.000,0.000,0.0000,0.0000,-0.0000,4,1.2544,0.000
57,0.9500,0.0000,1.2120,-0.0000,0.0000,0.2197,-0.0000,0.0000,0.000,0.000,-8.594,1,VEHICLE,0,-,0.0000,50,150,0,0.0800,0,0,0.000,0.000,0.000,0.0000,0.0000,0.0000,1,1.0000,0,0,0.0000,0,1.2584,0.0000,0.0000,0.0000,0.0000,0,80.00,0.0130,5.5777,8.9168,0.0000,6.2120,-0.0000,80.00,-1,-1.00000,0.000,0.000,0.000,0.000,0.000,0.000,0,0.00,0,0,0,0,0,0,1.2620,-0.000,0.000,-0.0000,-0.0000,-0.0000,4,1.2584,0.000
58,0.9667,0.0000,1.2154,-0.0000,0.0000,0.2038,-0.0000,0.0000,0.000,0.000,-8.594,1,VEHICLE,0,-,0.0000,50,150,0,0.0800,0,0,0.000,0.000,0.000,0.0000,0.0000,0.0000,1,1.0000,0,0,0.0000,0,1.2620,0.0000,0.0000,0.0000,0.0000,0,80.00,0.0116,5.5826,8.9403,0.0000,6.2154,-0.0000,80.00,-1,-1.00000,0.000,0.000,0.000,0.000,0.000,0.000,0,0.00,0,0,0,0,0,0,1.2654,-0.000,0.000,0.0000,0.0000,-0.0000,4,1.2620,0.000
59,0.9833,0.0000,1.2186,-0.0000,0.0000,0.1887,-0.0000,0.0000,0.000,0.000,-8.594,1,VEHICLE,0,-,0.0000,50,150,0,0.0800,0,0,0.000,0.000,0.000,0.0000,0.0000,0.0000,1,1.0000,0,0,0.0000,0,1.2654,0.0000,0.0000,0.0000,0.0000,0,80.00,0.0103,5.5871,8.9634,0.0000,6.2186,-0.0000,80.00,-1,-1.00000,0.000,0.000,0.000,0.000,0.000,0.000,0,0.00,0,0,0,0,0,0,1.2686,-0.000,0.000,-0.0000,-0.0000,-0.0000,4,1.2654,0.000
60,1.0000,0.0000,1.2215,-0.0000,0.0000,0.1743,-0.0000,0.0000,0.000,0.000,-8.594,1,VEHICLE,0,-,0.0000,50,150,0,0.0800,0,0,0.000,0.000,0.000,0.0000,0.0000,0.0000,1,1.0000,0,0,0.0000,0,1.2686,0.0000,0.0000,0.0000,0.0000,0,80.00,0.0092,5.5914,8.9861,0.0000,6.2215,-0.0000,80.00,-1,-1.00000,0.000,0.000,0.000,0.000,0.000,0.000,0,0.00,0,0,0,0,0,0,1.2715,-0.000,0.000,-0.0000,0.0000,-0.0000,4,1.2686,0.000
61,1.0167,0.0000,1.2242,-0.0000,0.0000,0.1606,-0.0000,0.0000,0.000,0.000,-8.594,1,VEHICLE,0,-,0.0000,50,150,0,0.0800,0,0,0.000,0.000,0.000,0.0000,0.0000,0.0000,1,1.0000,0,0,0.0000,0,1.2715,0.0000,0.0000,0.0000,0.0000,0,80.00,0.0081,5.5954,9.0084,0.0000,6.2242,-0.0000,80.00,-1,-1.00000,0.000,0.000,0.000,0.000,0.000,0.000,0,0.00,0,0,0,0,0,0,1.2742,-0.000,0.000,-0.0000,-0.0000,-0.0000,4,1.2715,0.000
62,1.0333,0.0000,1.2266,-0.0000,0.0000,0.1477,-0.0000,0.0000,0.000,0.000,-8.594,1,VEHICLE,0,-,0.0000,50,150,0,0.0800,0,0,0.000,0.000,0.000,0.0000,0.0000,0.0000,1,1.0000,0,0,0.0000,0,1.2742,0.0000,0.0000,0.0000,0.0000,0,80.00,0.0072,5.5991,9.0302,0.0000,6.2266,-0.0000,80.00,-1,-1.00000,0.000,0.000,0.000,0.000,0.000,0.000,0,0.00,0,0,0,0,0,0,1.2766,-0.000,0.000,0.0000,0.0000,-0.0000,4,1.2742,0.000
63,1.0500,0.0000,1.2289,-0.0000,0.0000,0.1355,-0.0000,0.0000,0.000,0.000,-8.594,1,VEHICLE,0,-,0.0000,50,150,0,0.0800,0,0,0.000,0.000,0.000,0.0000,0.0000,0.0000,1,1.0000,0,0,0.0000,0,1.2766,0.0000,0.0000,0.0000,0.0000,0,80.00,0.0064,5.6026,9.0516,0.0000,6.2289,-0.0000,80.00,-1,-1.00000,0.000,0.000,0.000,0.000,0.000,0.000,0,0.00,0,0,0,0,0,0,1.2789,-0.000,0.000,-0.0000,-0.0000,-0.0000,4,1.2766,0.000
64,1.0667,0.0000,1.2309,-0.0000,0.0000,0.1240,-0.0000,0.0000,0.000,0.000,-8.594,1,VEHICLE,0,-,0.0000,50,150,0,0.0800,0,0,0.000,0.000,0.000,0.0000,0.0000,0.0000,1,1.0000,0,0,0.0000,0,1.2789,0.0000,0.0000,0.0000,0.0000,0,80.00,0.0057,5.6059,9.0724,0.0000,6.2309,-0.0000,80.00,-1,-1.00000,0.000,0.000,0.000,0.000,0.000,0.000,0,0.00,0,0,0,0,0,0,1.2809,-0.000,0.000,-0.0000,0.0000,-0.0000,4,1.2789,0.000
65,1.0833,0.0000,1.2328,-0.0000,0.0000,0.1131,-0.0000,0.0000,0.000,0.000,-8.594,1,VEHICLE,0,-,0.0000,50,150,0,0.0800,0,0,0.000,0.000,0.000,0.0000,0.0000,0.0000,1,1.0000,0,0,0.0000,0,1.2809,0.0000,0.0000,0.0000,0.0000,0,80.00,0.0051,5.6089,9.0928,0.0000,6.2328,-0.0000,80.00,-1,-1.00000,0.000,0.000,0.000,0.000,0.000,0.000,0,0.00,0,0,0,0,0,0,1.2828,-0.000,0.000,-0.0000,0.0000,-0.0000,4,1.2809,0.000
66,1.1000,0.0000,1.2345,-0.0000,0.0000,0.1028,-0.0000,0.0000,0.000,0.000,-8.594,1,VEHICLE,0,-,0.0000,50,150,0,0.0800,0,0,0.000,0.000,0.000,0.0000,0.0000,0.0000,1,1.0000,0,0,0.0000,0,1.2828,0.0000,0.0000,0.0000,0.0000,0,80.00,0.0045,5.6118,9.1127,0.0000,6.2345,-0.0000,80.00,-1,-1.00000,0.000,0.000,0.000,0.000,0.000,0.000,0,0.00,0,0,0,0,0,0,1.2845,-0.000,0.000,0.0000,-0.0000,-0.0000,4,1.2828,0.000
67,1.1167,0.0000,1.2361,-0.0000,0.0000,0.0932,-0.0000,0.0000,0.000,0.000,-8.594,1,VEHICLE,0,-,0.0000,50,150,0,0.0800,0,0,0.000,0.000,0.000,0.0000,0.0000,0.0000,1,1.0000,0,0,0.0000,0,1.2845,0.0000,0.0000,0.0000,0.0000,0,80.00,0.0040,5.6144,9.1320,0.0000,6.2361,-0.0000,80.00,-1,-1.00000,0.000,0.000,0.000,0.000,0.000,0.000,0,0.00,0,0,0,0,0,0,1.2861,-0.000,0.000,-0.0000,0.0000,-0.0000,4,1.2845,0.000
68,1.1333,0.0000,1.2375,-0.0000,0.0000,0.0842,-0.0000,0.0000,0.000,0.000,-8.594,1,VEHICLE,0,-,0.0000,50,150,0,0.0800,0,0,0.000,0.000,0.000,0.0000,0.0000,0.0000,1,1.0000,0,0,0.0000,0,1.2861,0.0000,0.0000,0.0000,0.0000,0,80.00,0.0035,5.6168,9.1507,0.0000,6.2375,-0.0000,80.00,-1,-1.00000,0.000,0.000,0.000,0.000,0.000,0.000,0,0.00,0,0,0,0,0,0,1.2875,-0.000,0.000,-0.0000,0.0000,-0.0000,4,1.2861,0.000
69,1.1500,0.0000,1.2388,-0.0000,0.0000,0.0757,-0.0000,0.0000,0.000,0.000,-8.594,1,VEHICLE,0,-,0.0000,50,150,0,0.0800,0,0,0.000,0.000,0.000,0.0000,0.0000,0.0000,1,1.0000,0,0,0.0000,0,1.2875,0.0000,0.0000,0.0000,0.0000,0,80.00,0.0031,5.6191,9.1689,0.0000,6.2388,-0.0000,80.00,-1,-1.00000,0.000,0.000,0.000,0.000,0.000,0.000,0,0.00,0,0,0,0,0,0,1.2888,-0.000,0.000,-0.0000,-0.0000,-0.0000,4,1.2875,0.000
70,1.1667,0.0000,1.2399,-0.0000,0.0000,0.0677,-0.0000,0.0000,0.000,0.000,-8.594,1,VEHICLE,0,-,0.0000,50,150,0,0.0800,0,0,0.000,0.000,0.000,0.0000,0.0000,0.0000,1,1.0000,0,0,0.0000,0,1.2888,0.0000,0.0000,0.0000,0.0000,0,80.00,0.0028,5.6212,9.1865,0.0000,6.2399,-0.0000,80.00,-1,-1.00000,0.000,0.000,0.000,0.000,0.000,0.000,0,0.00,0,0,0,0,0,0,1.2899,-0.000,0.000,-0.0000,0.0000,-0.0000,4,1.2888,0.000
71,1.1833,0.0000,1.2409,-0.0000,0.0000,0.0603,-0.0000,0.0000,0.000,0.000,-8.594,1,VEHICLE,0,-,0.0000,50,150,0,0.0800,0,0,0.000,0.000,0.000,0.0000,0.0000,0.0000,1,1.0000,0,0,0.0000,0,1.2899,0.0000,0.0000,0.0000,0.0000,0,80.00,0.0025,5.6231,9.2034,0.0000,6.2409,-0.0000,80.00,-1,-1.00000,0.000,0.000,0.000,0.000,0.000,0.000,0,0.00,0,0,0,0,0,0,1.2909,-0.000,0.000,0.0000,-0.0000,-0.0000,4,1.2899,0.000
72,1.2000,0.0000,1.2418,-0.0000,0.0000,0.0534,-0.0000,0.0000,0.000,0.000,-8.594,1,VEHICLE,0,-,0.0000,50,150,0,0.0800,0,0,0.000,0.000,0.000,0.0000,0.0000,0.0000,1,1.0000,0,0,0.0000,0,1.2909,0.0000,0.0000,0.0000,0.0000,0,80.00,0.0022,5.6248,9.2197,0.0000,6.2418,-0.0000,80.00,-1,-1.00000,0.000,0.000,0.000,0.000,0.000,0.000,0,0.00,0,0,0,0,0,0,1.2918,-0.000,0.000,-0.0000,0.0000,-0.0000,4,1.2909,0.000
73,1.2167,0.0000,1.2426,-0.0000,0.0000,0.0470,-0.0000,0.0000,0.000,0.000,-8.594,1,VEHICLE,0,-,0.0000,50,150,0,0.0800,0,0,0.000,0.000,0.000,0.0000,0.0000,0.0000,1,1.0000,0,0,0.0000,0,1.2918,0.0000,0.0000,0.0000,0.0000,0,80.00,0.0019,5.6264,9.2353,0.0000,6.2426,-0.0000,80.00,-1,-1.00000,0.000,0.000,0.000,0.000,0.000,0.000,0,0.00,0,0,0,0,0,0,1.2926,-0.000,0.000,-0.0000,-0.0000,-0.0000,4,1.2918,0.000
74,1.2333,0.0000,1.2433,-0.0000,0.0000,0.0410,-0.0000,0.0000,0.000,0.000,-8.594,1,VEHICLE,0,-,0.0000,50,150,0,0.0800,0,0,0.000,0.000,0.000,0.0000,0.0000,0.0000,1,1.0000,0,0,0.0000,0,1.2926,0.0000,0.0000,0.0000,0.0000,0,80.00,0.0017,5.6279,9.2502,0.0000,6.2433,-0.0000,80.00,-1,-1.00000,0.000,0.000,0.000,0.000,0.000,0.000,0,0.00,0,0,0,0,0,0,1.2933,-0.000,0.000,-0.0000,0.0000,-0.0000,4,1.2926,0.000
75,1.2500,0.0000,1.2438,-0.0000,0.0000,0.0355,-0.0000,0.0000,0.000,0.000,-8.594,1,VEHICLE,0,-,0.0000,50,150,0,0.0800,0,0,0.000,0.000,0.000,0.0000,0.0000,0.0000,1,1.0000,0,0,0.0000,0,1.2933,0.0000,0.0000,0.0000,0.0000,0,80.00,0.0015,5.6293,9.2644,0.0000,6.2438,-0.0000,80.00,-1,-1.00000,0.000,0.000,0.000,0.000,0.000,0.000,0,0.00,0,0,0,0,0,0,1.2938,-0.000,0.000,0.0000,0.0000,-0.0000,4,1.2933,0.000
76,1.2667,0.0000,1.2443,-0.0000,0.0000,0.0303,-0.0000,0.0000,0.000,0.000,-8.594,1,VEHICLE,0,-,0.0000,50,150,0,0.0800,0,0,0.000,0.000,0.000,0.0000,0.0000,0.0000,1,1.0000,0,0,0.0000,0,1.2938,0.0000,0.0000,0.0000,0.0000,0,80.00,0.0013,5.6305,9.2778,0.0000,6.2443,-0.0000,80.00,-1,-1.00000,0.000,0.000,0.000,0.000,0.000,0.000,0,0.00,0,0,0,0,0,0,1.2943,-0.000,0.000,-0.0000,-0.0000,-0.0000,4,1.2938,0.000
77,1.2833,0.0000,1.2448,-0.0000,0.0000,0.0256,-0.0000,0.0000,0.000,0.000,-8.594,1,VEHICLE,0,-,0.0000,50,150,0,0.0800,0,0,0.000,0.000,0.000,0.0000,0.0000,0.0000,1,1.0000,0,0,0.0000,0,1.2943,0.0000,0.0000,0.0000,0.0000,0,80.00,0.0012,5.6316,9.2905,0.0000,6.2448,-0.0000,80.00,-1,-1.00000,0.000,0.000,0.000,0.000,0.000,0.000,0,0.00,0,0,0,0,0,0,1.2948,-0.000,0.000,-0.0000,0.0000,-0.0000,4,1.2943,0.000
78,1.3000,0.0000,1.2451,-0.0000,0.0000,0.0212,-0.0000,0.0000,0.000,0.000,-8.594,1,VEHICLE,0,-,0.0000,50,150,0,0.0800,0,0,0.000,0.000,0.000,0.0000,0.0000,0.0000,1,1.0000,0,0,0.0000,0,1.2948,0.0000,0.0000,0.0000,0.0000,0,80.00,0.0011,5.6325,9.3024,0.0000,6.2451,-0.0000,80.00,-1,-1.00000,0.000,0.000,0.000,0.000,0.000,0.000,0,0.00,0,0,0,0,0,0,1.2951,-0.000,0.000,0.0000,0.0000,-0.0000,4,1.2948,0.000
79,1.3167,0.0000,1.2454,-0.0000,0.0000,0.0172,-0.0000,0.0000,0.000,0.000,-8.594,1,VEHICLE,0,-,0.0000,50,150,0,0.0800,0,0,0.000,0.000,0.000,0.0000,0.0000,0.0000,1,1.0000,0,0,0.0000,0,1.2951,0.0000,0.0000,0.0000,0.0000,0,80.00,0.0009,5.6334,9.3135,0.0000,6.2454,-0.0000,80.00,-1,-1.00000,0.000,0.000,0.000,0.000,0.000,0.000,0,0.00,0,0,0,0,0,0,1.2954,-0.000,0.000,-0.0000,-0.0000,-0.0000,4,1.2951,0.000
80,1.3333,0.0000,1.2456,-0.0000,0.0000,0.0135,-0.0000,0.0000,0.000,0.000,-8.594,1,VEHICLE,0,-,0.0000,50,150,0,0.0800,0,0,0.000,0.000,0.000,0.0000,0.0000,0.0000,1,1.0000,0,0,0.0000,0,1.2954,0.0000,0.0000,0.0000,0.0000,0,80.00,0.0008,5.6342,9.3237,0.0000,6.2456,-0.0000,80.00,-1,-1.00000,0.000,0.000,0.000,0.000,0.000,0.000,0,0.00,0,0,0,0,0,0,1.2956,-0.000,0.000,-0.0000,0.0000,-0.0000,4,1.2954,0.000
81,1.3500,0.0000,1.2458,-0.0000,0.0000,0.0102,-0.0000,0.0000,0.000,0.000,-8.594,1,VEHICLE,0,-,0.0000,50,150,0,0.0800,0,0,0.000,0.000,0.000,0.0000,0.0000,0.0000,1,1.0000,0,0,0.0000,0,1.2956,0.0000,0.0000,0.0000,0.0000,0,80.00,0.0007,5.6348,9.3331,0.0000,6.2458,-0.0000,80.00,-1,-1.00000,0.000,0.000,0.000,0.000,0.000,0.000,0,0.00,0,0,0,0,0,0,1.2958,-0.000,0.000,-0.0000,-0.0000,-0.0000,4,1.2956,0.000
82,1.3667,0.0000,1.2459,-0.0000,0.0000,0.0071,-0.0000,0.0000,0.000,0.000,-8.594,1,VEHICLE,0,-,0.0000,50,150,0,0.0800,0,0,0.000,0.000,0.000,0.0000,0.0000,0.0000,1,1.0000,0,0,0.0000,0,1.2958,0.0000,0.0000,0.0000,0.0000,0,80.00,0.0006,5.6354,9.3416,0.0000,6.2459,-0.0000,80.00,-1,-1.00000,0.000,0.000,0.000,0.000,0.000,0.000,0,0.00,0,0,0,0,0,0,1.2959,-0.000,0.000,-0.0000,-0.0000,-0.0000,4,1.2958,0.000
83,1.3833,0.0000,1.2460,-0.0000,0.0000,0.0043,-0.0000,0.0000,0.000,0.000,-8.594,1,VEHICLE,0,-,0.0000,50,150,0,0.0800,0,0,0.000,0.000,0.000,0.0000,0.0000,0.0000,1,1.0000,0,0,0.0000,0,1.2959,0.0000,0.0000,0.0000,0.0000,0,80.00,0.0006,5.6359,9.3492,0.0000,6.2460,-0.0000,80.00,-1,-1.00000,0.000,0.000,0.000,0.000,0.000,0.000,0,0.00,0,0,0,0,0,0,1.2960,-0.000,0.000,-0.0000,-0.0000,-0.0000,4,1.2959,0.000
84,1.4000,0.0000,1.2460,-0.0000,0.0000,0.0018,-0.0000,0.0000,0.000,0.000,-8.594,1,VEHICLE,0,-,0.0000,50,150,0,0.0800,0,0,0.000,0.000,0.000,0.0000,0.0000,0.0000,1,1.0000,0,0,0.0000,0,1.2960,0.0000,0.0000,0.0000,0.0000,0,80.00,0.0005,5.6362,9.3558,0.0000,6.2460,-0.0000,80.00,-1,-1.00000,0.000,0.000,0.000,0.000,0.000,0.000,0,0.00,0,0,0,0,0,0,1.2960,-0.000,0.000,-0.0000,0.0000,-0.0000,4,1.2960,0.000
85,1.4167,0.0000,1.2460,-0.0000,0.0000,-0.0005,-0.0000,0.0000,0.000,0.000,-8.594,1,VEHICLE,0,-,0.0000,50,150,0,0.0800,0,0,0.000,0.000,0.000,0.0000,0.0000,0.0000,1,1.0000,0,0,0.0000,0,1.2960,0.0000,0.0000,0.0000,0.0000,0,80.00,0.0004,5.6365,9.3615,0.0000,6.2460,-0.0000,80.00,-1,-1.00000,0.000,0.000,0.000,0.000,0.000,0.000,0,0.00,0,0,0,0,0,0,1.2960,-0.000,0.000,0.0000,-0.0000,-0.0000,4,1.2960,0.000
86,1.4333,0.0000,1.2460,-0.0000,0.0000,-0.0026,-0.0000,0.0000,0.000,0.000,-8.594,1,VEHICLE,0,-,0.0000,50,150,0,0.0800,0,0,0.000,0.000,0.000,0.0000,0.0000,0.0000,1,1.0000,0,0,0.0000,0,1.2960,0.0000,0.0000,0.0000,0.0000,0,80.00,0.0004,5.6367,9.3662,0.0000,6.2460,-0.0000,80.00,-1,-1.00000,0.000,0.000,0.000,0.000,0.000,0.000,0,0.00,0,0,0,0,0,0,1.2960,-0.000,0.000,-0.0000,0.0000,-0.0000,4,1.2960,0.000
87,1.4500,0.0000,1.2459,-0.0000,0.0000,-0.0044,-0.0000,0.0000,0.000,0.000,-8.594,1,VEHICLE,0,-,0.0000,50,150,0,0.0800,0,0,0.000,0.000,0.000,0.0000,0.0000,0.0000,1,1.0000,0,0,0.0000,0,1.2960,0.0000,0.0000,0.0000,0.0000,0,80.00,0.0004,5.6368,9.3699,0.0000,6.2459,-0.0000,80.00,-1,-1.00000,0.000,0.000,0.000,0.000,0.000,0.000,0,0.00,0,0,0,0,0,0,1.2959,-0.000,0.000,-0.0000,0.0000,-0.0000,4,1.2960,0.000
88,1.4667,0.0000,1.2458,-0.0000,0.0000,-0.0060,-0.0000,0.0000,0.000,0.000,-8.594,1,VEHICLE,0,-,0.0000,50,150,0,0.0800,0,0,0.000,0.000,0.000,0.0000,0.0000,0.0000,1,1.0000,0,0,0.0000,0,1.2959,0.0000,0.0000,0.0000,0.0000,0,80.00,0.0003,5.6369,9.3726,0.0000,6.2458,-0.0000,80.00,-1,-1.00000,0.000,0.000,0.000,0.000,0.000,0.000,0,0.00,0,0,0,0,0,0,1.2958,-0.000,0.000,-0.0000,0.0000,-0.0000,4,1.2959,0.000
89,1.4833,0.0000,1.2457,-0.0000,0.0000,-0.0075,-0.0000,0.0000,0.000,0.000,-8.594,1,VEHICLE,0,-,0.0000,50,150,0,0.0800,0,0,0.000,0.000,0.000,0.0000,0.0000,0.0000,1,1.0000,0,0,0.0000,0,1.2958,0.0000,0.0000,0.0000,0.0000,0,80.00,0.0003,5.6369,9.3743,0.0000,6.2457,-0.0000,80.00,-1,-1.00000,0.000,0.000,0.000,0.000,0.000,0.000,0,0.00,0,0,0,0,0,0,1.2957,-0.000,0.000,-0.0000,-0.0000,-0.0000,4,1.2958,0.000
90,1.5000,0.0000,1.2455,-0.0000,0.0000,-0.0088,-0.0000,0.0000,0.000,0.000,-8.594,1,VEHICLE,0,-,0.0000,50,150,0,0.0800,0,0,0.000,0.000,0.000,0.0000,0.0000,0.0000,1,1.0000,0,0,0.0000,0,1.2957,0.0000,0.0000,0.0000,0.0000,0,80.00,0.0002,5.6367,9.3748,0.0000,6.2455,-0.0000,80.00,-1,-1.00000,0.000,0.000,0.000,0.000,0.000,0.000,0,0.00,0,0,0,0,0,0,1.2955,-0.000,0.000,-0.0000,0.0000,-0.0000,4,1.2957,0.000
91,1.5167,0.0000,1.2454,-0.0000,0.0000,-0.0099,-0.0000,0.0000,0.000,0.000,-8.594,1,VEHICLE,0,-,0.0000,50,150,0,0.0800,0,0,0.000,0.000,0.000,0.0000,0.0000,0.0000,1,1.0000,0,0,0.0000,0,1.2955,0.0000,0.0000,0.0000,0.0000,0,80.00,0.0002,5.6366,9.3748,0.0000,6.2454,-0.0000,80.00,-1,-1.00000,0.000,0.000,0.000,0.000,0.000,0.000,0,0.00,0,0,0,0,0,0,1.2954,-0.000,0.000,-0.0000,-0.0000,-0.0000,4,1.2955,0.000
92,1.5333,0.0000,1.2452,-0.0000,0.0000,-0.0108,-0.0000,0.0000,0.000,0.000,-8.594,1,VEHICLE,0,-,0.0000,50,150,0,0.0800,0,0,0.000,0.000,0.000,0.0000,0.0000,0.0000,1,1.0000,0,0,0.0000,0,1.2954,0.0000,0.0000,0.0000,0.0000,0,80.00,0.0002,5.6364,9.3749,0.0000,6.2452,-0.0000,80.00,-1,-1.00000,0.000,0.000,0.000,0.000,0.000,0.000,0,0.00,0,0,0,0,0,0,1.2952,-0.000,0.000,0.0000,-0.0000,-0.0000,4,1.2954,0.000
93,1.5500,0.0000,1.2450,-0.0000,0.0000,-0.0117,-0.0000,0.0000,0.000,0.000,-8.594,1,VEHICLE,0,-,0.0000,50,150,0,0.0800,0,0,0.000,0.000,0.000,0.0000,0.0000,0.0000,1,1.0000,0,0,0.0000,0,1.2952,0.0000,0.0000,0.0000,0.0000,0,80.00,0.0002,5.6362,9.3749,0.0000,6.2450,-0.0000,80.00,-1,-1.00000,0.000,0.000,0.000,0.000,0.000,0.000,0,0.00,0,0,0,0,0,0,1.2950,-0.000,0.000,-0.0000,0.0000,-0.0000,4,1.2952,0.000
94,1.5667,0.0000,1.2448,-0.0000,0.0000,-0.0124,-0.0000,0.0000,0.000,0.000,-8.594,1,VEHICLE,0,-,0.0000,50,150,0,0.0800,0,0,0.000,0.000,0.000,0.0000,0.0000,0.0000,1,1.0000,0,0,0.0000,0,1.2950,0.0000,0.0000,0.0000,0.0000,0,80.00,0.0001,5.6360,9.3749,0.0000,6.2448,-0.0000,80.00,-1,-1.00000,0.000,0.000,0.000,0.000,0.000,0.000,0,0.00,0,0,0,0,0,0,1.2948,-0.000,0.000,-0.0000,-0.0000,-0.0000,4,1.2950,0.000
95,1.5833,0.0000,1.2446,-0.0000,0.0000,-0.0129,-0.0000,0.0000,0.000,0.000,-8.594,1,VEHICLE,0,-,0.0000,50,150,0,0.0800,0,0,0.000,0.000,0.000,0.0000,0.0000,0.0000,1,1.0000,0,0,0.0000,0,1.2948,0.0000,0.0000,0.0000,0.0000,0,80.00,0.0001,5.6358,9.3749,0.0000,6.2446,-0.0000,80.00,-1,-1.00000,0.000,0.000,0.000,0.000,0.000,0.000,0,0.00,0,0,0,0,0,0,1.2946,-0.000,0.000,0.0000,-0.0000,-0.0000,4,1.2948,0.000
96,1.6000,0.0000,1.2444,-0.0000,0.0000,-0.0134,-0.0000,0.0000,0.000,0.000,-8.594,1,VEHICLE,0,-,0.0000,50,150,0,0.0800,0,0,0.000,0.000,0.000,0.0000,0.0000,0.0000,1,1.0000,0,0,0.0000,0,1.2946,0.0000,0.0000,0.0000,0.0000,0,80.00,0.0001,5.6356,9.3749,0.0000,6.2444,-0.0000,80.00,-1,-1.00000,0.000,0.000,0.000,0.000,0.000,0.000,0,0.00,0,0,0,0,0,0,1.2944,-0.000,0.000,-0.0000,0.0000,-0.0000,4,1.2946,0.000
97,1.6167,0.0000,1.2441,-0.0000,0.0000,-0.0138,-0.0000,0.0000,0.000,0.000,-8.594,1,VEHICLE,0,-,0.0000,50,150,0,0.0800,0,0,0.000,0.000,0.000,0.0000,0.0000,0.0000,1,1.0000,0,0,0.0000,0,1.2944,0.0000,0.0000,0.0000,0.0000,0,80.00,0.0001,5.6354,9.3749,0.0000,6.2441,-0.0000,80.00,-1,-1.00000,0.000,0.000,0.000,0.000,0.000,0.000,0,0.00,0,0,0,0,0,0,1.2941,-0.000,0.000,-0.0000,-0.0000,-0.0000,4,1.2944,0.000
98,1.6333,0.0000,1.2439,-0.0000,0.0000,-0.0140,-0.0000,0.0000,0.000,0.000,-8.594,1,VEHICLE,0,-,0.0000,50,150,0,0.0800,0,0,0.000,0.000,0.000,0.0000,0.0000,0.0000,1,1.0000,0,0,0.0000,0,1.2941,0.0000,0.0000,0.0000,0.0000,0,80.00,0.0001,5.6351,9.3749,0.0000,6.2439,-0.0000,80.00,-1,-1.00000,0.000,0.000,0.000,0.000,0.000,0.000,0,0.00,0,0,0,0,0,0,1.2939,-0.000,0.000,-0.0000,0.0000,-0.0000,4,1.2941,0.000
99,1.6500,0.0000,1.2437,-0.0000,0.0000,-0.0142,-0.0000,0.0000,0.000,0.000,-8.594,1,VEHICLE,0,-,0.0000,50,150,0,0.0800,0,0,0.000,0.000,0.000,0.0000,0.0000,0.0000,1,1.0000,0,0,0.0000,0,1.2939,0.0000,0.0000,0.0000,0.0000,0,80.00,0.0001,5.6349,9.3749,0.0000,6.2437,-0.0000,80.00,-1,-1.00000,0.000,0.000,0.000,0.000,0.000,0.000,0,0.00,0,0,0,0,0,0,1.2937,-0.000,0.000,-0.0000,-0.0000,-0.0000,4,1.2939,0.000
100,1.6667,0.0000,1.2434,-0.0000,0.0000,-0.0143,-0.0000,0.0000,0.000,0.000,-8.594,1,VEHICLE,0,-,0.0000,50,150,0,0.0800,0,0,0.000,0.000,0.000,0.0000,0.0000,0.0000,1,1.0000,0,0,0.0000,0,1.2937,0.0000,0.0000,0.0000,0.0000,0,80.00,0.0001,5.6347,9.3749,0.0000,6.2434,-0.0000,80.00,-1,-1.00000,0.000,0.000,0.000,0.000,0.000,0.000,0,0.00,0,0,0,0,0,0,1.2934,-0.000,0.000,0.0000,-0.0000,-0.0000,4,1.2937,0.000
101,1.6833,0.0000,1.2432,-0.0000,0.0000,-0.0144,-0.0000,0.0000,0.000,0.000,-8.594,1,VEHICLE,0,-,0.0000,50,150,0,0.0800,0,0,0.000,0.000,0.000,0.0000,0.0000,0.0000,1,1.0000,0,0,0.0000,0,1.2934,0.0000,0.0000,0.0000,0.0000,0,80.00,0.0001,5.6344,9.3749,0.0000,6.2432,-0.0000,80.00,-1,-1.00000,0.000,0.000,0.000,0.000,0.000,0.000,0,0.00,0,0,0,0,0,0,1.2932,-0.000,0.000,-0.0000,0.0000,-0.0000,4,1.2934,0.000
102,1.7000,0.0000,1.2429,-0.0000,0.0000,-0.0144,-0.0000,0.0000,0.000,0.000,-8.594,1,VEHICLE,0,-,0.0000,50,150,0,0.0800,0,0,0.000,0.000,0.000,0.0000,0.0000,0.0000,1,1.0000,0,0,0.0000,0,1.2932,0.0000,0.0000,0.0000,0.0000,0,80.00,0.0001,5.6342,9.3749,0.0000,6.2429,-0.0000,80.00,-1,-1.00000,0.000,0.000,0.000,0.000,0.000,0.000,0,0.00,0,0,0,0,0,0,1.2929,-0.000,0.000,-0.0000,0.0000,-0.0000,4,1.2932,0.000
103,1.7167,0.0000,1.2427,-0.0000,0.0000,-0.0143,-0.0000,0.0000,0.000,0.000,-8.594,1,VEHICLE,0,-,0.0000,50,150,0,0.0800,0,0,0.000,0.000,0.000,0.0000,0.0000,0.0000,1,1.0000,0,0,0.0000,0,1.2929,0.0000,0.0000,0.0000,0.0000,0,80.00,0.0000,5.6339,9.3749,0.0000,6.2427,-0.0000,80.00,-1,-1.00000,0.000,0.000,0.000,0.000,0.000,0.000,0,0.00,0,0,0,0,0,0,1.2927,-0.000,0.000,-0.0000,-0.0000,-0.0000,4,1.2929,0.000
104,1.7333,0.0000,1.2425,-0.0000,0.0000,-0.0142,-0.0000,0.0000,0.000,0.000,-8.594,1,VEHICLE,0,-,0.0000,50,150,0,0.0800,0,0,0.000,0.000,0.000,0.0000,0.0000,0.0000,1,1.0000,0,0,0.0000,0,1.2927,0.0000,0.0000,0.0000,0.0000,0,80.00,0.0000,5.6337,9.3749,0.0000,6.2425,-0.0000,80.00,-1,-1.00000,0.000,0.000,0.000,0.000,0.000,0.000,0,0.00,0,0,0,0,0,0,1.2925,-0.000,0.000,-0.0000,-0.0000,-0.0000,4,1.2927,0.000
105,1.7500,0.0000,1.2422,-0.0000,0.0000,-0.0140,-0.0000,0.0000,0.000,0.000,-8.594,1,VEHICLE,0,-,0.0000,50,150,0,0.0800,0,0,0.000,0.000,0.000,0.0000,0.0000,0.0000,1,1.0000,0,0,0.0000,0,1.2925,0.0000,0.0000,0.0000,0.0000,0,80.00,0.0000,5.6335,9.3749,0.0000,6.2422,-0.0000,80.00,-1,-1.00000,0.000,0.000,0.000,0.000,0.000,0.000,0,0.00,0,0,0,0,0,0,1.2922,-0.000,0.000,0.0000,0.0000,-0.0000,4,1.2925,0.000
106,1.7667,0.0000,1.2420,-0.0000,0.0000,-0.0138,-0.0000,0.0000,0.000,0.000,-8.594,1,VEHICLE,0,-,0.0000,50,150,0,0.0800,0,0,0.000,0.000,0.000,0.0000,0.0000,0.0000,1,1.0000,0,0,0.0000,0,1.2922,0.0000,0.0000,0.0000,0.0000,0,80.00,0.0000,5.6333,9.3749,0.0000,6.2420,-0.0000,80.00,-1,-1.00000,0.000,0.000,0.000,0.000,0.000,0.000,0,0.00,0,0,0,0,0,0,1.2920,-0.000,0.000,-0.0000,-0.0000,-0.0000,4,1.2922,0.000
107,1.7833,0.0000,1.2418,-0.0000,0.0000,-0.0136,-0.0000,0.0000,0.000,0.000,-8.594,1,VEHICLE,0,-,0.0000,50,150,0,0.0800,0,0,0.000,0.000,0.000,0.0000,0.0000,0.0000,1,1.0000,0,0,0.0000,0,1.2920,0.0000,0.0000,0.0000,0.0000,0,80.00,0.0000,5.6330,9.3749,0.0000,6.2418,-0.0000,80.00,-1,-1.00000,0.000,0.000,0.000,0.000,0.000,0.000,0,0.00,0,0,0,0,0,0,1.2918,-0.000,0.000,0.0000,0.0000,-0.0000,4,1.2920,0.000
108,1.8000,0.0000,1.2415,-0.0000,0.0000,-0.0133,-0.0000,0.0000,0.000,0.000,-8.594,1,VEHICLE,0,-,0.0000,50,150,0,0.0800,0,0,0.000,0.000,0.000,0.0000,0.0000,0.0000,1,1.0000,0,0,0.0000,0,1.2918,0.0000,0.0000,0.0000,0.0000,0,80.00,0.0000,5.6328,9.3749,0.0000,6.2415,-0.0000,80.00,-1,-1.00000,0.000,0.000,0.000,0.000,0.000,0.000,0,0.00,0,0,0,0,0,0,1.2915,-0.000,0.000,-0.0000,0.0000,-0.0000,4,1.2918,0.000
109,1.8167,0.0000,1.2413,-0.0000,0.0000,-0.0130,-0.0000,0.0000,0.000,0.000,-8.594,1,VEHICLE,0,-,0.0000,50,150,0,0.0800,0,0,0.000,0.000,0.000,0.0000,0.0000,0.0000,1,1.0000,0,0,0.0000,0,1.2915,0.0000,0.0000,0.0000,0.0000,0,80.00,0.0000,5.6326,9.3749,0.0000,6.2413,-0.0000,80.00,-1,-1.00000,0.000,0.000,0.000,0.000,0.000,0.000,0,0.00,0,0,0,0,0,0,1.2913,-0.000,0.000,-0.0000,0.0000,-0.0000,4,1.2915,0.000
110,1.8333,0.0000,1.2411,-0.0000,0.0000,-0.0127,-0.0000,0.0000,0.000,0.000,-8.594,1,VEHICLE,0,-,0.0000,50,150,0,0.0800,0,0,0.000,0.000,0.000,0.0000,0.0000,0.0000,1,1.0000,0,0,0.0000,0,1.2913,0.0000,0.0000,0.0000,0.0000,0,80.00,0.0000,5.6324,9.3749,0.0000,6.2411,-0.0000,80.00,-1,-1.00000,0.000,0.000,0.000,0.000,0.000,0.000,0,0.00,0,0,0,0,0,0,1.2911,-0.000,0.000,-0.0000,0.0000,-0.0000,4,1.2913,0.000
111,1.8500,0.0000,1.2409,-0.0000,0.0000,-0.0123,-0.0000,0.0000,0.000,0.000,-8.594,1,VEHICLE,0,-,0.0000,50,150,0,0.0800,0,0,0.000,0.000,0.000,0.0000,0.0000,0.0000,1,1.0000,0,0,0.0000,0,1.2911,0.0000,0.0000,0.0000,0.0000,0,80.00,0.0000,5.6322,9.3749,0.0000,6.2409,-0.0000,80.00,-1,-1.00000,0.000,0.000,0.000,0.000,0.000,0.000,0,0.00,0,0,0,0,0,0,1.2909,-0.000,0.000,-0.0000,-0.0000,-0.0000,4,1.2911,0.000
112,1.8667,0.0000,1.2407,-0.0000,0.0000,-0.0120,-0.0000,0.0000,0.000,0.000,-8.594,1,VEHICLE,0,-,0.0000,50,150,0,0.0800,0,0,0.000,0.000,0.000,0.0000,0.0000,0.0000,1,1.0000,0,0,0.0000,0,1.2909,0.0000,0.0000,0.0000,0.0000,0,80.00,0.0000,5.6320,9.3749,0.0000,6.2407,-0.0000,80.00,-1,-1.00000,0.000,0.000,0.000,0.000,0.000,0.000,0,0.00,0,0,0,0,0,0,1.2907,-0.000,0.000,-0.0000,0.0000,-0.0000,4,1.2909,0.000
113,1.8833,0.0000,1.2405,-0.0000,0.0000,-0.0116,-0.0000,0.0000,0.000,0.000,-8.594,1,VEHICLE,0,-,0.0000,50,150,0,0.0800,0,0,0.000,0.000,0.000,0.0000,0.0000,0.0000,1,1.0000,0,0,0.0000,0,1.2907,0.0000,0.0000,0.0000,0.0000,0,80.00,0.0000,5.6318,9.3749,0.0000,6.2405,-0.0000,80.00,-1,-1.00000,0.000,0.000,0.000,0.000,0.000,0.000,0,0.00,0,0,0,0,0,0,1.2905,-0.000,0.000,0.0000,-0.0000,-0.0000,4,1.2907,0.000
114,1.9000,0.0000,1.2403,-0.0000,0.0000,-0.0112,-0.0000,0.0000,0.000,0.000,-8.594,1,VEHICLE,0,-,0.0000,50,150,0,0.0800,0,0,0.000,0.000,0.000,0.0000,0.0000,0.0000,1,1.0000,0,0,0.0000,0,1.2905,0.0000,0.0000,0.0000,0.0000,0,80.00,0.0000,5.6316,9.3749,0.0000,6.2403,-0.0000,80.00,-1,-1.00000,0.000,0.000,0.000,0.000,0.000,0.000,0,0.00,0,0,0,0,0,0,1.2903,-0.000,0.000,-0.0000,0.0000,-0.0000,4,1.2905,0.000
115,1.9167,0.0000,1.2402,-0.0000,0.0000,-0.0109,-0.0000,0.0000,0.000,0.000,-8.594,1,VEHICLE,0,-,0.0000,50,150,0,0.0800,0,0,0.000,0.000,0.000,0.0000,0.0000,0.0000,1,1.0000,0,0,0.0000,0,1.2903,0.0000,0.0000,0.0000,0.0000,0,80.00,0.0000,5.6314,9.3749,0.0000,6.2402,-0.0000,80.00,-1,-1.00000,0.000,0.000,0.000,0.000,0.000,0.000,0,0.00,0,0,0,0,0,0,1.2902,-0.000,0.000,-0.0000,-0.0000,-0.0000,4,1.2903,0.000
116,1.9333,0.0000,1.2400,-0.0000,0.0000,-0.0105,-0.0000,0.0000,0.000,0.000,-8.594,1,VEHICLE,0,-,0.0000,50,150,0,0.0800,0,0,0.000,0.000,0.000,0.0000,0.0000,0.0000,1,1.0000,0,0,0.0000,0,1.2902,0.0000,0.0000,0.0000,0.0000,0,80.00,0.0000,5.6312,9.3749,0.0000,6.2400,-0.0000,80.00,-1,-1.00000,0.000,0.000,0.000,0.000,0.000,0.000,0,0.00,0,0,0,0,0,0,1.2900,-0.000,0.000,-0.0000,0.0000,-0.0000,4,1.2902,0.000
117,1.9500,0.0000,1.2398,-0.0000,0.0000,-0.0101,-0.0000,0.0000,0.000,0.000,-8.594,1,VEHICLE,0,-,0.0000,50,150,0,0.0800,0,0,0.000,0.000,0.000,0.0000,0.0000,0.0000,1,1.0000,0,0,0.0000,0,1.2900,0.0000,0.0000,0.0000,0.0000,0,80.00,0.0000,5.6311,9.3749,0.0000,6.2398,-0.0000,80.00,-1,-1.00000,0.000,0.000,0.000,0.000,0.000,0.000,0,0.00,0,0,0,0,0,0,1.2898,-0.000,0.000,0.0000,-0.0000,-0.0000,4,1.2900,0.000
118,1.9667,0.0000,1.2397,-0.0000,0.0000,-0.0097,-0.0000,0.0000,0.000,0.000,-8.594,1,VEHICLE,0,-,0.0000,50,150,0,0.0800,0,0,0.000,0.000,0.000,0.0000,0.0000,0.0000,1,1.0000,0,0,0.0000,0,1.2898,0.0000,0.0000,0.0000,0.0000,0,80.00,0.0000,5.6309,9.3749,0.0000,6.2397,-0.0000,80.00,-1,-1.00000,0.000,0.000,0.000,0.000,0.000,0.000,0,0.00,0,0,0,0,0,0,1.2897,-0.000,0.000,-0.0000,0.0000,-0.0000,4,1.2898,0.000
119,1.9833,0.0000,1.2395,-0.0000,0.0000,-0.0093,-0.0000,0.0000,0.000,0.000,-8.594,1,VEHICLE,0,-,0.0000,50,150,0,0.0800,0,0,0.000,0.000,0.000,0.0000,0.0000,0.0000,1,1.0000,0,0,0.0000,0,1.2897,0.0000,0.0000,0.0000,0.0000,0,80.00,0.0000,5.6308,9.3749,0.0000,6.2395,-0.0000,80.00,-1,-1.00000,0.000,0.000,0.000,0.000,0.000,0.000,0,0.00,0,0,0,0,0,0,1.2895,-0.000,0.000,-0.0000,-0.0000,-0.0000,4,1.2897,0.000
120,2.0000,0.0000,1.2393,-0.0000,0.0000,-0.0089,-0.0000,0.0000,0.000,0.000,-8.594,1,VEHICLE,0,-,0.0000,50,150,0,0.0800,0,0,0.000,0.000,0.000,0.0000,0.0000,0.0000,1,1.0000,0,0,0.0000,0,1.2895,0.0000,0.0000,0.0000,0.0000,0,80.00,0.0000,5.6306,9.3749,0.0000,6.2393,-0.0000,80.00,-1,-1.00000,0.000,0.000,0.000,0.000,0.000,0.000,0,0.00,0,0,0,0,0,0,1.2893,-0.000,0.000,-0.0000,0.0000,-0.0000,4,1.2895,0.000
121,2.0167,0.0000,1.2392,-0.0000,0.0000,-0.0085,-0.0000,0.0000,0.000,0.000,-8.594,1,VEHICLE,0,-,0.0000,50,150,0,0.0800,0,0,0.000,0.000,0.000,0.0000,0.0000,0.0000,1,1.0000,0,0,0.0000,0,1.2893,0.0000,0.0000,0.0000,0.0000,0,80.00,0.0000,5.6305,9.3749,0.0000,6.2392,-0.0000,80.00,-1,-1.00000,0.000,0.000,0.000,0.000,0.000,0.000,0,0.00,0,0,0,0,0,0,1.2892,-0.000,0.000,-0.0000,-0.0000,-0.0000,4,1.2893,0.000
122,2.0333,0.0000,1.2391,-0.0000,0.0000,-0.0081,-0.0000,0.0000,0.000,0.000,-8.594,1,VEHICLE,0,-,0.0000,50,150,0,0.0800,0,0,0.000,0.000,0.000,0.0000,0.0000,0.0000,1,1.0000,0,0,0.0000,0,1.2892,0.0000,0.0000,0.0000,0.0000,0,80.00,0.0000,5.6303,9.3749,0.0000,6.2391,-0.0000,80.00,-1,-1.00000,0.000,0.000,0.000,0.000,0.000,0.000,0,0.00,0,0,0,0,0,0,1.2891,-0.000,0.000,-0.0000,0.0000,-0.0000,4,1.2892,0.000
123,2.0500,0.0000,1.2389,-0.0000,0.0000,-0.0078,-0.0000,0.0000,0.000,0.000,-8.594,1,VEHICLE,0,-,0.0000,50,150,0,0.0800,0,0,0.000,0.000,0.000,0.0000,0.0000,0.0000,1,1.0000,0,0,0.0000,0,1.2891,0.0000,0.0000,0.0000,0.0000,0,80.00,0.0000,5.6302,9.3749,0.0000,6.2389,-0.0000,80.00,-1,-1.00000,0.000,0.000,0.000,0.000,0.000,0.000,0,0.00,0,0,0,0,0,0,1.2889,-0.000,0.000,0.0000,-0.0000,-0.0000,4,1.2891,0.000
124,2.0667,0.0000,1.2388,-0.0000,0.0000,-0.0074,-0.0000,0.0000,0.000,0.000,-8.594,1,VEHICLE,0,-,0.0000,50,150,0,0.0800,0,0,0.000,0.000,0.000,0.0000,0.0000,0.0000,1,1.0000,0,0,0.0000,0,1.2889,0.0000,0.0000,0.0000,0.0000,0,80.00,0.0000,5.6301,9.3749,0.0000,6.2388,-0.0000,80.00,-1,-1.00000,0.000,0.000,0.000,0.000,0.000,0.000,0,0.00,0,0,0,0,0,0,1.2888,-0.000,0.000,-0.0000,0.0000,-0.0000,4,1.2889,0.000
125,2.0833,0.0000,1.2387,-0.0000,0.0000,-0.0070,-0.0000,0.0000,0.000,0.000,-8.594,1,VEHICLE,0,-,0.0000,50,150,0,0.0800,0,0,0.000,0.000,0.000,0.0000,0.0000,0.0000,1,1.0000,0,0,0.0000,0,1.2888,0.0000,0.0000,0.0000,0.0000,0,80.00,0.0000,5.6300,9.3749,0.0000,6.2387,-0.0000,80.00,-1,-1.00000,0.000,0.000,0.000,0.000,0.000,0.000,0,0.00,0,0,0,0,0,0,1.2887,-0.000,0.000,-0.0000,0.0000,-0.0000,4,1.2888,0.000
126,2.1000,0.0000,1.2386,-0.0000,0.0000,-0.0067,-0.0000,0.0000,0.000,0.000,-8.594,1,VEHICLE,0,-,0.0000,50,150,0,0.0800,0,0,0.000,0.000,0.000,0.0000,0.0000,0.0000,1,1.0000,0,0,0.0000,0,1.2887,0.0000,0.0000,0.0000,0.0000,0,80.00,0.0000,5.6299,9.3749,0.0000,6.2386,-0.0000,80.00,-1,-1.00000,0.000,0.000,0.000,0.000,0.000,0.000,0,0.00,0,0,0,0,0,0,1.2886,-0.000,0.000,-0.0000,-0.0000,-0.0000,4,1.2887,0.000
127,2.1167,0.0000,1.2385,-0.0000,0.0000,-0.0063,-0.0000,0.0000,0.000,0.000,-8.594,1,VEHICLE,0,-,0.0000,50,150,0,0.0800,0,0,0.000,0.000,0.000,0.0000,0.0000,0.0000,1,1.0000,0,0,0.0000,0,1.2886,0.0000,0.0000,0.0000,0.0000,0,80.00,0.0000,5.6297,9.3749,0.0000,6.2385,-0.0000,80.00,-1,-1.00000,0.000,0.000,0.000,0.000,0.000,0.000,0,0.00,0,0,0,0,0,0,1.2885,-0.000,0.000,0.0000,0.0000,-0.0000,4,1.2886,0.000
128,2.1333,0.0000,1.2384,-0.0000,0.0000,-0.0060,-0.0000,0.0000,0.000,0.000,-8.594,1,VEHICLE,0,-,0.0000,50,150,0,0.0800,0,0,0.000,0.000,0.000,0.0000,0.0000,0.0000,1,1.0000,0,0,0.0000,0,1.2885,0.0000,0.0000,0.0000,0.0000,0,80.00,0.0000,5.6296,9.3749,0.0000,6.2384,-0.0000,80.00,-1,-1.00000,0.000,0.000,0.000,0.000,0.000,0.000,0,0.00,0,0,0,0,0,0,1.2884,-0.000,0.000,-0.0000,-0.0000,-0.0000,4,1.2885,0.000
129,2.1500,0.0000,1.2383,-0.0000,0.0000,-0.0057,-0.0000,0.0000,0.000,0.000,-8.594,1,VEHICLE,0,-,0.0000,50,150,0,0.0800,0,0,0.000,0.000,0.000,0.0000,0.0000,0.0000,1,1.0000,0,0,0.0000,0,1.2884,0.0000,0.0000,0.0000,0.0000,0,80.00,0.0000,5.6296,9.3749,0.0000,6.2383,-0.0000,80.00,-1,-1.00000,0.000,0.000,0.000,0.000,0.000,0.000,0,0.00,0,0,0,0,0,0,1.2883,-0.000,0.000,-0.0000,0.0000,-0.0000,4,1.2884,0.000
130,2.1667,0.0000,1.2382,-0.0000,0.0000,-0.0053,-0.0000,0.0000,0.000,0.000,-8.594,1,VEHICLE,0,-,0.0000,50,150,0,0.0800,0,0,0.000,0.000,0.000,0.0000,0.0000,0.0000,1,1.0000,0,0,0.0000,0,1.2883,0.0000,0.0000,0.0000,0.0000,0,80.00,0.0000,5.6295,9.3749,0.0000,6.2382,-0.0000,80.00,-1,-1.00000,0.000,0.000,0.000,0.000,0.000,0.000,0,0.00,0,0,0,0,0,0,1.2882,-0.000,0.000,-0.0000,0.0000,-0.0000,4,1.2883,0.000
131,2.1833,0.0000,1.2381,-0.0000,0.0000,-0.0050,-0.0000,0.0000,0.000,0.000,-8.594,1,VEHICLE,0,-,0.0000,50,150,0,0.0800,0,0,0.000,0.000,0.000,0.0000,0.0000,0.0000,1,1.0000,0,0,0.0000,0,1.2882,0.0000,0.0000,0.0000,0.0000,0,80.00,0.0000,5.6294,9.3749,0.0000,6.2381,-0.0000,80.00,-1,-1.00000,0.000,0.000,0.000,0.000,0.000,0.000,0,0.00,0,0,0,0,0,0,1.2881,-0.000,0.000,-0.0000,-0.0000,-0.0000,4,1.2882,0.000
132,2.2000,0.0000,1.2380,-0.0000,0.0000,-0.0047,-0.0000,0.0000,0.000,0.000,-8.594,1,VEHICLE,0,-,0.0000,50,150,0,0.0800,0,0,0.000,0.000,0.000,0.0000,0.0000,0.0000,1,1.0000,0,0,0.0000,0,1.2881,0.0000,0.0000,0.0000,0.0000,0,80.00,0.0000,5.6293,9.3749,0.0000,6.2380,-0.0000,80.00,-1,-1.00000,0.000,0.000,0.000,0.000,0.000,0.000,0,0.00,0,0,0,0,0,0,1.2880,-0.000,0.000,-0.0000,0.0000,-0.0000,4,1.2881,0.000
133,2.2167,0.0000,1.2380,-0.0000,0.0000,-0.0045,-0.0000,0.0000,0.000,0.000,-8.594,1,VEHICLE,0,-,0.0000,50,150,0,0.0800,0,0,0.000,0.000,0.000,0.0000,0.0000,0.0000,1,1.0000,0,0,0.0000,0,1.2880,0.0000,0.0000,0.0000,0.0000,0,80.00,0.0000,5.6292,9.3749,0.0000,6.2380,-0.0000,80.00,-1,-1.00000,0.000,0.000,0.000,0.000,0.000,0.000,0,0.00,0,0,0,0,0,0,1.2880,-0.000,0.000,0.0000,-0.0000,-0.0000,4,1.2880,0.000
134,2.2333,0.0000,1.2379,-0.0000,0.0000,-0.0042,-0.0000,0.0000,0.000,0.000,-8.594,1,VEHICLE,0,-,0.0000,50,150,0,0.0800,0,0,0.000,0.000,0.000,0.0000,0.0000,0.0000,1,1.0000,0,0,0.0000,0,1.2880,0.0000,0.0000,0.0000,0.0000,0,80.00,0.0000,5.6292,9.3749,0.0000,6.2379,-0.0000,80.00,-1,-1.00000,0.000,0.000,0.000,0.000,0.000,0.000,0,0.00,0,0,0,0,0,0,1.2879,-0.000,0.000,-0.0000,-0.0000,-0.0000,4,1.2880,0.000
135,2.2500,0.0000,1.2378,-0.0000,0.0000,-0.0039,-0.0000,0.0000,0.000,0.000,-8.594,1,VEHICLE,0,-,0.0000,50,150,0,0.0800,0,0,0.000,0.000,0.000,0.0000,0.0000,0.0000,1,1.0000,0,0,0.0000,0,1.2879,0.0000,0.0000,0.0000,0.0000,0,80.00,0.0000,5.6291,9.3749,0.0000,6.2378,-0.0000,80.00,-1,-1.00000,0.000,0.000,0.000,0.000,0.000,0.000,0,0.00,0,0,0,0,0,0,1.2878,-0.000,0.000,0.0000,0.0000,-0.0000,4,1.2879,0.000
136,2.2667,0.0000,1.2378,-0.0000,0.0000,-0.0037,-0.0000,0.0000,0.000,0.000,-8.594,1,VEHICLE,0,-,0.0000,50,150,0,0.0800,0,0,0.000,0.000,0.000,0.0000,0.0000,0.0000,1,1.0000,0,0,0.0000,0,1.2878,0.0000,0.0000,0.0000,0.0000,0,80.00,0.0000,5.6290,9.3749,0.0000,6.2378,-0.0000,80.00,-1,-1.00000,0.000,0.000,0.000,0.000,0.000,0.000,0,0.00,0,0,0,0,0,0,1.2878,-0.000,0.000,-0.0000,0.0000,-0.0000,4,1.2878,0.000
137,2.2833,0.0000,1.2377,-0.0000,0.0000,-0.0034,-0.0000,0.0000,0.000,0.000,-8.594,1,VEHICLE,0,-,0.0000,50,150,0,0.0800,0,0,0.000,0.000,0.000,0.0000,0.0000,0.0000,1,1.0000,0,0,0.0000,0,1.2878,0.0000,0.0000,0.0000,0.0000,0,80.00,0.0000,5.6290,9.3749,0.0000,6.2377,-0.0000,80.00,-1,-1.00000,0.000,0.000,0.000,0.000,0.000,0.000,0,0.00,0,0,0,0,0,0,1.2877,-0.000,0.000,-0.0000,-0.0000,-0.0000,4,1.2878,0.000
138,2.3000,0.0000,1.2377,-0.0000,0.0000,-0.0032,-0.0000,0.0000,0.000,0.000,-8.594,1,VEHICLE,0,-,0.0000,50,150,0,0.0800,0,0,0.000,0.000,0.000,0.0000,0.0000,0.0000,1,1.0000,0,0,0.0000,0,1.2877,0.0000,0.0000,0.0000,0.0000,0,80.00,0.0000,5.6289,9.3749,0.0000,6.2377,-0.0000,80.00,-1,-1.00000,0.000,0.000,0.000,0.000,0.000,0.000,0,0.00,0,0,0,0,0,0,1.2877,-0.000,0.000,-0.0000,0.0000,-0.0000,4,1.2877,0.000
139,2.3167,0.0000,1.2376,-0.0000,0.0000,-0.0030,-0.0000,0.0000,0.000,0.000,-8.594,1,VEHICLE,0,-,0.0000,50,150,0,0.0800,0,0,0.000,0.000,0.000,0.0000,0.0000,0.0000,1,1.0000,0,0,0.0000,0,1.2877,0.0000,0.0000,0.0000,0.0000,0,80.00,0.0000,5.6289,9.3749,0.0000,6.2376,-0.0000,80.00,-1,-1.00000,0.000,0.000,0.000,0.000,0.000,0.000,0,0.00,0,0,0,0,0,0,1.2876,-0.000,0.000,-0.0000,0.0000,-0.0000,4,1.2877,0.000
140,2.3333,0.0000,1.2376,-0.0000,0.0000,-0.0028,-0.0000,0.0000,0.000,0.000,-8.594,1,VEHICLE,0,-,0.0000,50,150,0,0.0800,0,0,0.000,0.000,0.000,0.0000,0.0000,0.0000,1,1.0000,0,0,0.0000,0,1.2876,0.0000,0.0000,0.0000,0.0000,0,80.00,0.0000,5.6288,9.3749,0.0000,6.2376,-0.0000,80.00,-1,-1.00000,0.000,0.000,0.000,0.000,0.000,0.000,0,0.00,0,0,0,0,0,0,1.2876,-0.000,0.000,0.0000,-0.0000,-0.0000,4,1.2876,0.000
141,2.3500,0.0000,1.2375,-0.0000,0.0000,-0.0026,-0.0000,0.0000,0.000,0.000,-8.594,1,VEHICLE,0,-,0.0000,50,150,0,0.0800,0,0,0.000,0.000,0.000,0.0000,0.0000,0.0000,1,1.0000,0,0,0.0000,0,1.2876,0.0000,0.0000,0.0000,0.0000,0,80.00,0.0000,5.6288,9.3749,0.0000,6.2375,-0.0000,80.00,-1,-1.00000,0.000,0.000,0.000,0.000,0.000,0.000,0,0.00,0,0,0,0,0,0,1.2875,-0.000,0.000,-0.0000,0.0000,-0.0000,4,1.2876,0.000
142,2.3667,0.0000,1.2375,-0.0000,0.0000,-0.0024,-0.0000,0.0000,0.000,0.000,-8.594,1,VEHICLE,0,-,0.0000,50,150,0,0.0800,0,0,0.000,0.000,0.000,0.0000,0.0000,0.0000,1,1.0000,0,0,0.0000,0,1.2875,0.0000,0.0000,0.0000,0.0000,0,80.00,0.0000,5.6287,9.3749,0.0000,6.2375,-0.0000,80.00,-1,-1.00000,0.000,0.000,0.000,0.000,0.000,0.000,0,0.00,0,0,0,0,0,0,1.2875,-0.000,0.000,-0.0000,-0.0000,-0.0000,4,1.2875,0.000
143,2.3833,0.0000,1.2374,-0.0000,0.0000,-0.0022,-0.0000,0.0000,0.000,0.000,-8.594,1,VEHICLE,0,-,0.0000,50,150,0,0.0800,0,0,0.000,0.000,0.000,0.0000,0.0000,0.0000,1,1.0000,0,0,0.0000,0,1.2875,0.0000,0.0000,0.0000,0.0000,0,80.00,0.0000,5.6287,9.3749,0.0000,6.2374,-0.0000,80.00,-1,-1.00000,0.000,0.000,0.000,0.000,0.000,0.000,0,0.00,0,0,0,0,0,0,1.2874,-0.000,0.000,0.0000,0.0000,-0.0000,4,1.2875,0.000
144,2.4000,0.0000,1.2374,-0.0000,0.0000,-0.0020,-0.0000,0.0000,0.000,0.000,-8.594,1,VEHICLE,0,-,0.0000,50,150,0,0.0800,0,0,0.000,0.000,0.000,0.0000,0.0000,0.0000,1,1.0000,0,0,0.0000,0,1.2874,0.0000,0.0000,0.0000,0.0000,0,80.00,0.0000,5.6287,9.3749,0.0000,6.2374,-0.0000,80.00,-1,-1.00000,0.000,0.000,0.000,0.000,0.000,0.000,0,0.00,0,0,0,0,0,0,1.2874,-0.000,0.000,-0.0000,0.0000,-0.0000,4,1.2874,0.000
145,2.4167,0.0000,1.2374,-0.0000,0.0000,-0.0019,-0.0000,0.0000,0.000,0.000,-8.594,1,VEHICLE,0,-,0.0000,50,150,0,0.0800,0,0,0.000,0.000,0.000,0.0000,0.0000,0.0000,1,1.0000,0,0,0.0000,0,1.2874,0.0000,0.0000,0.0000,0.0000,0,80.00,0.0000,5.6286,9.3749,0.0000,6.2374,-0.0000,80.00,-1,-1.00000,0.000,0.000,0.000,0.000,0.000,0.000,0,0.00,0,0,0,0,0,0,1.2874,-0.000,0.000,-0.0000,-0.0000,-0.0000,4,1.2874,0.000
146,2.4333,0.0000,1.2374,-0.0000,0.0000,-0.0017,-0.0000,0.0000,0.000,0.000,-8.594,1,VEHICLE,0,-,0.0000,50,150,0,0.0800,0,0,0.000,0.000,0.000,0.0000,0.0000,0.0000,1,1.0000,0,0,0.0000,0,1.2874,0.0000,0.0000,0.0000,0.0000,0,80.00,0.0000,5.6286,9.3749,0.0000,6.2374,-0.0000,80.00,-1,-1.00000,0.000,0.000,0.000,0.000,0.000,0.000,0,0.00,0,0,0,0,0,0,1.2874,-0.000,0.000,0.0000,0.0000,-0.0000,4,1.2874,0.000
147,2.4500,0.0000,1.2373,-0.0000,0.0000,-0.0016,-0.0000,0.0000,0.000,0.000,-8.594,1,VEHICLE,0,-,0.0000,50,150,0,0.0800,0,0,0.000,0.000,0.000,0.0000,0.0000,0.0000,1,1.0000,0,0,0.0000,0,1.2874,0.0000,0.0000,0.0000,0.0000,0,80.00,0.0000,5.6286,9.3749,0.0000,6.2373,-0.0000,80.00,-1,-1.00000,0.000,0.000,0.000,0.000,0.000,0.000,0,0.00,0,0,0,0,0,0,1.2873,-0.000,0.000,-0.0000,0.0000,-0.0000,4,1.2874,0.000
148,2.4667,0.0000,1.2373,-0.0000,0.0000,-0.0014,-0.0000,0.0000,0.000,0.000,-8.594,1,VEHICLE,0,-,0.0000,50,150,0,0.0800,0,0,0.000,0.000,0.000,0.0000,0.0000,0.0000,1,1.0000,0,0,0.0000,0,1.2873,0.0000,0.0000,0.0000,0.0000,0,80.00,0.0000,5.6286,9.3749,0.0000,6.2373,-0.0000,80.00,-1,-1.00000,0.000,0.000,0.000,0.000,0.000,0.000,0,0.00,0,0,0,0,0,0,1.2873,-0.000,0.000,-0.0000,0.0000,-0.0000,4,1.2873,0.000
149,2.4833,0.0000,1.2373,-0.0000,0.0000,-0.0013,-0.0000,0.0000,0.000,0.000,-8.594,1,VEHICLE,0,-,0.0000,50,150,0,0.0800,0,0,0.000,0.000,0.000,0.0000,0.0000,0.0000,1,1.0000,0,0,0.0000,0,1.2873,0.0000,0.0000,0.0000,0.0000,0,80.00,0.0000,5.6285,9.3749,0.0000,6.2373,-0.0000,80.00,-1,-1.00000,0.000,0.000,0.000,0.000,0.000,0.000,0,0.00,0,0,0,0,0,0,1.2873,-0.000,0.000,-0.0000,-0.0000,-0.0000,4,1.2873,0.000
150,2.5000,0.0000,1.2373,-0.0000,0.0000,-0.0012,-0.0000,0.0000,0.000,0.000,-8.594,1,VEHICLE,0,-,0.0000,50,150,0,0.0800,0,0,0.000,0.000,0.000,0.0000,0.0000,0.0000,1,1.0000,0,0,0.0000,0,1.2873,0.0000,0.0000,0.0000,0.0000,0,80.00,0.0000,5.6285,9.3749,0.0000,6.2373,-0.0000,80.00,-1,-1.00000,0.000,0.000,0.000,0.000,0.000,0.000,0,0.00,0,0,0,0,0,0,1.2873,-0.000,0.000,0.0000,0.0000,-0.0000,4,1.2873,0.000
151,2.5167,0.0000,1.2372,-0.0083,0.0000,-0.0010,-0.5000,0.5000,0.000,0.000,-8.594,1,VEHICLE,0,-,0.0000,50,150,0,0.0800,0,0,0.000,0.000,0.000,0.0000,0.0000,0.0000,1,1.0000,0,0,0.0000,0,1.2873,0.0000,0.0000,0.0000,0.0000,0,80.00,0.0000,5.6285,9.3666,0.0000,6.2372,-0.0083,80.00,-1,-1.00000,0.000,0.000,0.000,0.000,0.000,0.000,0,0.00,0,0,0,0,0,0,1.2872,-0.000,0.000,-0.0000,0.0000,-0.0000,4,1.2873,0.000
152,2.5333,0.0000,1.2372,-0.0250,0.0000,-0.0009,-1.0000,1.0000,0.000,0.000,-8.594,1,VEHICLE,0,-,0.0000,50,150,0,0.0800,0,0,0.000,0.000,0.000,0.0000,0.0000,0.0000,1,1.0000,0,0,0.0000,0,1.2872,0.0000,0.0000,0.0000,0.0000,0,80.00,0.0000,5.6285,9.3499,0.0000,6.2372,-0.0250,80.00,-1,-1.00000,0.000,0.000,0.000,0.000,0.000,0.000,0,0.00,0,0,0,0,0,0,1.2872,-0.000,0.000,0.0000,-0.0000,-0.0000,4,1.2872,0.000
153,2.5500,0.0000,1.2372,-0.0500,0.0000,-0.0008,-1.5000,1.5000,0.000,0.000,-8.594,1,VEHICLE,0,-,0.0000,50,150,0,0.0800,0,0,0.000,0.000,0.000,0.0000,0.0000,0.0000,1,1.0000,0,0,0.0000,0,1.2872,0.0000,0.0000,0.0000,0.0000,0,80.00,0.0000,5.6285,9.3249,0.0000,6.2372,-0.0500,80.00,-1,-1.00000,0.000,0.000,0.000,0.000,0.000,0.000,0,0.00,0,0,0,0,0,0,1.2872,-0.000,0.000,-0.0000,0.0000,-0.0000,4,1.2872,0.000
154,2.5667,0.0000,1.2372,-0.0833,0.0000,-0.0007,-2.0000,2.0000,0.000,0.000,-8.594,1,VEHICLE,0,-,0.0000,50,150,0,0.0800,0,0,0.000,0.000,0.000,0.0000,0.0000,0.0000,1,1.0000,0,0,0.0000,0,1.2872,0.0000,0.0000,0.0000,0.0000,0,80.00,0.0000,5.6285,9.2916,0.0000,6.2372,-0.0833,80.00,-1,-1.00000,0.000,0.000,0.000,0.000,0.000,0.000,0,0.00,0,0,0,0,0,0,1.2872,-0.000,0.000,-0.0000,0.0000,-0.0000,4,1.2872,0.000
155,2.5833,0.0000,1.2372,-0.1250,0.0000,-0.0007,-2.5000,2.5000,0.000,0.000,-8.594,1,VEHICLE,0,-,0.0000,50,150,0,0.0800,0,0,0.000,0.000,0.000,0.0000,0.0000,0.0000,1,1.0000,0,0,0.0000,0,1.2872,0.0000,0.0000,0.0000,0.0000,0,80.00,0.0000,5.6285,9.2499,0.0000,6.2372,-0.1250,80.00,-1,-1.00000,0.000,0.000,0.000,0.000,0.000,0.000,0,0.00,0,0,0,0,0,0,1.2872,-0.000,0.000,-0.0000,-0.0000,-0.0000,4,1.2872,0.000
156,2.6000,0.0000,1.2372,-0.1750,0.0000,-0.0006,-3.0000,3.0000,0.000,0.000,-8.594,1,VEHICLE,0,-,0.0000,50,150,0,0.0800,0,0,0.000,0.000,0.000,0.0000,0.0000,0.0000,1,1.0000,0,0,0.0000,0,1.2872,0.0000,0.0000,0.0000,0.0000,0,80.00,0.0000,5.6284,9.1999,0.0000,6.2372,-0.1750,80.00,-1,-1.00000,0.000,0.000,0.000,0.000,0.000,0.000,0,0.00,0,0,0,0,0,0,1.2872,-0.000,0.000,-0.0000,-0.0000,-0.0000,4,1.2872,0.000
157,2.6167,0.0000,1.2372,-0.2333,0.0000,-0.0005,-3.5000,3.5000,0.000,0.000,-8.594,1,VEHICLE,0,-,0.0000,50,150,0,0.0800,0,0,0.000,0.000,0.000,0.0000,0.0000,0.0000,1,1.0000,0,0,0.0000,0,1.2872,0.0000,0.0000,0.0000,0.0000,0,80.00,0.0000,5.6284,9.1416,0.0000,6.2372,-0.2333,80.00,-1,-1.00000,0.000,0.000,0.000,0.000,0.000,0.000,0,0.00,0,0,0,0,0,0,1.2872,-0.000,0.000,-0.0000,0.0000,-0.0000,4,1.2872,0.000
158,2.6333,0.0000,1.2372,-0.3000,0.0000,-0.0004,-4.0000,4.0000,0.000,0.000,-8.594,1,VEHICLE,0,-,0.0000,50,150,0,0.0800,0,0,0.000,0.000,0.000,0.0000,0.0000,0.0000,1,1.0000,0,0,0.0000,0,1.2872,0.0000,0.0000,0.0000,0.0000,0,80.00,0.0000,5.6284,9.0749,0.0000,6.2372,-0.3000,80.00,-1,-1.00000,0.000,0.000,0.000,0.000,0.000,0.000,0,0.00,0,0,0,0,0,0,1.2872,-0.000,0.000,0.0000,0.0000,-0.0000,4,1.2872,0.000
159,2.6500,0.0000,1.2372,-0.3750,0.0000,-0.0004,-4.5000,4.5000,0.000,0.000,-8.594,1,VEHICLE,0,-,0.0000,50,150,0,0.0800,0,0,0.000,0.000,0.000,0.0000,0.0000,0.0000,1,1.0000,0,0,0.0000,0,1.2872,0.0000,0.0000,0.0000,0.0000,0,80.00,0.0000,5.6284,8.9999,0.0000,6.2372,-0.3750,80.00,-1,-1.00000,0.000,0.000,0.000,0.000,0.000,0.000,0,0.00,0,0,0,0,0,0,1.2872,-0.000,0.000,-0.0000,-0.0000,-0.0000,4,1.2872,0.000
160,2.6667,0.0000,1.2372,-0.4583,0.0000,-0.0003,-5.0000,5.0000,0.000,0.000,-8.594,1,VEHICLE,0,-,0.0000,50,150,0,0.0800,0,0,0.000,0.000,0.000,0.0000,0.0000,0.0000,1,1.0000,0,0,0.0000,0,1.2872,0.0000,0.0000,0.0000,0.0000,0,80.00,0.0000,5.6284,8.9166,0.0000,6.2372,-0.4583,80.00,-1,-1.00000,0.000,0.000,0.000,0.000,0.000,0.000,0,0.00,0,0,0,0,0,0,1.2872,-0.000,0.000,-0.0000,-0.0000,-0.0000,4,1.2872,0.000
161,2.6833,0.0000,1.2371,-0.5500,0.0000,-0.0003,-5.5000,5.5000,0.000,0.000,-8.594,1,VEHICLE,0,-,0.0000,50,150,0,0.0800,0,0,0.000,0.000,0.000,0.0000,0.0000,0.0000,1,1.0000,0,0,0.0000,0,1.2872,0.0000,0.0000,0.0000,0.0000,0,80.00,0.0000,5.6284,8.8249,0.0000,6.2371,-0.5500,80.00,-1,-1.00000,0.000,0.000,0.000,0.000,0.000,0.000,0,0.00,0,0,0,0,0,0,1.2871,-0.000,0.000,-0.0000,0.0000,-0.0000,4,1.2872,0.000
162,2.7000,0.0000,1.2371,-0.6500,0.0000,-0.0002,-6.0000,6.0000,0.000,0.000,-8.594,1,VEHICLE,0,-,0.0000,50,150,0,0.0800,0,0,0.000,0.000,0.000,0.0000,0.0000,0.0000,1,1.0000,0,0,0.0000,0,1.2871,0.0000,0.0000,0.0000,0.0000,0,80.00,0.0000,5.6284,8.7249,0.0000,6.2371,-0.6500,80.00,-1,-1.00000,0.000,0.000,0.000,0.000,0.000,0.000,0,0.00,0,0,0,0,0,0,1.2871,-0.000,0.000,-0.0000,0.0000,-0.0000,4,1.2871,0.000
163,2.7167,0.0000,1.2371,-0.7583,0.0000,-0.0002,-6.5000,6.5000,0.000,0.000,-8.594,1,VEHICLE,0,-,0.0000,50,150,0,0.0800,0,0,0.000,0.000,0.000,0.0000,0.0000,0.0000,1,1.0000,0,0,0.0000,0,1.2871,0.0000,0.0000,0.0000,0.0000,0,80.00,0.0000,5.6284,8.6166,0.0000,6.2371,-0.7583,80.00,-1,-1.00000,0.000,0.000,0.000,0.000,0.000,0.000,0,0.00,0,0,0,0,0,0,1.2871,-0.000,0.000,0.0000,0.0000,-0.0000,4,1.2871,0.000
164,2.7333,0.0000,1.2371,-0.8750,0.0000,-0.0001,-7.0000,7.0000,0.000,0.000,-8.594,1,VEHICLE,0,-,0.0000,50,150,0,0.0800,0,0,0.000,0.000,0.000,0.0000,0.0000,0.0000,1,1.0000,0,0,0.0000,0,1.2871,0.0000,0.0000,0.0000,0.0000,0,80.00,0.0000,5.6284,8.4999,0.0000,6.2371,-0.8750,80.00,-1,-1.00000,0.000,0.000,0.000,0.000,0.000,0.000,0,0.00,0,0,0,0,0,0,1.2871,-0.000,0.000,-0.0000,-0.0000,-0.0000,4,1.2871,0.000
165,2.7500,0.0000,1.2371,-1.0000,0.0000,-0.0001,-7.5000,7.5000,0.000,0.000,-8.594,1,VEHICLE,0,-,0.0000,50,150,0,0.0800,0,0,0.000,0.000,0.000,0.0000,0.0000,0.0000,1,1.0000,0,0,0.0000,0,1.2871,0.0000,0.0000,0.0000,0.0000,0,80.00,0.0000,5.6284,8.3749,0.0000,6.2371,-1.0000,80.00,-1,-1.00000,0.000,0.000,0.000,0.000,0.000,0.000,0,0.00,0,0,0,0,0,0,1.2871,-0.000,0.000,-0.0000,0.0000,-0.0000,4,1.2871,0.000
166,2.7667,0.0000,1.2371,-1.1333,0.0000,-0.0000,-8.0000,8.0000,0.000,0.000,-8.594,1,VEHICLE,0,-,0.0000,50,150,0,0.0800,0,0,0.000,0.000,0.000,0.0000,0.0000,0.0000,1,1.0000,0,0,0.0000,0,1.2871,0.0000,0.0000,0.0000,0.0000,0,80.00,0.0000,5.6284,8.2416,0.0000,6.2371,-1.1333,80.00,-1,-1.00000,0.000,0.000,0.000,0.000,0.000,0.000,0,0.00,0,0,0,0,0,0,1.2871,-0.000,0.000,-0.0000,0.0000,-0.0000,4,1.2871,0.000
167,2.7833,0.0000,1.2371,-1.2750,0.0000,-0.0000,-8.5000,8.5000,0.000,0.000,-8.594,1,VEHICLE,0,-,0.0000,50,150,0,0.0800,0,0,0.000,0.000,0.000,0.0000,0.0000,0.0000,1,1.0000,0,0,0.0000,0,1.2871,0.0000,0.0000,0.0000,0.0000,0,80.00,0.0000,5.6284,8.0999,0.0000,6.2371,-1.2750,80.00,-1,-1.00000,0.000,0.000,0.000,0.000,0.000,0.000,0,0.00,0,0,0,0,0,0,1.2871,-0.000,0.000,-0.0000,-0.0000,-0.0000,4,1.2871,0.000
168,2.8000,0.0000,1.2371,-1.4250,0.0000,0.0000,-9.0000,9.0000,0.000,0.000,-8.594,1,VEHICLE,0,-,0.0000,50,150,0,0.0800,0,0,0.000,0.000,0.000,0.0000,0.0000,0.0000,1,1.0000,0,0,0.0000,0,1.2871,0.0000,0.0000,0.0000,0.0000,0,80.00,0.0000,5.6284,7.9499,0.0000,6.2371,-1.4250,80.00,-1,-1.00000,0.000,0.000,0.000,0.000,0.000,0.000,0,0.00,0,0,0,0,0,0,1.2871,-0.000,0.000,-0.0000,-0.0000,-0.0000,4,1.2871,0.000
169,2.8167,0.0000,1.2371,-1.5833,0.0000,0.0000,-9.5000,9.5000,0.000,0.000,-8.594,1,VEHICLE,0,-,0.0000,50,150,0,0.0800,0,0,0.000,0.000,0.000,0.0000,0.0000,0.0000,1,1.0000,0,0,0.0000,0,1.2871,0.0000,0.0000,0.0000,0.0000,0,80.00,0.0000,5.6284,7.7916,0.0000,6.2371,-1.5833,80.00,-1,-1.00000,0.000,0.000,0.000,0.000,0.000,0.000,0,0.00,0,0,0,0,0,0,1.2871,-0.000,0.000,0.0000,0.0000,-0.0000,4,1.2871,0.000
170,2.8333,0.0000,1.2371,-1.7500,0.0000,0.0001,-10.0000,10.0000,0.000,0.000,-8.594,1,VEHICLE,0,-,0.0000,50,150,0,0.0800,0,0,0.000,0.000,0.000,0.0000,0.0000,0.0000,1,1.0000,0,0,0.0000,0,1.2871,0.0000,0.0000,0.0000,0.0000,0,80.00,0.0000,5.6284,7.6249,0.0000,6.2371,-1.7500,80.00,-1,-1.00000,0.000,0.000,0.000,0.000,0.000,0.000,0,0.00,0,0,0,0,0,0,1.2871,-0.000,0.000,-0.0000,0.0000,-0.0000,4,1.2871,0.000
171,2.8500,0.0000,1.2371,-1.9250,0.0000,0.0001,-10.5000,10.5000,0.000,0.000,-8.594,1,VEHICLE,0,-,0.0000,50,150,0,0.0800,0,0,0.000,0.000,0.000,0.0000,0.0000,0.0000,1,1.0000,0,0,0.0000,0,1.2871,0.0000,0.0000,0.0000,0.0000,0,80.00,0.0000,5.6284,7.4499,0.0000,6.2371,-1.9250,80.00,-1,-1.00000,0.000,0.000,0.000,0.000,0.000,0.000,0,0.00,0,0,0,0,0,0,1.2871,-0.000,0.000,0.0000,-0.0000,-0.0000,4,1.2871,0.000
172,2.8667,0.0000,1.2371,-2.1083,0.0000,0.0001,-11.0000,11.0000,0.000,0.000,-8.594,1,VEHICLE,0,-,0.0000,50,150,0,0.0800,0,0,0.000,0.000,0.000,0.0000,0.0000,0.0000,1,1.0000,0,0,0.0000,0,1.2871,0.0000,0.0000,0.0000,0.0000,0,80.00,0.0000,5.6284,7.2666,0.0000,6.2371,-2.1083,80.00,-1,-1.00000,0.000,0.000,0.000,0.000,0.000,0.000,0,0.00,0,0,0,0,0,0,1.2871,-0.000,0.000,-0.0000,-0.0000,-0.0000,4,1.2871,0.000
173,2.8833,0.0000,1.2371,-2.3000,0.0000,0.0001,-11.5000,11.5000,0.000,0.000,-8.594,1,VEHICLE,0,-,0.0000,50,150,0,0.0800,0,0,0.000,0.000,0.000,0.0000,0.0000,0.0000,1,1.0000,0,0,0.0000,0,1.2871,0.0000,0.0000,0.0000,0.0000,0,80.00,0.0000,5.6284,7.0749,0.0000,6.2371,-2.3000,80.00,-1,-1.00000,0.000,0.000,0.000,0.000,0.000,0.000,0,0.00,0,0,0,0,0,0,1.2871,-0.000,0.000,-0.0000,0.0000,-0.0000,4,1.2871,0.000
174,2.9000,0.0000,1.2371,-2.5000,0.0000,0.0001,-12.0000,12.0000,0.000,0.000,-8.594,1,VEHICLE,0,-,0.0000,50,150,0,0.0800,0,0,0.000,0.000,0.000,0.0000,0.0000,0.0000,1,1.0000,0,0,0.0000,0,1.2871,0.0000,0.0000,0.0000,0.0000,0,80.00,0.0000,5.6284,6.8749,0.0000,6.2371,-2.5000,80.00,-1,-1.00000,0.000,0.000,0.000,0.000,0.000,0.000,0,0.00,0,0,0,0,0,0,1.2871,-0.000,0.000,0.0000,0.0000,-0.0000,4,1.2871,0.000
175,2.9167,0.0000,1.2371,-2.7083,0.0000,0.0001,-12.5000,12.5000,0.000,0.000,-8.594,1,VEHICLE,0,-,0.0000,50,150,0,0.0800,0,0,0.000,0.000,0.000,0.0000,0.0000,0.0000,1,1.0000,0,0,0.0000,0,1.2871,0.0000,0.0000,0.0000,0.0000,0,80.00,0.0000,5.6284,6.6666,0.0000,6.2371,-2.7083,80.00,-1,-1.00000,0.000,0.000,0.000,0.000,0.000,0.000,0,0.00,0,0,0,0,0,0,1.2871,-0.000,0.000,-0.0000,0.0000,-0.0000,4,1.2871,0.000
176,2.9333,0.0000,1.2372,-2.9250,0.0000,0.0002,-13.0000,13.0000,0.000,0.000,-8.594,1,VEHICLE,0,-,0.0000,50,150,0,0.0800,0,0,0.000,0.000,0.000,0.0000,0.0000,0.0000,1,1.0000,0,0,0.0000,0,1.2871,0.0000,0.0000,0.0000,0.0000,0,80.00,0.0000,5.6284,6.4499,0.0000,6.2372,-2.9250,80.00,-1,-1.00000,0.000,0.000,0.000,0.000,0.000,0.000,0,0.00,0,0,0,0,0,0,1.2872,-0.000,0.000,-0.0000,0.0000,-0.0000,4,1.2871,0.000
177,2.9500,0.0000,1.2372,-3.1500,0.0000,0.0002,-13.5000,13.5000,0.000,0.000,-8.594,1,VEHICLE,0,-,0.0000,50,150,0,0.0800,0,0,0.000,0.000,0.000,0.0000,0.0000,0.0000,1,1.0000,0,0,0.0000,0,1.2872,0.0000,0.0000,0.0000,0.0000,0,80.00,0.0000,5.6284,6.2249,0.0000,6.2372,-3.1500,80.00,-1,-1.00000,0.000,0.000,0.000,0.000,0.000,0.000,0,0.00,0,0,0,0,0,0,1.2872,-0.000,0.000,-0.0000,0.0000,-0.0000,4,1.2872,0.000
178,2.9667,0.0000,1.2372,-3.3833,0.0000,0.0002,-14.0000,14.0000,0.000,0.000,-8.594,1,VEHICLE,0,-,0.0000,50,150,0,0.0800,0,0,0.000,0.000,0.000,0.0000,0.0000,0.0000,1,1.0000,0,0,0.0000,0,1.2872,0.0000,0.0000,0.0000,0.0000,0,80.00,0.0000,5.6284,5.9916,0.0000,6.2372,-3.3833,80.00,-1,-1.00000,0.000,0.000,0.000,0.000,0.000,0.000,0,0.00,0,0,0,0,0,0,1.2872,-0.000,0.000,0.0000,-0.0000,-0.0000,4,1.2872,0.000
179,2.9833,0.0000,1.2372,-3.6250,0.0000,0.0002,-14.5000,14.5000,0.000,0.000,-8.594,1,VEHICLE,0,-,0.0000,50,150,0,0.0800,0,0,0.000,0.000,0.000,0.0000,0.0000,0.0000,1,1.0000,0,0,0.0000,0,1.2872,0.0000,0.0000,0.0000,0.0000,0,80.00,0.0000,5.6284,5.7499,0.0000,6.2372,-3.6250,80.00,-1,-1.00000,0.000,0.000,0.000,0.000,0.000,0.000,0,0.00,0,0,0,0,0,0,1.2872,-0.000,0.000,-0.0000,-0.0000,-0.0000,4,1.2872,0.000
180,3.0000,0.0000,1.2372,-3.8750,0.0000,0.0002,-15.0000,15.0000,0.000,0.000,-8.594,1,VEHICLE,0,-,0.0000,50,150,0,0.0800,0,0,0.000,0.000,0.000,0.0000,0.0000,0.0000,1,1.0000,0,0,0.0000,0,1.2872,0.0000,0.0000,0.0000,0.0000,0,80.00,0.0000,5.6284,5.4999,0.0000,6.2372,-3.8750,80.00,-1,-1.00000,0.000,0.000,0.000,0.000,0.000,0.000,0,0.00,0,0,0,0,0,0,1.2872,-0.000,0.000,0.0000,-0.0000,-0.0000,4,1.2872,0.000
181,3.0167,0.0000,1.2372,-4.1250,0.0000,0.0002,-15.0000,15.0000,0.000,0.000,-8.594,1,VEHICLE,0,-,0.0000,50,150,0,0.0800,0,0,0.000,0.000,0.000,0.0000,0.0000,0.0000,1,1.0000,0,0,0.0000,0,1.2872,0.0000,0.0000,0.0000,0.0000,0,80.00,0.0000,5.6284,5.2499,0.0000,6.2372,-4.1250,80.00,-1,-1.00000,0.000,0.000,0.000,0.000,0.000,0.000,0,0.00,0,0,0,0,0,0,1.2872,-0.000,0.000,-0.0000,-0.0000,-0.0000,4,1.2872,0.000
182,3.0333,0.0000,1.2372,-4.3750,0.0000,0.0002,-15.0000,15.0000,0.000,0.000,-8.594,1,VEHICLE,0,-,0.0000,50,150,0,0.0800,0,0,0.000,0.000,0.000,0.0000,0.0000,0.0000,1,1.0000,0,0,0.0000,0,1.2872,0.0000,0.0000,0.0000,0.0000,0,80.00,0.0000,5.6284,4.9999,0.0000,6.2372,-4.3750,80.00,-1,-1.00000,0.000,0.000,0.000,0.000,0.000,0.000,0,0.00,0,0,0,0,0,0,1.2872,-0.000,0.000,0.0000,0.0000,-0.0000,4,1.2872,0.000
183,3.0500,0.0000,1.2372,-4.6250,0.0000,0.0002,-15.0000,15.0000,0.000,0.000,-8.594,1,VEHICLE,0,-,0.0000,50,150,0,0.0800,0,0,0.000,0.000,0.000,0.0000,0.0000,0.0000,1,1.0000,0,0,0.0000,0,1.2872,0.0000,0.0000,0.0000,0.0000,0,80.00,0.0000,5.6284,4.7499,0.0000,6.2372,-4.6250,80.00,-1,-1.00000,0.000,0.000,0.000,0.000,0.000,0.000,0,0.00,0,0,0,0,0,0,1.2872,-0.000,0.000,-0.0000,-0.0000,-0.0000,4,1.2872,0.000
184,3.0667,0.0000,1.2372,-4.8750,0.0000,0.0002,-15.0000,15.0000,0.000,0.000,-8.594,1,VEHICLE,0,-,0.0000,50,150,0,0.0800,0,0,0.000,0.000,0.000,0.0000,0.0000,0.0000,1,1.0000,0,0,0.0000,0,1.2872,0.0000,0.0000,0.0000,0.0000,0,80.00,0.0000,5.6284,4.4999,0.0000,6.2372,-4.8750,80.00,-1,-1.00000,0.000,0.000,0.000,0.000,0.000,0.000,0,0.00,0,0,0,0,0,0,1.2872,-0.000,0.000,-0.0000,0.0000,-0.0000,4,1.2872,0.000
185,3.0833,0.0000,1.2372,-5.1250,0.0000,0.0002,-15.0000,15.0000,0.000,0.000,-8.594,1,VEHICLE,0,-,0.0000,50,150,0,0.0800,0,0,0.000,0.000,0.000,0.0000,0.0000,0.0000,1,1.0000,0,0,0.0000,0,1.2872,0.0000,0.0000,0.0000,0.0000,0,80.00,0.0000,5.6284,4.2499,0.0000,6.2372,-5.1250,80.00,-1,-1.00000,0.000,0.000,0.000,0.000,0.000,0.000,0,0.00,0,0,0,0,0,0,1.2872,-0.000,0.000,-0.0000,0.0000,-0.0000,4,1.2872,0.000
186,3.1000,0.0000,1.2372,-5.3750,0.0000,0.0002,-15.0000,15.0000,0.000,0.000,-8.594,1,VEHICLE,0,-,0.0000,50,150,0,0.0800,0,0,0.000,0.000,0.000,0.0000,0.0000,0.0000,1,1.0000,0,0,0.0000,0,1.2872,0.0000,0.0000,0.0000,0.0000,0,80.00,0.0000,5.6284,3.9999,0.0000,6.2372,-5.3750,80.00,-1,-1.00000,0.000,0.000,0.000,0.000,0.000,0.000,0,0.00,0,0,0,0,0,0,1.2872,-0.000,0.000,0.0000,-0.0000,-0.0000,4,1.2872,0.000
187,3.1167,0.0000,1.2372,-5.6250,0.0000,0.0002,-15.0000,15.0000,0.000,0.000,-8.594,1,VEHICLE,0,-,0.0000,50,150,0,0.0800,0,0,0.000,0.000,0.000,0.0000,0.0000,0.0000,1,1.0000,0,0,0.0000,0,1.2872,0.0000,0.0000,0.0000,0.0000,0,80.00,0.0000,5.6284,3.7499,0.0000,6.2372,-5.6250,80.00,-1,-1.00000,0.000,0.000,0.000,0.000,0.000,0.000,0,0.00,0,0,0,0,0,0,1.2872,-0.000,0.000,-0.0000,-0.0000,-0.0000,4,1.2872,0.000
188,3.1333,0.0000,1.2372,-5.8750,0.0000,0.0002,-15.0000,15.0000,0.000,0.000,-8.594,1,VEHICLE,0,-,0.0000,50,150,0,0.0800,0,0,0.000,0.000,0.000,0.0000,0.0000,0.0000,1,1.0000,0,0,0.0000,0,1.2872,0.0000,0.0000,0.0000,0.0000,0,80.00,0.0000,5.6284,3.4999,0.0000,6.2372,-5.8750,80.00,-1,-1.00000,0.000,0.000,0.000,0.000,0.000,0.000,0,0.00,0,0,0,0,0,0,1.2872,-0.000,0.000,-0.0000,-0.0000,-0.0000,4,1.2872,0.000
189,3.1500,0.0000,1.2372,-6.1250,0.0000,0.0002,-15.0000,15.0000,0.000,0.000,-8.594,1,VEHICLE,0,-,0.0000,50,150,0,0.0800,0,0,0.000,0.000,0.000,0.0000,0.0000,0.0000,1,1.0000,0,0,0.0000,0,1.2872,0.0000,0.0000,0.0000,0.0000,0,80.00,0.0000,5.6285,3.2499,0.0000,6.2372,-6.1250,80.00,-1,-1.00000,0.000,0.000,0.000,0.000,0.000,0.000,0,0.00,0,0,0,0,0,0,1.2872,-0.000,0.000,0.0000,0.0000,-0.0000,4,1.2872,0.000
190,3.1667,0.0000,1.2372,-6.3750,0.0000,0.0002,-15.0000,15.0000,0.000,0.000,-8.594,1,VEHICLE,0,-,0.0000,50,150,0,0.0800,0,0,0.000,0.000,0.000,0.0000,0.0000,0.0000,1,1.0000,0,0,0.0000,0,1.2872,0.0000,0.0000,0.0000,0.0000,0,80.00,0.0000,5.6285,2.9999,0.0000,6.2372,-6.3750,80.00,-1,-1.00000,0.000,0.000,0.000,0.000,0.000,0.000,0,0.00,0,0,0,0,0,0,1.2872,-0.000,0.000,-0.0000,0.0000,-0.0000,4,1.2872,0.000
191,3.1833,0.0000,1.2372,-6.6250,0.0000,0.0002,-15.0000,15.0000,0.000,0.000,-8.594,1,VEHICLE,0,-,0.0000,50,150,0,0.0800,0,0,0.000,0.000,0.000,0.0000,0.0000,0.0000,1,1.0000,0,0,0.0000,0,1.2872,0.0000,0.0000,0.0000,0.0000,0,80.00,0.0000,5.6285,2.7499,0.0000,6.2372,-6.6250,80.00,-1,-1.00000,0.000,0.000,0.000,0.000,0.000,0.000,0,0.00,0,0,0,0,0,0,1.2872,-0.000,0.000,0.0000,0.0000,-0.0000,4,1.2872,0.000
192,3.2000,0.0000,1.2372,-6.8750,0.0000,0.0002,-15.0000,15.0000,0.000,0.000,-8.594,1,VEHICLE,0,-,0.0000,50,150,0,0.0800,0,0,0.000,0.000,0.000,0.0000,0.0000,0.0000,1,1.0000,0,0,0.0000,0,1.2872,0.0000,0.0000,0.0000,0.0000,0,80.00,0.0000,5.6285,2.4999,0.0000,6.2372,-6.8750,80.00,-1,-1.00000,0.000,0.000,0.000,0.000,0.000,0.000,0,0.00,0,0,0,0,0,0,1.2872,-0.000,0.000,-0.0000,-0.0000,-0.0000,4,1.2872,0.000
193,3.2167,0.0000,1.2372,-7.1250,0.0000,0.0002,-15.0000,15.0000,0.000,0.000,-8.594,1,VEHICLE,0,-,0.0000,50,150,0,0.0800,0,0,0.000,0.000,0.000,0.0000,0.0000,0.0000,1,1.0000,0,0,0.0000,0,1.2872,0.0000,0.0000,0.0000,0.0000,0,80.00,0.0000,5.6285,2.2499,0.0000,6.2372,-7.1250,80.00,-1,-1.00000,0.000,0.000,0.000,0.000,0.000,0.000,0,0.00,0,0,0,0,0,0,1.2872,-0.000,0.000,-0.0000,-0.0000,-0.0000,4,1.2872,0.000
194,3.2333,0.0000,1.2372,-7.3750,0.0000,0.0002,-15.0000,15.0000,0.000,0.000,-8.594,1,VEHICLE,0,-,0.0000,50,150,0,0.0800,0,0,0.000,0.000,0.000,0.0000,0.0000,0.0000,1,1.0000,0,0,0.0000,0,1.2872,0.0000,0.0000,0.0000,0.0000,0,80.00,0.0000,5.6285,1.9999,0.0000,6.2372,-7.3750,80.00,-1,-1.00000,0.000,0.000,0.000,0.000,0.000,0.000,0,0.00,0,0,0,0,0,0,1.2872,-0.000,0.000,-0.0000,0.0000,-0.0000,4,1.2872,0.000
195,3.2500,0.0000,1.2372,-7.6250,0.0000,0.0002,-15.0000,15.0000,0.000,0.000,-8.594,1,VEHICLE,0,-,0.0000,50,150,0,0.0800,0,0,0.000,0.000,0.000,0.0000,0.0000,0.0000,1,1.0000,0,0,0.0000,0,1.2872,0.0000,0.0000,0.0000,0.0000,0,80.00,0.0000,5.6285,1.7499,0.0000,6.2372,-7.6250,80.00,-1,-1.00000,0.000,0.000,0.000,0.000,0.000,0.000,0,0.00,0,0,0,0,0,0,1.2872,-0.000,0.000,-0.0000,0.0000,-0.0000,4,1.2872,0.000
196,3.2667,0.0000,1.2372,-7.8750,0.0000,0.0001,-15.0000,15.0000,0.000,0.000,-8.594,1,VEHICLE,0,-,0.0000,50,150,0,0.0800,0,0,0.000,0.000,0.000,0.0000,0.0000,0.0000,1,1.0000,0,0,0.0000,0,1.2872,0.0000,0.0000,0.0000,0.0000,0,80.00,0.0000,5.6285,1.4999,0.0000,6.2372,-7.8750,80.00,-1,-1.00000,0.000,0.000,0.000,0.000,0.000,0.000,0,0.00,0,0,0,0,0,0,1.2872,-0.000,0.000,0.0000,-0.0000,-0.0000,4,1.2872,0.000
197,3.2833,0.0000,1.2372,-8.1250,0.0000,0.0001,-15.0000,15.0000,0.000,0.000,-8.594,1,VEHICLE,0,-,0.0000,50,150,0,0.0800,0,0,0.000,0.000,0.000,0.0000,0.0000,0.0000,1,1.0000,0,0,0.0000,0,1.2872,0.0000,0.0000,0.0000,0.0000,0,80.00,0.0000,5.6285,1.2499,0.0000,6.2372,-8.1250,80.00,-1,-1.00000,0.000,0.000,0.000,0.000,0.000,0.000,0,0.00,0,0,0,0,0,0,1.2872,-0.000,0.000,-0.0000,0.0000,-0.0000,4,1.2872,0.000
198,3.3000,0.0000,1.2372,-8.3750,0.0000,0.0001,-15.0000,15.0000,0.000,0.000,-8.594,1,VEHICLE,0,-,0.0000,50,150,0,0.0800,0,0,0.000,0.000,0.000,0.0000,0.0000,0.0000,1,1.0000,0,0,0.0000,0,1.2872,0.0000,0.0000,0.0000,0.0000,0,80.00,0.0000,5.6285,0.9999,0.0000,6.2372,-8.3750,80.00,-1,-1.00000,0.000,0.000,0.000,0.000,0.000,0.000,0,0.00,0,0,0,0,0,0,1.2872,-0.000,0.000,-0.0000,-0.0000,-0.0000,4,1.2872,0.000
199,3.3167,0.0000,1.2372,-8.6250,0.0000,0.0001,-15.0000,15.0000,0.000,0.000,-8.594,1,VEHICLE,0,-,0.0000,50,150,0,0.0800,0,0,0.000,0.000,0.000,0.0000,0.0000,0.0000,1,1.0000,0,0,0.0000,0,1.2872,0.0000,0.0000,0.0000,0.0000,0,80.00,0.0000,5.6285,0.7499,0.0000,6.2372,-8.6250,80.00,-1,-1.00000,0.000,0.000,0.000,0.000,0.000,0.000,0,0.00,0,0,0,0,0,0,1.2872,-0.000,0.000,-0.0000,0.0000,-0.0000,4,1.2872,0.000
200,3.3333,0.0000,1.2372,-8.8750,0.0000,0.0001,-15.0000,15.0000,0.000,0.000,-8.594,1,VEHICLE,0,-,0.0000,50,150,0,0.0800,0,0,0.000,0.000,0.000,0.0000,0.0000,0.0000,1,1.0000,0,0,0.0000,0,1.2872,0.0000,0.0000,0.0000,0.0000,0,80.00,0.0000,5.6285,0.4999,0.0000,6.2372,-8.8750,80.00,-1,-1.00000,0.000,0.000,0.000,0.000,0.000,0.000,0,0.00,0,0,0,0,0,0,1.2872,-0.000,0.000,-0.0000,-0.0000,-0.0000,4,1.2872,0.000
201,3.3500,0.0000,1.2372,-9.1250,0.0000,0.0001,-15.0000,15.0000,0.000,0.000,-8.594,1,VEHICLE,0,-,0.0000,50,150,0,0.0800,0,0,0.000,0.000,0.000,0.0000,0.0000,0.0000,1,1.0000,0,0,0.0000,0,1.2872,0.0000,0.0000,0.0000,0.0000,0,80.00,0.0000,5.6285,0.2499,0.0000,6.2372,-9.1250,80.00,-1,-1.00000,0.000,0.000,0.000,0.000,0.000,0.000,0,0.00,0,0,0,0,0,0,1.2872,-0.000,0.000,0.0000,0.0000,-0.0000,4,1.2872,0.000
202,3.3667,0.0000,1.2372,-9.3750,0.0000,0.0001,-15.0000,15.0000,0.000,0.000,-8.594,1,VEHICLE,0,-,0.0000,50,150,0,0.0800,0,0,0.000,0.000,0.000,0.0000,0.0000,0.0000,1,1.0000,0,0,0.0000,0,1.2872,0.0000,0.0000,0.0000,0.0000,0,80.00,0.0000,5.6285,-0.0001,0.0000,6.2372,-9.3750,80.00,-1,-1.00000,0.000,0.000,0.000,0.000,0.000,0.000,0,0.00,0,0,0,0,0,0,1.2872,-0.000,0.000,-0.0000,-0.0000,-0.0000,4,1.2872,0.000
203,3.3833,0.0000,1.2372,-9.6250,0.0000,0.0001,-15.0000,15.0000,0.000,0.000,-8.594,1,VEHICLE,0,-,0.0000,50,150,0,0.0800,0,0,0.000,0.000,0.000,0.0000,0.0000,0.0000,1,1.0000,0,0,0.0000,0,1.2872,0.0000,0.0000,0.0000,0.0000,0,80.00,0.0000,5.6285,-0.2501,0.0000,6.2372,-9.6250,80.00,-1,-1.00000,0.000,0.000,0.000,0.000,0.000,0.000,0,0.00,0,0,0,0,0,0,1.2872,-0.000,0.000,-0.0000,0.0000,-0.0000,4,1.2872,0.000
204,3.4000,0.0000,1.2372,-9.8750,0.0000,0.0001,-15.0000,15.0000,0.000,0.000,-8.594,1,VEHICLE,0,-,0.0000,50,150,0,0.0800,0,0,0.000,0.000,0.000,0.0000,0.0000,0.0000,1,1.0000,0,0,0.0000,0,1.2872,0.0000,0.0000,0.0000,0.0000,0,80.00,0.0000,5.6285,-0.5001,0.0000,6.2372,-9.8750,80.00,-1,-1.00000,0.000,0.000,0.000,0.000,0.000,0.000,0,0.00,0,0,0,0,0,0,1.2872,-0.000,0.000,-0.0000,0.0000,-0.0000,4,1.2872,0.000
205,3.4167,0.0000,1.2372,-10.1250,0.0000,0.0001,-15.0000,15.0000,0.000,0.000,-8.594,1,VEHICLE,0,-,0.0000,50,150,0,0.0800,0,0,0.000,0.000,0.000,0.0000,0.0000,0.0000,1,1.0000,0,0,0.0000,0,1.2872,0.0000,0.0000,0.0000,0.0000,0,80.00,0.0000,5.6285,-0.7501,0.0000,6.2372,-10.1250,80.00,-1,-1.00000,0.000,0.000,0.000,0.000,0.000,0.000,0,0.00,0,0,0,0,0,0,1.2872,-0.000,0.000,0.0000,-0.0000,-0.0000,4,1.2872,0.000
206,3.4333,0.0000,1.2372,-10.3750,0.0000,0.0001,-15.0000,15.0000,0.000,0.000,-8.594,1,VEHICLE,0,-,0.0000,50,150,0,0.0800,0,0,0.000,0.000,0.000,0.0000,0.0000,0.0000,1,1.0000,0,0,0.0000,0,1.2872,0.0000,0.0000,0.0000,0.0000,0,80.00,0.0000,5.6285,-1.0001,0.0000,6.2372,-10.3750,80.00,-1,-1.00000,0.000,0.000,0.000,0.000,0.000,0.000,0,0.00,0,0,0,0,0,0,1.2872,-0.000,0.000,-0.0000,0.0000,-0.0000,4,1.2872,0.000
207,3.4500,0.0000,1.2372,-10.6250,0.0000,0.0001,-15.0000,15.0000,0.000,0.000,-8.594,1,VEHICLE,0,-,0.0000,50,150,0,0.0800,0,0,0.000,0.000,0.000,0.0000,0.0000,0.0000,1,1.0000,0,0,0.0000,0,1.2872,0.0000,0.0000,0.0000,0.0000,0,80.00,0.0000,5.6285,-1.2501,0.0000,6.2372,-10.6250,80.00,-1,-1.00000,0.000,0.000,0.000,0.000,0.000,0.000,0,0.00,0,0,0,0,0,0,1.2872,-0.000,0.000,-0.0000,-0.0000,-0.0000,4,1.2872,0.000
208,3.4667,0.0000,1.2372,-10.8750,0.0000,0.0001,-15.0000,15.0000,0.000,0.000,-8.594,1,VEHICLE,0,-,0.0000,50,150,0,0.0800,0,0,0.000,0.000,0.000,0.0000,0.0000,0.0000,1,1.0000,0,0,0.0000,0,1.2872,0.0000,0.0000,0.0000,0.0000,0,80.00,0.0000,5.6285,-1.5001,0.0000,6.2372,-10.8750,80.00,-1,-1.00000,0.000,0.000,0.000,0.000,0.000,0.000,0,0.00,0,0,0,0,0,0,1.2872,-0.000,0.000,0.0000,0.0000,-0.0000,4,1.2872,0.000
209,3.4833,0.0000,1.2372,-11.1250,0.0000,0.0001,-15.0000,15.0000,0.000,0.000,-8.594,1,VEHICLE,0,-,0.0000,50,150,0,0.0800,0,0,0.000,0.000,0.000,0.0000,0.0000,0.0000,1,1.0000,0,0,0.0000,0,1.2872,0.0000,0.0000,0.0000,0.0000,0,80.00,0.0000,5.6285,-1.7501,0.0000,6.2372,-11.1250,80.00,-1,-1.00000,0.000,0.000,0.000,0.000,0.000,0.000,0,0.00,0,0,0,0,0,0,1.2872,-0.000,0.000,-0.0000,0.0000,-0.0000,4,1.2872,0.000
210,3.5000,0.0000,1.2372,-11.3750,0.0000,0.0001,-15.0000,15.0000,0.000,0.000,-8.594,1,VEHICLE,0,-,0.0000,50,150,0,0.0800,0,0,0.000,0.000,0.000,0.0000,0.0000,0.0000,1,1.0000,0,0,0.0000,0,1.2872,0.0000,0.0000,0.0000,0.0000,0,80.00,0.0000,5.6285,-2.0001,0.0000,6.2372,-11.3750,80.00,-1,-1.00000,0.000,0.000,0.000,0.000,0.000,0.000,0,0.00,0,0,0,0,0,0,1.2872,-0.000,0.000,-0.0000,0.0000,-0.0000,4,1.2872,0.000
211,3.5167,0.0000,1.2372,-11.6250,0.0000,0.0001,-15.0000,15.0000,0.000,0.000,-8.594,1,VEHICLE,0,-,0.0000,50,150,0,0.0800,0,0,0.000,0.000,0.000,0.0000,0.0000,0.0000,1,1.0000,0,0,0.0000,0,1.2872,0.0000,0.0000,0.0000,0.0000,0,80.00,0.0000,5.6285,-2.2501,0.0000,6.2372,-11.6250,80.00,-1,-1.00000,0.000,0.000,0.000,0.000,0.000,0.000,0,0.00,0,0,0,0,0,0,1.2872,-0.000,0.000,-0.0000,0.0000,-0.0000,4,1.2872,0.000
212,3.5333,0.0000,1.2372,-11.8750,0.0000,0.0001,-15.0000,15.0000,0.000,0.000,-8.594,1,VEHICLE,0,-,0.0000,50,150,0,0.0800,0,0,0.000,0.000,0.000,0.0000,0.0000,0.0000,1,1.0000,0,0,0.0000,0,1.2872,0.0000,0.0000,0.0000,0.0000,0,80.00,0.0000,5.6285,-2.5001,0.0000,6.2372,-11.8750,80.00,-1,-1.00000,0.000,0.000,0.000,0.000,0.000,0.000,0,0.00,0,0,0,0,0,0,1.2872,-0.000,0.000,0.0000,-0.0000,-0.0000,4,1.2872,0.000
213,3.5500,0.0000,1.2372,-12.1250,0.0000,0.0001,-15.0000,15.0000,0.000,0.000,-8.594,1,VEHICLE,0,-,0.0000,50,150,0,0.0800,0,0,0.000,0.000,0.000,0.0000,0.0000,0.0000,1,1.0000,0,0,0.0000,0,1.2872,0.0000,0.0000,0.0000,0.0000,0,80.00,0.0000,5.6285,-2.7501,0.0000,6.2372,-12.1250,80.00,-1,-1.00000,0.000,0.000,0.000,0.000,0.000,0.000,0,0.00,0,0,0,0,0,0,1.2872,-0.000,0.000,-0.0000,0.0000,-0.0000,4,1.2872,0.000
214,3.5667,0.0000,1.2372,-12.3750,0.0000,0.0001,-15.0000,15.0000,0.000,0.000,-8.594,1,VEHICLE,0,-,0.0000,50,150,0,0.0800,0,0,0.000,0.000,0.000,0.0000,0.0000,0.0000,1,1.0000,0,0,0.0000,0,1.2872,0.0000,0.0000,0.0000,0.0000,0,80.00,0.0000,5.6285,-3.0001,0.0000,6.2372,-12.3750,80.00,-1,-1.00000,0.000,0.000,0.000,0.000,0.000,0.000,0,0.00,0,0,0,0,0,0,1.2872,-0.000,0.000,-0.0000,-0.0000,-0.0000,4,1.2872,0.000
215,3.5833,0.0000,1.2372,-12.6250,0.0000,0.0001,-15.0000,15.0000,0.000,0.000,-8.594,1,VEHICLE,0,-,0.0000,50,150,0,0.0800,0,0,0.000,0.000,0.000,0.0000,0.0000,0.0000,1,1.0000,0,0,0.0000,0,1.2872,0.0000,0.0000,0.0000,0.0000,0,80.00,0.0000,5.6285,-3.2501,0.0000,6.2372,-12.6250,80.00,-1,-1.00000,0.000,0.000,0.000,0.000,0.000,0.000,0,0.00,0,0,0,0,0,0,1.2872,-0.000,0.000,-0.0000,0.0000,-0.0000,4,1.2872,0.000
216,3.6000,0.0000,1.2372,-12.8750,0.0000,0.0001,-15.0000,15.0000,0.000,0.000,-8.594,1,VEHICLE,0,-,0.0000,50,150,0,0.0800,0,0,0.000,0.000,0.000,0.0000,0.0000,0.0000,1,1.0000,0,0,0.0000,0,1.2872,0.0000,0.0000,0.0000,0.0000,0,80.00,0.0000,5.6285,-3.5001,0.0000,6.2372,-12.8750,80.00,-1,-1.00000,0.000,0.000,0.000,0.000,0.000,0.000,0,0.00,0,0,0,0,0,0,1.2872,-0.000,0.000,-0.0000,0.0000,-0.0000,4,1.2872,0.000
217,3.6167,0.0000,1.2372,-13.1250,0.0000,0.0001,-15.0000,15.0000,0.000,0.000,-8.594,1,VEHICLE,0,-,0.0000,50,150,0,0.0800,0,0,0.000,0.000,0.000,0.0000,0.0000,0.0000,1,1.0000,0,0,0.0000,0,1.2872,0.0000,0.0000,0.0000,0.0000,0,80.00,0.0000,5.6285,-3.7501,0.0000,6.2372,-13.1250,80.00,-1,-1.00000,0.000,0.000,0.000,0.000,0.000,0.000,0,0.00,0,0,0,0,0,0,1.2872,-0.000,0.000,0.0000,-0.0000,-0.0000,4,1.2872,0.000
218,3.6333,0.0000,1.2372,-13.3750,0.0000,0.0000,-15.0000,15.0000,0.000,0.000,-8.594,1,VEHICLE,0,-,0.0000,50,150,0,0.0800,0,0,0.000,0.000,0.000,0.0000,0.0000,0.0000,1,1.0000,0,0,0.0000,0,1.2872,0.0000,0.0000,0.0000,0.0000,0,80.00,0.0000,5.6285,-4.0001,0.0000,6.2372,-13.3750,80.00,-1,-1.00000,0.000,0.000,0.000,0.000,0.000,0.000,0,0.00,0,0,0,0,0,0,1.2872,-0.000,0.000,-0.0000,0.0000,-0.0000,4,1.2872,0.000
219,3.6500,0.0000,1.2372,-13.6250,0.0000,0.0000,-15.0000,15.0000,0.000,0.000,-8.594,1,VEHICLE,0,-,0.0000,50,150,0,0.0800,0,0,0.000,0.000,0.000,0.0000,0.0000,0.0000,1,1.0000,0,0,0.0000,0,1.2872,0.0000,0.0000,0.0000,0.0000,0,80.00,0.0000,5.6285,-4.2501,0.0000,6.2372,-13.6250,80.00,-1,-1.00000,0.000,0.000,0.000,0.000,0.000,0.000,0,0.00,0,0,0,0,0,0,1.2872,-0.000,0.000,-0.0000,-0.0000,-0.0000,4,1.2872,0.000
220,3.6667,0.0000,1.2372,-13.8750,0.0000,0.0000,-15.0000,15.0000,0.000,0.000,-8.594,1,VEHICLE,0,-,0.0000,50,150,0,0.0800,0,0,0.000,0.000,0.000,0.0000,0.0000,0.0000,1,1.0000,0,0,0.0000,0,1.2872,0.0000,0.0000,0.0000,0.0000,0,80.00,0.0000,5.6285,-4.5001,0.0000,6.2372,-13.8750,80.00,-1,-1.00000,0.000,0.000,0.000,0.000,0.000,0.000,0,0.00,0,0,0,0,0,0,1.2872,-0.000,0.000,-0.0000,0.0000,-0.0000,4,1.2872,0.000
221,3.6833,0.0000,1.2372,-14.1250,0.0000,0.0000,-15.0000,15.0000,0.000,0.000,-8.594,1,VEHICLE,0,-,0.0000,50,150,0,0.0800,0,0,0.000,0.000,0.000,0.0000,0.0000,0.0000,1,1.0000,0,0,0.0000,0,1.2872,0.0000,0.0000,0.0000,0.0000,0,80.00,0.0000,5.6285,-4.7501,0.0000,6.2372,-14.1250,80.00,-1,-1.00000,0.000,0.000,0.000,0.000,0.000,0.000,0,0.00,0,0,0,0,0,0,1.2872,-0.000,0.000,0.0000,0.0000,-0.0000,4,1.2872,0.000
222,3.7000,0.0000,1.2372,-14.3750,0.0000,0.0000,-15.0000,15.0000,0.000,0.000,-8.594,1,VEHICLE,0,-,0.0000,50,150,0,0.0800,0,0,0.000,0.000,0.000,0.0000,0.0000,0.0000,1,1.0000,0,0,0.0000,0,1.2872,0.0000,0.0000,0.0000,0.0000,0,80.00,0.0000,5.6285,-5.0001,0.0000,6.2372,-14.3750,80.00,-1,-1.00000,0.000,0.000,0.000,0.000,0.000,0.000,0,0.00,0,0,0,0,0,0,1.2872,-0.000,0.000,-0.0000,-0.0000,-0.0000,4,1.2872,0.000
223,3.7167,0.0000,1.2372,-14.6250,0.0000,0.0000,-15.0000,15.0000,0.000,0.000,-8.594,1,VEHICLE,0,-,0.0000,50,150,0,0.0800,0,0,0.000,0.000,0.000,0.0000,0.0000,0.0000,1,1.0000,0,0,0.0000,0,1.2872,0.0000,0.0000,0.0000,0.0000,0,80.00,0.0000,5.6285,-5.2501,0.0000,6.2372,-14.6250,80.00,-1,-1.00000,0.000,0.000,0.000,0.000,0.000,0.000,0,0.00,0,0,0,0,0,0,1.2872,-0.000,0.000,0.0000,0.0000,-0.0000,4,1.2872,0.000
224,3.7333,0.0000,1.2372,-14.8750,0.0000,0.0000,-15.0000,15.0000,0.000,0.000,-8.594,1,VEHICLE,0,-,0.0000,50,150,0,0.0800,0,0,0.000,0.000,0.000,0.0000,0.0000,0.0000,1,1.0000,0,0,0.0000,0,1.2872,0.0000,0.0000,0.0000,0.0000,0,80.00,0.0000,5.6285,-5.5001,0.0000,6.2372,-14.8750,80.00,-1,-1.00000,0.000,0.000,0.000,0.000,0.000,0.000,0,0.00,0,0,0,0,0,0,1.2872,-0.000,0.000,-0.0000,0.0000,-0.0000,4,1.2872,0.000
225,3.7500,0.0000,1.2372,-15.1250,0.0000,0.0000,-15.0000,15.0000,0.000,0.000,-8.594,1,VEHICLE,0,-,0.0000,50,150,0,0.0800,0,0,0.000,0.000,0.000,0.0000,0.0000,0.0000,1,1.0000,0,0,0.0000,0,1.2872,0.0000,0.0000,0.0000,0.0000,0,80.00,0.0000,5.6285,-5.7501,0.0000,6.2372,-15.1250,80.00,-1,-1.00000,0.000,0.000,0.000,0.000,0.000,0.000,0,0.00,0,0,0,0,0,0,1.2872,-0.000,0.000,-0.0000,-0.0000,-0.0000,4,1.2872,0.000
226,3.7667,0.0000,1.2372,-15.3750,0.0000,0.0000,-15.0000,15.0000,0.000,0.000,-8.594,1,VEHICLE,0,-,0.0000,50,150,0,0.0800,0,0,0.000,0.000,0.000,0.0000,0.0000,0.0000,1,1.0000,0,0,0.0000,0,1.2872,0.0000,0.0000,0.0000,0.0000,0,80.00,0.0000,5.6285,-6.0001,0.0000,6.2372,-15.3750,80.00,-1,-1.00000,0.000,0.000,0.000,0.000,0.000,0.000,0,0.00,0,0,0,0,0,0,1.2872,-0.000,0.000,-0.0000,0.0000,-0.0000,4,1.2872,0.000
227,3.7833,0.0000,1.2372,-15.6250,0.0000,0.0000,-15.0000,15.0000,0.000,0.000,-8.594,1,VEHICLE,0,-,0.0000,50,150,0,0.0800,0,0,0.000,0.000,0.000,0.0000,0.0000,0.0000,1,1.0000,0,0,0.0000,0,1.2872,0.0000,0.0000,0.0000,0.0000,0,80.00,0.0000,5.6285,-6.2501,0.0000,6.2372,-15.6250,80.00,-1,-1.00000,0.000,0.000,0.000,0.000,0.000,0.000,0,0.00,0,0,0,0,0,0,1.2872,-0.000,0.000,0.0000,0.0000,-0.0000,4,1.2872,0.000
228,3.8000,0.0000,1.2372,-15.8750,0.0000,0.0000,-15.0000,15.0000,0.000,0.000,-8.594,1,VEHICLE,0,-,0.0000,50,150,0,0.0800,0,0,0.000,0.000,0.000,0.0000,0.0000,0.0000,1,1.0000,0,0,0.0000,0,1.2872,0.0000,0.0000,0.0000,0.0000,0,80.00,0.0000,5.6285,-6.5001,0.0000,6.2372,-15.8750,80.00,-1,-1.00000,0.000,0.000,0.000,0.000,0.000,0.000,0,0.00,0,0,0,0,0,0,1.2872,-0.000,0.000,-0.0000,-0.0000,-0.0000,4,1.2872,0.000
229,3.8167,0.0000,1.2372,-16.1250,0.0000,0.0000,-15.0000,15.0000,0.000,0.000,-8.594,1,VEHICLE,0,-,0.0000,50,150,0,0.0800,0,0,0.000,0.000,0.000,0.0000,0.0000,0.0000,1,1.0000,0,0,0.0000,0,1.2872,0.0000,0.0000,0.0000,0.0000,0,80.00,0.0000,5.6285,-6.7501,0.0000,6.2372,-16.1250,80.00,-1,-1.00000,0.000,0.000,0.000,0.000,0.000,0.000,0,0.00,0,0,0,0,0,0,1.2872,-0.000,0.000,-0.0000,0.0000,-0.0000,4,1.2872,0.000
230,3.8333,0.0000,1.2372,-16.3750,0.0000,0.0000,-15.0000,15.0000,0.000,0.000,-8.594,1,VEHICLE,0,-,0.0000,50,150,0,0.0800,0,0,0.000,0.000,0.000,0.0000,0.0000,0.0000,1,1.0000,0,0,0.0000,0,1.2872,0.0000,0.0000,0.0000,0.0000,0,80.00,0.0000,5.6285,-7.0001,0.0000,6.2372,-16.3750,80.00,-1,-1.00000,0.000,0.000,0.000,0.000,0.000,0.000,0,0.00,0,0,0,0,0,0,1.2872,-0.000,0.000,-0.0000,-0.0000,-0.0000,4,1.2872,0.000
231,3.8500,0.0000,1.2372,-16.6250,0.0000,0.0000,-15.0000,15.0000,0.000,0.000,-8.594,1,VEHICLE,0,-,0.0000,50,150,0,0.0800,0,0,0.000,0.000,0.000,0.0000,0.0000,0.0000,1,1.0000,0,0,0.0000,0,1.2872,0.0000,0.0000,0.0000,0.0000,0,80.00,0.0000,5.6285,-7.2501,0.0000,6.2372,-16.6250,80.00,-1,-1.00000,0.000,0.000,0.000,0.000,0.000,0.000,0,0.00,0,0,0,0,0,0,1.2872,-0.000,0.000,0.0000,0.0000,-0.0000,4,1.2872,0.000
232,3.8667,0.0000,1.2372,-16.8750,0.0000,0.0000,-15.0000,15.0000,0.000,0.000,-8.594,1,VEHICLE,0,-,0.0000,50,150,0,0.0800,0,0,0.000,0.000,0.000,0.0000,0.0000,0.0000,1,1.0000,0,0,0.0000,0,1.2872,0.0000,0.0000,0.0000,0.0000,0,80.00,0.0000,5.6285,-7.5001,0.0000,6.2372,-16.8750,80.00,-1,-1.00000,0.000,0.000,0.000,0.000,0.000,0.000,0,0.00,0,0,0,0,0,0,1.2872,-0.000,0.000,-0.0000,0.0000,-0.0000,4,1.2872,0.000
233,3.8833,0.0000,1.2372,-17.1250,0.0000,0.0000,-15.0000,15.0000,0.000,0.000,-8.594,1,VEHICLE,0,-,0.0000,50,150,0,0.0800,0,0,0.000,0.000,0.000,0.0000,0.0000,0.0000,1,1.0000,0,0,0.0000,0,1.2872,0.0000,0.0000,0.0000,0.0000,0,80.00,0.0000,5.6285,-7.7501,0.0000,6.2372,-17.1250,80.00,-1,-1.00000,0.000,0.000,0.000,0.000,0.000,0.000,0,0.00,0,0,0,0,0,0,1.2872,-0.000,0.000,-0.0000,-0.0000,-0.0000,4,1.2872,0.000
234,3.9000,0.0000,1.2373,-17.3750,0.0000,0.0000,-15.0000,15.0000,0.000,0.000,-8.594,1,VEHICLE,0,-,0.0000,50,150,0,0.0800,0,0,0.000,0.000,0.000,0.0000,0.0000,0.0000,1,1.0000,0,0,0.0000,0,1.2872,0.0000,0.0000,0.0000,0.0000,0,80.00,0.0000,5.6285,-8.0001,0.0000,6.2373,-17.3750,80.00,-1,-1.00000,0.000,0.000,0.000,0.000,0.000,0.000,0,0.00,0,0,0,0,0,0,1.2873,-0.000,0.000,-0.0000,0.0000,-0.0000,4,1.2872,0.000
235,3.9167,0.0000,1.2373,-17.6250,0.0000,0.0000,-15.0000,15.0000,0.000,0.000,-8.594,1,VEHICLE,0,-,0.0000,50,150,0,0.0800,0,0,0.000,0.000,0.000,0.0000,0.0000,0.0000,1,1.0000,0,0,0.0000,0,1.2873,0.0000,0.0000,0.0000,0.0000,0,80.00,0.0000,5.6285,-8.2501,0.0000,6.2373,-17.6250,80.00,-1,-1.00000,0.000,0.000,0.000,0.000,0.000,0.000,0,0.00,0,0,0,0,0,0,1.2873,-0.000,0.000,0.0000,-0.0000,-0.0000,4,1.2873,0.000
236,3.9333,0.0000,1.2373,-17.8750,0.0000,0.0000,-15.0000,15.0000,0.000,0.000,-8.594,1,VEHICLE,0,-,0.0000,50,150,0,0.0800,0,0,0.000,0.000,0.000,0.0000,0.0000,0.0000,1,1.0000,0,0,0.0000,0,1.2873,0.0000,0.0000,0.0000,0.0000,0,80.00,0.0000,5.6285,-8.5001,0.0000,6.2373,-17.8750,80.00,-1,-1.00000,0.000,0.000,0.000,0.000,0.000,0.000,0,0.00,0,0,0,0,0,0,1.2873,-0.000,0.000,-0.0000,0.0000,-0.0000,4,1.2873,0.000
237,3.9500,0.0000,1.2373,-18.1250,0.0000,0.0000,-15.0000,15.0000,0.000,0.000,-8.594,1,VEHICLE,0,-,0.0000,50,150,0,0.0800,0,0,0.000,0.000,0.000,0.0000,0.0000,0.0000,1,1.0000,0,0,0.0000,0,1.2873,0.0000,0.0000,0.0000,0.0000,0,80.00,0.0000,5.6285,-8.7501,0.0000,6.2373,-18.1250,80.00,-1,-1.00000,0.000,0.000,0.000,0.000,0.000,0.000,0,0.00,0,0,0,0,0,0,1.2873,-0.000,0.000,-0.0000,-0.0000,-0.0000,4,1.2873,0.000
238,3.9667,0.0000,1.2373,-18.3750,0.0000,0.0000,-15.0000,15.0000,0.000,0.000,-8.594,1,VEHICLE,0,-,0.0000,50,150,0,0.0800,0,0,0.000,0.000,0.000,0.0000,0.0000,0.0000,1,1.0000,0,0,0.0000,0,1.2873,0.0000,0.0000,0.0000,0.0000,0,80.00,0.0000,5.6285,-9.0001,0.0000,6.2373,-18.3750,80.00,-1,-1.00000,0.000,0.000,0.000,0.000,0.000,0.000,0,0.00,0,0,0,0,0,0,1.2873,-0.000,0.000,-0.0000,0.0000,-0.0000,4,1.2873,0.000
239,3.9833,0.0000,1.2373,-18.6250,0.0000,0.0000,-15.0000,15.0000,0.000,0.000,-8.594,1,VEHICLE,0,-,0.0000,50,150,0,0.0800,0,0,0.000,0.000,0.000,0.0000,0.0000,0.0000,1,1.0000,0,0,0.0000,0,1.2873,0.0000,0.0000,0.0000,0.0000,0,80.00,0.0000,5.6285,-9.2501,0.0000,6.2373,-18.6250,80.00,-1,-1.00000,0.000,0.000,0.000,0.000,0.000,0.000,0,0.00,0,0,0,0,0,0,1.2873,-0.000,0.000,0.0000,-0.0000,-0.0000,4,1.2873,0.000
240,4.0000,0.0000,1.2373,-18.8750,0.0000,0.0000,-15.0000,15.0000,0.000,0.000,-8.594,1,VEHICLE,0,-,0.0000,50,150,0,0.0800,0,0,0.000,0.000,0.000,0.0000,0.0000,0.0000,1,1.0000,0,0,0.0000,0,1.2873,0.0000,0.0000,0.0000,0.0000,0,80.00,0.0000,5.6285,-9.5001,0.0000,6.2373,-18.8750,80.00,-1,-1.00000,0.000,0.000,0.000,0.000,0.000,0.000,0,0.00,0,0,0,0,0,0,1.2873,-0.000,0.000,-0.0000,0.0000,-0.0000,4,1.2873,0.000
241,4.0167,0.0000,1.2373,-19.1250,0.0000,0.0000,-15.0000,15.0000,0.000,0.000,-8.594,1,VEHICLE,0,-,0.0000,50,150,0,0.0800,0,0,0.000,0.000,0.000,0.0000,0.0000,0.0000,1,1.0000,0,0,0.0000,0,1.2873,0.0000,0.0000,0.0000,0.0000,0,80.00,0.0000,5.6285,-9.7501,0.0000,6.2373,-19.1250,80.00,-1,-1.00000,0.000,0.000,0.000,0.000,0.000,0.000,0,0.00,0,0,0,0,0,0,1.2873,-0.000,0.000,-0.0000,-0.0000,-0.0000,4,1.2873,0.000
242,4.0333,0.0000,1.2373,-19.3750,0.0000,0.0000,-15.0000,15.0000,0.000,0.000,-8.594,1,VEHICLE,0,-,0.0000,50,150,0,0.0800,0,0,0.000,0.000,0.000,0.0000,0.0000,0.0000,1,1.0000,0,0,0.0000,0,1.2873,0.0000,0.0000,0.0000,0.0000,0,80.00,0.0000,5.6285,-10.0001,0.0000,6.2373,-19.3750,80.00,-1,-1.00000,0.000,0.000,0.000,0.000,0.000,0.000,0,0.00,0,0,0,0,0,0,1.2873,-0.000,0.000,-0.0000,0.0000,-0.0000,4,1.2873,0.000
243,4.0500,0.0000,1.2373,-19.6250,0.0000,0.0000,-15.0000,15.0000,0.000,0.000,-8.594,1,VEHICLE,0,-,0.0000,50,150,0,0.0800,0,0,0.000,0.000,0.000,0.0000,0.0000,0.0000,1,1.0000,0,0,0.0000,0,1.2873,0.0000,0.0000,0.0000,0.0000,0,80.00,0.0000,5.6285,-10.2501,0.0000,6.2373,-19.6250,80.00,-1,-1.00000,0.000,0.000,0.000,0.000,0.000,0.000,0,0.00,0,0,0,0,0,0,1.2873,-0.000,0.000,-0.0000,0.0000,-0.0000,4,1.2873,0.000
244,4.0667,0.0000,1.2373,-19.8750,0.0000,0.0000,-15.0000,15.0000,0.000,0.000,-8.594,1,VEHICLE,0,-,0.0000,50,150,0,0.0800,0,0,0.000,0.000,0.000,0.0000,0.0000,0.0000,1,1.0000,0,0,0.0000,0,1.2873,0.0000,0.0000,0.0000,0.0000,0,80.00,0.0000,5.6285,-10.5001,0.0000,6.2373,-19.8750,80.00,-1,-1.00000,0.000,0.000,0.000,0.000,0.000,0.000,0,0.00,0,0,0,0,0,0,1.2873,-0.000,0.000,0.0000,-0.0000,-0.0000,4,1.2873,0.000
245,4.0833,0.0000,1.2373,-20.1250,0.0000,0.0000,-15.0000,15.0000,0.000,0.000,-8.594,1,VEHICLE,0,-,0.0000,50,150,0,0.0800,0,0,0.000,0.000,0.000,0.0000,0.0000,0.0000,1,1.0000,0,0,0.0000,0,1.2873,0.0000,0.0000,0.0000,0.0000,0,80.00,0.0000,5.6285,-10.7501,0.0000,6.2373,-20.1250,80.00,-1,-1.00000,0.000,0.000,0.000,0.000,0.000,0.000,0,0.00,0,0,0,0,0,0,1.2873,-0.000,0.000,-0.0000,0.0000,-0.0000,4,1.2873,0.000
246,4.1000,0.0000,1.2373,-20.3750,0.0000,0.0000,-15.0000,15.0000,0.000,0.000,-8.594,1,VEHICLE,0,-,0.0000,50,150,0,0.0800,0,0,0.000,0.000,0.000,0.0000,0.0000,0.0000,1,1.0000,0,0,0.0000,0,1.2873,0.0000,0.0000,0.0000,0.0000,0,80.00,0.0000,5.6285,-11.0001,0.0000,6.2373,-20.3750,80.00,-1,-1.00000,0.000,0.000,0.000,0.000,0.000,0.000,0,0.00,0,0,0,0,0,0,1.2873,-0.000,0.000,-0.0000,-0.0000,-0.0000,4,1.2873,0.000
247,4.1167,0.0000,1.2373,-20.6250,0.0000,0.0000,-15.0000,15.0000,0.000,0.000,-8.594,1,VEHICLE,0,-,0.0000,50,150,0,0.0800,0,0,0.000,0.000,0.000,0.0000,0.0000,0.0000,1,1.0000,0,0,0.0000,0,1.2873,0.0000,0.0000,0.0000,0.0000,0,80.00,0.0000,5.6285,-11.2501,0.0000,6.2373,-20.6250,80.00,-1,-1.00000,0.000,0.000,0.000,0.000,0.000,0.000,0,0.00,0,0,0,0,0,0,1.2873,-0.000,0.000,-0.0000,0.0000,-0.0000,4,1.2873,0.000
248,4.1333,0.0000,1.2373,-20.8750,0.0000,0.0000,-15.0000,15.0000,0.000,0.000,-8.594,1,VEHICLE,0,-,0.0000,50,150,0,0.0800,0,0,0.000,0.000,0.000,0.0000,0.0000,0.0000,1,1.0000,0,0,0.0000,0,1.2873,0.0000,0.0000,0.0000,0.0000,0,80.00,0.0000,5.6285,-11.5001,0.0000,6.2373,-20.8750,80.00,-1,-1.00000,0.000,0.000,0.000,0.000,0.000,0.000,0,0.00,0,0,0,0,0,0,1.2873,-0.000,0.000,-0.0000,-0.0000,-0.0000,4,1.2873,0.000
249,4.1500,0.0000,1.2373,-21.1250,0.0000,0.0000,-15.0000,15.0000,0.000,0.000,-8.594,1,VEHICLE,0,-,0.0000,50,150,0,0.0800,0,0,0.000,0.000,0.000,0.0000,0.0000,0.0000,1,1.0000,0,0,0.0000,0,1.2873,0.0000,0.0000,0.0000,0.0000,0,80.00,0.0000,5.6285,-11.7501,0.0000,6.2373,-21.1250,80.00,-1,-1.00000,0.000,0.000,0.000,0.000,0.000,0.000,0,0.00,0,0,0,0,0,0,1.2873,-0.000,0.000,0.0000,0.0000,-0.0000,4,1.2873,0.000
250,4.1667,0.0000,1.2373,-21.3750,0.0000,0.0000,-15.0000,15.0000,0.000,0.000,-8.594,1,VEHICLE,0,-,0.0000,50,150,0,0.0800,0,0,0.000,0.000,0.000,0.0000,0.0000,0.0000,1,1.0000,0,0,0.0000,0,1.2873,0.0000,0.0000,0.0000,0.0000,0,80.00,0.0000,5.6285,-12.0001,0.0000,6.2373,-21.3750,80.00,-1,-1.00000,0.000,0.000,0.000,0.000,0.000,0.000,0,0.00,0,0,0,0,0,0,1.2873,-0.000,0.000,-0.0000,-0.0000,-0.0000,4,1.2873,0.000
251,4.1833,0.0000,1.2373,-21.6250,0.0000,0.0000,-15.0000,15.0000,0.000,0.000,-8.594,1,VEHICLE,0,-,0.0000,50,150,0,0.0800,0,0,0.000,0.000,0.000,0.0000,0.0000,0.0000,1,1.0000,0,0,0.0000,0,1.2873,0.0000,0.0000,0.0000,0.0000,0,80.00,0.0000,5.6285,-12.2501,0.0000,6.2373,-21.6250,80.00,-1,-1.00000,0.000,0.000,0.000,0.000,0.000,0.000,0,0.00,0,0,0,0,0,0,1.2873,-0.000,0.000,-0.0000,-0.0000,-0.0000,4,1.2873,0.000
252,4.2000,0.0000,1.2373,-21.8750,0.0000,0.0000,-15.0000,15.0000,0.000,0.000,-8.594,1,VEHICLE,0,-,0.0000,50,150,0,0.0800,0,0,0.000,0.000,0.000,0.0000,0.0000,0.0000,1,1.0000,0,0,0.0000,0,1.2873,0.0000,0.0000,0.0000,0.0000,0,80.00,0.0000,5.6285,-12.5001,0.0000,6.2373,-21.8750,80.00,-1,-1.00000,0.000,0.000,0.000,0.000,0.000,0.000,0,0.00,0,0,0,0,0,0,1.2873,-0.000,0.000,-0.0000,0.0000,-0.0000,4,1.2873,0.000
253,4.2167,0.0000,1.2373,-22.1250,0.0000,0.0000,-15.0000,15.0000,0.000,0.000,-8.594,1,VEHICLE,0,-,0.0000,50,150,0,0.0800,0,0,0.000,0.000,0.000,0.0000,0.0000,0.0000,1,1.0000,0,0,0.0000,0,1.2873,0.0000,0.0000,0.0000,0.0000,0,80.00,0.0000,5.6285,-12.7501,0.0000,6.2373,-22.1250,80.00,-1,-1.00000,0.000,0.000,0.000,0.000,0.000,0.000,0,0.00,0,0,0,0,0,0,1.2873,-0.000,0.000,-0.0000,-0.0000,-0.0000,4,1.2873,0.000
254,4.2333,0.0000,1.2373,-22.3750,0.0000,-0.0000,-15.0000,15.0000,0.000,0.000,-8.594,1,VEHICLE,0,-,0.0000,50,150,0,0.0800,0,0,0.000,0.000,0.000,0.0000,0.0000,0.0000,1,1.0000,0,0,0.0000,0,1.2873,0.0000,0.0000,0.0000,0.0000,0,80.00,0.0000,5.6285,-13.0001,0.0000,6.2373,-22.3750,80.00,-1,-1.00000,0.000,0.000,0.000,0.000,0.000,0.000,0,0.00,0,0,0,0,0,0,1.2873,-0.000,0.000,0.0000,0.0000,-0.0000,4,1.2873,0.000
255,4.2500,0.0000,1.2373,-22.6250,0.0000,-0.0000,-15.0000,15.0000,0.000,0.000,-8.594,1,VEHICLE,0,-,0.0000,50,150,0,0.0800,0,0,0.000,0.000,0.000,0.0000,0.0000,0.0000,1,1.0000,0,0,0.0000,0,1.2873,0.0000,0.0000,0.0000,0.0000,0,80.00,0.0000,5.6285,-13.2501,0.0000,6.2373,-22.6250,80.00,-1,-1.00000,0.000,0.000,0.000,0.000,0.000,0.000,0,0.00,0,0,0,0,0,0,1.2873,-0.000,0.000,-0.0000,-0.0000,-0.0000,4,1.2873,0.000
256,4.2667,0.0000,1.2373,-22.8750,0.0000,-0.0000,-15.0000,15.0000,0.000,0.000,-8.594,1,VEHICLE,0,-,0.0000,50,150,0,0.0800,0,0,0.000,0.000,0.000,0.0000,0.0000,0.0000,1,1.0000,0,0,0.0000,0,1.2873,0.0000,0.0000,0.0000,0.0000,0,80.00,0.0000,5.6285,-13.5001,0.0000,6.2373,-22.8750,80.00,-1,-1.00000,0.000,0.000,0.000,0.000,0.000,0.000,0,0.00,0,0,0,0,0,0,1.2873,-0.000,0.000,-0.0000,0.0000,-0.0000,4,1.2873,0.000
257,4.2833,0.0000,1.2373,-23.1250,0.0000,-0.0000,-15.0000,15.0000,0.000,0.000,-8.594,1,VEHICLE,0,-,0.0000,50,150,0,0.0800,0,0,0.000,0.000,0.000,0.0000,0.0000,0.0000,1,1.0000,0,0,0.0000,0,1.2873,0.0000,0.0000,0.0000,0.0000,0,80.00,0.0000,5.6285,-13.7501,0.0000,6.2373,-23.1250,80.00,-1,-1.00000,0.000,0.000,0.000,0.000,0.000,0.000,0,0.00,0,0,0,0,0,0,1.2873,-0.000,0.000,-0.0000,-0.0000,-0.0000,4,1.2873,0.000
258,4.3000,0.0000,1.2373,-23.3750,0.0000,-0.0000,-15.0000,15.0000,0.000,0.000,-8.594,1,VEHICLE,0,-,0.0000,50,150,0,0.0800,0,0,0.000,0.000,0.000,0.0000,0.0000,0.0000,1,1.0000,0,0,0.0000,0,1.2873,0.0000,0.0000,0.0000,0.0000,0,80.00,0.0000,5.6285,-14.0001,0.0000,6.2373,-23.3750,80.00,-1,-1.00000,0.000,0.000,0.000,0.000,0.000,0.000,0,0.00,0,0,0,0,0,0,1.2873,-0.000,0.000,-0.0000,0.0000,-0.0000,4,1.2873,0.000
259,4.3167,0.0000,1.2373,-23.6250,0.0000,-0.0000,-15.0000,15.0000,0.000,0.000,-8.594,1,VEHICLE,0,-,0.0000,50,150,0,0.0800,0,0,0.000,0.000,0.000,0.0000,0.0000,0.0000,1,1.0000,0,0,0.0000,0,1.2873,0.0000,0.0000,0.0000,0.0000,0,80.00,0.0000,5.6285,-14.2501,0.0000,6.2373,-23.6250,80.00,-1,-1.00000,0.000,0.000,0.000,0.000,0.000,0.000,0,0.00,0,0,0,0,0,0,1.2873,-0.000,0.000,-0.0000,-0.0000,-0.0000,4,1.2873,0.000
260,4.3333,0.0000,1.2373,-23.8750,0.0000,-0.0000,-15.0000,15.0000,0.000,0.000,-8.594,1,VEHICLE,0,-,0.0000,50,150,0,0.0800,0,0,0.000,0.000,0.000,0.0000,0.0000,0.0000,1,1.0000,0,0,0.0000,0,1.2873,0.0000,0.0000,0.0000,0.0000,0,80.00,0.0000,5.6285,-14.5001,0.0000,6.2373,-23.8750,80.00,-1,-1.00000,0.000,0.000,0.000,0.000,0.000,0.000,0,0.00,0,0,0,0,0,0,1.2873,-0.000,0.000,0.0000,0.0000,-0.0000,4,1.2873,0.000
261,4.3500,0.0000,1.2373,-24.1250,0.0000,-0.0000,-15.0000,15.0000,0.000,0.000,-8.594,1,VEHICLE,0,-,0.0000,50,150,0,0.0800,0,0,0.000,0.000,0.000,0.0000,0.0000,0.0000,1,1.0000,0,0,0.0000,0,1.2873,0.0000,0.0000,0.0000,0.0000,0,80.00,0.0000,5.6285,-14.7501,0.0000,6.2373,-24.1250,80.00,-1,-1.00000,0.000,0.000,0.000,0.000,0.000,0.000,0,0.00,0,0,0,0,0,0,1.2873,-0.000,0.000,-0.0000,-0.0000,-0.0000,4,1.2873,0.000
262,4.3667,0.0000,1.2373,-24.3750,0.0000,-0.0000,-15.0000,15.0000,0.000,0.000,-8.594,1,VEHICLE,0,-,0.0000,50,150,0,0.0800,0,0,0.000,0.000,0.000,0.0000,0.0000,0.0000,1,1.0000,0,0,0.0000,0,1.2873,0.0000,0.0000,0.0000,0.0000,0,80.00,0.0000,5.6285,-15.0001,0.0000,6.2373,-24.3750,80.00,-1,-1.00000,0.000,0.000,0.000,0.000,0.000,0.000,0,0.00,0,0,0,0,0,0,1.2873,-0.000,0.000,-0.0000,0.0000,-0.0000,4,1.2873,0.000
263,4.3833,0.0000,1.2373,-24.6250,0.0000,-0.0000,-15.0000,15.0000,0.000,0.000,-8.594,1,VEHICLE,0,-,0.0000,50,150,0,0.0800,0,0,0.000,0.000,0.000,0.0000,0.0000,0.0000,1,1.0000,0,0,0.0000,0,1.2873,0.0000,0.0000,0.0000,0.0000,0,80.00,0.0000,5.6285,-15.2501,0.0000,6.2373,-24.6250,80.00,-1,-1.00000,0.000,0.000,0.000,0.000,0.000,0.000,0,0.00,0,0,0,0,0,0,1.2873,-0.000,0.000,-0.0000,-0.0000,-0.0000,4,1.2873,0.000
264,4.4000,0.0000,1.2373,-24.8750,0.0000,-0.0000,-15.0000,15.0000,0.000,0.000,-8.594,1,VEHICLE,0,-,0.0000,50,150,0,0.0800,0,0,0.000,0.000,0.000,0.0000,0.0000,0.0000,1,1.0000,0,0,0.0000,0,1.2873,0.0000,0.0000,0.0000,0.0000,0,80.00,0.0000,5.6285,-15.5001,0.0000,6.2373,-24.8750,80.00,-1,-1.00000,0.000,0.000,0.000,0.000,0.000,0.000,0,0.00,0,0,0,0,0,0,1.2873,-0.000,0.000,-0.0000,-0.0000,-0.0000,4,1.2873,0.000
265,4.4167,0.0000,1.2373,-25.1250,0.0000,-0.0000,-15.0000,15.0000,0.000,0.000,-8.594,1,VEHICLE,0,-,0.0000,50,150,0,0.0800,0,0,0.000,0.000,0.000,0.0000,0.0000,0.0000,1,1.0000,0,0,0.0000,0,1.2873,0.0000,0.0000,0.0000,0.0000,0,80.00,0.0000,5.6285,-15.7501,0.0000,6.2373,-25.1250,80.00,-1,-1.00000,0.000,0.000,0.000,0.000,0.000,0.000,0,0.00,0,0,0,0,0,0,1.2873,-0.000,0.000,-0.0000,0.0000,-0.0000,4,1.2873,0.000
266,4.4333,0.0000,1.2373,-25.3750,0.0000,-0.0000,-15.0000,15.0000,0.000,0.000,-8.594,1,VEHICLE,0,-,0.0000,50,150,0,0.0800,0,0,0.000,0.000,0.000,0.0000,0.0000,0.0000,1,1.0000,0,0,0.0000,0,1.2873,0.0000,0.0000,0.0000,0.0000,0,80.00,0.0000,5.6285,-16.0001,0.0000,6.2373,-25.3750,80.00,-1,-1.00000,0.000,0.000,0.000,0.000,0.000,0.000,0,0.00,0,0,0,0,0,0,1.2873,-0.000,0.000,-0.0000,-0.0000,-0.0000,4,1.2873,0.000
267,4.4500,0.0000,1.2373,-25.6250,0.0000,-0.0000,-15.0000,15.0000,0.000,0.000,-8.594,1,VEHICLE,0,-,0.0000,50,150,0,0.0800,0,0,0.000,0.000,0.000,0.0000,0.0000,0.0000,1,1.0000,0,0,0.0000,0,1.2873,0.0000,0.0000,0.0000,0.0000,0,80.00,0.0000,5.6285,-16.2501,0.0000,6.2373,-25.6250,80.00,-1,-1.00000,0.000,0.000,0.000,0.000,0.000,0.000,0,0.00,0,0,0,0,0,0,1.2873,-0.000,0.000,0.0000,0.0000,-0.0000,4,1.2873,0.000
268,4.4667,0.0000,1.2373,-25.8750,0.0000,-0.0000,-15.0000,15.0000,0.000,0.000,-8.594,1,VEHICLE,0,-,0.0000,50,150,0,0.0800,0,0,0.000,0.000,0.000,0.0000,0.0000,0.0000,1,1.0000,0,0,0.0000,0,1.2873,0.0000,0.0000,0.0000,0.0000,0,80.00,0.0000,5.6285,-16.5001,0.0000,6.2373,-25.8750,80.00,-1,-1.00000,0.000,0.000,0.000,0.000,0.000,0.000,0,0.00,0,0,0,0,0,0,1.2873,-0.000,0.000,-0.0000,0.0000,-0.0000,4,1.2873,0.000
269,4.4833,0.0000,1.2373,-26.1250,0.0000,-0.0000,-15.0000,15.0000,0.000,0.000,-8.594,1,VEHICLE,0,-,0.0000,50,150,0,0.0800,0,0,0.000,0.000,0.000,0.0000,0.0000,0.0000,1,1.0000,0,0,0.0000,0,1.2873,0.0000,0.0000,0.0000,0.0000,0,80.00,0.0000,5.6285,-16.7501,0.0000,6.2373,-26.1250,80.00,-1,-1.00000,0.000,0.000,0.000,0.000,0.000,0.000,0,0.00,0,0,0,0,0,0,1.2873,-0.000,0.000,-0.0000,0.0000,-0.0000,4,1.2873,0.000
270,4.5000,0.0000,1.2373,-26.3750,0.0000,-0.0000,-15.0000,15.0000,0.000,0.000,-8.594,1,VEHICLE,0,-,0.0000,50,150,0,0.0800,0,0,0.000,0.000,0.000,0.0000,0.0000,0.0000,1,1.0000,0,0,0.0000,0,1.2873,0.0000,0.0000,0.0000,0.0000,0,80.00,0.0000,5.6285,-17.0001,0.0000,6.2373,-26.3750,80.00,-1,-1.00000,0.000,0.000,0.000,0.000,0.000,0.000,0,0.00,0,0,0,0,0,0,1.2873,-0.000,0.000,0.0000,-0.0000,-0.0000,4,1.2873,0.000
271,4.5167,0.0000,1.2373,-26.6250,0.0000,-0.0000,-15.0000,15.0000,0.000,0.000,-8.594,1,VEHICLE,0,-,0.0000,50,150,0,0.0800,0,0,0.000,0.000,0.000,0.0000,0.0000,0.0000,1,1.0000,0,0,0.0000,0,1.2873,0.0000,0.0000,0.0000,0.0000,0,80.00,0.0000,5.6285,-17.2501,0.0000,6.2373,-26.6250,80.00,-1,-1.00000,0.000,0.000,0.000,0.000,0.000,0.000,0,0.00,0,0,0,0,0,0,1.2873,-0.000,0.000,-0.0000,0.0000,-0.0000,4,1.2873,0.000
272,4.5333,0.0000,1.2373,-26.8750,0.0000,-0.0000,-15.0000,15.0000,0.000,0.000,-8.594,1,VEHICLE,0,-,0.0000,50,150,0,0.0800,0,0,0.000,0.000,0.000,0.0000,0.0000,0.0000,1,1.0000,0,0,0.0000,0,1.2873,0.0000,0.0000,0.0000,0.0000,0,80.00,0.0000,5.6285,-17.5001,0.0000,6.2373,-26.8750,80.00,-1,-1.00000,0.000,0.000,0.000,0.000,0.000,0.000,0,0.00,0,0,0,0,0,0,1.2873,-0.000,0.000,-0.0000,-0.0000,-0.0000,4,1.2873,0.000
273,4.5500,0.0000,1.2373,-27.1250,0.0000,-0.0000,-15.0000,15.0000,0.000,0.000,-8.594,1,VEHICLE,0,-,0.0000,50,150,0,0.0800,0,0,0.000,0.000,0.000,0.0000,0.0000,0.0000,1,1.0000,0,0,0.0000,0,1.2873,0.0000,0.0000,0.0000,0.0000,0,80.00,0.0000,5.6285,-17.7501,0.0000,6.2373,-27.1250,80.00,-1,-1.00000,0.000,0.000,0.000,0.000,0.000,0.000,0,0.00,0,0,0,0,0,0,1.2873,-0.000,0.000,-0.0000,0.0000,-0.0000,4,1.2873,0.000
274,4.5667,0.0000,1.2373,-27.3750,0.0000,-0.0000,-15.0000,15.0000,0.000,0.000,-8.594,1,VEHICLE,0,-,0.0000,50,150,0,0.0800,0,0,0.000,0.000,0.000,0.0000,0.0000,0.0000,1,1.0000,0,0,0.0000,0,1.2873,0.0000,0.0000,0.0000,0.0000,0,80.00,0.0000,5.6285,-18.0001,0.0000,6.2373,-27.3750,80.00,-1,-1.00000,0.000,0.000,0.000,0.000,0.000,0.000,0,0.00,0,0,0,0,0,0,1.2873,-0.000,0.000,-0.0000,-0.0000,-0.0000,4,1.2873,0.000
275,4.5833,0.0000,1.2373,-27.6250,0.0000,-0.0000,-15.0000,15.0000,0.000,0.000,-8.594,1,VEHICLE,0,-,0.0000,50,150,0,0.0800,0,0,0.000,0.000,0.000,0.0000,0.0000,0.0000,1,1.0000,0,0,0.0000,0,1.2873,0.0000,0.0000,0.0000,0.0000,0,80.00,0.0000,5.6285,-18.2501,0.0000,6.2373,-27.6250,80.00,-1,-1.00000,0.000,0.000,0.000,0.000,0.000,0.000,0,0.00,0,0,0,0,0,0,1.2873,-0.000,0.000,-0.0000,0.0000,-0.0000,4,1.2873,0.000
276,4.6000,0.0000,1.2373,-27.8750,0.0000,-0.0000,-15.0000,15.0000,0.000,0.000,-8.594,1,VEHICLE,0,-,0.0000,50,150,0,0.0800,0,0,0.000,0.000,0.000,0.0000,0.0000,0.0000,1,1.0000,0,0,0.0000,0,1.2873,0.0000,0.0000,0.0000,0.0000,0,80.00,0.0000,5.6285,-18.5001,0.0000,6.2373,-27.8750,80.00,-1,-1.00000,0.000,0.000,0.000,0.000,0.000,0.000,0,0.00,0,0,0,0,0,0,1.2873,-0.000,0.000,0.0000,0.0000,-0.0000,4,1.2873,0.000
277,4.6167,0.0000,1.2373,-28.1250,0.0000,-0.0000,-15.0000,15.0000,0.000,0.000,-8.594,1,VEHICLE,0,-,0.0000,50,150,0,0.0800,0,0,0.000,0.000,0.000,0.0000,0.0000,0.0000,1,1.0000,0,0,0.0000,0,1.2873,0.0000,0.0000,0.0000,0.0000,0,80.00,0.0000,5.6285,-18.7501,0.0000,6.2373,-28.1250,80.00,-1,-1.00000,0.000,0.000,0.000,0.000,0.000,0.000,0,0.00,0,0,0,0,0,0,1.2873,-0.000,0.000,-0.0000,-0.0000,-0.0000,4,1.2873,0.000
278,4.6333,0.0000,1.2373,-28.3750,0.0000,-0.0000,-15.0000,15.0000,0.000,0.000,-8.594,1,VEHICLE,0,-,0.0000,50,150,0,0.0800,0,0,0.000,0.000,0.000,0.0000,0.0000,0.0000,1,1.0000,0,0,0.0000,0,1.2873,0.0000,0.0000,0.0000,0.0000,0,80.00,0.0000,5.6285,-19.0001,0.0000,6.2373,-28.3750,80.00,-1,-1.00000,0.000,0.000,0.000,0.000,0.000,0.000,0,0.00,0,0,0,0,0,0,1.2873,-0.000,0.000,-0.0000,0.0000,-0.0000,4,1.2873,0.000
279,4.6500,0.0000,1.2373,-28.6250,0.0000,-0.0000,-15.0000,15.0000,0.000,0.000,-8.594,1,VEHICLE,0,-,0.0000,50,150,0,0.0800,0,0,0.000,0.000,0.000,0.0000,0.0000,0.0000,1,1.0000,0,0,0.0000,0,1.2873,0.0000,0.0000,0.0000,0.0000,0,80.00,0.0000,5.6285,-19.2501,0.0000,6.2373,-28.6250,80.00,-1,-1.00000,0.000,0.000,0.000,0.000,0.000,0.000,0,0.00,0,0,0,0,0,0,1.2873,-0.000,0.000,-0.0000,-0.0000,-0.0000,4,1.2873,0.000
280,4.6667,0.0000,1.2373,-28.8750,0.0000,-0.0000,-15.0000,15.0000,0.000,0.000,-8.594,1,VEHICLE,0,-,0.0000,50,150,0,0.0800,0,0,0.000,0.000,0.000,0.0000,0.0000,0.0000,1,1.0000,0,0,0.0000,0,1.2873,0.0000,0.0000,0.0000,0.0000,0,80.00,0.0000,5.6285,-19.5001,0.0000,6.2373,-28.8750,80.00,-1,-1.00000,0.000,0.000,0.000,0.000,0.000,0.000,0,0.00,0,0,0,0,0,0,1.2873,-0.000,0.000,-0.0000,0.0000,-0.0000,4,1.2873,0.000
281,4.6833,0.0000,1.2373,-29.1250,0.0000,-0.0000,-15.0000,15.0000,0.000,0.000,-8.594,1,VEHICLE,0,-,0.0000,50,150,0,0.0800,0,0,0.000,0.000,0.000,0.0000,0.0000,0.0000,1,1.0000,0,0,0.0000,0,1.2873,0.0000,0.0000,0.0000,0.0000,0,80.00,0.0000,5.6285,-19.7501,0.0000,6.2373,-29.1250,80.00,-1,-1.00000,0.000,0.000,0.000,0.000,0.000,0.000,0,0.00,0,0,0,0,0,0,1.2873,-0.000,0.000,-0.0000,0.0000,-0.0000,4,1.2873,0.000
282,4.7000,0.0000,1.2373,-29.3750,0.0000,-0.0000,-15.0000,15.0000,0.000,0.000,-8.594,1,VEHICLE,0,-,0.0000,50,150,0,0.0800,0,0,0.000,0.000,0.000,0.0000,0.0000,0.0000,1,1.0000,0,0,0.0000,0,1.2873,0.0000,0.0000,0.0000,0.0000,0,80.00,0.0000,5.6285,-20.0001,0.0000,6.2373,-29.3750,80.00,-1,-1.00000,0.000,0.000,0.000,0.000,0.000,0.000,0,0.00,0,0,0,0,0,0,1.2873,-0.000,0.000,0.0000,-0.0000,-0.0000,4,1.2873,0.000
283,4.7167,0.0000,1.2373,-29.6250,0.0000,-0.0000,-15.0000,15.0000,0.000,0.000,-8.594,1,VEHICLE,0,-,0.0000,50,150,0,0.0800,0,0,0.000,0.000,0.000,0.0000,0.0000,0.0000,1,1.0000,0,0,0.0000,0,1.2873,0.0000,0.0000,0.0000,0.0000,0,80.00,0.0000,5.6285,-20.2501,0.0000,6.2373,-29.6250,80.00,-1,-1.00000,0.000,0.000,0.000,0.000,0.000,0.000,0,0.00,0,0,0,0,0,0,1.2873,-0.000,0.000,-0.0000,0.0000,-0.0000,4,1.2873,0.000
284,4.7333,0.0000,1.2373,-29.8750,0.0000,-0.0000,-15.0000,15.0000,0.000,0.000,-8.594,1,VEHICLE,0,-,0.0000,50,150,0,0.0800,0,0,0.000,0.000,0.000,0.0000,0.0000,0.0000,1,1.0000,0,0,0.0000,0,1.2873,0.0000,0.0000,0.0000,0.0000,0,80.00,0.0000,5.6285,-20.5001,0.0000,6.2373,-29.8750,80.00,-1,-1.00000,0.000,0.000,0.000,0.000,0.000,0.000,0,0.00,0,0,0,0,0,0,1.2873,-0.000,0.000,-0.0000,-0.0000,-0.0000,4,1.2873,0.000
285,4.7500,0.0000,1.2373,-30.1250,0.0000,-0.0000,-15.0000,15.0000,0.000,0.000,-8.594,1,VEHICLE,0,-,0.0000,50,150,0,0.0800,0,0,0.000,0.000,0.000,0.0000,0.0000,0.0000,1,1.0000,0,0,0.0000,0,1.2873,0.0000,0.0000,0.0000,0.0000,0,80.00,0.0000,5.6285,-20.7501,0.0000,6.2373,-30.1250,80.00,-1,-1.00000,0.000,0.000,0.000,0.000,0.000,0.000,0,0.00,0,0,0,0,0,0,1.2873,-0.000,0.000,-0.0000,0.0000,-0.0000,4,1.2873,0.000
286,4.7667,0.0000,1.2373,-30.3750,0.0000,-0.0000,-15.0000,15.0000,0.000,0.000,-8.594,1,VEHICLE,0,-,0.0000,50,150,0,0.0800,0,0,0.000,0.000,0.000,0.0000,0.0000,0.0000,1,1.0000,0,0,0.0000,0,1.2873,0.0000,0.0000,0.0000,0.0000,0,80.00,0.0000,5.6285,-21.0001,0.0000,6.2373,-30.3750,80.00,-1,-1.00000,0.000,0.000,0.000,0.000,0.000,0.000,0,0.00,0,0,0,0,0,0,1.2873,-0.000,0.000,-0.0000,-0.0000,-0.0000,4,1.2873,0.000
287,4.7833,0.0000,1.2373,-30.6250,0.0000,-0.0000,-15.0000,15.0000,0.000,0.000,-8.594,1,VEHICLE,0,-,0.0000,50,150,0,0.0800,0,0,0.000,0.000,0.000,0.0000,0.0000,0.0000,1,1.0000,0,0,0.0000,0,1.2873,0.0000,0.0000,0.0000,0.0000,0,80.00,0.0000,5.6285,-21.2501,0.0000,6.2373,-30.6250,80.00,-1,-1.00000,0.000,0.000,0.000,0.000,0.000,0.000,0,0.00,0,0,0,0,0,0,1.2873,-0.000,0.000,0.0000,0.0000,-0.0000,4,1.2873,0.000
288,4.8000,0.0000,1.2373,-30.8750,0.0000,-0.0000,-15.0000,15.0000,0.000,0.000,-8.594,1,VEHICLE,0,-,0.0000,50,150,0,0.0800,0,0,0.000,0.000,0.000,0.0000,0.0000,0.0000,1,1.0000,0,0,0.0000,0,1.2873,0.0000,0.0000,0.0000,0.0000,0,80.00,0.0000,5.6285,-21.5001,0.0000,6.2373,-30.8750,80.00,-1,-1.00000,0.000,0.000,0.000,0.000,0.000,0.000,0,0.00,0,0,0,0,0,0,1.2873,-0.000,0.000,-0.0000,-0.0000,-0.0000,4,1.2873,0.000
289,4.8167,0.0000,1.2373,-31.1250,0.0000,-0.0000,-15.0000,15.0000,0.000,0.000,-8.594,1,VEHICLE,0,-,0.0000,50,150,0,0.0800,0,0,0.000,0.000,0.000,0.0000,0.0000,0.0000,1,1.0000,0,0,0.0000,0,1.2873,0.0000,0.0000,0.0000,0.0000,0,80.00,0.0000,5.6285,-21.7501,0.0000,6.2373,-31.1250,80.00,-1,-1.00000,0.000,0.000,0.000,0.000,0.000,0.000,0,0.00,0,0,0,0,0,0,1.2873,-0.000,0.000,-0.0000,0.0000,-0.0000,4,1.2873,0.000
290,4.8333,0.0000,1.2373,-31.3750,0.0000,-0.0000,-15.0000,15.0000,0.000,0.000,-8.594,1,VEHICLE,0,-,0.0000,50,150,0,0.0800,0,0,0.000,0.000,0.000,0.0000,0.0000,0.0000,1,1.0000,0,0,0.0000,0,1.2873,0.0000,0.0000,0.0000,0.0000,0,80.00,0.0000,5.6285,-22.0001,0.0000,6.2373,-31.3750,80.00,-1,-1.00000,0.000,0.000,0.000,0.000,0.000,0.000,0,0.00,0,0,0,0,0,0,1.2873,-0.000,0.000,-0.0000,-0.0000,-0.0000,4,1.2873,0.000
291,4.8500,0.0000,1.2373,-31.6250,0.0000,-0.0000,-15.0000,15.0000,0.000,0.000,-8.594,1,VEHICLE,0,-,0.0000,50,150,0,0.0800,0,0,0.000,0.000,0.000,0.0000,0.0000,0.0000,1,1.0000,0,0,0.0000,0,1.2873,0.0000,0.0000,0.0000,0.0000,0,80.00,0.0000,5.6285,-22.2501,0.0000,6.2373,-31.6250,80.00,-1,-1.00000,0.000,0.000,0.000,0.000,0.000,0.000,0,0.00,0,0,0,0,0,0,1.2873,-0.000,0.000,-0.0000,0.0000,-0.0000,4,1.2873,0.000
292,4.8667,0.0000,1.2373,-31.8750,0.0000,-0.0000,-15.0000,15.0000,0.000,0.000,-8.594,1,VEHICLE,0,-,0.0000,50,150,0,0.0800,0,0,0.000,0.000,0.000,0.0000,0.0000,0.0000,1,1.0000,0,0,0.0000,0,1.2873,0.0000,0.0000,0.0000,0.0000,0,80.00,0.0000,5.6285,-22.5001,0.0000,6.2373,-31.8750,80.00,-1,-1.00000,0.000,0.000,0.000,0.000,0.000,0.000,0,0.00,0,0,0,0,0,0,1.2873,-0.000,0.000,-0.0000,-0.0000,-0.0000,4,1.2873,0.000
293,4.8833,0.0000,1.2373,-32.1250,0.0000,-0.0000,-15.0000,15.0000,0.000,0.000,-8.594,1,VEHICLE,0,-,0.0000,50,150,0,0.0800,0,0,0.000,0.000,0.000,0.0000,0.0000,0.0000,1,1.0000,0,0,0.0000,0,1.2873,0.0000,0.0000,0.0000,0.0000,0,80.00,0.0000,5.6285,-22.7501,0.0000,6.2373,-32.1250,80.00,-1,-1.00000,0.000,0.000,0.000,0.000,0.000,0.000,0,0.00,0,0,0,0,0,0,1.2873,-0.000,0.000,0.0000,0.0000,-0.0000,4,1.2873,0.000
294,4.9000,0.0000,1.2373,-32.3750,0.0000,-0.0000,-15.0000,15.0000,0.000,0.000,-8.594,1,VEHICLE,0,-,0.0000,50,150,0,0.0800,0,0,0.000,0.000,0.000,0.0000,0.0000,0.0000,1,1.0000,0,0,0.0000,0,1.2873,0.0000,0.0000,0.0000,0.0000,0,80.00,0.0000,5.6285,-23.0001,0.0000,6.2373,-32.3750,80.00,-1,-1.00000,0.000,0.000,0.000,0.000,0.000,0.000,0,0.00,0,0,0,0,0,0,1.2873,-0.000,0.000,-0.0000,-0.0000,-0.0000,4,1.2873,0.000
295,4.9167,0.0000,1.2373,-32.6250,0.0000,-0.0000,-15.0000,15.0000,0.000,0.000,-8.594,1,VEHICLE,0,-,0.0000,50,150,0,0.0800,0,0,0.000,0.000,0.000,0.0000,0.0000,0.0000,1,1.0000,0,0,0.0000,0,1.2873,0.0000,0.0000,0.0000,0.0000,0,80.00,0.0000,5.6285,-23.2501,0.0000,6.2373,-32.6250,80.00,-1,-1.00000,0.000,0.000,0.000,0.000,0.000,0.000,0,0.00,0,0,0,0,0,0,1.2873,-0.000,0.000,-0.0000,0.0000,-0.0000,4,1.2873,0.000
296,4.9333,0.0000,1.2373,-32.8750,0.0000,-0.0000,-15.0000,15.0000,0.000,0.000,-8.594,1,VEHICLE,0,-,0.0000,50,150,0,0.0800,0,0,0.000,0.000,0.000,0.0000,0.0000,0.0000,1,1.0000,0,0,0.0000,0,1.2873,0.0000,0.0000,0.0000,0.0000,0,80.00,0.0000,5.6285,-23.5001,0.0000,6.2373,-32.8750,80.00,-1,-1.00000,0.000,0.000,0.000,0.000,0.000,0.000,0,0.00,0,0,0,0,0,0,1.2873,-0.000,0.000,-0.0000,-0.0000,-0.0000,4,1.2873,0.000
297,4.9500,0.0000,1.2373,-33.1250,0.0000,-0.0000,-15.0000,15.0000,0.000,0.000,-8.594,1,VEHICLE,0,-,0.0000,50,150,0,0.0800,0,0,0.000,0.000,0.000,0.0000,0.0000,0.0000,1,1.0000,0,0,0.0000,0,1.2873,0.0000,0.0000,0.0000,0.0000,0,80.00,0.0000,5.6285,-23.7501,0.0000,6.2373,-33.1250,80.00,-1,-1.00000,0.000,0.000,0.000,0.000,0.000,0.000,0,0.00,0,0,0,0,0,0,1.2873,-0.000,0.000,-0.0000,0.0000,-0.0000,4,1.2873,0.000
298,4.9667,0.0000,1.2373,-33.3750,0.0000,-0.0000,-15.0000,15.0000,0.000,0.000,-8.594,1,VEHICLE,0,-,0.0000,50,150,0,0.0800,0,0,0.000,0.000,0.000,0.0000,0.0000,0.0000,1,1.0000,0,0,0.0000,0,1.2873,0.0000,0.0000,0.0000,0.0000,0,80.00,0.0000,5.6285,-24.0001,0.0000,6.2373,-33.3750,80.00,-1,-1.00000,0.000,0.000,0.000,0.000,0.000,0.000,0,0.00,0,0,0,0,0,0,1.2873,-0.000,0.000,0.0000,-0.0000,-0.0000,4,1.2873,0.000
299,4.9833,0.0000,1.2373,-33.6250,0.0000,-0.0000,-15.0000,15.0000,0.000,0.000,-8.594,1,VEHICLE,0,-,0.0000,50,150,0,0.0800,0,0,0.000,0.000,0.000,0.0000,0.0000,0.0000,1,1.0000,0,0,0.0000,0,1.2873,0.0000,0.0000,0.0000,0.0000,0,80.00,0.0000,5.6285,-24.2501,0.0000,6.2373,-33.6250,80.00,-1,-1.00000,0.000,0.000,0.000,0.000,0.000,0.000,0,0.00,0,0,0,0,0,0,1.2873,-0.000,0.000,-0.0000,-0.0000,-0.0000,4,1.2873,0.000
300,5.0000,0.0000,1.2373,-33.8750,0.0000,-0.0000,-15.0000,15.0000,0.000,0.000,-8.594,1,VEHICLE,0,-,0.0000,50,150,0,0.0800,0,0,0.000,0.000,0.000,0.0000,0.0000,0.0000,1,1.0000,0,0,0.0000,0,1.2873,0.0000,0.0000,0.0000,0.0000,0,80.00,0.0000,5.6285,-24.5001,0.0000,6.2373,-33.8750,80.00,-1,-1.00000,0.000,0.000,0.000,0.000,0.000,0.000,0,0.00,0,0,0,0,0,0,1.2873,-0.000,0.000,-0.0000,0.0000,-0.0000,4,1.2873,0.000
301,5.0167,0.0000,1.2373,-34.1250,0.0000,-0.0000,-15.0000,15.0000,0.000,0.000,-8.594,1,VEHICLE,0,-,0.0000,50,150,0,0.0800,0,0,0.000,0.000,0.000,0.0000,0.0000,0.0000,1,1.0000,0,0,0.0000,0,1.2873,0.0000,0.0000,0.0000,0.0000,0,80.00,0.0000,5.6285,-24.7501,0.0000,6.2373,-34.1250,80.00,-1,-1.00000,0.000,0.000,0.000,0.000,0.000,0.000,0,0.00,0,0,0,0,0,0,1.2873,-0.000,0.000,-0.0000,-0.0000,-0.0000,4,1.2873,0.000
302,5.0333,0.0000,1.2373,-34.3750,0.0000,-0.0000,-15.0000,15.0000,0.000,0.000,-8.594,1,VEHICLE,0,-,0.0000,50,150,0,0.0800,0,0,0.000,0.000,0.000,0.0000,0.0000,0.0000,1,1.0000,0,0,0.0000,0,1.2873,0.0000,0.0000,0.0000,0.0000,0,80.00,0.0000,5.6285,-25.0001,0.0000,6.2373,-34.3750,80.00,-1,-1.00000,0.000,0.000,0.000,0.000,0.000,0.000,0,0.00,0,0,0,0,0,0,1.2873,-0.000,0.000,0.0000,0.0000,-0.0000,4,1.2873,0.000
303,5.0500,0.0000,1.2373,-34.6250,0.0000,-0.0000,-15.0000,15.0000,0.000,0.000,-8.594,1,VEHICLE,0,-,0.0000,50,150,0,0.0800,0,0,0.000,0.000,0.000,0.0000,0.0000,0.0000,1,1.0000,0,0,0.0000,0,1.2873,0.0000,0.0000,0.0000,0.0000,0,80.00,0.0000,5.6285,-25.2501,0.0000,6.2373,-34.6250,80.00,-1,-1.00000,0.000,0.000,0.000,0.000,0.000,0.000,0,0.00,0,0,0,0,0,0,1.2873,-0.000,0.000,-0.0000,0.0000,-0.0000,4,1.2873,0.000
304,5.0667,0.0000,1.2373,-34.8750,0.0000,-0.0000,-15.0000,15.0000,0.000,0.000,-8.594,1,VEHICLE,0,-,0.0000,50,150,0,0.0800,0,0,0.000,0.000,0.000,0.0000,0.0000,0.0000,1,1.0000,0,0,0.0000,0,1.2873,0.0000,0.0000,0.0000,0.0000,0,80.00,0.0000,5.6285,-25.5001,0.0000,6.2373,-34.8750,80.00,-1,-1.00000,0.000,0.000,0.000,0.000,0.000,0.000,0,0.00,0,0,0,0,0,0,1.2873,-0.000,0.000,-0.0000,0.0000,-0.0000,4,1.2873,0.000
305,5.0833,0.0000,1.2373,-35.1250,0.0000,-0.0000,-15.0000,15.0000,0.000,0.000,-8.594,1,VEHICLE,0,-,0.0000,50,150,0,0.0800,0,0,0.000,0.000,0.000,0.0000,0.0000,0.0000,1,1.0000,0,0,0.0000,0,1.2873,0.0000,0.0000,0.0000,0.0000,0,80.00,0.0000,5.6285,-25.7501,0.0000,6.2373,-35.1250,80.00,-1,-1.00000,0.000,0.000,0.000,0.000,0.000,0.000,0,0.00,0,0,0,0,0,0,1.2873,-0.000,0.000,-0.0000,0.0000,-0.0000,4,1.2873,0.000
306,5.1000,0.0000,1.2373,-35.3750,0.0000,-0.0000,-15.0000,15.0000,0.000,0.000,-8.594,1,VEHICLE,0,-,0.0000,50,150,0,0.0800,0,0,0.000,0.000,0.000,0.0000,0.0000,0.0000,1,1.0000,0,0,0.0000,0,1.2873,0.0000,0.0000,0.0000,0.0000,0,80.00,0.0000,5.6285,-26.0001,0.0000,6.2373,-35.3750,80.00,-1,-1.00000,0.000,0.000,0.000,0.000,0.000,0.000,0,0.00,0,0,0,0,0,0,1.2873,-0.000,0.000,0.0000,-0.0000,-0.0000,4,1.2873,0.000
307,5.1167,0.0000,1.2373,-35.6250,0.0000,-0.0000,-15.0000,15.0000,0.000,0.000,-8.594,1,VEHICLE,0,-,0.0000,50,150,0,0.0800,0,0,0.000,0.000,0.000,0.0000,0.0000,0.0000,1,1.0000,0,0,0.0000,0,1.2873,0.0000,0.0000,0.0000,0.0000,0,80.00,0.0000,5.6285,-26.2501,0.0000,6.2373,-35.6250,80.00,-1,-1.00000,0.000,0.000,0.000,0.000,0.000,0.000,0,0.00,0,0,0,0,0,0,1.2873,-0.000,0.000,-0.0000,0.0000,-0.0000,4,1.2873,0.000
308,5.1333,0.0000,1.2373,-35.8750,0.0000,-0.0000,-15.0000,15.0000,0.000,0.000,-8.594,1,VEHICLE,0,-,0.0000,50,150,0,0.0800,0,0,0.000,0.000,0.000,0.0000,0.0000,0.0000,1,1.0000,0,0,0.0000,0,1.2873,0.0000,0.0000,0.0000,0.0000,0,80.00,0.0000,5.6285,-26.5001,0.0000,6.2373,-35.8750,80.00,-1,-1.00000,0.000,0.000,0.000,0.000,0.000,0.000,0,0.00,0,0,0,0,0,0,1.2873,-0.000,0.000,-0.0000,-0.0000,-0.0000,4,1.2873,0.000
309,5.1500,0.0000,1.2373,-36.1250,0.0000,-0.0000,-15.0000,15.0000,0.000,0.000,-8.594,1,VEHICLE,0,-,0.0000,50,150,0,0.0800,0,0,0.000,0.000,0.000,0.0000,0.0000,0.0000,1,1.0000,0,0,0.0000,0,1.2873,0.0000,0.0000,0.0000,0.0000,0,80.00,0.0000,5.6285,-26.7501,0.0000,6.2373,-36.1250,80.00,-1,-1.00000,0.000,0.000,0.000,0.000,0.000,0.000,0,0.00,0,0,0,0,0,0,1.2873,-0.000,0.000,-0.0000,-0.0000,-0.0000,4,1.2873,0.000
310,5.1667,0.0000,1.2373,-36.3750,0.0000,-0.0000,-15.0000,15.0000,0.000,0.000,-8.594,1,VEHICLE,0,-,0.0000,50,150,0,0.0800,0,0,0.000,0.000,0.000,0.0000,0.0000,0.0000,1,1.0000,0,0,0.0000,0,1.2873,0.0000,0.0000,0.0000,0.0000,0,80.00,0.0000,5.6285,-27.0001,0.0000,6.2373,-36.3750,80.00,-1,-1.00000,0.000,0.000,0.000,0.000,0.000,0.000,0,0.00,0,0,0,0,0,0,1.2873,-0.000,0.000,-0.0000,0.0000,-0.0000,4,1.2873,0.000
311,5.1833,0.0000,1.2373,-36.6250,0.0000,-0.0000,-15.0000,15.0000,0.000,0.000,-8.594,1,VEHICLE,0,-,0.0000,50,150,0,0.0800,0,0,0.000,0.000,0.000,0.0000,0.0000,0.0000,1,1.0000,0,0,0.0000,0,1.2873,0.0000,0.0000,0.0000,0.0000,0,80.00,0.0000,5.6285,-27.2501,0.0000,6.2373,-36.6250,80.00,-1,-1.00000,0.000,0.000,0.000,0.000,0.000,0.000,0,0.00,0,0,0,0,0,0,1.2873,-0.000,0.000,0.0000,-0.0000,-0.0000,4,1.2873,0.000
312,5.2000,0.0000,1.2373,-36.8750,0.0000,-0.0000,-15.0000,15.0000,0.000,0.000,-8.594,1,VEHICLE,0,-,0.0000,50,150,0,0.0800,0,0,0.000,0.000,0.000,0.0000,0.0000,0.0000,1,1.0000,0,0,0.0000,0,1.2873,0.0000,0.0000,0.0000,0.0000,0,80.00,0.0000,5.6285,-27.5001,0.0000,6.2373,-36.8750,80.00,-1,-1.00000,0.000,0.000,0.000,0.000,0.000,0.000,0,0.00,0,0,0,0,0,0,1.2873,-0.000,0.000,-0.0000,0.0000,-0.0000,4,1.2873,0.000
313,5.2167,0.0000,1.2373,-37.1250,0.0000,-0.0000,-15.0000,15.0000,0.000,0.000,-8.594,1,VEHICLE,0,-,0.0000,50,150,0,0.0800,0,0,0.000,0.000,0.000,0.0000,0.0000,0.0000,1,1.0000,0,0,0.0000,0,1.2873,0.0000,0.0000,0.0000,0.0000,0,80.00,0.0000,5.6285,-27.7501,0.0000,6.2373,-37.1250,80.00,-1,-1.00000,0.000,0.000,0.000,0.000,0.000,0.000,0,0.00,0,0,0,0,0,0,1.2873,-0.000,0.000,-0.0000,-0.0000,-0.0000,4,1.2873,0.000
314,5.2333,0.0000,1.2373,-37.3750,0.0000,-0.0000,-15.0000,15.0000,0.000,0.000,-8.594,1,VEHICLE,0,-,0.0000,50,150,0,0.0800,0,0,0.000,0.000,0.000,0.0000,0.0000,0.0000,1,1.0000,0,0,0.0000,0,1.2873,0.0000,0.0000,0.0000,0.0000,0,80.00,0.0000,5.6285,-28.0001,0.0000,6.2373,-37.3750,80.00,-1,-1.00000,0.000,0.000,0.000,0.000,0.000,0.000,0,0.00,0,0,0,0,0,0,1.2873,-0.000,0.000,-0.0000,0.0000,-0.0000,4,1.2873,0.000
315,5.2500,0.0000,1.2373,-37.6250,0.0000,-0.0000,-15.0000,15.0000,0.000,0.000,-8.594,1,VEHICLE,0,-,0.0000,50,150,0,0.0800,0,0,0.000,0.000,0.000,0.0000,0.0000,0.0000,1,1.0000,0,0,0.0000,0,1.2873,0.0000,0.0000,0.0000,0.0000,0,80.00,0.0000,5.6285,-28.2501,0.0000,6.2373,-37.6250,80.00,-1,-1.00000,0.000,0.000,0.000,0.000,0.000,0.000,0,0.00,0,0,0,0,0,0,1.2873,-0.000,0.000,0.0000,-0.0000,-0.0000,4,1.2873,0.000
316,5.2667,0.0000,1.2373,-37.8750,0.0000,-0.0000,-15.0000,15.0000,0.000,0.000,-8.594,1,VEHICLE,0,-,0.0000,50,150,0,0.0800,0,0,0.000,0.000,0.000,0.0000,0.0000,0.0000,1,1.0000,0,0,0.0000,0,1.2873,0.0000,0.0000,0.0000,0.0000,0,80.00,0.0000,5.6285,-28.5001,0.0000,6.2373,-37.8750,80.00,-1,-1.00000,0.000,0.000,0.000,0.000,0.000,0.000,0,0.00,0,0,0,0,0,0,1.2873,-0.000,0.000,-0.0000,0.0000,-0.0000,4,1.2873,0.000
317,5.2833,0.0000,1.2373,-38.1250,0.0000,-0.0000,-15.0000,15.0000,0.000,0.000,-8.594,1,VEHICLE,0,-,0.0000,50,150,0,0.0800,0,0,0.000,0.000,0.000,0.0000,0.0000,0.0000,1,1.0000,0,0,0.0000,0,1.2873,0.0000,0.0000,0.0000,0.0000,0,80.00,0.0000,5.6285,-28.7501,0.0000,6.2373,-38.1250,80.00,-1,-1.00000,0.000,0.000,0.000,0.000,0.000,0.000,0,0.00,0,0,0,0,0,0,1.2873,-0.000,0.000,-0.0000,-0.0000,-0.0000,4,1.2873,0.000
318,5.3000,0.0000,1.2373,-38.3750,0.0000,-0.0000,-15.0000,15.0000,0.000,0.000,-8.594,1,VEHICLE,0,-,0.0000,50,150,0,0.0800,0,0,0.000,0.000,0.000,0.0000,0.0000,0.0000,1,1.0000,0,0,0.0000,0,1.2873,0.0000,0.0000,0.0000,0.0000,0,80.00,0.0000,5.6285,-29.0001,0.0000,6.2373,-38.3750,80.00,-1,-1.00000,0.000,0.000,0.000,0.000,0.000,0.000,0,0.00,0,0,0,0,0,0,1.2873,-0.000,0.000,-0.0000,0.0000,-0.0000,4,1.2873,0.000
319,5.3167,0.0000,1.2373,-38.6250,0.0000,-0.0000,-15.0000,15.0000,0.000,0.000,-8.594,1,VEHICLE,0,-,0.0000,50,150,0,0.0800,0,0,0.000,0.000,0.000,0.0000,0.0000,0.0000,1,1.0000,0,0,0.0000,0,1.2873,0.0000,0.0000,0.0000,0.0000,0,80.00,0.0000,5.6285,-29.2501,0.0000,6.2373,-38.6250,80.00,-1,-1.00000,0.000,0.000,0.000,0.000,0.000,0.000,0,0.00,0,0,0,0,0,0,1.2873,-0.000,0.000,-0.0000,-0.0000,-0.0000,4,1.2873,0.000
320,5.3333,0.0000,1.2373,-38.8750,0.0000,-0.0000,-15.0000,15.0000,0.000,0.000,-8.594,1,VEHICLE,0,-,0.0000,50,150,0,0.0800,0,0,0.000,0.000,0.000,0.0000,0.0000,0.0000,1,1.0000,0,0,0.0000,0,1.2873,0.0000,0.0000,0.0000,0.0000,0,80.00,0.0000,5.6285,-29.5001,0.0000,6.2373,-38.8750,80.00,-1,-1.00000,0.000,0.000,0.000,0.000,0.000,0.000,0,0.00,0,0,0,0,0,0,1.2873,-0.000,0.000,0.0000,0.0000,-0.0000,4,1.2873,0.000
321,5.3500,0.0000,1.2373,-39.1250,0.0000,-0.0000,-15.0000,15.0000,0.000,0.000,-8.594,1,VEHICLE,0,-,0.0000,50,150,0,0.0800,0,0,0.000,0.000,0.000,0.0000,0.0000,0.0000,1,1.0000,0,0,0.0000,0,1.2873,0.0000,0.0000,0.0000,0.0000,0,80.00,0.0000,5.6285,-29.7501,0.0000,6.2373,-39.1250,80.00,-1,-1.00000,0.000,0.000,0.000,0.000,0.000,0.000,0,0.00,0,0,0,0,0,0,1.2873,-0.000,0.000,-0.0000,0.0000,-0.0000,4,1.2873,0.000
322,5.3667,0.0000,1.2373,-39.3750,0.0000,-0.0000,-15.0000,15.0000,0.000,0.000,-8.594,1,VEHICLE,0,-,0.0000,50,150,0,0.0800,0,0,0.000,0.000,0.000,0.0000,0.0000,0.0000,1,1.0000,0,0,0.0000,0,1.2873,0.0000,0.0000,0.0000,0.0000,0,80.00,0.0000,5.6285,-30.0001,0.0000,6.2373,-39.3750,80.00,-1,-1.00000,0.000,0.000,0.000,0.000,0.000,0.000,0,0.00,0,0,0,0,0,0,1.2873,-0.000,0.000,-0.0000,-0.0000,-0.0000,4,1.2873,0.000
323,5.3833,0.0000,1.2373,-39.6250,0.0000,-0.0000,-15.0000,15.0000,0.000,0.000,-8.594,1,VEHICLE,0,-,0.0000,50,150,0,0.0800,0,0,0.000,0.000,0.000,0.0000,0.0000,0.0000,1,1.0000,0,0,0.0000,0,1.2873,0.0000,0.0000,0.0000,0.0000,0,80.00,0.0000,5.6285,-30.2501,0.0000,6.2373,-39.6250,80.00,-1,-1.00000,0.000,0.000,0.000,0.000,0.000,0.000,0,0.00,0,0,0,0,0,0,1.2873,-0.000,0.000,-0.0000,0.0000,-0.0000,4,1.2873,0.000
324,5.4000,0.0000,1.2373,-39.8750,0.0000,-0.0000,-15.0000,15.0000,0.000,0.000,-8.594,1,VEHICLE,0,-,0.0000,50,150,0,0.0800,0,0,0.000,0.000,0.000,0.0000,0.0000,0.0000,1,1.0000,0,0,0.0000,0,1.2873,0.0000,0.0000,0.0000,0.0000,0,80.00,0.0000,5.6285,-30.5001,0.0000,6.2373,-39.8750,80.00,-1,-1.00000,0.000,0.000,0.000,0.000,0.000,0.000,0,0.00,0,0,0,0,0,0,1.2873,-0.000,0.000,-0.0000,0.0000,-0.0000,4,1.2873,0.000
325,5.4167,0.0000,1.2373,-40.1250,0.0000,-0.0000,-15.0000,15.0000,0.000,0.000,-8.594,1,VEHICLE,0,-,0.0000,50,150,0,0.0800,0,0,0.000,0.000,0.000,0.0000,0.0000,0.0000,1,1.0000,0,0,0.0000,0,1.2873,0.0000,0.0000,0.0000,0.0000,0,80.00,0.0000,5.6285,-30.7501,0.0000,6.2373,-40.1250,80.00,-1,-1.00000,0.000,0.000,0.000,0.000,0.000,0.000,0,0.00,0,0,0,0,0,0,1.2873,-0.000,0.000,-0.0000,-0.0000,-0.0000,4,1.2873,0.000
326,5.4333,0.0000,1.2373,-40.3750,0.0000,-0.0000,-15.0000,15.0000,0.000,0.000,-8.594,1,VEHICLE,0,-,0.0000,50,150,0,0.0800,0,0,0.000,0.000,0.000,0.0000,0.0000,0.0000,1,1.0000,0,0,0.0000,0,1.2873,0.0000,0.0000,0.0000,0.0000,0,80.00,0.0000,5.6285,-31.0001,0.0000,6.2373,-40.3750,80.00,-1,-1.00000,0.000,0.000,0.000,0.000,0.000,0.000,0,0.00,0,0,0,0,0,0,1.2873,-0.000,0.000,0.0000,0.0000,-0.0000,4,1.2873,0.000
327,5.4500,0.0000,1.2373,-40.6250,0.0000,-0.0000,-15.0000,15.0000,0.000,0.000,-8.594,1,VEHICLE,0,-,0.0000,50,150,0,0.0800,0,0,0.000,0.000,0.000,0.0000,0.0000,0.0000,1,1.0000,0,0,0.0000,0,1.2873,0.0000,0.0000,0.0000,0.0000,0,80.00,0.0000,5.6285,-31.2501,0.0000,6.2373,-40.6250,80.00,-1,-1.00000,0.000,0.000,0.000,0.000,0.000,0.000,0,0.00,0,0,0,0,0,0,1.2873,-0.000,0.000,-0.0000,-0.0000,-0.0000,4,1.2873,0.000
328,5.4667,0.0000,1.2373,-40.8750,0.0000,-0.0000,-15.0000,15.0000,0.000,0.000,-8.594,1,VEHICLE,0,-,0.0000,50,150,0,0.0800,0,0,0.000,0.000,0.000,0.0000,0.0000,0.0000,1,1.0000,0,0,0.0000,0,1.2873,0.0000,0.0000,0.0000,0.0000,0,80.00,0.0000,5.6285,-31.5001,0.0000,6.2373,-40.8750,80.00,-1,-1.00000,0.000,0.000,0.000,0.000,0.000,0.000,0,0.00,0,0,0,0,0,0,1.2873,-0.000,0.000,-0.0000,0.0000,-0.0000,4,1.2873,0.000
329,5.4833,0.0000,1.2373,-41.1250,0.0000,-0.0000,-15.0000,15.0000,0.000,0.000,-8.594,1,VEHICLE,0,-,0.0000,50,150,0,0.0800,0,0,0.000,0.000,0.000,0.0000,0.0000,0.0000,1,1.0000,0,0,0.0000,0,1.2873,0.0000,0.0000,0.0000,0.0000,0,80.00,0.0000,5.6285,-31.7501,0.0000,6.2373,-41.1250,80.00,-1,-1.00000,0.000,0.000,0.000,0.000,0.000,0.000,0,0.00,0,0,0,0,0,0,1.2873,-0.000,0.000,-0.0000,0.0000,-0.0000,4,1.2873,0.000
330,5.5000,0.0000,1.2373,-41.3750,0.0000,-0.0000,-15.0000,15.0000,0.000,0.000,-8.594,1,VEHICLE,0,-,0.0000,50,150,0,0.0800,0,0,0.000,0.000,0.000,0.0000,0.0000,0.0000,1,1.0000,0,0,0.0000,0,1.2873,0.0000,0.0000,0.0000,0.0000,0,80.00,0.0000,5.6285,-32.0001,0.0000,6.2373,-41.3750,80.00,-1,-1.00000,0.000,0.000,0.000,0.000,0.000,0.000,0,0.00,0,0,0,0,0,0,1.2873,-0.000,0.000,-0.0000,-0.0000,-0.0000,4,1.2873,0.000
331,5.5167,0.0000,1.2373,-41.6250,0.0000,-0.0000,-15.0000,15.0000,0.000,0.000,-8.594,1,VEHICLE,0,-,0.0000,50,150,0,0.0800,0,0,0.000,0.000,0.000,0.0000,0.0000,0.0000,1,1.0000,0,0,0.0000,0,1.2873,0.0000,0.0000,0.0000,0.0000,0,80.00,0.0000,5.6285,-32.2501,0.0000,6.2373,-41.6250,80.00,-1,-1.00000,0.000,0.000,0.000,0.000,0.000,0.000,0,0.00,0,0,0,0,0,0,1.2873,-0.000,0.000,-0.0000,0.0000,-0.0000,4,1.2873,0.000
332,5.5333,0.0000,1.2373,-41.8750,0.0000,-0.0000,-15.0000,15.0000,0.000,0.000,-8.594,1,VEHICLE,0,-,0.0000,50,150,0,0.0800,0,0,0.000,0.000,0.000,0.0000,0.0000,0.0000,1,1.0000,0,0,0.0000,0,1.2873,0.0000,0.0000,0.0000,0.0000,0,80.00,0.0000,5.6285,-32.5001,0.0000,6.2373,-41.8750,80.00,-1,-1.00000,0.000,0.000,0.000,0.000,0.000,0.000,0,0.00,0,0,0,0,0,0,1.2873,-0.000,0.000,-0.0000,-0.0000,-0.0000,4,1.2873,0.000
333,5.5500,0.0000,1.2373,-42.1250,0.0000,-0.0000,-15.0000,15.0000,0.000,0.000,-8.594,1,VEHICLE,0,-,0.0000,50,150,0,0.0800,0,0,0.000,0.000,0.000,0.0000,0.0000,0.0000,1,1.0000,0,0,0.0000,0,1.2873,0.0000,0.0000,0.0000,0.0000,0,80.00,0.0000,5.6285,-32.7501,0.0000,6.2373,-42.1250,80.00,-1,-1.00000,0.000,0.000,0.000,0.000,0.000,0.000,0,0.00,0,0,0,0,0,0,1.2873,-0.000,0.000,0.0000,0.0000,-0.0000,4,1.2873,0.000
334,5.5667,0.0000,1.2373,-42.3750,0.0000,-0.0000,-15.0000,15.0000,0.000,0.000,-8.594,1,VEHICLE,0,-,0.0000,50,150,0,0.0800,0,0,0.000,0.000,0.000,0.0000,0.0000,0.0000,1,1.0000,0,0,0.0000,0,1.2873,0.0000,0.0000,0.0000,0.0000,0,80.00,0.0000,5.6285,-33.0001,0.0000,6.2373,-42.3750,80.00,-1,-1.00000,0.000,0.000,0.000,0.000,0.000,0.000,0,0.00,0,0,0,0,0,0,1.2873,-0.000,0.000,-0.0000,0.0000,-0.0000,4,1.2873,0.000
335,5.5833,0.0000,1.2373,-42.6250,0.0000,-0.0000,-15.0000,15.0000,0.000,0.000,-8.594,1,VEHICLE,0,-,0.0000,50,150,0,0.0800,0,0,0.000,0.000,0.000,0.0000,0.0000,0.0000,1,1.0000,0,0,0.0000,0,1.2873,0.0000,0.0000,0.0000,0.0000,0,80.00,0.0000,5.6285,-33.2501,0.0000,6.2373,-42.6250,80.00,-1,-1.00000,0.000,0.000,0.000,0.000,0.000,0.000,0,0.00,0,0,0,0,0,0,1.2873,-0.000,0.000,-0.0000,-0.0000,-0.0000,4,1.2873,0.000
336,5.6000,0.0000,1.2373,-42.8750,0.0000,-0.0000,-15.0000,15.0000,0.000,0.000,-8.594,1,VEHICLE,0,-,0.0000,50,150,0,0.0800,0,0,0.000,0.000,0.000,0.0000,0.0000,0.0000,1,1.0000,0,0,0.0000,0,1.2873,0.0000,0.0000,0.0000,0.0000,0,80.00,0.0000,5.6285,-33.5001,0.0000,6.2373,-42.8750,80.00,-1,-1.00000,0.000,0.000,0.000,0.000,0.000,0.000,0,0.00,0,0,0,0,0,0,1.2873,-0.000,0.000,-0.0000,0.0000,-0.0000,4,1.2873,0.000
337,5.6167,0.0000,1.2373,-43.1250,0.0000,-0.0000,-15.0000,15.0000,0.000,0.000,-8.594,1,VEHICLE,0,-,0.0000,50,150,0,0.0800,0,0,0.000,0.000,0.000,0.0000,0.0000,0.0000,1,1.0000,0,0,0.0000,0,1.2873,0.0000,0.0000,0.0000,0.0000,0,80.00,0.0000,5.6285,-33.7501,0.0000,6.2373,-43.1250,80.00,-1,-1.00000,0.000,0.000,0.000,0.000,0.000,0.000,0,0.00,0,0,0,0,0,0,1.2873,-0.000,0.000,-0.0000,-0.0000,-0.0000,4,1.2873,0.000
338,5.6333,0.0000,1.2373,-43.3750,0.0000,-0.0000,-15.0000,15.0000,0.000,0.000,-8.594,1,VEHICLE,0,-,0.0000,50,150,0,0.0800,0,0,0.000,0.000,0.000,0.0000,0.0000,0.0000,1,1.0000,0,0,0.0000,0,1.2873,0.0000,0.0000,0.0000,0.0000,0,80.00,0.0000,5.6285,-34.0001,0.0000,6.2373,-43.3750,80.00,-1,-1.00000,0.000,0.000,0.000,0.000,0.000,0.000,0,0.00,0,0,0,0,0,0,1.2873,-0.000,0.000,-0.0000,0.0000,-0.0000,4,1.2873,0.000
339,5.6500,0.0000,1.2373,-43.6250,0.0000,-0.0000,-15.0000,15.0000,0.000,0.000,-8.594,1,VEHICLE,0,-,0.0000,50,150,0,0.0800,0,0,0.000,0.000,0.000,0.0000,0.0000,0.0000,1,1.0000,0,0,0.0000,0,1.2873,0.0000,0.0000,0.0000,0.0000,0,80.00,0.0000,5.6285,-34.2501,0.0000,6.2373,-43.6250,80.00,-1,-1.00000,0.000,0.000,0.000,0.000,0.000,0.000,0,0.00,0,0,0,0,0,0,1.2873,-0.000,0.000,0.0000,0.0000,-0.0000,4,1.2873,0.000
340,5.6667,0.0000,1.2373,-43.8750,0.0000,-0.0000,-15.0000,15.0000,0.000,0.000,-8.594,1,VEHICLE,0,-,0.0000,50,150,0,0.0800,0,0,0.000,0.000,0.000,0.0000,0.0000,0.0000,1,1.0000,0,0,0.0000,0,1.2873,0.0000,0.0000,0.0000,0.0000,0,80.00,0.0000,5.6285,-34.5001,0.0000,6.2373,-43.8750,80.00,-1,-1.00000,0.000,0.000,0.000,0.000,0.000,0.000,0,0.00,0,0,0,0,0,0,1.2873,-0.000,0.000,-0.0000,-0.0000,-0.0000,4,1.2873,0.000
341,5.6833,0.0000,1.2373,-44.1250,0.0000,-0.0000,-15.0000,15.0000,0.000,0.000,-8.594,1,VEHICLE,0,-,0.0000,50,150,0,0.0800,0,0,0.000,0.000,0.000,0.0000,0.0000,0.0000,1,1.0000,0,0,0.0000,0,1.2873,0.0000,0.0000,0.0000,0.0000,0,80.00,0.0000,5.6285,-34.7501,0.0000,6.2373,-44.1250,80.00,-1,-1.00000,0.000,0.000,0.000,0.000,0.000,0.000,0,0.00,0,0,0,0,0,0,1.2873,-0.000,0.000,-0.0000,0.0000,-0.0000,4,1.2873,0.000
342,5.7000,0.0000,1.2373,-44.3750,0.0000,-0.0000,-15.0000,15.0000,0.000,0.000,-8.594,1,VEHICLE,0,-,0.0000,50,150,0,0.0800,0,0,0.000,0.000,0.000,0.0000,0.0000,0.0000,1,1.0000,0,0,0.0000,0,1.2873,0.0000,0.0000,0.0000,0.0000,0,80.00,0.0000,5.6285,-35.0001,0.0000,6.2373,-44.3750,80.00,-1,-1.00000,0.000,0.000,0.000,0.000,0.000,0.000,0,0.00,0,0,0,0,0,0,1.2873,-0.000,0.000,-0.0000,-0.0000,-0.0000,4,1.2873,0.000
343,5.7167,0.0000,1.2373,-44.6250,0.0000,-0.0000,-15.0000,15.0000,0.000,0.000,-8.594,1,VEHICLE,0,-,0.0000,50,150,0,0.0800,0,0,0.000,0.000,0.000,0.0000,0.0000,0.0000,1,1.0000,0,0,0.0000,0,1.2873,0.0000,0.0000,0.0000,0.0000,0,80.00,0.0000,5.6285,-35.2501,0.0000,6.2373,-44.6250,80.00,-1,-1.00000,0.000,0.000,0.000,0.000,0.000,0.000,0,0.00,0,0,0,0,0,0,1.2873,-0.000,0.000,-0.0000,0.0000,-0.0000,4,1.2873,0.000
344,5.7333,0.0000,1.2373,-44.8750,0.0000,-0.0000,-15.0000,15.0000,0.000,0.000,-8.594,1,VEHICLE,0,-,0.0000,50,150,0,0.0800,0,0,0.000,0.000,0.000,0.0000,0.0000,0.0000,1,1.0000,0,0,0.0000,0,1.2873,0.0000,0.0000,0.0000,0.0000,0,80.00,0.0000,5.6285,-35.5001,0.0000,6.2373,-44.8750,80.00,-1,-1.00000,0.000,0.000,0.000,0.000,0.000,0.000,0,0.00,0,0,0,0,0,0,1.2873,-0.000,0.000,-0.0000,0.0000,-0.0000,4,1.2873,0.000
345,5.7500,0.0000,1.2373,-45.1250,0.0000,-0.0000,-15.0000,15.0000,0.000,0.000,-8.594,1,VEHICLE,0,-,0.0000,50,150,0,0.0800,0,0,0.000,0.000,0.000,0.0000,0.0000,0.0000,1,1.0000,0,0,0.0000,0,1.2873,0.0000,0.0000,0.0000,0.0000,0,80.00,0.0000,5.6285,-35.7501,0.0000,6.2373,-45.1250,80.00,-1,-1.00000,0.000,0.000,0.000,0.000,0.000,0.000,0,0.00,0,0,0,0,0,0,1.2873,-0.000,0.000,-0.0000,-0.0000,-0.0000,4,1.2873,0.000
346,5.7667,0.0000,1.2373,-45.3750,0.0000,-0.0000,-15.0000,15.0000,0.000,0.000,-8.594,1,VEHICLE,0,-,0.0000,50,150,0,0.0800,0,0,0.000,0.000,0.000,0.0000,0.0000,0.0000,1,1.0000,0,0,0.0000,0,1.2873,0.0000,0.0000,0.0000,0.0000,0,80.00,0.0000,5.6285,-36.0001,0.0000,6.2373,-45.3750,80.00,-1,-1.00000,0.000,0.000,0.000,0.000,0.000,0.000,0,0.00,0,0,0,0,0,0,1.2873,-0.000,0.000,0.0000,0.0000,-0.0000,4,1.2873,0.000
347,5.7833,0.0000,1.2373,-45.6250,0.0000,-0.0000,-15.0000,15.0000,0.000,0.000,-8.594,1,VEHICLE,0,-,0.0000,50,150,0,0.0800,0,0,0.000,0.000,0.000,0.0000,0.0000,0.0000,1,1.0000,0,0,0.0000,0,1.2873,0.0000,0.0000,0.0000,0.0000,0,80.00,0.0000,5.6285,-36.2501,0.0000,6.2373,-45.6250,80.00,-1,-1.00000,0.000,0.000,0.000,0.000,0.000,0.000,0,0.00,0,0,0,0,0,0,1.2873,-0.000,0.000,-0.0000,-0.0000,-0.0000,4,1.2873,0.000
348,5.8000,0.0000,1.2373,-45.8750,0.0000,-0.0000,-15.0000,15.0000,0.000,0.000,-8.594,1,VEHICLE,0,-,0.0000,50,150,0,0.0800,0,0,0.000,0.000,0.000,0.0000,0.0000,0.0000,1,1.0000,0,0,0.0000,0,1.2873,0.0000,0.0000,0.0000,0.0000,0,80.00,0.0000,5.6285,-36.5001,0.0000,6.2373,-45.8750,80.00,-1,-1.00000,0.000,0.000,0.000,0.000,0.000,0.000,0,0.00,0,0,0,0,0,0,1.2873,-0.000,0.000,-0.0000,0.0000,-0.0000,4,1.2873,0.000
349,5.8167,0.0000,1.2373,-46.1250,0.0000,-0.0000,-15.0000,15.0000,0.000,0.000,-8.594,1,VEHICLE,0,-,0.0000,50,150,0,0.0800,0,0,0.000,0.000,0.000,0.0000,0.0000,0.0000,1,1.0000,0,0,0.0000,0,1.2873,0.0000,0.0000,0.0000,0.0000,0,80.00,0.0000,5.6285,-36.7501,0.0000,6.2373,-46.1250,80.00,-1,-1.00000,0.000,0.000,0.000,0.000,0.000,0.000,0,0.00,0,0,0,0,0,0,1.2873,-0.000,0.000,-0.0000,-0.0000,-0.0000,4,1.2873,0.000
350,5.8333,0.0000,1.2373,-46.3750,0.0000,-0.0000,-15.0000,15.0000,0.000,0.000,-8.594,1,VEHICLE,0,-,0.0000,50,150,0,0.0800,0,0,0.000,0.000,0.000,0.0000,0.0000,0.0000,1,1.0000,0,0,0.0000,0,1.2873,0.0000,0.0000,0.0000,0.0000,0,80.00,0.0000,5.6285,-37.0001,0.0000,6.2373,-46.3750,80.00,-1,-1.00000,0.000,0.000,0.000,0.000,0.000,0.000,0,0.00,0,0,0,0,0,0,1.2873,-0.000,0.000,-0.0000,0.0000,-0.0000,4,1.2873,0.000
351,5.8500,0.0000,1.2373,-46.6250,0.0000,-0.0000,-15.0000,15.0000,0.000,0.000,-8.594,1,VEHICLE,0,-,0.0000,50,150,0,0.0800,0,0,0.000,0.000,0.000,0.0000,0.0000,0.0000,1,1.0000,0,0,0.0000,0,1.2873,0.0000,0.0000,0.0000,0.0000,0,80.00,0.0000,5.6285,-37.2501,0.0000,6.2373,-46.6250,80.00,-1,-1.00000,0.000,0.000,0.000,0.000,0.000,0.000,0,0.00,0,0,0,0,0,0,1.2873,-0.000,0.000,-0.0000,0.0000,-0.0000,4,1.2873,0.000
352,5.8667,0.0000,1.2373,-46.8750,0.0000,-0.0000,-15.0000,15.0000,0.000,0.000,-8.594,1,VEHICLE,0,-,0.0000,50,150,0,0.0800,0,0,0.000,0.000,0.000,0.0000,0.0000,0.0000,1,1.0000,0,0,0.0000,0,1.2873,0.0000,0.0000,0.0000,0.0000,0,80.00,0.0000,5.6285,-37.5001,0.0000,6.2373,-46.8750,80.00,-1,-1.00000,0.000,0.000,0.000,0.000,0.000,0.000,0,0.00,0,0,0,0,0,0,1.2873,-0.000,0.000,-0.0000,-0.0000,-0.0000,4,1.2873,0.000
353,5.8833,0.0000,1.2373,-47.1250,0.0000,-0.0000,-15.0000,15.0000,0.000,0.000,-8.594,1,VEHICLE,0,-,0.0000,50,150,0,0.0800,0,0,0.000,0.000,0.000,0.0000,0.0000,0.0000,1,1.0000,0,0,0.0000,0,1.2873,0.0000,0.0000,0.0000,0.0000,0,80.00,0.0000,5.6285,-37.7501,0.0000,6.2373,-47.1250,80.00,-1,-1.00000,0.000,0.000,0.000,0.000,0.000,0.000,0,0.00,0,0,0,0,0,0,1.2873,-0.000,0.000,-0.0000,0.0000,-0.0000,4,1.2873,0.000
354,5.9000,0.0000,1.2373,-47.3750,0.0000,-0.0000,-15.0000,15.0000,0.000,0.000,-8.594,1,VEHICLE,0,-,0.0000,50,150,0,0.0800,0,0,0.000,0.000,0.000,0.0000,0.0000,0.0000,1,1.0000,0,0,0.0000,0,1.2873,0.0000,0.0000,0.0000,0.0000,0,80.00,0.0000,5.6285,-38.0001,0.0000,6.2373,-47.3750,80.00,-1,-1.00000,0.000,0.000,0.000,0.000,0.000,0.000,0,0.00,0,0,0,0,0,0,1.2873,-0.000,0.000,0.0000,-0.0000,-0.0000,4,1.2873,0.000
355,5.9167,0.0000,1.2373,-47.6250,0.0000,-0.0000,-15.0000,15.0000,0.000,0.000,-8.594,1,VEHICLE,0,-,0.0000,50,150,0,0.0800,0,0,0.000,0.000,0.000,0.0000,0.0000,0.0000,1,1.0000,0,0,0.0000,0,1.2873,0.0000,0.0000,0.0000,0.0000,0,80.00,0.0000,5.6285,-38.2501,0.0000,6.2373,-47.6250,80.00,-1,-1.00000,0.000,0.000,0.000,0.000,0.000,0.000,0,0.00,0,0,0,0,0,0,1.2873,-0.000,0.000,-0.0000,-0.0000,-0.0000,4,1.2873,0.000
356,5.9333,0.0000,1.2373,-47.8750,0.0000,-0.0000,-15.0000,15.0000,0.000,0.000,-8.594,1,VEHICLE,0,-,0.0000,50,150,0,0.0800,0,0,0.000,0.000,0.000,0.0000,0.0000,0.0000,1,1.0000,0,0,0.0000,0,1.2873,0.0000,0.0000,0.0000,0.0000,0,80.00,0.0000,5.6285,-38.5001,0.0000,6.2373,-47.8750,80.00,-1,-1.00000,0.000,0.000,0.000,0.000,0.000,0.000,0,0.00,0,0,0,0,0,0,1.2873,-0.000,0.000,-0.0000,0.0000,-0.0000,4,1.2873,0.000
357,5.9500,0.0000,1.2373,-48.1250,0.0000,-0.0000,-15.0000,15.0000,0.000,0.000,-8.594,1,VEHICLE,0,-,0.0000,50,150,0,0.0800,0,0,0.000,0.000,0.000,0.0000,0.0000,0.0000,1,1.0000,0,0,0.0000,0,1.2873,0.0000,0.0000,0.0000,0.0000,0,80.00,0.0000,5.6285,-38.7501,0.0000,6.2373,-48.1250,80.00,-1,-1.00000,0.000,0.000,0.000,0.000,0.000,0.000,0,0.00,0,0,0,0,0,0,1.2873,-0.000,0.000,-0.0000,0.0000,-0.0000,4,1.2873,0.000
358,5.9667,0.0000,1.2373,-48.3750,0.0000,-0.0000,-15.0000,15.0000,0.000,0.000,-8.594,1,VEHICLE,0,-,0.0000,50,150,0,0.0800,0,0,0.000,0.000,0.000,0.0000,0.0000,0.0000,1,1.0000,0,0,0.0000,0,1.2873,0.0000,0.0000,0.0000,0.0000,0,80.00,0.0000,5.6285,-39.0001,0.0000,6.2373,-48.3750,80.00,-1,-1.00000,0.000,0.000,0.000,0.000,0.000,0.000,0,0.00,0,0,0,0,0,0,1.2873,-0.000,0.000,-0.0000,-0.0000,-0.0000,4,1.2873,0.000
359,5.9833,0.0000,1.2373,-48.6250,0.0000,-0.0000,-15.0000,15.0000,0.000,0.000,-8.594,1,VEHICLE,0,-,0.0000,50,150,0,0.0800,0,0,0.000,0.000,0.000,0.0000,0.0000,0.0000,1,1.0000,0,0,0.0000,0,1.2873,0.0000,0.0000,0.0000,0.0000,0,80.00,0.0000,5.6285,-39.2501,0.0000,6.2373,-48.6250,80.00,-1,-1.00000,0.000,0.000,0.000,0.000,0.000,0.000,0,0.00,0,0,0,0,0,0,1.2873,-0.000,0.000,0.0000,0.0000,-0.0000,4,1.2873,0.000
360,6.0000,0.0000,1.2373,-48.8750,0.0000,-0.0000,-15.0000,15.0000,0.000,0.000,-8.594,1,VEHICLE,0,-,0.0000,50,150,0,0.0800,0,0,0.000,0.000,0.000,0.0000,0.0000,0.0000,1,1.0000,0,0,0.0000,0,1.2873,0.0000,0.0000,0.0000,0.0000,0,80.00,0.0000,5.6285,-39.5001,0.0000,6.2373,-48.8750,80.00,-1,-1.00000,0.000,0.000,0.000,0.000,0.000,0.000,0,0.00,0,0,0,0,0,0,1.2873,-0.000,0.000,-0.0000,-0.0000,-0.0000,4,1.2873,0.000
361,6.0167,0.0000,1.2373,-49.1250,0.0000,-0.0000,-15.0000,15.0000,0.000,0.000,-8.594,1,VEHICLE,0,-,0.0000,50,150,0,0.0800,0,0,0.000,0.000,0.000,0.0000,0.0000,0.0000,1,1.0000,0,0,0.0000,0,1.2873,0.0000,0.0000,0.0000,0.0000,0,80.00,0.0000,5.6285,-39.7501,0.0000,6.2373,-49.1250,80.00,-1,-1.00000,0.000,0.000,0.000,0.000,0.000,0.000,0,0.00,0,0,0,0,0,0,1.2873,-0.000,0.000,-0.0000,0.0000,-0.0000,4,1.2873,0.000
362,6.0333,0.0000,1.2373,-49.3750,0.0000,-0.0000,-15.0000,15.0000,0.000,0.000,-8.594,1,VEHICLE,0,-,0.0000,50,150,0,0.0800,0,0,0.000,0.000,0.000,0.0000,0.0000,0.0000,1,1.0000,0,0,0.0000,0,1.2873,0.0000,0.0000,0.0000,0.0000,0,80.00,0.0000,5.6285,-40.0001,0.0000,6.2373,-49.3750,80.00,-1,-1.00000,0.000,0.000,0.000,0.000,0.000,0.000,0,0.00,0,0,0,0,0,0,1.2873,-0.000,0.000,-0.0000,-0.0000,-0.0000,4,1.2873,0.000
363,6.0500,0.0000,1.2373,-49.6250,0.0000,-0.0000,-15.0000,15.0000,0.000,0.000,-8.594,1,VEHICLE,0,-,0.0000,50,150,0,0.0800,0,0,0.000,0.000,0.000,0.0000,0.0000,0.0000,1,1.0000,0,0,0.0000,0,1.2873,0.0000,0.0000,0.0000,0.0000,0,80.00,0.0000,5.6285,-40.2501,0.0000,6.2373,-49.6250,80.00,-1,-1.00000,0.000,0.000,0.000,0.000,0.000,0.000,0,0.00,0,0,0,0,0,0,1.2873,-0.000,0.000,-0.0000,0.0000,-0.0000,4,1.2873,0.000
364,6.0667,0.0000,1.2373,-49.8750,0.0000,-0.0000,-15.0000,15.0000,0.000,0.000,-8.594,1,VEHICLE,0,-,0.0000,50,150,0,0.0800,0,0,0.000,0.000,0.000,0.0000,0.0000,0.0000,1,1.0000,0,0,0.0000,0,1.2873,0.0000,0.0000,0.0000,0.0000,0,80.00,0.0000,5.6285,-40.5001,0.0000,6.2373,-49.8750,80.00,-1,-1.00000,0.000,0.000,0.000,0.000,0.000,0.000,0,0.00,0,0,0,0,0,0,1.2873,-0.000,0.000,-0.0000,-0.0000,-0.0000,4,1.2873,0.000
365,6.0833,0.0000,1.2373,-50.1250,0.0000,-0.0000,-15.0000,15.0000,0.000,0.000,-8.594,1,VEHICLE,0,-,0.0000,50,150,0,0.0800,0,0,0.000,0.000,0.000,0.0000,0.0000,0.0000,1,1.0000,0,0,0.0000,0,1.2873,0.0000,0.0000,0.0000,0.0000,0,80.00,0.0000,5.6285,-40.7501,0.0000,6.2373,-50.1250,80.00,-1,-1.00000,0.000,0.000,0.000,0.000,0.000,0.000,0,0.00,0,0,0,0,0,0,1.2873,-0.000,0.000,-0.0000,0.0000,-0.0000,4,1.2873,0.000
366,6.1000,0.0000,1.2373,-50.3750,0.0000,-0.0000,-15.0000,15.0000,0.000,0.000,-8.594,1,VEHICLE,0,-,0.0000,50,150,0,0.0800,0,0,0.000,0.000,0.000,0.0000,0.0000,0.0000,1,1.0000,0,0,0.0000,0,1.2873,0.0000,0.0000,0.0000,0.0000,0,80.00,0.0000,5.6285,-41.0001,0.0000,6.2373,-50.3750,80.00,-1,-1.00000,0.000,0.000,0.000,0.000,0.000,0.000,0,0.00,0,0,0,0,0,0,1.2873,-0.000,0.000,-0.0000,0.0000,-0.0000,4,1.2873,0.000
367,6.1167,0.0000,1.2373,-50.6250,0.0000,-0.0000,-15.0000,15.0000,0.000,0.000,-8.594,1,VEHICLE,0,-,0.0000,50,150,0,0.0800,0,0,0.000,0.000,0.000,0.0000,0.0000,0.0000,1,1.0000,0,0,0.0000,0,1.2873,0.0000,0.0000,0.0000,0.0000,0,80.00,0.0000,5.6285,-41.2501,0.0000,6.2373,-50.6250,80.00,-1,-1.00000,0.000,0.000,0.000,0.000,0.000,0.000,0,0.00,0,0,0,0,0,0,1.2873,-0.000,0.000,-0.0000,-0.0000,-0.0000,4,1.2873,0.000
368,6.1333,0.0000,1.2372,-50.8750,0.0000,-0.0000,-15.0000,15.0000,0.000,0.000,-8.594,1,VEHICLE,0,-,0.0000,50,150,0,0.0800,0,0,0.000,0.000,0.000,0.0000,0.0000,0.0000,1,1.0000,0,0,0.0000,0,1.2873,0.0000,0.0000,0.0000,0.0000,0,80.00,0.0000,5.6285,-41.5001,0.0000,6.2372,-50.8750,80.00,-1,-1.00000,0.000,0.000,0.000,0.000,0.000,0.000,0,0.00,0,0,0,0,0,0,1.2872,-0.000,0.000,0.0000,0.0000,-0.0000,4,1.2873,0.000
369,6.1500,0.0000,1.2372,-51.1250,0.0000,-0.0000,-15.0000,15.0000,0.000,0.000,-8.594,1,VEHICLE,0,-,0.0000,50,150,0,0.0800,0,0,0.000,0.000,0.000,0.0000,0.0000,0.0000,1,1.0000,0,0,0.0000,0,1.2872,0.0000,0.0000,0.0000,0.0000,0,80.00,0.0000,5.6285,-41.7501,0.0000,6.2372,-51.1250,80.00,-1,-1.00000,0.000,0.000,0.000,0.000,0.000,0.000,0,0.00,0,0,0,0,0,0,1.2872,-0.000,0.000,-0.0000,-0.0000,-0.0000,4,1.2872,0.000
370,6.1667,0.0000,1.2372,-51.3750,0.0000,-0.0000,-15.0000,15.0000,0.000,0.000,-8.594,1,VEHICLE,0,-,0.0000,50,150,0,0.0800,0,0,0.000,0.000,0.000,0.0000,0.0000,0.0000,1,1.0000,0,0,0.0000,0,1.2872,0.0000,0.0000,0.0000,0.0000,0,80.00,0.0000,5.6285,-42.0001,0.0000,6.2372,-51.3750,80.00,-1,-1.00000,0.000,0.000,0.000,0.000,0.000,0.000,0,0.00,0,0,0,0,0,0,1.2872,-0.000,0.000,-0.0000,0.0000,-0.0000,4,1.2872,0.000
371,6.1833,0.0000,1.2372,-51.6250,0.0000,-0.0000,-15.0000,15.0000,0.000,0.000,-8.594,1,VEHICLE,0,-,0.0000,50,150,0,0.0800,0,0,0.000,0.000,0.000,0.0000,0.0000,0.0000,1,1.0000,0,0,0.0000,0,1.2872,0.0000,0.0000,0.0000,0.0000,0,80.00,0.0000,5.6285,-42.2501,0.0000,6.2372,-51.6250,80.00,-1,-1.00000,0.000,0.000,0.000,0.000,0.000,0.000,0,0.00,0,0,0,0,0,0,1.2872,-0.000,0.000,-0.0000,-0.0000,-0.0000,4,1.2872,0.000
372,6.2000,0.0000,1.2372,-51.8750,0.0000,-0.0000,-15.0000,15.0000,0.000,0.000,-8.594,1,VEHICLE,0,-,0.0000,50,150,0,0.0800,0,0,0.000,0.000,0.000,0.0000,0.0000,0.0000,1,1.0000,0,0,0.0000,0,1.2872,0.0000,0.0000,0.0000,0.0000,0,80.00,0.0000,5.6285,-42.5001,0.0000,6.2372,-51.8750,80.00,-1,-1.00000,0.000,0.000,0.000,0.000,0.000,0.000,0,0.00,0,0,0,0,0,0,1.2872,-0.000,0.000,-0.0000,-0.0000,-0.0000,4,1.2872,0.000
373,6.2167,0.0000,1.2372,-52.1250,0.0000,-0.0000,-15.0000,15.0000,0.000,0.000,-8.594,1,VEHICLE,0,-,0.0000,50,150,0,0.0800,0,0,0.000,0.000,0.000,0.0000,0.0000,0.0000,1,1.0000,0,0,0.0000,0,1.2872,0.0000,0.0000,0.0000,0.0000,0,80.00,0.0000,5.6285,-42.7501,0.0000,6.2372,-52.1250,80.00,-1,-1.00000,0.000,0.000,0.000,0.000,0.000,0.000,0,0.00,0,0,0,0,0,0,1.2872,-0.000,0.000,-0.0000,0.0000,-0.0000,4,1.2872,0.000
374,6.2333,0.0000,1.2372,-52.3750,0.0000,-0.0000,-15.0000,15.0000,0.000,0.000,-8.594,1,VEHICLE,0,-,0.0000,50,150,0,0.0800,0,0,0.000,0.000,0.000,0.0000,0.0000,0.0000,1,1.0000,0,0,0.0000,0,1.2872,0.0000,0.0000,0.0000,0.0000,0,80.00,0.0000,5.6285,-43.0001,0.0000,6.2372,-52.3750,80.00,-1,-1.00000,0.000,0.000,0.000,0.000,0.000,0.000,0,0.00,0,0,0,0,0,0,1.2872,-0.000,0.000,-0.0000,-0.0000,-0.0000,4,1.2872,0.000
375,6.2500,0.0000,1.2372,-52.6250,0.0000,-0.0000,-15.0000,15.0000,0.000,0.000,-8.594,1,VEHICLE,0,-,0.0000,50,150,0,0.0800,0,0,0.000,0.000,0.000,0.0000,0.0000,0.0000,1,1.0000,0,0,0.0000,0,1.2872,0.0000,0.0000,0.0000,0.0000,0,80.00,0.0000,5.6285,-43.2501,0.0000,6.2372,-52.6250,80.00,-1,-1.00000,0.000,0.000,0.000,0.000,0.000,0.000,0,0.00,0,0,0,0,0,0,1.2872,-0.000,0.000,0.0000,-0.0000,-0.0000,4,1.2872,0.000
376,6.2667,0.0000,1.2372,-52.8750,0.0000,-0.0000,-15.0000,15.0000,0.000,0.000,-8.594,1,VEHICLE,0,-,0.0000,50,150,0,0.0800,0,0,0.000,0.000,0.000,0.0000,0.0000,0.0000,1,1.0000,0,0,0.0000,0,1.2872,0.0000,0.0000,0.0000,0.0000,0,80.00,0.0000,5.6285,-43.5001,0.0000,6.2372,-52.8750,80.00,-1,-1.00000,0.000,0.000,0.000,0.000,0.000,0.000,0,0.00,0,0,0,0,0,0,1.2872,-0.000,0.000,-0.0000,0.0000,-0.0000,4,1.2872,0.000
377,6.2833,0.0000,1.2372,-53.1250,0.0000,-0.0000,-15.0000,15.0000,0.000,0.000,-8.594,1,VEHICLE,0,-,0.0000,50,150,0,0.0800,0,0,0.000,0.000,0.000,0.0000,0.0000,0.0000,1,1.0000,0,0,0.0000,0,1.2872,0.0000,0.0000,0.0000,0.0000,0,80.00,0.0000,5.6285,-43.7501,0.0000,6.2372,-53.1250,80.00,-1,-1.00000,0.000,0.000,0.000,0.000,0.000,0.000,0,0.00,0,0,0,0,0,0,1.2872,-0.000,0.000,-0.0000,-0.0000,-0.0000,4,1.2872,0.000
378,6.3000,0.0000,1.2372,-53.3750,0.0000,-0.0000,-15.0000,15.0000,0.000,0.000,-8.594,1,VEHICLE,0,-,0.0000,50,150,0,0.0800,0,0,0.000,0.000,0.000,0.0000,0.0000,0.0000,1,1.0000,0,0,0.0000,0,1.2872,0.0000,0.0000,0.0000,0.0000,0,80.00,0.0000,5.6285,-44.0001,0.0000,6.2372,-53.3750,80.00,-1,-1.00000,0.000,0.000,0.000,0.000,0.000,0.000,0,0.00,0,0,0,0,0,0,1.2872,-0.000,0.000,-0.0000,0.0000,-0.0000,4,1.2872,0.000
379,6.3167,0.0000,1.2372,-53.6250,0.0000,-0.0000,-15.0000,15.0000,0.000,0.000,-8.594,1,VEHICLE,0,-,0.0000,50,150,0,0.0800,0,0,0.000,0.000,0.000,0.0000,0.0000,0.0000,1,1.0000,0,0,0.0000,0,1.2872,0.0000,0.0000,0.0000,0.0000,0,80.00,0.0000,5.6285,-44.2501,0.0000,6.2372,-53.6250,80.00,-1,-1.00000,0.000,0.000,0.000,0.000,0.000,0.000,0,0.00,0,0,0,0,0,0,1.2872,-0.000,0.000,-0.0000,-0.0000,-0.0000,4,1.2872,0.000
380,6.3333,0.0000,1.2372,-53.8750,0.0000,-0.0000,-15.0000,15.0000,0.000,0.000,-8.594,1,VEHICLE,0,-,0.0000,50,150,0,0.0800,0,0,0.000,0.000,0.000,0.0000,0.0000,0.0000,1,1.0000,0,0,0.0000,0,1.2872,0.0000,0.0000,0.0000,0.0000,0,80.00,0.0000,5.6285,-44.5001,0.0000,6.2372,-53.8750,80.00,-1,-1.00000,0.000,0.000,0.000,0.000,0.000,0.000,0,0.00,0,0,0,0,0,0,1.2872,-0.000,0.000,0.0000,0.0000,-0.0000,4,1.2872,0.000
381,6.3500,0.0000,1.2372,-54.1250,0.0000,-0.0000,-15.0000,15.0000,0.000,0.000,-8.594,1,VEHICLE,0,-,0.0000,50,150,0,0.0800,0,0,0.000,0.000,0.000,0.0000,0.0000,0.0000,1,1.0000,0,0,0.0000,0,1.2872,0.0000,0.0000,0.0000,0.0000,0,80.00,0.0000,5.6285,-44.7501,0.0000,6.2372,-54.1250,80.00,-1,-1.00000,0.000,0.000,0.000,0.000,0.000,0.000,0,0.00,0,0,0,0,0,0,1.2872,-0.000,0.000,-0.0000,-0.0000,-0.0000,4,1.2872,0.000
382,6.3667,0.0000,1.2372,-54.3750,0.0000,-0.0000,-15.0000,15.0000,0.000,0.000,-8.594,1,VEHICLE,0,-,0.0000,50,150,0,0.0800,0,0,0.000,0.000,0.000,0.0000,0.0000,0.0000,1,1.0000,0,0,0.0000,0,1.2872,0.0000,0.0000,0.0000,0.0000,0,80.00,0.0000,5.6285,-45.0001,0.0000,6.2372,-54.3750,80.00,-1,-1.00000,0.000,0.000,0.000,0.000,0.000,0.000,0,0.00,0,0,0,0,0,0,1.2872,-0.000,0.000,-0.0000,0.0000,-0.0000,4,1.2872,0.000
383,6.3833,0.0000,1.2372,-54.6250,0.0000,-0.0000,-15.0000,15.0000,0.000,0.000,-8.594,1,VEHICLE,0,-,0.0000,50,150,0,0.0800,0,0,0.000,0.000,0.000,0.0000,0.0000,0.0000,1,1.0000,0,0,0.0000,0,1.2872,0.0000,0.0000,0.0000,0.0000,0,80.00,0.0000,5.6285,-45.2501,0.0000,6.2372,-54.6250,80.00,-1,-1.00000,0.000,0.000,0.000,0.000,0.000,0.000,0,0.00,0,0,0,0,0,0,1.2872,-0.000,0.000,-0.0000,-0.0000,-0.0000,4,1.2872,0.000
384,6.4000,0.0000,1.2372,-54.8750,0.0000,-0.0000,-15.0000,15.0000,0.000,0.000,-8.594,1,VEHICLE,0,-,0.0000,50,150,0,0.0800,0,0,0.000,0.000,0.000,0.0000,0.0000,0.0000,1,1.0000,0,0,0.0000,0,1.2872,0.0000,0.0000,0.0000,0.0000,0,80.00,0.0000,5.6285,-45.5001,0.0000,6.2372,-54.8750,80.00,-1,-1.00000,0.000,0.000,0.000,0.000,0.000,0.000,0,0.00,0,0,0,0,0,0,1.2872,-0.000,0.000,0.0000,0.0000,-0.0000,4,1.2872,0.000
385,6.4167,0.0000,1.2372,-55.1250,0.0000,-0.0000,-15.0000,15.0000,0.000,0.000,-8.594,1,VEHICLE,0,-,0.0000,50,150,0,0.0800,0,0,0.000,0.000,0.000,0.0000,0.0000,0.0000,1,1.0000,0,0,0.0000,0,1.2872,0.0000,0.0000,0.0000,0.0000,0,80.00,0.0000,5.6285,-45.7501,0.0000,6.2372,-55.1250,80.00,-1,-1.00000,0.000,0.000,0.000,0.000,0.000,0.000,0,0.00,0,0,0,0,0,0,1.2872,-0.000,0.000,-0.0000,-0.0000,-0.0000,4,1.2872,0.000
386,6.4333,0.0000,1.2372,-55.3750,0.0000,-0.0000,-15.0000,15.0000,0.000,0.000,-8.594,1,VEHICLE,0,-,0.0000,50,150,0,0.0800,0,0,0.000,0.000,0.000,0.0000,0.0000,0.0000,1,1.0000,0,0,0.0000,0,1.2872,0.0000,0.0000,0.0000,0.0000,0,80.00,0.0000,5.6285,-46.0001,0.0000,6.2372,-55.3750,80.00,-1,-1.00000,0.000,0.000,0.000,0.000,0.000,0.000,0,0.00,0,0,0,0,0,0,1.2872,-0.000,0.000,-0.0000,0.0000,-0.0000,4,1.2872,0.000
387,6.4500,0.0000,1.2372,-55.6250,0.0000,-0.0000,-15.0000,15.0000,0.000,0.000,-8.594,1,VEHICLE,0,-,0.0000,50,150,0,0.0800,0,0,0.000,0.000,0.000,0.0000,0.0000,0.0000,1,1.0000,0,0,0.0000,0,1.2872,0.0000,0.0000,0.0000,0.0000,0,80.00,0.0000,5.6285,-46.2501,0.0000,6.2372,-55.6250,80.00,-1,-1.00000,0.000,0.000,0.000,0.000,0.000,0.000,0,0.00,0,0,0,0,0,0,1.2872,-0.000,0.000,-0.0000,-0.0000,-0.0000,4,1.2872,0.000
388,6.4667,0.0000,1.2372,-55.8750,0.0000,-0.0000,-15.0000,15.0000,0.000,0.000,-8.594,1,VEHICLE,0,-,0.0000,50,150,0,0.0800,0,0,0.000,0.000,0.000,0.0000,0.0000,0.0000,1,1.0000,0,0,0.0000,0,1.2872,0.0000,0.0000,0.0000,0.0000,0,80.00,0.0000,5.6285,-46.5001,0.0000,6.2372,-55.8750,80.00,-1,-1.00000,0.000,0.000,0.000,0.000,0.000,0.000,0,0.00,0,0,0,0,0,0,1.2872,-0.000,0.000,0.0000,0.0000,-0.0000,4,1.2872,0.000
389,6.4833,0.0000,1.2372,-56.1250,0.0000,-0.0000,-15.0000,15.0000,0.000,0.000,-8.594,1,VEHICLE,0,-,0.0000,50,150,0,0.0800,0,0,0.000,0.000,0.000,0.0000,0.0000,0.0000,1,1.0000,0,0,0.0000,0,1.2872,0.0000,0.0000,0.0000,0.0000,0,80.00,0.0000,5.6285,-46.7501,0.0000,6.2372,-56.1250,80.00,-1,-1.00000,0.000,0.000,0.000,0.000,0.000,0.000,0,0.00,0,0,0,0,0,0,1.2872,-0.000,0.000,-0.0000,-0.0000,-0.0000,4,1.2872,0.000
390,6.5000,0.0000,1.2372,-56.3750,0.0000,-0.0000,-15.0000,15.0000,0.000,0.000,-8.594,1,VEHICLE,0,-,0.0000,50,150,0,0.0800,0,0,0.000,0.000,0.000,0.0000,0.0000,0.0000,1,1.0000,0,0,0.0000,0,1.2872,0.0000,0.0000,0.0000,0.0000,0,80.00,0.0000,5.6285,-47.0001,0.0000,6.2372,-56.3750,80.00,-1,-1.00000,0.000,0.000,0.000,0.000,0.000,0.000,0,0.00,0,0,0,0,0,0,1.2872,-0.000,0.000,-0.0000,0.0000,-0.0000,4,1.2872,0.000
391,6.5167,0.0000,1.2372,-56.6250,0.0000,-0.0000,-15.0000,15.0000,0.000,0.000,-8.594,1,VEHICLE,0,-,0.0000,50,150,0,0.0800,0,0,0.000,0.000,0.000,0.0000,0.0000,0.0000,1,1.0000,0,0,0.0000,0,1.2872,0.0000,0.0000,0.0000,0.0000,0,80.00,0.0000,5.6285,-47.2501,0.0000,6.2372,-56.6250,80.00,-1,-1.00000,0.000,0.000,0.000,0.000,0.000,0.000,0,0.00,0,0,0,0,0,0,1.2872,-0.000,0.000,-0.0000,-0.0000,-0.0000,4,1.2872,0.000
392,6.5333,0.0000,1.2372,-56.8750,0.0000,-0.0000,-15.0000,15.0000,0.000,0.000,-8.594,1,VEHICLE,0,-,0.0000,50,150,0,0.0800,0,0,0.000,0.000,0.000,0.0000,0.0000,0.0000,1,1.0000,0,0,0.0000,0,1.2872,0.0000,0.0000,0.0000,0.0000,0,80.00,0.0000,5.6285,-47.5001,0.0000,6.2372,-56.8750,80.00,-1,-1.00000,0.000,0.000,0.000,0.000,0.000,0.000,0,0.00,0,0,0,0,0,0,1.2872,-0.000,0.000,0.0000,0.0000,-0.0000,4,1.2872,0.000
393,6.5500,0.0000,1.2372,-57.1250,0.0000,-0.0000,-15.0000,15.0000,0.000,0.000,-8.594,1,VEHICLE,0,-,0.0000,50,150,0,0.0800,0,0,0.000,0.000,0.000,0.0000,0.0000,0.0000,1,1.0000,0,0,0.0000,0,1.2872,0.0000,0.0000,0.0000,0.0000,0,80.00,0.0000,5.6285,-47.7501,0.0000,6.2372,-57.1250,80.00,-1,-1.00000,0.000,0.000,0.000,0.000,0.000,0.000,0,0.00,0,0,0,0,0,0,1.2872,-0.000,0.000,-0.0000,-0.0000,-0.0000,4,1.2872,0.000
394,6.5667,0.0000,1.2372,-57.3750,0.0000,-0.0000,-15.0000,15.0000,0.000,0.000,-8.594,1,VEHICLE,0,-,0.0000,50,150,0,0.0800,0,0,0.000,0.000,0.000,0.0000,0.0000,0.0000,1,1.0000,0,0,0.0000,0,1.2872,0.0000,0.0000,0.0000,0.0000,0,80.00,0.0000,5.6285,-48.0001,0.0000,6.2372,-57.3750,80.00,-1,-1.00000,0.000,0.000,0.000,0.000,0.000,0.000,0,0.00,0,0,0,0,0,0,1.2872,-0.000,0.000,-0.0000,0.0000,-0.0000,4,1.2872,0.000
395,6.5833,0.0000,1.2372,-57.6250,0.0000,-0.0000,-15.0000,15.0000,0.000,0.000,-8.594,1,VEHICLE,0,-,0.0000,50,150,0,0.0800,0,0,0.000,0.000,0.000,0.0000,0.0000,0.0000,1,1.0000,0,0,0.0000,0,1.2872,0.0000,0.0000,0.0000,0.0000,0,80.00,0.0000,5.6285,-48.2501,0.0000,6.2372,-57.6250,80.00,-1,-1.00000,0.000,0.000,0.000,0.000,0.000,0.000,0,0.00,0,0,0,0,0,0,1.2872,-0.000,0.000,-0.0000,-0.0000,-0.0000,4,1.2872,0.000
396,6.6000,0.0000,1.2372,-57.8750,0.0000,-0.0000,-15.0000,15.0000,0.000,0.000,-8.594,1,VEHICLE,0,-,0.0000,50,150,0,0.0800,0,0,0.000,0.000,0.000,0.0000,0.0000,0.0000,1,1.0000,0,0,0.0000,0,1.2872,0.0000,0.0000,0.0000,0.0000,0,80.00,0.0000,5.6285,-48.5001,0.0000,6.2372,-57.8750,80.00,-1,-1.00000,0.000,0.000,0.000,0.000,0.000,0.000,0,0.00,0,0,0,0,0,0,1.2872,-0.000,0.000,0.0000,0.0000,-0.0000,4,1.2872,0.000
397,6.6167,0.0000,1.2372,-58.1250,0.0000,-0.0000,-15.0000,15.0000,0.000,0.000,-8.594,1,VEHICLE,0,-,0.0000,50,150,0,0.0800,0,0,0.000,0.000,0.000,0.0000,0.0000,0.0000,1,1.0000,0,0,0.0000,0,1.2872,0.0000,0.0000,0.0000,0.0000,0,80.00,0.0000,5.6285,-48.7501,0.0000,6.2372,-58.1250,80.00,-1,-1.00000,0.000,0.000,0.000,0.000,0.000,0.000,0,0.00,0,0,0,0,0,0,1.2872,-0.000,0.000,-0.0000,-0.0000,-0.0000,4,1.2872,0.000
398,6.6333,0.0000,1.2372,-58.3750,0.0000,-0.0000,-15.0000,15.0000,0.000,0.000,-8.594,1,VEHICLE,0,-,0.0000,50,150,0,0.0800,0,0,0.000,0.000,0.000,0.0000,0.0000,0.0000,1,1.0000,0,0,0.0000,0,1.2872,0.0000,0.0000,0.0000,0.0000,0,80.00,0.0000,5.6285,-49.0001,0.0000,6.2372,-58.3750,80.00,-1,-1.00000,0.000,0.000,0.000,0.000,0.000,0.000,0,0.00,0,0,0,0,0,0,1.2872,-0.000,0.000,-0.0000,0.0000,-0.0000,4,1.2872,0.000
399,6.6500,0.0000,1.2372,-58.6250,0.0000,-0.0000,-15.0000,15.0000,0.000,0.000,-8.594,1,VEHICLE,0,-,0.0000,50,150,0,0.0800,0,0,0.000,0.000,0.000,0.0000,0.0000,0.0000,1,1.0000,0,0,0.0000,0,1.2872,0.0000,0.0000,0.0000,0.0000,0,80.00,0.0000,5.6285,-49.2501,0.0000,6.2372,-58.6250,80.00,-1,-1.00000,0.000,0.000,0.000,0.000,0.000,0.000,0,0.00,0,0,0,0,0,0,1.2872,-0.000,0.000,-0.0000,0.0000,-0.0000,4,1.2872,0.000
400,6.6667,0.0000,1.2372,-58.8750,0.0000,-0.0000,-15.0000,15.0000,0.000,0.000,-8.594,1,VEHICLE,0,-,0.0000,50,150,0,0.0800,0,0,0.000,0.000,0.000,0.0000,0.0000,0.0000,1,1.0000,0,0,0.0000,0,1.2872,0.0000,0.0000,0.0000,0.0000,0,80.00,0.0000,5.6285,-49.5001,0.0000,6.2372,-58.8750,80.00,-1,-1.00000,0.000,0.000,0.000,0.000,0.000,0.000,0,0.00,0,0,0,0,0,0,1.2872,-0.000,0.000,-0.0000,-0.0000,-0.0000,4,1.2872,0.000
401,6.6833,0.0000,1.2372,-59.1250,0.0000,-0.0000,-15.0000,15.0000,0.000,0.000,-8.594,1,VEHICLE,0,-,0.0000,50,150,0,0.0800,0,0,0.000,0.000,0.000,0.0000,0.0000,0.0000,1,1.0000,0,0,0.0000,0,1.2872,0.0000,0.0000,0.0000,0.0000,0,80.00,0.0000,5.6285,-49.7501,0.0000,6.2372,-59.1250,80.00,-1,-1.00000,0.000,0.000,0.000,0.000,0.000,0.000,0,0.00,0,0,0,0,0,0,1.2872,-0.000,0.000,0.0000,0.0000,-0.0000,4,1.2872,0.000
402,6.7000,0.0000,1.2372,-59.3750,0.0000,-0.0000,-15.0000,15.0000,0.000,0.000,-8.594,1,VEHICLE,0,-,0.0000,50,150,0,0.0800,0,0,0.000,0.000,0.000,0.0000,0.0000,0.0000,1,1.0000,0,0,0.0000,0,1.2872,0.0000,0.0000,0.0000,0.0000,0,80.00,0.0000,5.6285,-50.0001,0.0000,6.2372,-59.3750,80.00,-1,-1.00000,0.000,0.000,0.000,0.000,0.000,0.000,0,0.00,0,0,0,0,0,0,1.2872,-0.000,0.000,-0.0000,-0.0000,-0.0000,4,1.2872,0.000
403,6.7167,0.0000,1.2632,-59.6250,0.0000,1.5600,-15.0000,15.0000,0.000,0.000,-8.594,1,VEHICLE,0,-,0.0000,50,150,0,0.0800,0,0,0.000,0.000,0.000,0.0000,0.0000,0.0000,1,1.0000,0,0,0.0000,0,1.2872,0.0000,0.0000,0.0000,0.0000,0,80.00,0.0000,5.6545,-50.2501,0.0000,6.2632,-59.6250,80.00,-1,-1.00000,0.000,0.000,0.000,0.000,0.000,0.000,0,0.00,0,0,0,0,0,0,0.8046,1.050,0.000,-0.0000,-1.0995,-0.0000,4,1.0372,0.000
404,6.7333,0.0000,1.2884,-59.8745,0.0000,1.5099,-14.9689,14.9689,0.000,0.000,-8.594,1,VEHICLE,0,-,0.0000,50,150,0,0.0800,0,0,0.000,0.000,0.000,0.0000,0.0000,0.0000,1,1.0000,0,0,0.0000,0,1.3046,0.0000,0.0000,0.0000,0.0000,0,80.00,0.0000,5.6797,-50.4995,0.0000,6.2884,-59.8745,80.00,-1,-1.00000,0.000,0.000,0.000,0.000,0.000,0.000,0,0.00,0,0,0,0,0,0,0.8217,2.040,0.000,0.0000,-1.0366,-0.0000,4,1.0548,0.000
405,6.7500,0.0000,1.3127,-60.1236,0.0000,1.4555,-14.9462,14.9462,0.000,0.000,-8.594,1,VEHICLE,0,-,0.0000,50,150,0,0.0800,0,0,0.000,0.000,0.000,0.0000,0.0000,0.0000,1,1.0000,0,0,0.0000,0,1.3217,0.0000,0.0000,0.0000,0.0000,0,80.00,0.0000,5.7039,-50.7486,0.0000,6.3127,-60.1236,80.00,-1,-1.00000,0.000,0.000,0.000,0.000,0.000,0.000,0,0.00,0,0,0,0,0,0,0.8382,2.972,0.000,-0.0000,-0.9759,-0.0000,4,1.0723,0.000
406,6.7667,0.0000,1.3360,-60.3724,0.0000,1.3978,-14.9308,14.9308,0.000,0.000,-8.594,1,VEHICLE,0,-,0.0000,50,150,0,0.0800,0,0,0.000,0.000,0.000,0.0000,0.0000,0.0000,1,1.0000,0,0,0.0000,0,0.8382,0.0000,0.0000,0.0000,0.0000,0,80.00,0.0000,5.7272,-50.9975,0.0000,6.3360,-60.3724,80.00,-1,-1.00000,0.000,0.000,0.000,0.000,0.000,0.000,0,0.00,0,0,0,0,0,0,0.8543,3.848,0.000,-0.0000,-0.9174,-0.0000,4,1.0897,0.000
407,6.7833,0.0000,1.3583,-60.6211,0.0000,1.3378,-14.9222,14.9222,0.000,0.000,-8.594,1,VEHICLE,0,-,0.0000,50,150,0,0.0800,0,0,0.000,0.000,0.000,0.0000,0.0000,0.0000,1,1.0000,0,0,0.0000,0,0.8543,0.0000,0.0000,0.0000,0.0000,0,80.00,0.0000,5.7495,-51.2462,0.0000,6.3583,-60.6211,80.00,-1,-1.00000,0.000,0.000,0.000,0.000,0.000,0.000,0,0.00,0,0,0,0,0,0,0.8698,4.670,0.000,0.0000,-0.8611,-0.0000,4,1.1068,0.000
408,6.8000,0.0000,1.3795,-60.8698,0.0000,1.2762,-14.9193,14.9193,0.000,0.000,-8.594,1,VEHICLE,0,-,0.0000,50,150,0,0.0800,0,0,0.000,0.000,0.000,0.0000,0.0000,0.0000,1,1.0000,0,0,0.0000,0,0.8698,0.0000,0.0000,0.0000,0.0000,0,80.00,0.0000,5.7708,-51.4948,0.0000,6.3795,-60.8698,80.00,-1,-1.00000,0.000,0.000,0.000,0.000,0.000,0.000,0,0.00,0,0,0,0,0,0,0.8847,5.441,0.000,-0.0000,-0.8070,-0.0000,4,1.1236,0.000
409,6.8167,0.0000,1.3998,-61.1185,0.0000,1.2138,-14.9215,14.9215,0.000,0.000,-8.594,1,VEHICLE,0,-,0.0000,50,150,0,0.0800,0,0,0.000,0.000,0.000,0.0000,0.0000,0.0000,1,1.0000,0,0,0.0000,0,0.8847,0.0000,0.0000,0.0000,0.0000,0,80.00,0.0000,5.7910,-51.7435,0.0000,6.3998,-61.1185,80.00,-1,-1.00000,0.000,0.000,0.000,0.000,0.000,0.000,0,0.00,0,0,0,0,0,0,0.8990,6.162,0.000,0.0000,-0.7549,-0.0000,4,1.1399,0.000
410,6.8333,0.0000,1.4189,-61.3673,-0.0000,1.1509,-14.9280,14.9280,0.000,0.000,-8.594,1,VEHICLE,0,-,0.0000,50,150,0,0.0800,0,0,0.000,0.000,0.000,0.0000,0.0000,0.0000,1,1.0000,0,0,0.0000,0,0.8990,0.0000,0.0000,0.0000,0.0000,0,80.00,0.0000,5.8102,-51.9923,0.0000,6.4189,-61.3673,80.00,-1,-1.00000,0.000,0.000,0.000,0.000,0.000,0.000,0,0.00,0,0,0,0,0,0,0.9127,6.835,0.000,-0.0000,-0.7048,-0.0000,4,1.1557,0.000
411,6.8500,0.0000,1.4371,-61.6162,-0.0000,1.0881,-14.9382,14.9382,0.000,0.000,-8.594,1,VEHICLE,0,-,0.0000,50,150,0,0.0800,0,0,0.000,0.000,0.000,0.0000,0.0000,0.0000,1,1.0000,0,0,0.0000,0,0.9127,0.0000,0.0000,0.0000,0.0000,0,80.00,0.0000,5.8283,-52.2413,0.0000,6.4371,-61.6162,80.00,-1,-1.00000,0.000,0.000,0.000,0.000,0.000,0.000,0,0.00,0,0,0,0,0,0,0.9256,7.462,0.000,0.0000,-0.6569,-0.0000,4,1.1710,0.000
412,6.8667,0.0000,1.4524,-61.8657,-0.0000,0.9214,-14.9651,14.9651,0.000,0.000,-8.594,0,VEHICLE,0,-,0.0000,50,150,0,0.0800,0,0,0.000,0.000,0.000,0.0000,0.0000,0.0000,1,1.0000,0,0,0.0000,0,0.9256,0.0000,0.0000,0.0000,0.0000,0,80.00,0.0000,5.8437,-52.4907,0.0000,6.4524,-61.8657,80.00,-1,-1.00000,0.000,0.000,0.000,0.000,0.000,0.000,0,0.00,0,0,0,0,0,0,0.9356,8.116,0.000,0.0000,-0.6851,-0.0000,4,1.1428,0.000
413,6.8833,0.0000,1.4885,-62.1123,0.0000,2.1656,-14.7968,14.7968,0.000,0.000,-8.594,1,VEHICLE,0,-,0.0000,50,150,0,0.0800,0,0,0.000,0.000,0.000,0.0000,0.0000,0.0000,1,1.0000,0,0,0.0000,0,0.9356,0.0000,0.0000,0.0000,0.0000,0,80.00,0.0000,5.8798,-52.7373,0.0000,6.4885,-62.1123,80.00,-1,-1.00000,0.000,0.000,0.000,0.000,0.000,0.000,0,0.00,0,0,0,0,0,0,0.9739,7.843,0.000,-0.0000,0.2859,-0.0000,4,0.9451,0.000
414,6.9000,0.0000,1.5221,-62.3593,0.0000,2.0130,-14.8198,14.8198,0.000,0.000,-8.594,1,VEHICLE,0,-,0.0000,50,150,0,0.0800,0,0,0.000,0.000,0.000,0.0000,0.0000,0.0000,1,1.0000,0,0,0.0000,0,0.9739,0.0000,0.0000,0.0000,0.0000,0,80.00,0.0000,5.9133,-52.9843,0.0000,6.5221,-62.3593,80.00,-1,-1.00000,0.000,0.000,0.000,0.000,0.000,0.000,0,0.00,0,0,0,0,0,0,1.0098,7.567,0.000,-0.0000,0.2894,-0.0000,4,0.9831,0.000
415,6.9167,0.0000,1.5532,-62.6066,0.0000,1.8670,-14.8408,14.8408,0.000,0.000,-8.594,1,VEHICLE,0,-,0.0000,50,150,0,0.0800,0,0,0.000,0.000,0.000,0.0000,0.0000,0.0000,1,1.0000,0,0,0.0000,0,1.0098,0.0000,0.0000,0.0000,0.0000,0,80.00,0.0000,5.9445,-53.2317,0.0000,6.5532,-62.6066,80.00,-1,-1.00000,0.000,0.000,0.000,0.000,0.000,0.000,0,0.00,0,0,0,0,0,0,1.0432,7.288,0.000,-0.0000,0.2916,-0.0000,4,1.0186,0.000
416,6.9333,0.0000,1.5820,-62.8543,0.0000,1.7274,-14.8599,14.8599,0.000,0.000,-8.594,1,VEHICLE,0,-,0.0000,50,150,0,0.0800,0,0,0.000,0.000,0.000,0.0000,0.0000,0.0000,1,1.0000,0,0,0.0000,0,1.0432,0.0000,0.0000,0.0000,0.0000,0,80.00,0.0000,5.9733,-53.4793,0.0000,6.5820,-62.8543,80.00,-1,-1.00000,0.000,0.000,0.000,0.000,0.000,0.000,0,0.00,0,0,0,0,0,0,1.0743,7.009,0.000,-0.0000,0.2926,-0.0000,4,1.0517,0.000
417,6.9500,0.0000,1.6086,-63.1022,0.0000,1.5944,-14.8772,14.8772,0.000,0.000,-8.594,1,VEHICLE,0,-,0.0000,50,150,0,0.0800,0,0,0.000,0.000,0.000,0.0000,0.0000,0.0000,1,1.0000,0,0,0.0000,0,1.0743,0.0000,0.0000,0.0000,0.0000,0,80.00,0.0000,5.9998,-53.7273,0.0000,6.6086,-63.1022,80.00,-1,-1.00000,0.000,0.000,0.000,0.000,0.000,0.000,0,0.00,0,0,0,0,0,0,1.1031,6.730,0.000,0.0000,0.2924,-0.0000,4,1.0824,0.000
418,6.9667,0.0000,1.6330,-63.3504,0.0000,1.4677,-14.8927,14.8927,0.000,0.000,-8.594,1,VEHICLE,0,-,0.0000,50,150,0,0.0800,0,0,0.000,0.000,0.000,0.0000,0.0000,0.0000,1,1.0000,0,0,0.0000,0,1.1031,0.0000,0.0000,0.0000,0.0000,0,80.00,0.0000,6.0243,-53.9755,0.0000,6.6330,-63.3504,80.00,-1,-1.00000,0.000,0.000,0.000,0.000,0.000,0.000,0,0.00,0,0,0,0,0,0,1.1299,6.452,0.000,-0.0000,0.2912,-0.0000,4,1.1108,0.000
419,6.9833,0.0000,1.6555,-63.5989,-0.0000,1.3473,-14.9067,14.9067,0.000,0.000,-8.594,1,VEHICLE,0,-,0.0000,50,150,0,0.0800,0,0,0.000,0.000,0.000,0.0000,0.0000,0.0000,1,1.0000,0,0,0.0000,0,1.1299,0.0000,0.0000,0.0000,0.0000,0,80.00,0.0000,6.0467,-54.2239,0.0000,6.6555,-63.5989,80.00,-1,-1.00000,0.000,0.000,0.000,0.000,0.000,0.000,0,0.00,0,0,0,0,0,0,1.1546,6.176,0.000,-0.0000,0.2890,-0.0000,4,1.1371,0.000
420,7.0000,0.0000,1.6760,-63.8475,-0.0000,1.2330,-14.9191,14.9191,0.000,0.000,-8.594,1,VEHICLE,0,-,0.0000,50,150,0,0.0800,0,0,0.000,0.000,0.000,0.0000,0.0000,0.0000,1,1.0000,0,0,0.0000,0,1.1546,0.0000,0.0000,0.0000,0.0000,0,80.00,0.0000,6.0673,-54.4726,0.0000,6.6760,-63.8475,80.00,-1,-1.00000,0.000,0.000,0.000,0.000,0.000,0.000,0,0.00,0,0,0,0,0,0,1.1774,5.903,0.000,-0.0000,0.2860,-0.0000,4,1.1614,0.000
421,7.0167,0.0000,1.6948,-64.0964,-0.0000,1.1248,-14.9302,14.9302,0.000,0.000,-8.594,1,VEHICLE,0,-,0.0000,50,150,0,0.0800,0,0,0.000,0.000,0.000,0.0000,0.0000,0.0000,1,1.0000,0,0,0.0000,0,1.1774,0.0000,0.0000,0.0000,0.0000,0,80.00,0.0000,6.0860,-54.7214,0.0000,6.6948,-64.0964,80.00,-1,-1.00000,0.000,0.000,0.000,0.000,0.000,0.000,0,0.00,0,0,0,0,0,0,1.1984,5.633,0.000,-0.0000,0.2822,-0.0000,4,1.1837,0.000
422,7.0333,0.0000,1.7118,-64.3454,-0.0000,1.0225,-14.9400,14.9400,0.000,0.000,-8.594,1,VEHICLE,0,-,0.0000,50,150,0,0.0800,0,0,0.000,0.000,0.000,0.0000,0.0000,0.0000,1,1.0000,0,0,0.0000,0,1.1984,0.0000,0.0000,0.0000,0.0000,0,80.00,0.0000,6.1031,-54.9704,0.0000,6.7118,-64.3454,80.00,-1,-1.00000,0.000,0.000,0.000,0.000,0.000,0.000,0,0.00,0,0,0,0,0,0,1.2176,5.368,0.000,-0.0000,0.2778,-0.0000,4,1.2042,0.000
423,7.0500,0.0000,1.7273,-64.5945,-0.0000,0.9259,-14.9487,14.9487,0.000,0.000,-8.594,1,VEHICLE,0,-,0.0000,50,150,0,0.0800,0,0,0.000,0.000,0.000,0.0000,0.0000,0.0000,1,1.0000,0,0,0.0000,0,1.2176,0.0000,0.0000,0.0000,0.0000,0,80.00,0.0000,6.1185,-55.2196,0.0000,6.7273,-64.5945,80.00,-1,-1.00000,0.000,0.000,0.000,0.000,0.000,0.000,0,0.00,0,0,0,0,0,0,1.2352,5.107,0.000,-0.0000,0.2727,-0.0000,4,1.2230,0.000
424,7.0667,0.0000,1.7412,-64.8438,-0.0000,0.8349,-14.9563,14.9563,0.000,0.000,-8.594,1,VEHICLE,0,-,0.0000,50,150,0,0.0800,0,0,0.000,0.000,0.000,0.0000,0.0000,0.0000,1,1.0000,0,0,0.0000,0,1.2352,0.0000,0.0000,0.0000,0.0000,0,80.00,0.0000,6.1324,-55.4688,0.0000,6.7412,-64.8438,80.00,-1,-1.00000,0.000,0.000,0.000,0.000,0.000,0.000,0,0.00,0,0,0,0,0,0,1.2512,4.852,0.000,-0.0000,0.2672,-0.0000,4,1.2401,0.000
425,7.0833,0.0000,1.7537,-65.0932,-0.0000,0.7494,-14.9629,14.9629,0.000,0.000,-8.594,1,VEHICLE,0,-,0.0000,50,150,0,0.0800,0,0,0.000,0.000,0.000,0.0000,0.0000,0.0000,1,1.0000,0,0,0.0000,0,1.2512,0.0000,0.0000,0.0000,0.0000,0,80.00,0.0000,6.1449,-55.7182,0.0000,6.7537,-65.0932,80.00,-1,-1.00000,0.000,0.000,0.000,0.000,0.000,0.000,0,0.00,0,0,0,0,0,0,1.2658,4.603,0.000,-0.0000,0.2612,-0.0000,4,1.2557,0.000
426,7.1000,0.0000,1.7648,-65.3427,-0.0000,0.6691,-14.9686,14.9686,0.000,0.000,-8.594,1,VEHICLE,0,-,0.0000,50,150,0,0.0800,0,0,0.000,0.000,0.000,0.0000,0.0000,0.0000,1,1.0000,0,0,0.0000,0,1.2658,0.0000,0.0000,0.0000,0.0000,0,80.00,0.0000,6.1561,-55.9677,0.0000,6.7648,-65.3427,80.00,-1,-1.00000,0.000,0.000,0.000,0.000,0.000,0.000,0,0.00,0,0,0,0,0,0,1.2789,4.360,0.000,-0.0000,0.2548,-0.0000,4,1.2699,0.000
427,7.1167,0.0000,1.7747,-65.5922,-0.0000,0.5938,-14.9736,14.9736,0.000,0.000,-8.594,1,VEHICLE,0,-,0.0000,50,150,0,0.0800,0,0,0.000,0.000,0.000,0.0000,0.0000,0.0000,1,1.0000,0,0,0.0000,0,1.2789,0.0000,0.0000,0.0000,0.0000,0,80.00,0.0000,6.1660,-56.2173,0.0000,6.7747,-65.5922,80.00,-1,-1.00000,0.000,0.000,0.000,0.000,0.000,0.000,0,0.00,0,0,0,0,0,0,1.2908,4.123,0.000,0.0000,0.2480,-0.0000,4,1.2826,0.000
428,7.1333,0.0000,1.7834,-65.8418,-0.0000,0.5235,-14.9779,14.9779,0.000,0.000,-8.594,1,VEHICLE,0,-,0.0000,50,150,0,0.0800,0,0,0.000,0.000,0.000,0.0000,0.0000,0.0000,1,1.0000,0,0,0.0000,0,1.2908,0.0000,0.0000,0.0000,0.0000,0,80.00,0.0000,6.1747,-56.4669,0.0000,6.7834,-65.8418,80.00,-1,-1.00000,0.000,0.000,0.000,0.000,0.000,0.000,0,0.00,0,0,0,0,0,0,1.3014,3.893,0.000,-0.0000,0.2410,-0.0000,4,1.2941,0.000
429,7.1500,0.0000,1.7911,-66.0915,-0.0000,0.4578,-14.9815,14.9815,0.000,0.000,-8.594,1,VEHICLE,0,-,0.0000,50,150,0,0.0800,0,0,0.000,0.000,0.000,0.0000,0.0000,0.0000,1,1.0000,0,0,0.0000,0,1.3014,0.0000,0.0000,0.0000,0.0000,0,80.00,0.0000,6.1823,-56.7166,0.0000,6.7911,-66.0915,80.00,-1,-1.00000,0.000,0.000,0.000,0.000,0.000,0.000,0,0.00,0,0,0,0,0,0,1.3109,3.669,0.000,-0.0000,0.2337,-0.0000,4,1.3044,0.000
430,7.1667,0.0000,1.7977,-66.3413,-0.0000,0.3967,-14.9846,14.9846,0.000,0.000,-8.594,1,VEHICLE,0,-,0.0000,50,150,0,0.0800,0,0,0.000,0.000,0.000,0.0000,0.0000,0.0000,1,1.0000,0,0,0.0000,0,1.3109,0.0000,0.0000,0.0000,0.0000,0,80.00,0.0000,6.1889,-56.9663,0.0000,6.7977,-66.3413,80.00,-1,-1.00000,0.000,0.000,0.000,0.000,0.000,0.000,0,0.00,0,0,0,0,0,0,1.3193,3.453,0.000,-0.0000,0.2263,-0.0000,4,1.3136,0.000
431,7.1833,0.0000,1.8033,-66.5911,-0.0000,0.3400,-14.9873,14.9873,0.000,0.000,-8.594,1,VEHICLE,0,-,0.0000,50,150,0,0.0800,0,0,0.000,0.000,0.000,0.0000,0.0000,0.0000,1,1.0000,0,0,0.0000,0,1.3193,0.0000,0.0000,0.0000,0.0000,0,80.00,0.0000,6.1946,-57.2161,0.0000,6.8033,-66.5911,80.00,-1,-1.00000,0.000,0.000,0.000,0.000,0.000,0.000,0,0.00,0,0,0,0,0,0,1.3267,3.244,0.000,-0.0000,0.2187,-0.0000,4,1.3217,0.000
432,7.2000,0.0000,1.8081,-66.8409,-0.0000,0.2874,-14.9895,14.9895,0.000,0.000,-8.594,1,VEHICLE,0,-,0.0000,50,150,0,0.0800,0,0,0.000,0.000,0.000,0.0000,0.0000,0.0000,1,1.0000,0,0,0.0000,0,1.3267,0.0000,0.0000,0.0000,0.0000,0,80.00,0.0000,6.1994,-57.4659,0.0000,6.8081,-66.8409,80.00,-1,-1.00000,0.000,0.000,0.000,0.000,0.000,0.000,0,0.00,0,0,0,0,0,0,1.3331,3.043,0.000,-0.0000,0.2110,-0.0000,4,1.3288,0.000
433,7.2167,0.0000,1.8121,-67.0907,-0.0000,0.2387,-14.9913,14.9913,0.000,0.000,-8.594,1,VEHICLE,0,-,0.0000,50,150,0,0.0800,0,0,0.000,0.000,0.000,0.0000,0.0000,0.0000,1,1.0000,0,0,0.0000,0,1.3331,0.0000,0.0000,0.0000,0.0000,0,80.00,0.0000,6.2034,-57.7158,0.0000,6.8121,-67.0907,80.00,-1,-1.00000,0.000,0.000,0.000,0.000,0.000,0.000,0,0.00,0,0,0,0,0,0,1.3387,2.849,0.000,-0.0000,0.2033,-0.0000,4,1.3350,0.000
434,7.2333,0.0000,1.8153,-67.3406,-0.0000,0.1939,-14.9928,14.9928,0.000,0.000,-8.594,1,VEHICLE,0,-,0.0000,50,150,0,0.0800,0,0,0.000,0.000,0.000,0.0000,0.0000,0.0000,1,1.0000,0,0,0.0000,0,1.3387,0.0000,0.0000,0.0000,0.0000,0,80.00,0.0000,6.2066,-57.9657,0.0000,6.8153,-67.3406,80.00,-1,-1.00000,0.000,0.000,0.000,0.000,0.000,0.000,0,0.00,0,0,0,0,0,0,1.3435,2.662,0.000,0.0000,0.1955,-0.0000,4,1.3403,0.000
435,7.2500,0.0000,1.8179,-67.5905,-0.0000,0.1527,-14.9941,14.9941,0.000,0.000,-8.594,1,VEHICLE,0,-,0.0000,50,150,0,0.0800,0,0,0.000,0.000,0.000,0.0000,0.0000,0.0000,1,1.0000,0,0,0.0000,0,1.3435,0.0000,0.0000,0.0000,0.0000,0,80.00,0.0000,6.2091,-58.2156,0.0000,6.8179,-67.5905,80.00,-1,-1.00000,0.000,0.000,0.000,0.000,0.000,0.000,0,0.00,0,0,0,0,0,0,1.3475,2.483,0.000,-0.0000,0.1878,-0.0000,4,1.3449,0.000
436,7.2667,0.0000,1.8198,-67.8404,-0.0000,0.1150,-14.9951,14.9951,0.000,0.000,-8.594,1,VEHICLE,0,-,0.0000,50,150,0,0.0800,0,0,0.000,0.000,0.000,0.0000,0.0000,0.0000,1,1.0000,0,0,0.0000,0,1.3475,0.0000,0.0000,0.0000,0.0000,0,80.00,0.0000,6.2111,-58.4655,0.0000,6.8198,-67.8404,80.00,-1,-1.00000,0.000,0.000,0.000,0.000,0.000,0.000,0,0.00,0,0,0,0,0,0,1.3508,2.311,0.000,-0.0000,0.1800,-0.0000,4,1.3487,0.000
437,7.2833,0.0000,1.8211,-68.0904,-0.0000,0.0805,-14.9959,14.9959,0.000,0.000,-8.594,1,VEHICLE,0,-,0.0000,50,150,0,0.0800,0,0,0.000,0.000,0.000,0.0000,0.0000,0.0000,1,1.0000,0,0,0.0000,0,1.3508,0.0000,0.0000,0.0000,0.0000,0,80.00,0.0000,6.2124,-58.7154,0.0000,6.8211,-68.0904,80.00,-1,-1.00000,0.000,0.000,0.000,0.000,0.000,0.000,0,0.00,0,0,0,0,0,0,1.3535,2.146,0.000,0.0000,0.1723,-0.0000,4,1.3519,0.000
438,7.3000,0.0000,1.8220,-68.3403,-0.0000,0.0491,-14.9966,14.9966,0.000,0.000,-8.594,1,VEHICLE,0,-,0.0000,50,150,0,0.0800,0,0,0.000,0.000,0.000,0.0000,0.0000,0.0000,1,1.0000,0,0,0.0000,0,1.3535,0.0000,0.0000,0.0000,0.0000,0,80.00,0.0000,6.2132,-58.9654,0.0000,6.8220,-68.3403,80.00,-1,-1.00000,0.000,0.000,0.000,0.000,0.000,0.000,0,0.00,0,0,0,0,0,0,1.3556,1.989,0.000,-0.0000,0.1647,-0.0000,4,1.3545,0.000
439,7.3167,0.0000,1.8223,-68.5903,-0.0000,0.0206,-14.9971,14.9971,0.000,0.000,-8.594,1,VEHICLE,0,-,0.0000,50,150,0,0.0800,0,0,0.000,0.000,0.000,0.0000,0.0000,0.0000,1,1.0000,0,0,0.0000,0,1.3556,0.0000,0.0000,0.0000,0.0000,0,80.00,0.0000,6.2136,-59.2153,0.0000,6.8223,-68.5903,80.00,-1,-1.00000,0.000,0.000,0.000,0.000,0.000,0.000,0,0.00,0,0,0,0,0,0,1.3572,1.839,0.000,-0.0000,0.1572,-0.0000,4,1.3564,0.000
440,7.3333,0.0000,1.8222,-68.8402,-0.0000,-0.0051,-14.9975,14.9975,0.000,0.000,-8.594,1,VEHICLE,0,-,0.0000,50,150,0,0.0800,0,0,0.000,0.000,0.000,0.0000,0.0000,0.0000,1,1.0000,0,0,0.0000,0,1.3572,0.0000,0.0000,0.0000,0.0000,0,80.00,0.0000,6.2135,-59.4653,0.0000,6.8222,-68.8402,80.00,-1,-1.00000,0.000,0.000,0.000,0.000,0.000,0.000,0,0.00,0,0,0,0,0,0,1.3583,1.696,0.000,-0.0000,0.1498,-0.0000,4,1.3579,0.000
441,7.3500,0.0000,1.8217,-69.0902,-0.0000,-0.0283,-14.9978,14.9978,0.000,0.000,-8.594,1,VEHICLE,0,-,0.0000,50,150,0,0.0800,0,0,0.000,0.000,0.000,0.0000,0.0000,0.0000,1,1.0000,0,0,0.0000,0,1.3583,0.0000,0.0000,0.0000,0.0000,0,80.00,0.0000,6.2130,-59.7152,0.0000,6.8217,-69.0902,80.00,-1,-1.00000,0.000,0.000,0.000,0.000,0.000,0.000,0,0.00,0,0,0,0,0,0,1.3589,1.560,0.000,0.0000,0.1425,-0.0000,4,1.3589,0.000
442,7.3667,0.0000,1.8209,-69.3402,-0.0000,-0.0489,-14.9981,14.9981,0.000,0.000,-8.594,1,VEHICLE,0,-,0.0000,50,150,0,0.0800,0,0,0.000,0.000,0.000,0.0000,0.0000,0.0000,1,1.0000,0,0,0.0000,0,1.3589,0.0000,0.0000,0.0000,0.0000,0,80.00,0.0000,6.2122,-59.9652,0.0000,6.8209,-69.3402,80.00,-1,-1.00000,0.000,0.000,0.000,0.000,0.000,0.000,0,0.00,0,0,0,0,0,0,1.3592,1.431,0.000,-0.0000,0.1354,-0.0000,4,1.3594,0.000
443,7.3833,0.0000,1.8198,-69.5901,-0.0000,-0.0673,-14.9983,14.9983,0.000,0.000,-8.594,1,VEHICLE,0,-,0.0000,50,150,0,0.0800,0,0,0.000,0.000,0.000,0.0000,0.0000,0.0000,1,1.0000,0,0,0.0000,0,1.3592,0.0000,0.0000,0.0000,0.0000,0,80.00,0.0000,6.2111,-60.2152,0.0000,6.8198,-69.5901,80.00,-1,-1.00000,0.000,0.000,0.000,0.000,0.000,0.000,0,0.00,0,0,0,0,0,0,1.3591,1.308,0.000,-0.0000,0.1284,-0.0000,4,1.3596,0.000
444,7.4000,0.0000,1.8184,-69.8401,-0.0000,-0.0835,-14.9984,14.9984,0.000,0.000,-8.594,1,VEHICLE,0,-,0.0000,50,150,0,0.0800,0,0,0.000,0.000,0.000,0.0000,0.0000,0.0000,1,1.0000,0,0,0.0000,0,1.3591,0.0000,0.0000,0.0000,0.0000,0,80.00,0.0000,6.2097,-60.4652,0.0000,6.8184,-69.8401,80.00,-1,-1.00000,0.000,0.000,0.000,0.000,0.000,0.000,0,0.00,0,0,0,0,0,0,1.3586,1.192,0.000,-0.0000,0.1216,-0.0000,4,1.3594,0.000
445,7.4167,0.0000,1.8168,-70.0901,-0.0000,-0.0978,-14.9986,14.9986,0.000,0.000,-8.594,1,VEHICLE,0,-,0.0000,50,150,0,0.0800,0,0,0.000,0.000,0.000,0.0000,0.0000,0.0000,1,1.0000,0,0,0.0000,0,1.3586,0.0000,0.0000,0.0000,0.0000,0,80.00,0.0000,6.2080,-60.7151,0.0000,6.8168,-70.0901,80.00,-1,-1.00000,0.000,0.000,0.000,0.000,0.000,0.000,0,0.00,0,0,0,0,0,0,1.3579,1.082,0.000,-0.0000,0.1150,-0.0000,4,1.3589,0.000
446,7.4333,0.0000,1.8149,-70.3401,-0.0000,-0.1101,-14.9986,14.9986,0.000,0.000,-8.594,1,VEHICLE,0,-,0.0000,50,150,0,0.0800,0,0,0.000,0.000,0.000,0.0000,0.0000,0.0000,1,1.0000,0,0,0.0000,0,1.3579,0.0000,0.0000,0.0000,0.0000,0,80.00,0.0000,6.2062,-60.9651,0.0000,6.8149,-70.3401,80.00,-1,-1.00000,0.000,0.000,0.000,0.000,0.000,0.000,0,0.00,0,0,0,0,0,0,1.3569,0.978,0.000,0.0000,0.1086,-0.0000,4,1.3581,0.000
447,7.4500,0.0000,1.8129,-70.5900,-0.0000,-0.1207,-14.9987,14.9987,0.000,0.000,-8.594,1,VEHICLE,0,-,0.0000,50,150,0,0.0800,0,0,0.000,0.000,0.000,0.0000,0.0000,0.0000,1,1.0000,0,0,0.0000,0,1.3569,0.0000,0.0000,0.0000,0.0000,0,80.00,0.0000,6.2042,-61.2151,0.0000,6.8129,-70.5900,80.00,-1,-1.00000,0.000,0.000,0.000,0.000,0.000,0.000,0,0.00,0,0,0,0,0,0,1.3557,0.880,0.000,-0.0000,0.1024,-0.0000,4,1.3571,0.000
448,7.4667,0.0000,1.8108,-70.8400,-0.0000,-0.1297,-14.9988,14.9988,0.000,0.000,-8.594,1,VEHICLE,0,-,0.0000,50,150,0,0.0800,0,0,0.000,0.000,0.000,0.0000,0.0000,0.0000,1,1.0000,0,0,0.0000,0,1.3557,0.0000,0.0000,0.0000,0.0000,0,80.00,0.0000,6.2020,-61.4651,0.0000,6.8108,-70.8400,80.00,-1,-1.00000,0.000,0.000,0.000,0.000,0.000,0.000,0,0.00,0,0,0,0,0,0,1.3543,0.788,0.000,-0.0000,0.0963,-0.0000,4,1.3559,0.000
449,7.4833,0.0000,1.8085,-71.0900,-0.0000,-0.1372,-14.9989,14.9989,0.000,0.000,-8.594,1,VEHICLE,0,-,0.0000,50,150,0,0.0800,0,0,0.000,0.000,0.000,0.0000,0.0000,0.0000,1,1.0000,0,0,0.0000,0,1.3543,0.0000,0.0000,0.0000,0.0000,0,80.00,0.0000,6.1998,-61.7151,0.0000,6.8085,-71.0900,80.00,-1,-1.00000,0.000,0.000,0.000,0.000,0.000,0.000,0,0.00,0,0,0,0,0,0,1.3527,0.702,0.000,0.0000,0.0905,-0.0000,4,1.3544,0.000
450,7.5000,0.0000,1.8061,-71.3400,-0.0000,-0.1433,-14.9989,14.9989,0.000,0.000,-8.594,1,VEHICLE,0,-,0.0000,50,150,0,0.0800,0,0,0.000,0.000,0.000,0.0000,0.0000,0.0000,1,1.0000,0,0,0.0000,0,1.3527,0.0000,0.0000,0.0000,0.0000,0,80.00,0.0000,6.1974,-61.9650,0.0000,6.8061,-71.3400,80.00,-1,-1.00000,0.000,0.000,0.000,0.000,0.000,0.000,0,0.00,0,0,0,0,0,0,1.3510,0.621,0.000,-0.0000,0.0848,-0.0000,4,1.3528,0.000
451,7.5167,0.0000,1.8036,-71.5900,0.0000,-0.1482,-14.9990,14.9990,0.000,0.000,-8.594,1,VEHICLE,0,-,0.0000,50,150,0,0.0800,0,0,0.000,0.000,0.000,0.0000,0.0000,0.0000,1,1.0000,0,0,0.0000,0,1.3510,0.0000,0.0000,0.0000,0.0000,0,80.00,0.0000,6.1949,-62.2150,0.0000,6.8036,-71.5900,80.00,-1,-1.00000,0.000,0.000,0.000,0.000,0.000,0.000,0,0.00,0,0,0,0,0,0,1.3492,0.545,0.000,-0.0000,0.0794,-0.0000,4,1.3511,0.000
452,7.5333,0.0000,1.8011,-71.8400,0.0000,-0.1518,-14.9990,14.9990,0.000,0.000,-8.594,1,VEHICLE,0,-,0.0000,50,150,0,0.0800,0,0,0.000,0.000,0.000,0.0000,0.0000,0.0000,1,1.0000,0,0,0.0000,0,1.3492,0.0000,0.0000,0.0000,0.0000,0,80.00,0.0000,6.1924,-62.4650,0.0000,6.8011,-71.8400,80.00,-1,-1.00000,0.000,0.000,0.000,0.000,0.000,0.000,0,0.00,0,0,0,0,0,0,1.3472,0.474,0.000,-0.0000,0.0742,-0.0000,4,1.3492,0.000
453,7.5500,0.0000,1.7985,-72.0899,0.0000,-0.1545,-14.9991,14.9991,0.000,0.000,-8.594,1,VEHICLE,0,-,0.0000,50,150,0,0.0800,0,0,0.000,0.000,0.000,0.0000,0.0000,0.0000,1,1.0000,0,0,0.0000,0,1.3472,0.0000,0.0000,0.0000,0.0000,0,80.00,0.0000,6.1898,-62.7150,0.0000,6.7985,-72.0899,80.00,-1,-1.00000,0.000,0.000,0.000,0.000,0.000,0.000,0,0.00,0,0,0,0,0,0,1.3452,0.408,0.000,-0.0000,0.0692,-0.0000,4,1.3473,0.000
454,7.5667,0.0000,1.7959,-72.3399,0.0000,-0.1561,-14.9992,14.9992,0.000,0.000,-8.594,1,VEHICLE,0,-,0.0000,50,150,0,0.0800,0,0,0.000,0.000,0.000,0.0000,0.0000,0.0000,1,1.0000,0,0,0.0000,0,1.3452,0.0000,0.0000,0.0000,0.0000,0,80.00,0.0000,6.1872,-62.9650,0.0000,6.7959,-72.3399,80.00,-1,-1.00000,0.000,0.000,0.000,0.000,0.000,0.000,0,0.00,0,0,0,0,0,0,1.3431,0.347,0.000,0.0000,0.0644,-0.0000,4,1.3452,0.000
455,7.5833,0.0000,1.7933,-72.5899,0.0000,-0.1569,-14.9993,14.9993,0.000,0.000,-8.594,1,VEHICLE,0,-,0.0000,50,150,0,0.0800,0,0,0.000,0.000,0.000,0.0000,0.0000,0.0000,1,1.0000,0,0,0.0000,0,1.3431,0.0000,0.0000,0.0000,0.0000,0,80.00,0.0000,6.1846,-63.2150,0.0000,6.7933,-72.5899,80.00,-1,-1.00000,0.000,0.000,0.000,0.000,0.000,0.000,0,0.00,0,0,0,0,0,0,1.3409,0.290,0.000,-0.0000,0.0598,-0.0000,4,1.3431,0.000
456,7.6000,0.0000,1.7907,-72.8399,0.0000,-0.1568,-14.9993,14.9993,0.000,0.000,-8.594,1,VEHICLE,0,-,0.0000,50,150,0,0.0800,0,0,0.000,0.000,0.000,0.0000,0.0000,0.0000,1,1.0000,0,0,0.0000,0,1.3409,0.0000,0.0000,0.0000,0.0000,0,80.00,0.0000,6.1820,-63.4650,0.0000,6.7907,-72.8399,80.00,-1,-1.00000,0.000,0.000,0.000,0.000,0.000,0.000,0,0.00,0,0,0,0,0,0,1.3388,0.237,0.000,-0.0000,0.0554,-0.0000,4,1.3410,0.000
457,7.6167,0.0000,1.7881,-73.0899,0.0000,-0.1561,-14.9994,14.9994,0.000,0.000,-8.594,1,VEHICLE,0,-,0.0000,50,150,0,0.0800,0,0,0.000,0.000,0.000,0.0000,0.0000,0.0000,1,1.0000,0,0,0.0000,0,1.3388,0.0000,0.0000,0.0000,0.0000,0,80.00,0.0000,6.1794,-63.7150,0.0000,6.7881,-73.0899,80.00,-1,-1.00000,0.000,0.000,0.000,0.000,0.000,0.000,0,0.00,0,0,0,0,0,0,1.3366,0.188,0.000,-0.0000,0.0512,-0.0000,4,1.3388,0.000
458,7.6333,0.0000,1.7855,-73.3399,0.0000,-0.1547,-14.9995,14.9995,0.000,0.000,-8.594,1,VEHICLE,0,-,0.0000,50,150,0,0.0800,0,0,0.000,0.000,0.000,0.0000,0.0000,0.0000,1,1.0000,0,0,0.0000,0,1.3366,0.0000,0.0000,0.0000,0.0000,0,80.00,0.0000,6.1768,-63.9649,0.0000,6.7855,-73.3399,80.00,-1,-1.00000,0.000,0.000,0.000,0.000,0.000,0.000,0,0.00,0,0,0,0,0,0,1.3343,0.143,0.000,-0.0000,0.0472,-0.0000,4,1.3366,0.000
459,7.6500,0.0000,1.7830,-73.5899,0.0000,-0.1527,-14.9996,14.9996,0.000,0.000,-8.594,1,VEHICLE,0,-,0.0000,50,150,0,0.0800,0,0,0.000,0.000,0.000,0.0000,0.0000,0.0000,1,1.0000,0,0,0.0000,0,1.3343,0.0000,0.0000,0.0000,0.0000,0,80.00,0.0000,6.1742,-64.2149,0.0000,6.7830,-73.5899,80.00,-1,-1.00000,0.000,0.000,0.000,0.000,0.000,0.000,0,0.00,0,0,0,0,0,0,1.3321,0.101,0.000,0.0000,0.0434,-0.0000,4,1.3343,0.000
460,7.6667,0.0000,1.7805,-73.8399,0.0000,-0.1503,-14.9997,14.9997,0.000,0.000,-8.594,1,VEHICLE,0,-,0.0000,50,150,0,0.0800,0,0,0.000,0.000,0.000,0.0000,0.0000,0.0000,1,1.0000,0,0,0.0000,0,1.3321,0.0000,0.0000,0.0000,0.0000,0,80.00,0.0000,6.1717,-64.4649,0.0000,6.7805,-73.8399,80.00,-1,-1.00000,0.000,0.000,0.000,0.000,0.000,0.000,0,0.00,0,0,0,0,0,0,1.3299,0.063,0.000,-0.0000,0.0398,-0.0000,4,1.3321,0.000
461,7.6833,0.0000,1.7780,-74.0899,0.0000,-0.1473,-14.9998,14.9998,0.000,0.000,-8.594,1,VEHICLE,0,-,0.0000,50,150,0,0.0800,0,0,0.000,0.000,0.000,0.0000,0.0000,0.0000,1,1.0000,0,0,0.0000,0,1.3299,0.0000,0.0000,0.0000,0.0000,0,80.00,0.0000,6.1693,-64.7149,0.0000,6.7780,-74.0899,80.00,-1,-1.00000,0.000,0.000,0.000,0.000,0.000,0.000,0,0.00,0,0,0,0,0,0,1.3278,0.029,0.000,-0.0000,0.0364,-0.0000,4,1.3299,0.000
462,7.7000,0.0000,1.7756,-74.3399,0.0000,-0.1440,-14.9999,14.9999,0.000,0.000,-8.594,1,VEHICLE,0,-,0.0000,50,150,0,0.0800,0,0,0.000,0.000,0.000,0.0000,0.0000,0.0000,1,1.0000,0,0,0.0000,0,1.3278,0.0000,0.0000,0.0000,0.0000,0,80.00,0.0000,6.1669,-64.9649,0.0000,6.7756,-74.3399,80.00,-1,-1.00000,0.000,0.000,0.000,0.000,0.000,0.000,0,0.00,0,0,0,0,0,0,1.3256,-0.003,0.000,-0.0000,0.0331,-0.0000,4,1.3278,0.000
463,7.7167,0.0000,1.7733,-74.5899,0.0000,-0.1404,-15.0000,15.0000,0.000,0.000,-8.594,1,VEHICLE,0,-,0.0000,50,150,0,0.0800,0,0,0.000,0.000,0.000,0.0000,0.0000,0.0000,1,1.0000,0,0,0.0000,0,1.3256,0.0000,0.0000,0.0000,0.0000,0,80.00,0.0000,6.1645,-65.2149,0.0000,6.7733,-74.5899,80.00,-1,-1.00000,0.000,0.000,0.000,0.000,0.000,0.000,0,0.00,0,0,0,0,0,0,1.3235,-0.032,0.000,-0.0000,0.0301,-0.0000,4,1.3256,0.000
464,7.7333,0.0000,1.7710,-74.8399,0.0000,-0.1365,-15.0001,15.0001,0.000,0.000,-8.594,1,VEHICLE,0,-,0.0000,50,150,0,0.0800,0,0,0.000,0.000,0.000,0.0000,0.0000,0.0000,1,1.0000,0,0,0.0000,0,1.3235,0.0000,0.0000,0.0000,0.0000,0,80.00,0.0000,6.1623,-65.4649,0.0000,6.7710,-74.8399,80.00,-1,-1.00000,0.000,0.000,0.000,0.000,0.000,0.000,0,0.00,0,0,0,0,0,0,1.3215,-0.058,0.000,-0.0000,0.0272,-0.0000,4,1.3235,0.000
465,7.7500,0.0000,1.7688,-75.0899,0.0000,-0.1323,-15.0002,15.0002,0.000,0.000,-8.594,1,VEHICLE,0,-,0.0000,50,150,0,0.0800,0,0,0.000,0.000,0.000,0.0000,0.0000,0.0000,1,1.0000,0,0,0.0000,0,1.3215,0.0000,0.0000,0.0000,0.0000,0,80.00,0.0000,6.1601,-65.7149,0.0000,6.7688,-75.0899,80.00,-1,-1.00000,0.000,0.000,0.000,0.000,0.000,0.000,0,0.00,0,0,0,0,0,0,1.3195,-0.081,0.000,-0.0000,0.0244,-0.0000,4,1.3215,0.000
466,7.7667,0.0000,1.7667,-75.3399,0.0000,-0.1280,-15.0003,15.0003,0.000,0.000,-8.594,1,VEHICLE,0,-,0.0000,50,150,0,0.0800,0,0,0.000,0.000,0.000,0.0000,0.0000,0.0000,1,1.0000,0,0,0.0000,0,1.3195,0.0000,0.0000,0.0000,0.0000,0,80.00,0.0000,6.1579,-65.9649,0.0000,6.7667,-75.3399,80.00,-1,-1.00000,0.000,0.000,0.000,0.000,0.000,0.000,0,0.00,0,0,0,0,0,0,1.3175,-0.102,0.000,0.0000,0.0219,-0.0000,4,1.3195,0.000
467,7.7833,0.0000,1.7646,-75.5899,0.0000,-0.1235,-15.0004,15.0004,0.000,0.000,-8.594,1,VEHICLE,0,-,0.0000,50,150,0,0.0800,0,0,0.000,0.000,0.000,0.0000,0.0000,0.0000,1,1.0000,0,0,0.0000,0,1.3175,0.0000,0.0000,0.0000,0.0000,0,80.00,0.0000,6.1559,-66.2149,0.0000,6.7646,-75.5899,80.00,-1,-1.00000,0.000,0.000,0.000,0.000,0.000,0.000,0,0.00,0,0,0,0,0,0,1.3156,-0.121,0.000,-0.0000,0.0195,-0.0000,4,1.3175,0.000
468,7.8000,0.0000,1.7626,-75.8399,0.0000,-0.1188,-15.0005,15.0005,0.000,0.000,-8.594,1,VEHICLE,0,-,0.0000,50,150,0,0.0800,0,0,0.000,0.000,0.000,0.0000,0.0000,0.0000,1,1.0000,0,0,0.0000,0,1.3156,0.0000,0.0000,0.0000,0.0000,0,80.00,0.0000,6.1539,-66.4650,0.0000,6.7626,-75.8399,80.00,-1,-1.00000,0.000,0.000,0.000,0.000,0.000,0.000,0,0.00,0,0,0,0,0,0,1.3137,-0.137,0.000,-0.0000,0.0172,-0.0000,4,1.3156,0.000
469,7.8167,0.0000,1.7607,-76.0899,0.0000,-0.1141,-15.0005,15.0005,0.000,0.000,-8.594,1,VEHICLE,0,-,0.0000,50,150,0,0.0800,0,0,0.000,0.000,0.000,0.0000,0.0000,0.0000,1,1.0000,0,0,0.0000,0,1.3137,0.0000,0.0000,0.0000,0.0000,0,80.00,0.0000,6.1520,-66.7150,0.0000,6.7607,-76.0899,80.00,-1,-1.00000,0.000,0.000,0.000,0.000,0.000,0.000,0,0.00,0,0,0,0,0,0,1.3120,-0.151,0.000,-0.0000,0.0151,-0.0000,4,1.3137,0.000
470,7.8333,0.0000,1.7589,-76.3399,0.0000,-0.1094,-15.0006,15.0006,0.000,0.000,-8.594,1,VEHICLE,0,-,0.0000,50,150,0,0.0800,0,0,0.000,0.000,0.000,0.0000,0.0000,0.0000,1,1.0000,0,0,0.0000,0,1.3120,0.0000,0.0000,0.0000,0.0000,0,80.00,0.0000,6.1502,-66.9650,0.0000,6.7589,-76.3399,80.00,-1,-1.00000,0.000,0.000,0.000,0.000,0.000,0.000,0,0.00,0,0,0,0,0,0,1.3102,-0.164,0.000,0.0000,0.0131,-0.0000,4,1.3120,0.000
471,7.8500,0.0000,1.7571,-76.5899,0.0000,-0.1046,-15.0007,15.0007,0.000,0.000,-8.594,1,VEHICLE,0,-,0.0000,50,150,0,0.0800,0,0,0.000,0.000,0.000,0.0000,0.0000,0.0000,1,1.0000,0,0,0.0000,0,1.3102,0.0000,0.0000,0.0000,0.0000,0,80.00,0.0000,6.1484,-67.2150,0.0000,6.7571,-76.5899,80.00,-1,-1.00000,0.000,0.000,0.000,0.000,0.000,0.000,0,0.00,0,0,0,0,0,0,1.3086,-0.175,0.000,-0.0000,0.0113,-0.0000,4,1.3102,0.000
472,7.8667,0.0000,1.7555,-76.8399,0.0000,-0.0998,-15.0008,15.0008,0.000,0.000,-8.594,1,VEHICLE,0,-,0.0000,50,150,0,0.0800,0,0,0.000,0.000,0.000,0.0000,0.0000,0.0000,1,1.0000,0,0,0.0000,0,1.3086,0.0000,0.0000,0.0000,0.0000,0,80.00,0.0000,6.1467,-67.4650,0.0000,6.7555,-76.8399,80.00,-1,-1.00000,0.000,0.000,0.000,0.000,0.000,0.000,0,0.00,0,0,0,0,0,0,1.3070,-0.184,0.000,-0.0000,0.0096,-0.0000,4,1.3086,0.000
473,7.8833,0.0000,1.7539,-77.0900,0.0000,-0.0950,-15.0008,15.0008,0.000,0.000,-8.594,1,VEHICLE,0,-,0.0000,50,150,0,0.0800,0,0,0.000,0.000,0.000,0.0000,0.0000,0.0000,1,1.0000,0,0,0.0000,0,1.3070,0.0000,0.0000,0.0000,0.0000,0,80.00,0.0000,6.1452,-67.7150,0.0000,6.7539,-77.0900,80.00,-1,-1.00000,0.000,0.000,0.000,0.000,0.000,0.000,0,0.00,0,0,0,0,0,0,1.3055,-0.191,0.000,-0.0000,0.0080,-0.0000,4,1.3070,0.000
474,7.9000,0.0000,1.7524,-77.3400,0.0000,-0.0902,-15.0009,15.0009,0.000,0.000,-8.594,1,VEHICLE,0,-,0.0000,50,150,0,0.0800,0,0,0.000,0.000,0.000,0.0000,0.0000,0.0000,1,1.0000,0,0,0.0000,0,1.3055,0.0000,0.0000,0.0000,0.0000,0,80.00,0.0000,6.1437,-67.9650,0.0000,6.7524,-77.3400,80.00,-1,-1.00000,0.000,0.000,0.000,0.000,0.000,0.000,0,0.00,0,0,0,0,0,0,1.3040,-0.198,0.000,0.0000,0.0065,-0.0000,4,1.3055,0.000
475,7.9167,0.0000,1.7510,-77.5900,0.0000,-0.0855,-15.0009,15.0009,0.000,0.000,-8.594,1,VEHICLE,0,-,0.0000,50,150,0,0.0800,0,0,0.000,0.000,0.000,0.0000,0.0000,0.0000,1,1.0000,0,0,0.0000,0,1.3040,0.0000,0.0000,0.0000,0.0000,0,80.00,0.0000,6.1422,-68.2150,0.0000,6.7510,-77.5900,80.00,-1,-1.00000,0.000,0.000,0.000,0.000,0.000,0.000,0,0.00,0,0,0,0,0,0,1.3026,-0.202,0.000,-0.0000,0.0051,-0.0000,4,1.3040,0.000
476,7.9333,0.0000,1.7496,-77.8400,0.0000,-0.0809,-15.0009,15.0009,0.000,0.000,-8.594,1,VEHICLE,0,-,0.0000,50,150,0,0.0800,0,0,0.000,0.000,0.000,0.0000,0.0000,0.0000,1,1.0000,0,0,0.0000,0,1.3026,0.0000,0.0000,0.0000,0.0000,0,80.00,0.0000,6.1409,-68.4651,0.0000,6.7496,-77.8400,80.00,-1,-1.00000,0.000,0.000,0.000,0.000,0.000,0.000,0,0.00,0,0,0,0,0,0,1.3013,-0.206,0.000,-0.0000,0.0039,-0.0000,4,1.3026,0.000
477,7.9500,0.0000,1.7484,-78.0900,0.0000,-0.0764,-15.0010,15.0010,0.000,0.000,-8.594,1,VEHICLE,0,-,0.0000,50,150,0,0.0800,0,0,0.000,0.000,0.000,0.0000,0.0000,0.0000,1,1.0000,0,0,0.0000,0,1.3013,0.0000,0.0000,0.0000,0.0000,0,80.00,0.0000,6.1396,-68.7151,0.0000,6.7484,-78.0900,80.00,-1,-1.00000,0.000,0.000,0.000,0.000,0.000,0.000,0,0.00,0,0,0,0,0,0,1.3001,-0.209,0.000,0.0000,0.0027,-0.0000,4,1.3013,0.000
478,7.9667,0.0000,1.7472,-78.3400,0.0000,-0.0720,-15.0010,15.0010,0.000,0.000,-8.594,1,VEHICLE,0,-,0.0000,50,150,0,0.0800,0,0,0.000,0.000,0.000,0.0000,0.0000,0.0000,1,1.0000,0,0,0.0000,0,1.3001,0.0000,0.0000,0.0000,0.0000,0,80.00,0.0000,6.1384,-68.9651,0.0000,6.7472,-78.3400,80.00,-1,-1.00000,0.000,0.000,0.000,0.000,0.000,0.000,0,0.00,0,0,0,0,0,0,1.2989,-0.210,0.000,-0.0000,0.0017,-0.0000,4,1.3001,0.000
479,7.9833,0.0000,1.7460,-78.5900,0.0000,-0.0676,-15.0010,15.0010,0.000,0.000,-8.594,1,VEHICLE,0,-,0.0000,50,150,0,0.0800,0,0,0.000,0.000,0.000,0.0000,0.0000,0.0000,1,1.0000,0,0,0.0000,0,1.2989,0.0000,0.0000,0.0000,0.0000,0,80.00,0.0000,6.1373,-69.2151,0.0000,6.7460,-78.5900,80.00,-1,-1.00000,0.000,0.000,0.000,0.000,0.000,0.000,0,0.00,0,0,0,0,0,0,1.2978,-0.211,0.000,-0.0000,0.0007,-0.0000,4,1.2989,0.000
480,8.0000,0.0000,1.7450,-78.8401,0.0000,-0.0634,-15.0011,15.0011,0.000,0.000,-8.594,1,VEHICLE,0,-,0.0000,50,150,0,0.0800,0,0,0.000,0.000,0.000,0.0000,0.0000,0.0000,1,1.0000,0,0,0.0000,0,1.2978,0.0000,0.0000,0.0000,0.0000,0,80.00,0.0000,6.1362,-69.4651,0.0000,6.7450,-78.8401,80.00,-1,-1.00000,0.000,0.000,0.000,0.000,0.000,0.000,0,0.00,0,0,0,0,0,0,1.2967,-0.211,0.000,-0.0000,-0.0002,-0.0000,4,1.2978,0.000
481,8.0167,0.0000,1.7440,-79.0901,0.0000,-0.0594,-15.0011,15.0011,0.000,0.000,-8.594,1,VEHICLE,0,-,0.0000,50,150,0,0.0800,0,0,0.000,0.000,0.000,0.0000,0.0000,0.0000,1,1.0000,0,0,0.0000,0,1.2967,0.0000,0.0000,0.0000,0.0000,0,80.00,0.0000,6.1352,-69.7151,0.0000,6.7440,-79.0901,80.00,-1,-1.00000,0.000,0.000,0.000,0.000,0.000,0.000,0,0.00,0,0,0,0,0,0,1.2957,-0.210,0.000,-0.0000,-0.0010,-0.0000,4,1.2967,0.000
482,8.0333,0.0000,1.7431,-79.3401,0.0000,-0.0554,-15.0011,15.0011,0.000,0.000,-8.594,1,VEHICLE,0,-,0.0000,50,150,0,0.0800,0,0,0.000,0.000,0.000,0.0000,0.0000,0.0000,1,1.0000,0,0,0.0000,0,1.2957,0.0000,0.0000,0.0000,0.0000,0,80.00,0.0000,6.1343,-69.9651,0.0000,6.7431,-79.3401,80.00,-1,-1.00000,0.000,0.000,0.000,0.000,0.000,0.000,0,0.00,0,0,0,0,0,0,1.2948,-0.208,0.000,-0.0000,-0.0017,-0.0000,4,1.2957,0.000
483,8.0500,0.0000,1.7422,-79.5901,0.0000,-0.0516,-15.0011,15.0011,0.000,0.000,-8.594,1,VEHICLE,0,-,0.0000,50,150,0,0.0800,0,0,0.000,0.000,0.000,0.0000,0.0000,0.0000,1,1.0000,0,0,0.0000,0,1.2948,0.0000,0.0000,0.0000,0.0000,0,80.00,0.0000,6.1335,-70.2152,0.0000,6.7422,-79.5901,80.00,-1,-1.00000,0.000,0.000,0.000,0.000,0.000,0.000,0,0.00,0,0,0,0,0,0,1.2939,-0.206,0.000,0.0000,-0.0023,-0.0000,4,1.2948,0.000
484,8.0667,0.0000,1.7414,-79.8401,0.0000,-0.0479,-15.0011,15.0011,0.000,0.000,-8.594,1,VEHICLE,0,-,0.0000,50,150,0,0.0800,0,0,0.000,0.000,0.000,0.0000,0.0000,0.0000,1,1.0000,0,0,0.0000,0,1.2939,0.0000,0.0000,0.0000,0.0000,0,80.00,0.0000,6.1327,-70.4652,0.0000,6.7414,-79.8401,80.00,-1,-1.00000,0.000,0.000,0.000,0.000,0.000,0.000,0,0.00,0,0,0,0,0,0,1.2931,-0.203,0.000,-0.0000,-0.0029,-0.0000,4,1.2939,0.000
485,8.0833,0.0000,1.7407,-80.0901,0.0000,-0.0444,-15.0011,15.0011,0.000,0.000,-8.594,1,VEHICLE,0,-,0.0000,50,150,0,0.0800,0,0,0.000,0.000,0.000,0.0000,0.0000,0.0000,1,1.0000,0,0,0.0000,0,1.2931,0.0000,0.0000,0.0000,0.0000,0,80.00,0.0000,6.1319,-70.7152,0.0000,6.7407,-80.0901,80.00,-1,-1.00000,0.000,0.000,0.000,0.000,0.000,0.000,0,0.00,0,0,0,0,0,0,1.2923,-0.200,0.000,-0.0000,-0.0034,-0.0000,4,1.2931,0.000
486,8.1000,0.0000,1.7400,-80.3402,0.0000,-0.0410,-15.0011,15.0011,0.000,0.000,-8.594,1,VEHICLE,0,-,0.0000,50,150,0,0.0800,0,0,0.000,0.000,0.000,0.0000,0.0000,0.0000,1,1.0000,0,0,0.0000,0,1.2923,0.0000,0.0000,0.0000,0.0000,0,80.00,0.0000,6.1312,-70.9652,0.0000,6.7400,-80.3402,80.00,-1,-1.00000,0.000,0.000,0.000,0.000,0.000,0.000,0,0.00,0,0,0,0,0,0,1.2916,-0.196,0.000,-0.0000,-0.0039,-0.0000,4,1.2923,0.000
487,8.1167,0.0000,1.7393,-80.5902,0.0000,-0.0377,-15.0011,15.0011,0.000,0.000,-8.594,1,VEHICLE,0,-,0.0000,50,150,0,0.0800,0,0,0.000,0.000,0.000,0.0000,0.0000,0.0000,1,1.0000,0,0,0.0000,0,1.2916,0.0000,0.0000,0.0000,0.0000,0,80.00,0.0000,6.1306,-71.2152,0.0000,6.7393,-80.5902,80.00,-1,-1.00000,0.000,0.000,0.000,0.000,0.000,0.000,0,0.00,0,0,0,0,0,0,1.2909,-0.192,0.000,-0.0000,-0.0043,-0.0000,4,1.2916,0.000
488,8.1333,0.0000,1.7388,-80.8402,0.0000,-0.0347,-15.0011,15.0011,0.000,0.000,-8.594,1,VEHICLE,0,-,0.0000,50,150,0,0.0800,0,0,0.000,0.000,0.000,0.0000,0.0000,0.0000,1,1.0000,0,0,0.0000,0,1.2909,0.0000,0.0000,0.0000,0.0000,0,80.00,0.0000,6.1300,-71.4652,0.0000,6.7388,-80.8402,80.00,-1,-1.00000,0.000,0.000,0.000,0.000,0.000,0.000,0,0.00,0,0,0,0,0,0,1.2903,-0.188,0.000,0.0000,-0.0046,-0.0000,4,1.2909,0.000
489,8.1500,0.0000,1.7382,-81.0902,0.0000,-0.0317,-15.0010,15.0010,0.000,0.000,-8.594,1,VEHICLE,0,-,0.0000,50,150,0,0.0800,0,0,0.000,0.000,0.000,0.0000,0.0000,0.0000,1,1.0000,0,0,0.0000,0,1.2903,0.0000,0.0000,0.0000,0.0000,0,80.00,0.0000,6.1295,-71.7153,0.0000,6.7382,-81.0902,80.00,-1,-1.00000,0.000,0.000,0.000,0.000,0.000,0.000,0,0.00,0,0,0,0,0,0,1.2897,-0.183,0.000,-0.0000,-0.0049,-0.0000,4,1.2903,0.000
490,8.1667,0.0000,1.7378,-81.3402,0.0000,-0.0289,-15.0010,15.0010,0.000,0.000,-8.594,1,VEHICLE,0,-,0.0000,50,150,0,0.0800,0,0,0.000,0.000,0.000,0.0000,0.0000,0.0000,1,1.0000,0,0,0.0000,0,1.2897,0.0000,0.0000,0.0000,0.0000,0,80.00,0.0000,6.1290,-71.9653,0.0000,6.7378,-81.3402,80.00,-1,-1.00000,0.000,0.000,0.000,0.000,0.000,0.000,0,0.00,0,0,0,0,0,0,1.2892,-0.178,0.000,-0.0000,-0.0052,-0.0000,4,1.2897,0.000
491,8.1833,0.0000,1.7373,-81.5902,0.0000,-0.0262,-15.0010,15.0010,0.000,0.000,-8.594,1,VEHICLE,0,-,0.0000,50,150,0,0.0800,0,0,0.000,0.000,0.000,0.0000,0.0000,0.0000,1,1.0000,0,0,0.0000,0,1.2892,0.0000,0.0000,0.0000,0.0000,0,80.00,0.0000,6.1286,-72.2153,0.0000,6.7373,-81.5902,80.00,-1,-1.00000,0.000,0.000,0.000,0.000,0.000,0.000,0,0.00,0,0,0,0,0,0,1.2887,-0.173,0.000,-0.0000,-0.0054,-0.0000,4,1.2892,0.000
492,8.2000,0.0000,1.7369,-81.8402,0.0000,-0.0237,-15.0010,15.0010,0.000,0.000,-8.594,1,VEHICLE,0,-,0.0000,50,150,0,0.0800,0,0,0.000,0.000,0.000,0.0000,0.0000,0.0000,1,1.0000,0,0,0.0000,0,1.2887,0.0000,0.0000,0.0000,0.0000,0,80.00,0.0000,6.1282,-72.4653,0.0000,6.7369,-81.8402,80.00,-1,-1.00000,0.000,0.000,0.000,0.000,0.000,0.000,0,0.00,0,0,0,0,0,0,1.2883,-0.168,0.000,0.0000,-0.0056,-0.0000,4,1.2887,0.000
493,8.2167,0.0000,1.7366,-82.0903,0.0000,-0.0213,-15.0009,15.0009,0.000,0.000,-8.594,1,VEHICLE,0,-,0.0000,50,150,0,0.0800,0,0,0.000,0.000,0.000,0.0000,0.0000,0.0000,1,1.0000,0,0,0.0000,0,1.2883,0.0000,0.0000,0.0000,0.0000,0,80.00,0.0000,6.1278,-72.7153,0.0000,6.7366,-82.0903,80.00,-1,-1.00000,0.000,0.000,0.000,0.000,0.000,0.000,0,0.00,0,0,0,0,0,0,1.2879,-0.162,0.000,-0.0000,-0.0057,-0.0000,4,1.2883,0.000
494,8.2333,0.0000,1.7363,-82.3403,0.0000,-0.0191,-15.0009,15.0009,0.000,0.000,-8.594,1,VEHICLE,0,-,0.0000,50,150,0,0.0800,0,0,0.000,0.000,0.000,0.0000,0.0000,0.0000,1,1.0000,0,0,0.0000,0,1.2879,0.0000,0.0000,0.0000,0.0000,0,80.00,0.0000,6.1275,-72.9653,0.0000,6.7363,-82.3403,80.00,-1,-1.00000,0.000,0.000,0.000,0.000,0.000,0.000,0,0.00,0,0,0,0,0,0,1.2875,-0.157,0.000,-0.0000,-0.0058,-0.0000,4,1.2879,0.000
495,8.2500,0.0000,1.7360,-82.5903,0.0000,-0.0170,-15.0009,15.0009,0.000,0.000,-8.594,1,VEHICLE,0,-,0.0000,50,150,0,0.0800,0,0,0.000,0.000,0.000,0.0000,0.0000,0.0000,1,1.0000,0,0,0.0000,0,1.2875,0.0000,0.0000,0.0000,0.0000,0,80.00,0.0000,6.1272,-73.2153,0.0000,6.7360,-82.5903,80.00,-1,-1.00000,0.000,0.000,0.000,0.000,0.000,0.000,0,0.00,0,0,0,0,0,0,1.2872,-0.151,0.000,-0.0000,-0.0059,-0.0000,4,1.2875,0.000
496,8.2667,0.0000,1.7357,-82.8403,0.0000,-0.0150,-15.0009,15.0009,0.000,0.000,-8.594,1,VEHICLE,0,-,0.0000,50,150,0,0.0800,0,0,0.000,0.000,0.000,0.0000,0.0000,0.0000,1,1.0000,0,0,0.0000,0,1.2872,0.0000,0.0000,0.0000,0.0000,0,80.00,0.0000,6.1270,-73.4654,0.0000,6.7357,-82.8403,80.00,-1,-1.00000,0.000,0.000,0.000,0.000,0.000,0.000,0,0.00,0,0,0,0,0,0,1.2869,-0.145,0.000,0.0000,-0.0059,-0.0000,4,1.2872,0.000
497,8.2833,0.0000,1.7355,-83.0903,0.0000,-0.0131,-15.0008,15.0008,0.000,0.000,-8.594,1,VEHICLE,0,-,0.0000,50,150,0,0.0800,0,0,0.000,0.000,0.000,0.0000,0.0000,0.0000,1,1.0000,0,0,0.0000,0,1.2869,0.0000,0.0000,0.0000,0.0000,0,80.00,0.0000,6.1268,-73.7154,0.0000,6.7355,-83.0903,80.00,-1,-1.00000,0.000,0.000,0.000,0.000,0.000,0.000,0,0.00,0,0,0,0,0,0,1.2866,-0.140,0.000,0.0000,-0.0059,-0.0000,4,1.2869,0.000
498,8.3000,0.0000,1.7353,-83.3403,0.0000,-0.0114,-15.0008,15.0008,0.000,0.000,-8.594,1,VEHICLE,0,-,0.0000,50,150,0,0.0800,0,0,0.000,0.000,0.000,0.0000,0.0000,0.0000,1,1.0000,0,0,0.0000,0,1.2866,0.0000,0.0000,0.0000,0.0000,0,80.00,0.0000,6.1266,-73.9654,0.0000,6.7353,-83.3403,80.00,-1,-1.00000,0.000,0.000,0.000,0.000,0.000,0.000,0,0.00,0,0,0,0,0,0,1.2864,-0.134,0.000,-0.0000,-0.0059,-0.0000,4,1.2866,0.000
499,8.3167,0.0000,1.7351,-83.5904,0.0000,-0.0098,-15.0008,15.0008,0.000,0.000,-8.594,1,VEHICLE,0,-,0.0000,50,150,0,0.0800,0,0,0.000,0.000,0.000,0.0000,0.0000,0.0000,1,1.0000,0,0,0.0000,0,1.2864,0.0000,0.0000,0.0000,0.0000,0,80.00,0.0000,6.1264,-74.2154,0.0000,6.7351,-83.5904,80.00,-1,-1.00000,0.000,0.000,0.000,0.000,0.000,0.000,0,0.00,0,0,0,0,0,0,1.2862,-0.128,0.000,-0.0000,-0.0059,-0.0000,4,1.2864,0.000
500,8.3333,0.0000,1.7350,-83.8404,0.0000,-0.0083,-15.0007,15.0007,0.000,0.000,-8.594,1,VEHICLE,0,-,0.0000,50,150,0,0.0800,0,0,0.000,0.000,0.000,0.0000,0.0000,0.0000,1,1.0000,0,0,0.0000,0,1.2862,0.0000,0.0000,0.0000,0.0000,0,80.00,0.0000,6.1263,-74.4654,0.0000,6.7350,-83.8404,80.00,-1,-1.00000,0.000,0.000,0.000,0.000,0.000,0.000,0,0.00,0,0,0,0,0,0,1.2860,-0.123,0.000,0.0000,-0.0058,-0.0000,4,1.2862,0.000
501,8.3500,0.0000,1.7349,-84.0904,0.0000,-0.0069,-15.0007,15.0007,0.000,0.000,-8.594,1,VEHICLE,0,-,0.0000,50,150,0,0.0800,0,0,0.000,0.000,0.000,0.0000,0.0000,0.0000,1,1.0000,0,0,0.0000,0,1.2860,0.0000,0.0000,0.0000,0.0000,0,80.00,0.0000,6.1262,-74.7154,0.0000,6.7349,-84.0904,80.00,-1,-1.00000,0.000,0.000,0.000,0.000,0.000,0.000,0,0.00,0,0,0,0,0,0,1.2859,-0.117,0.000,-0.0000,-0.0058,-0.0000,4,1.2860,0.000
502,8.3667,0.0000,1.7348,-84.3404,0.0000,-0.0056,-15.0007,15.0007,0.000,0.000,-8.594,1,VEHICLE,0,-,0.0000,50,150,0,0.0800,0,0,0.000,0.000,0.000,0.0000,0.0000,0.0000,1,1.0000,0,0,0.0000,0,1.2859,0.0000,0.0000,0.0000,0.0000,0,80.00,0.0000,6.1261,-74.9654,0.0000,6.7348,-84.3404,80.00,-1,-1.00000,0.000,0.000,0.000,0.000,0.000,0.000,0,0.00,0,0,0,0,0,0,1.2857,-0.112,0.000,0.0000,-0.0057,-0.0000,4,1.2859,0.000
503,8.3833,0.0000,1.7347,-84.5904,0.0000,-0.0044,-15.0007,15.0007,0.000,0.000,-8.594,1,VEHICLE,0,-,0.0000,50,150,0,0.0800,0,0,0.000,0.000,0.000,0.0000,0.0000,0.0000,1,1.0000,0,0,0.0000,0,1.2857,0.0000,0.0000,0.0000,0.0000,0,80.00,0.0000,6.1260,-75.2155,0.0000,6.7347,-84.5904,80.00,-1,-1.00000,0.000,0.000,0.000,0.000,0.000,0.000,0,0.00,0,0,0,0,0,0,1.2856,-0.106,0.000,-0.0000,-0.0056,-0.0000,4,1.2857,0.000
504,8.4000,0.0000,1.7347,-84.8404,0.0000,-0.0033,-15.0006,15.0006,0.000,0.000,-8.594,1,VEHICLE,0,-,0.0000,50,150,0,0.0800,0,0,0.000,0.000,0.000,0.0000,0.0000,0.0000,1,1.0000,0,0,0.0000,0,1.2856,0.0000,0.0000,0.0000,0.0000,0,80.00,0.0000,6.1259,-75.4655,0.0000,6.7347,-84.8404,80.00,-1,-1.00000,0.000,0.000,0.000,0.000,0.000,0.000,0,0.00,0,0,0,0,0,0,1.2855,-0.101,0.000,-0.0000,-0.0055,-0.0000,4,1.2856,0.000
505,8.4167,0.0000,1.7346,-85.0904,0.0000,-0.0023,-15.0006,15.0006,0.000,0.000,-8.594,1,VEHICLE,0,-,0.0000,50,150,0,0.0800,0,0,0.000,0.000,0.000,0.0000,0.0000,0.0000,1,1.0000,0,0,0.0000,0,1.2855,0.0000,0.0000,0.0000,0.0000,0,80.00,0.0000,6.1259,-75.7155,0.0000,6.7346,-85.0904,80.00,-1,-1.00000,0.000,0.000,0.000,0.000,0.000,0.000,0,0.00,0,0,0,0,0,0,1.2854,-0.096,0.000,0.0000,-0.0054,-0.0000,4,1.2855,0.000
506,8.4333,0.0000,1.7346,-85.3404,0.0000,-0.0014,-15.0006,15.0006,0.000,0.000,-8.594,1,VEHICLE,0,-,0.0000,50,150,0,0.0800,0,0,0.000,0.000,0.000,0.0000,0.0000,0.0000,1,1.0000,0,0,0.0000,0,1.2854,0.0000,0.0000,0.0000,0.0000,0,80.00,0.0000,6.1259,-75.9655,0.0000,6.7346,-85.3404,80.00,-1,-1.00000,0.000,0.000,0.000,0.000,0.000,0.000,0,0.00,0,0,0,0,0,0,1.2854,-0.091,0.000,-0.0000,-0.0053,-0.0000,4,1.2854,0.000
507,8.4500,0.0000,1.7346,-85.5904,0.0000,-0.0005,-15.0005,15.0005,0.000,0.000,-8.594,1,VEHICLE,0,-,0.0000,50,150,0,0.0800,0,0,0.000,0.000,0.000,0.0000,0.0000,0.0000,1,1.0000,0,0,0.0000,0,1.2854,0.0000,0.0000,0.0000,0.0000,0,80.00,0.0000,6.1259,-76.2155,0.0000,6.7346,-85.5904,80.00,-1,-1.00000,0.000,0.000,0.000,0.000,0.000,0.000,0,0.00,0,0,0,0,0,0,1.2853,-0.086,0.000,-0.0000,-0.0051,-0.0000,4,1.2854,0.000
508,8.4667,0.0000,1.7346,-85.8404,0.0000,0.0002,-15.0005,15.0005,0.000,0.000,-8.594,1,VEHICLE,0,-,0.0000,50,150,0,0.0800,0,0,0.000,0.000,0.000,0.0000,0.0000,0.0000,1,1.0000,0,0,0.0000,0,1.2853,0.0000,0.0000,0.0000,0.0000,0,80.00,0.0000,6.1259,-76.4655,0.0000,6.7346,-85.8404,80.00,-1,-1.00000,0.000,0.000,0.000,0.000,0.000,0.000,0,0.00,0,0,0,0,0,0,1.2853,-0.081,0.000,0.0000,-0.0050,-0.0000,4,1.2853,0.000
509,8.4833,0.0000,1.7346,-86.0904,0.0000,0.0009,-15.0005,15.0005,0.000,0.000,-8.594,1,VEHICLE,0,-,0.0000,50,150,0,0.0800,0,0,0.000,0.000,0.000,0.0000,0.0000,0.0000,1,1.0000,0,0,0.0000,0,1.2853,0.0000,0.0000,0.0000,0.0000,0,80.00,0.0000,6.1259,-76.7155,0.0000,6.7346,-86.0904,80.00,-1,-1.00000,0.000,0.000,0.000,0.000,0.000,0.000,0,0.00,0,0,0,0,0,0,1.2853,-0.077,0.000,-0.0000,-0.0048,-0.0000,4,1.2853,0.000
510,8.5000,0.0000,1.7346,-86.3405,0.0000,0.0015,-15.0004,15.0004,0.000,0.000,-8.594,1,VEHICLE,0,-,0.0000,50,150,0,0.0800,0,0,0.000,0.000,0.000,0.0000,0.0000,0.0000,1,1.0000,0,0,0.0000,0,1.2853,0.0000,0.0000,0.0000,0.0000,0,80.00,0.0000,6.1259,-76.9655,0.0000,6.7346,-86.3405,80.00,-1,-1.00000,0.000,0.000,0.000,0.000,0.000,0.000,0,0.00,0,0,0,0,0,0,1.2852,-0.072,0.000,-0.0000,-0.0047,-0.0000,4,1.2853,0.000
