step,t,x,y,z,vx,vy,vz,hspeed,yaw_deg,cam_yaw_deg,cam_pitch_deg,grounded,form,transforming,anim,anim_t,ammo,reserve,reloading,spread,shots,weapon_visible,reload_w,aim_w,aim_pitch_n,muzzle_x,muzzle_y,muzzle_z,move_form,progress,weapon_usable,weapon_restored,mesh_off_y,veh_driving,veh_ride,veh_dash,veh_dash_cd,veh_nitro,veh_nitro_cd,fine_aim,fov,cam_x,cam_y,cam_z,cam_focus_x,cam_focus_y,cam_focus_z,cam_fov,drawn_model,pose_delta,bb_min_x,bb_min_y,bb_min_z,bb_max_x,bb_max_y,bb_max_z,far_verts,far_max,partner_far_verts,partner_shown,arm_shown,hand_shrunk,robot_visible,vehicle_visible,com_h,pitch_deg,roll_deg,ang_x,ang_y,ang_z,contacts,spring_mean,rammed_remain
1,0.0167,0.0000,0.0000,0.0000,0.0000,0.0000,0.0000,0.0000,0.000,0.000,-8.594,1,ROBOT,0,NAV_Idle,0.0000,50,150,0,0.0800,0,1,0.000,0.111,-0.027,1.4336,2.8893,-2.6472,0,1.0000,1,1,0.0000,0,0.0000,0.0000,0.0000,0.0000,0.0000,0,80.00,3.0000,4.6267,6.4791,0.0000,6.0000,0.0000,80.00,0,-1.00000,-1.612,0.039,-1.178,1.321,4.124,1.121,0,0.00,0,0,0,1,1,0,-1.0000,0.000,0.000,0.0000,0.0000,0.0000,0,-1.0000,0.000
2,0.0333,0.0000,0.0000,0.0000,0.0000,0.0000,0.0000,0.0000,0.000,0.000,-8.594,1,ROBOT,0,NAV_Idle,0.0167,50,150,0,0.0800,0,1,0.000,0.222,-0.049,1.4331,2.8729,-2.6452,0,1.0000,1,1,0.0000,0,0.0000,0.0000,0.0000,0.0000,0.0000,0,80.00,3.0000,4.6302,6.4786,0.0000,6.0000,0.0000,80.00,0,0.00825,-1.612,0.039,-1.176,1.321,4.124,1.120,0,0.00,0,0,0,1,1,0,-1.0000,0.000,0.000,0.0000,0.0000,0.0000,0,-1.0000,0.000
3,0.0500,0.0000,0.0000,0.0000,0.0000,0.0000,0.0000,0.0000,0.000,0.000,-8.594,1,ROBOT,0,NAV_Idle,0.0333,50,150,0,0.0800,0,1,0.000,0.333,-0.067,1.4323,2.8493,-2.6423,0,1.0000,1,1,0.0000,0,0.0000,0.0000,0.0000,0.0000,0.0000,0,80.00,3.0000,4.6348,6.4779,0.0000,6.0000,0.0000,80.00,0,0.01182,-1.612,0.039,-1.172,1.321,4.123,1.121,0,0.00,0,0,0,1,1,0,-1.0000,0.000,0.000,0.0000,0.0000,0.0000,0,-1.0000,0.000
4,0.0667,0.0000,0.0000,0.0000,0.0000,0.0000,0.0000,0.0000,0.000,0.000,-8.594,1,ROBOT,0,NAV_Idle,0.0500,50,150,0,0.0800,0,1,0.000,0.444,-0.081,1.4312,2.8211,-2.6384,0,1.0000,1,1,0.0000,0,0.0000,0.0000,0.0000,0.0000,0.0000,0,80.00,3.0000,4.6401,6.4771,0.0000,6.0000,0.0000,80.00,0,0.01420,-1.612,0.039,-1.168,1.321,4.122,1.121,0,0.00,0,0,0,1,1,0,-1.0000,0.000,0.000,0.0000,0.0000,0.0000,0,-1.0000,0.000
5,0.0833,0.0000,0.0000,0.0000,0.0000,0.0000,0.0000,0.0000,0.000,0.000,-8.594,1,ROBOT,0,NAV_Idle,0.0667,50,150,0,0.0800,0,1,0.000,0.556,-0.092,1.4299,2.7897,-2.6336,0,1.0000,1,1,0.0000,0,0.0000,0.0000,0.0000,0.0000,0.0000,0,80.00,3.0000,4.6455,6.4763,0.0000,6.0000,0.0000,80.00,0,0.01584,-1.612,0.039,-1.163,1.321,4.121,1.117,0,0.00,0,0,0,1,1,0,-1.0000,0.000,0.000,0.0000,0.0000,0.0000,0,-1.0000,0.000
6,0.1000,0.0000,0.0000,0.0000,0.0000,0.0000,0.0000,0.0000,0.000,0.000,-8.594,1,ROBOT,0,NAV_Idle,0.0833,50,150,0,0.0800,0,1,0.000,0.667,-0.101,1.4285,2.7562,-2.6282,0,1.0000,1,1,0.0000,0,0.0000,0.0000,0.0000,0.0000,0.0000,0,80.00,3.0000,4.6508,6.4755,0.0000,6.0000,0.0000,80.00,0,0.01688,-1.611,0.039,-1.158,1.320,4.119,1.120,0,0.00,0,0,0,1,1,0,-1.0000,0.000,0.000,0.0000,0.0000,0.0000,0,-1.0000,0.000
7,0.1167,0.0000,0.0000,0.0000,0.0000,0.0000,0.0000,0.0000,0.000,0.000,-8.594,1,ROBOT,0,NAV_Idle,0.1000,50,150,0,0.0800,0,1,0.000,0.778,-0.108,1.4269,2.7217,-2.6222,0,1.0000,1,1,0.0000,0,0.0000,0.0000,0.0000,0.0000,0.0000,0,80.00,3.0000,4.6559,6.4747,0.0000,6.0000,0.0000,80.00,0,0.01747,-1.611,0.039,-1.152,1.320,4.118,1.121,0,0.00,0,0,0,1,1,0,-1.0000,0.000,0.000,0.0000,0.0000,0.0000,0,-1.0000,0.000
8,0.1333,0.0000,0.0000,0.0000,0.0000,0.0000,0.0000,0.0000,0.000,0.000,-8.594,1,ROBOT,0,NAV_Idle,0.1167,50,150,0,0.0800,0,1,0.000,0.889,-0.114,1.4253,2.6867,-2.6156,0,1.0000,1,1,0.0000,0,0.0000,0.0000,0.0000,0.0000,0.0000,0,80.00,3.0000,4.6605,6.4740,0.0000,6.0000,0.0000,80.00,0,0.01767,-1.611,0.039,-1.146,1.320,4.118,1.123,0,0.00,0,0,0,1,1,0,-1.0000,0.000,0.000,0.0000,0.0000,0.0000,0,-1.0000,0.000
9,0.1500,0.0000,0.0000,0.0000,0.0000,0.0000,0.0000,0.0000,0.000,0.000,-8.594,1,ROBOT,0,NAV_Idle,0.1333,50,150,0,0.0800,0,1,0.000,1.000,-0.118,1.4237,2.6516,-2.6084,0,1.0000,1,1,0.0000,0,0.0000,0.0000,0.0000,0.0000,0.0000,0,80.00,3.0000,4.6647,6.4734,0.0000,6.0000,0.0000,80.00,0,0.01782,-1.611,0.039,-1.140,1.320,4.116,1.123,0,0.00,0,0,0,1,1,0,-1.0000,0.000,0.000,0.0000,0.0000,0.0000,0,-1.0000,0.000
10,0.1667,0.0000,0.0000,0.0000,0.0000,0.0000,0.0000,0.0000,0.000,0.000,-8.594,1,ROBOT,0,NAV_Idle,0.1500,50,150,0,0.0800,0,1,0.000,1.000,-0.122,1.4235,2.6442,-2.6067,0,1.0000,1,1,0.0000,0,0.0000,0.0000,0.0000,0.0000,0.0000,0,80.00,3.0000,4.6685,6.4728,0.0000,6.0000,0.0000,80.00,0,0.00511,-1.611,0.039,-1.138,1.320,4.116,1.123,0,0.00,0,0,0,1,1,0,-1.0000,0.000,0.000,0.0000,0.0000,0.0000,0,-1.0000,0.000
11,0.1833,0.0000,0.0000,0.0000,0.0000,0.0000,0.0000,0.0000,0.000,0.000,-8.594,1,ROBOT,0,NAV_Idle,0.1667,50,150,0,0.0800,0,1,0.000,1.000,-0.125,1.4233,2.6382,-2.6052,0,1.0000,1,1,0.0000,0,0.0000,0.0000,0.0000,0.0000,0.0000,0,80.00,3.0000,4.6719,6.4723,0.0000,6.0000,0.0000,80.00,0,0.00507,-1.611,0.039,-1.137,1.320,4.115,1.123,0,0.00,0,0,0,1,1,0,-1.0000,0.000,0.000,0.0000,0.0000,0.0000,0,-1.0000,0.000
12,0.2000,0.0000,0.0000,0.0000,0.0000,0.0000,0.0000,0.0000,0.000,0.000,-8.594,1,ROBOT,0,NAV_Idle,0.1833,50,150,0,0.0800,0,1,0.000,1.000,-0.127,1.4232,2.6335,-2.6041,0,1.0000,1,1,0.0000,0,0.0000,0.0000,0.0000,0.0000,0.0000,0,80.00,3.0000,4.6748,6.4718,0.0000,6.0000,0.0000,80.00,0,0.01293,-1.611,0.039,-1.136,1.320,4.115,1.123,0,0.00,0,0,0,1,1,0,-1.0000,0.000,0.000,0.0000,0.0000,0.0000,0,-1.0000,0.000
13,0.2167,0.0000,0.0000,0.0000,0.0000,0.0000,0.0000,0.0000,0.000,0.000,-8.594,1,ROBOT,0,NAV_Idle,0.2000,50,150,0,0.0800,0,1,0.000,1.000,-0.129,1.4231,2.6299,-2.6032,0,1.0000,1,1,0.0000,0,0.0000,0.0000,0.0000,0.0000,0.0000,0,80.00,3.0000,4.6774,6.4714,0.0000,6.0000,0.0000,80.00,0,0.01274,-1.612,0.039,-1.135,1.320,4.115,1.123,0,0.00,0,0,0,1,1,0,-1.0000,0.000,0.000,0.0000,0.0000,0.0000,0,-1.0000,0.000
14,0.2333,0.0000,0.0000,0.0000,0.0000,0.0000,0.0000,0.0000,0.000,0.000,-8.594,1,ROBOT,0,NAV_Idle,0.2167,50,150,0,0.0800,0,1,0.000,1.000,-0.130,1.4231,2.6270,-2.6024,0,1.0000,1,1,0.0000,0,0.0000,0.0000,0.0000,0.0000,0.0000,0,80.00,3.0000,4.6796,6.4711,0.0000,6.0000,0.0000,80.00,0,0.01811,-1.612,0.039,-1.135,1.320,4.114,1.123,0,0.00,0,0,0,1,1,0,-1.0000,0.000,0.000,0.0000,0.0000,0.0000,0,-1.0000,0.000
15,0.2500,0.0000,0.0000,0.0000,0.0000,0.0000,0.0000,0.0000,0.000,0.000,-8.594,1,ROBOT,0,NAV_Idle,0.2333,50,150,0,0.0800,0,1,0.000,1.000,-0.132,1.4232,2.6247,-2.6016,0,1.0000,1,1,0.0000,0,0.0000,0.0000,0.0000,0.0000,0.0000,0,80.00,3.0000,4.6815,6.4708,0.0000,6.0000,0.0000,80.00,0,0.01796,-1.613,0.039,-1.134,1.320,4.114,1.122,0,0.00,0,0,0,1,1,0,-1.0000,0.000,0.000,0.0000,0.0000,0.0000,0,-1.0000,0.000
16,0.2667,0.0000,0.0000,0.0000,0.0000,0.0000,0.0000,0.0000,0.000,0.000,-8.594,1,ROBOT,0,NAV_Idle,0.2500,50,150,0,0.0800,0,1,0.000,1.000,-0.133,1.4232,2.6229,-2.6011,0,1.0000,1,1,0.0000,0,0.0000,0.0000,0.0000,0.0000,0.0000,0,80.00,3.0000,4.6831,6.4706,0.0000,6.0000,0.0000,80.00,0,0.02048,-1.613,0.039,-1.133,1.320,4.117,1.123,0,0.00,0,0,0,1,1,0,-1.0000,0.000,0.000,0.0000,0.0000,0.0000,0,-1.0000,0.000
17,0.2833,0.0000,0.0000,0.0000,0.0000,0.0000,0.0000,0.0000,0.000,0.000,-8.594,1,ROBOT,0,NAV_Idle,0.2667,50,150,0,0.0800,0,1,0.000,1.000,-0.133,1.4232,2.6214,-2.6004,0,1.0000,1,1,0.0000,0,0.0000,0.0000,0.0000,0.0000,0.0000,0,80.00,3.0000,4.6845,6.4704,0.0000,6.0000,0.0000,80.00,0,0.02022,-1.614,0.039,-1.133,1.320,4.118,1.122,0,0.00,0,0,0,1,1,0,-1.0000,0.000,0.000,0.0000,0.0000,0.0000,0,-1.0000,0.000
18,0.3000,0.0000,0.0000,0.0000,0.0000,0.0000,0.0000,0.0000,0.000,0.000,-8.594,1,ROBOT,0,NAV_Idle,0.2833,50,150,0,0.0800,0,1,0.000,1.000,-0.134,1.4232,2.6203,-2.5999,0,1.0000,1,1,0.0000,0,0.0000,0.0000,0.0000,0.0000,0.0000,0,80.00,3.0000,4.6857,6.4702,0.0000,6.0000,0.0000,80.00,0,0.01996,-1.615,0.039,-1.133,1.320,4.119,1.121,0,0.00,0,0,0,1,1,0,-1.0000,0.000,0.000,0.0000,0.0000,0.0000,0,-1.0000,0.000
19,0.3167,0.0000,0.0000,0.0000,0.0000,0.0000,0.0000,0.0000,0.000,0.000,-8.594,1,ROBOT,0,NAV_Idle,0.3000,50,150,0,0.0800,0,1,0.000,1.000,-0.134,1.4233,2.6195,-2.5995,0,1.0000,1,1,0.0000,0,0.0000,0.0000,0.0000,0.0000,0.0000,0,80.00,3.0000,4.6867,6.4700,0.0000,6.0000,0.0000,80.00,0,0.01967,-1.615,0.039,-1.132,1.320,4.119,1.121,0,0.00,0,0,0,1,1,0,-1.0000,0.000,0.000,0.0000,0.0000,0.0000,0,-1.0000,0.000
20,0.3333,0.0000,0.0000,0.0000,0.0000,0.0000,0.0000,0.0000,0.000,0.000,-8.594,1,ROBOT,0,NAV_Idle,0.3167,50,150,0,0.0800,0,1,0.000,1.000,-0.135,1.4233,2.6188,-2.5990,0,1.0000,1,1,0.0000,0,0.0000,0.0000,0.0000,0.0000,0.0000,0,80.00,3.0000,4.6876,6.4699,0.0000,6.0000,0.0000,80.00,0,0.01713,-1.616,0.039,-1.132,1.321,4.117,1.121,0,0.00,0,0,0,1,1,0,-1.0000,0.000,0.000,0.0000,0.0000,0.0000,0,-1.0000,0.000
21,0.3500,0.0000,0.0000,0.0000,0.0000,0.0000,0.0000,0.0000,0.000,0.000,-8.594,1,ROBOT,0,NAV_Idle,0.3333,50,150,0,0.0800,0,1,0.000,1.000,-0.135,1.4233,2.6184,-2.5987,0,1.0000,1,1,0.0000,0,0.0000,0.0000,0.0000,0.0000,0.0000,0,80.00,3.0000,4.6883,6.4698,0.0000,6.0000,0.0000,80.00,0,0.01725,-1.617,0.039,-1.131,1.321,4.118,1.121,0,0.00,0,0,0,1,1,0,-1.0000,0.000,0.000,0.0000,0.0000,0.0000,0,-1.0000,0.000
22,0.3667,0.0000,0.0000,0.0000,0.0000,0.0000,0.0000,0.0000,0.000,0.000,-8.594,1,ROBOT,0,NAV_Idle,0.3500,50,150,0,0.0800,0,1,0.000,1.000,-0.135,1.4234,2.6180,-2.5983,0,1.0000,1,1,0.0000,0,0.0000,0.0000,0.0000,0.0000,0.0000,0,80.00,3.0000,4.6889,6.4697,0.0000,6.0000,0.0000,80.00,0,0.01231,-1.617,0.039,-1.131,1.321,4.119,1.120,0,0.00,0,0,0,1,1,0,-1.0000,0.000,0.000,0.0000,0.0000,0.0000,0,-1.0000,0.000
23,0.3833,0.0000,0.0000,0.0000,0.0000,0.0000,0.0000,0.0000,0.000,0.000,-8.594,1,ROBOT,0,NAV_Idle,0.3667,50,150,0,0.0800,0,1,0.000,1.000,-0.136,1.4235,2.6178,-2.5980,0,1.0000,1,1,0.0000,0,0.0000,0.0000,0.0000,0.0000,0.0000,0,80.00,3.0000,4.6894,6.4696,0.0000,6.0000,0.0000,80.00,0,0.01237,-1.618,0.039,-1.131,1.321,4.119,1.119,0,0.00,0,0,0,1,1,0,-1.0000,0.000,0.000,0.0000,0.0000,0.0000,0,-1.0000,0.000
24,0.4000,0.0000,0.0000,0.0000,0.0000,0.0000,0.0000,0.0000,0.000,0.000,-8.594,1,ROBOT,0,NAV_Idle,0.3833,50,150,0,0.0800,0,1,0.000,1.000,-0.136,1.4236,2.6176,-2.5976,0,1.0000,1,1,0.0000,0,0.0000,0.0000,0.0000,0.0000,0.0000,0,80.00,3.0000,4.6898,6.4696,0.0000,6.0000,0.0000,80.00,0,0.01127,-1.619,0.039,-1.130,1.321,4.121,1.118,0,0.00,0,0,0,1,1,0,-1.0000,0.000,0.000,0.0000,0.0000,0.0000,0,-1.0000,0.000
25,0.4167,0.0000,0.0000,0.0000,0.0000,0.0000,0.0000,0.0000,0.000,0.000,-8.594,1,ROBOT,0,NAV_Idle,0.4000,50,150,0,0.0800,0,1,0.000,1.000,-0.136,1.4236,2.6176,-2.5972,0,1.0000,1,1,0.0000,0,0.0000,0.0000,0.0000,0.0000,0.0000,0,80.00,3.0000,4.6901,6.4695,0.0000,6.0000,0.0000,80.00,0,0.01125,-1.619,0.039,-1.130,1.321,4.125,1.116,0,0.00,0,0,0,1,1,0,-1.0000,0.000,0.000,0.0000,0.0000,0.0000,0,-1.0000,0.000
26,0.4333,0.0000,0.0000,0.0000,0.0000,0.0000,0.0000,0.0000,0.000,0.000,-8.594,1,ROBOT,0,NAV_Idle,0.4167,50,150,0,0.0800,0,1,0.000,1.000,-0.136,1.4236,2.6175,-2.5969,0,1.0000,1,1,0.0000,0,0.0000,0.0000,0.0000,0.0000,0.0000,0,80.00,3.0000,4.6904,6.4695,0.0000,6.0000,0.0000,80.00,0,0.01123,-1.620,0.039,-1.130,1.321,4.125,1.115,0,0.00,0,0,0,1,1,0,-1.0000,0.000,0.000,0.0000,0.0000,0.0000,0,-1.0000,0.000
27,0.4500,0.0000,0.0000,0.0000,0.0000,0.0000,0.0000,0.0000,0.000,0.000,-8.594,1,ROBOT,0,NAV_Idle,0.4333,50,150,0,0.0800,0,1,0.000,1.000,-0.136,1.4237,2.6175,-2.5965,0,1.0000,1,1,0.0000,0,0.0000,0.0000,0.0000,0.0000,0.0000,0,80.00,3.0000,4.6907,6.4694,0.0000,6.0000,0.0000,80.00,0,0.01123,-1.620,0.039,-1.129,1.321,4.125,1.114,0,0.00,0,0,0,1,1,0,-1.0000,0.000,0.000,0.0000,0.0000,0.0000,0,-1.0000,0.000
28,0.4667,0.0000,0.0000,0.0000,0.0000,0.0000,0.0000,0.0000,0.000,0.000,-8.594,1,ROBOT,0,NAV_Idle,0.4500,50,150,0,0.0800,0,1,0.000,1.000,-0.136,1.4237,2.6175,-2.5961,0,1.0000,1,1,0.0000,0,0.0000,0.0000,0.0000,0.0000,0.0000,0,80.00,3.0000,4.6909,6.4694,0.0000,6.0000,0.0000,80.00,0,0.01092,-1.621,0.039,-1.129,1.321,4.125,1.113,0,0.00,0,0,0,1,1,0,-1.0000,0.000,0.000,0.0000,0.0000,0.0000,0,-1.0000,0.000
29,0.4833,0.0000,0.0000,0.0000,0.0000,0.0000,0.0000,0.0000,0.000,0.000,-8.594,1,ROBOT,0,NAV_Idle,0.4667,50,150,0,0.0800,0,1,0.000,1.000,-0.136,1.4237,2.6176,-2.5957,0,1.0000,1,1,0.0000,0,0.0000,0.0000,0.0000,0.0000,0.0000,0,80.00,3.0000,4.6910,6.4694,0.0000,6.0000,0.0000,80.00,0,0.01092,-1.622,0.039,-1.128,1.321,4.125,1.112,0,0.00,0,0,0,1,1,0,-1.0000,0.000,0.000,0.0000,0.0000,0.0000,0,-1.0000,0.000
30,0.5000,0.0000,0.0000,0.0000,0.0000,0.0000,0.0000,0.0000,0.000,0.000,-8.594,1,ROBOT,0,NAV_Idle,0.4833,50,150,0,0.0800,0,1,0.000,1.000,-0.136,1.4238,2.6177,-2.5953,0,1.0000,1,1,0.0000,0,0.0000,0.0000,0.0000,0.0000,0.0000,0,80.00,3.0000,4.6912,6.4694,0.0000,6.0000,0.0000,80.00,0,0.01096,-1.622,0.039,-1.128,1.321,4.125,1.110,0,0.00,0,0,0,1,1,0,-1.0000,0.000,0.000,0.0000,0.0000,0.0000,0,-1.0000,0.000
31,0.5167,0.0000,0.0000,0.0000,0.0000,0.0000,0.0000,0.0000,0.000,0.000,-8.594,1,ROBOT,0,NAV_Idle,0.5000,50,150,0,0.0800,0,1,0.000,1.000,-0.136,1.4238,2.6177,-2.5949,0,1.0000,1,1,0.0000,0,0.0000,0.0000,0.0000,0.0000,0.0000,0,80.00,3.0000,4.6913,6.4693,0.0000,6.0000,0.0000,80.00,0,0.01094,-1.623,0.039,-1.128,1.321,4.127,1.109,0,0.00,0,0,0,1,1,0,-1.0000,0.000,0.000,0.0000,0.0000,0.0000,0,-1.0000,0.000
32,0.5333,0.0000,0.0000,0.0000,0.0000,0.0000,0.0000,0.0000,0.000,0.000,-8.594,1,ROBOT,0,NAV_Idle,0.5167,50,150,0,0.0800,0,1,0.000,1.000,-0.136,1.4238,2.6179,-2.5946,0,1.0000,1,1,0.0000,0,0.0000,0.0000,0.0000,0.0000,0.0000,0,80.00,3.0000,4.6914,6.4693,0.0000,6.0000,0.0000,80.00,0,0.01080,-1.623,0.039,-1.127,1.321,4.128,1.108,0,0.00,0,0,0,1,1,0,-1.0000,0.000,0.000,0.0000,0.0000,0.0000,0,-1.0000,0.000
33,0.5500,0.0000,0.0000,0.0000,0.0000,0.0000,0.0000,0.0000,0.000,0.000,-8.594,1,ROBOT,0,NAV_Idle,0.5333,50,150,0,0.0800,0,1,0.000,1.000,-0.136,1.4238,2.6181,-2.5943,0,1.0000,1,1,0.0000,0,0.0000,0.0000,0.0000,0.0000,0.0000,0,80.00,3.0000,4.6915,6.4693,0.0000,6.0000,0.0000,80.00,0,0.01078,-1.624,0.039,-1.127,1.321,4.129,1.107,0,0.00,0,0,0,1,1,0,-1.0000,0.000,0.000,0.0000,0.0000,0.0000,0,-1.0000,0.000
34,0.5667,0.0000,0.0000,0.0000,0.0000,0.0000,0.0000,0.0000,0.000,0.000,-8.594,1,ROBOT,0,NAV_Idle,0.5500,50,150,0,0.0800,0,1,0.000,1.000,-0.136,1.4239,2.6181,-2.5938,0,1.0000,1,1,0.0000,0,0.0000,0.0000,0.0000,0.0000,0.0000,0,80.00,3.0000,4.6915,6.4693,0.0000,6.0000,0.0000,80.00,0,0.01053,-1.625,0.039,-1.126,1.321,4.127,1.105,0,0.00,0,0,0,1,1,0,-1.0000,0.000,0.000,0.0000,0.0000,0.0000,0,-1.0000,0.000
35,0.5833,0.0000,0.0000,0.0000,0.0000,0.0000,0.0000,0.0000,0.000,0.000,-8.594,1,ROBOT,0,NAV_Idle,0.5667,50,150,0,0.0800,0,1,0.000,1.000,-0.136,1.4239,2.6183,-2.5934,0,1.0000,1,1,0.0000,0,0.0000,0.0000,0.0000,0.0000,0.0000,0,80.00,3.0000,4.6916,6.4693,0.0000,6.0000,0.0000,80.00,0,0.01051,-1.626,0.039,-1.126,1.321,4.125,1.104,0,0.00,0,0,0,1,1,0,-1.0000,0.000,0.000,0.0000,0.0000,0.0000,0,-1.0000,0.000
36,0.6000,0.0000,0.0000,0.0000,0.0000,0.0000,0.0000,0.0000,0.000,0.000,-8.594,1,ROBOT,0,NAV_Idle,0.5833,50,150,0,0.0800,0,1,0.000,1.000,-0.136,1.4239,2.6184,-2.5930,0,1.0000,1,1,0.0000,0,0.0000,0.0000,0.0000,0.0000,0.0000,0,80.00,3.0000,4.6916,6.4693,0.0000,6.0000,0.0000,80.00,0,0.01009,-1.626,0.039,-1.126,1.321,4.125,1.103,0,0.00,0,0,0,1,1,0,-1.0000,0.000,0.000,0.0000,0.0000,0.0000,0,-1.0000,0.000
37,0.6167,0.0000,0.0000,0.0000,0.0000,0.0000,0.0000,0.0000,0.000,0.000,-8.594,1,ROBOT,0,NAV_Idle,0.6000,50,150,0,0.0800,0,1,0.000,1.000,-0.136,1.4238,2.6186,-2.5926,0,1.0000,1,1,0.0000,0,0.0000,0.0000,0.0000,0.0000,0.0000,0,80.00,3.0000,4.6917,6.4693,0.0000,6.0000,0.0000,80.00,0,0.01007,-1.627,0.039,-1.125,1.321,4.125,1.101,0,0.00,0,0,0,1,1,0,-1.0000,0.000,0.000,0.0000,0.0000,0.0000,0,-1.0000,0.000
38,0.6333,0.0000,0.0000,0.0000,0.0000,0.0000,0.0000,0.0000,0.000,0.000,-8.594,1,ROBOT,0,NAV_Idle,0.6167,50,150,0,0.0800,0,1,0.000,1.000,-0.136,1.4238,2.6188,-2.5922,0,1.0000,1,1,0.0000,0,0.0000,0.0000,0.0000,0.0000,0.0000,0,80.00,3.0000,4.6917,6.4693,0.0000,6.0000,0.0000,80.00,0,0.00949,-1.628,0.039,-1.125,1.321,4.125,1.102,0,0.00,0,0,0,1,1,0,-1.0000,0.000,0.000,0.0000,0.0000,0.0000,0,-1.0000,0.000
39,0.6500,0.0000,0.0000,0.0000,0.0000,0.0000,0.0000,0.0000,0.000,0.000,-8.594,1,ROBOT,0,NAV_Idle,0.6333,50,150,0,0.0800,0,1,0.000,1.000,-0.136,1.4237,2.6189,-2.5917,0,1.0000,1,1,0.0000,0,0.0000,0.0000,0.0000,0.0000,0.0000,0,80.00,3.0000,4.6917,6.4693,0.0000,6.0000,0.0000,80.00,0,0.00947,-1.628,0.039,-1.124,1.321,4.126,1.102,0,0.00,0,0,0,1,1,0,-1.0000,0.000,0.000,0.0000,0.0000,0.0000,0,-1.0000,0.000
40,0.6667,0.0000,0.0000,0.0000,0.0000,0.0000,0.0000,0.0000,0.000,0.000,-8.594,1,ROBOT,0,NAV_Idle,0.6500,50,150,0,0.0800,0,1,0.000,1.000,-0.136,1.4237,2.6191,-2.5913,0,1.0000,1,1,0.0000,0,0.0000,0.0000,0.0000,0.0000,0.0000,0,80.00,3.0000,4.6917,6.4693,0.0000,6.0000,0.0000,80.00,0,0.00856,-1.629,0.039,-1.124,1.321,4.128,1.102,0,0.00,0,0,0,1,1,0,-1.0000,0.000,0.000,0.0000,0.0000,0.0000,0,-1.0000,0.000
41,0.6833,0.0000,0.0000,0.0000,0.0000,0.0000,0.0000,0.0000,0.000,0.000,-8.594,1,ROBOT,0,NAV_Idle,0.6667,50,150,0,0.0800,0,1,0.000,1.000,-0.136,1.4237,2.6193,-2.5909,0,1.0000,1,1,0.0000,0,0.0000,0.0000,0.0000,0.0000,0.0000,0,80.00,3.0000,4.6918,6.4693,0.0000,6.0000,0.0000,80.00,0,0.00855,-1.630,0.039,-1.123,1.321,4.129,1.102,0,0.00,0,0,0,1,1,0,-1.0000,0.000,0.000,0.0000,0.0000,0.0000,0,-1.0000,0.000
42,0.7000,0.0000,0.0000,0.0000,0.0000,0.0000,0.0000,0.0000,0.000,0.000,-8.594,1,ROBOT,0,NAV_Idle,0.6833,50,150,0,0.0800,0,1,0.000,1.000,-0.136,1.4237,2.6194,-2.5904,0,1.0000,1,1,0.0000,0,0.0000,0.0000,0.0000,0.0000,0.0000,0,80.00,3.0000,4.6918,6.4693,0.0000,6.0000,0.0000,80.00,0,0.05553,-1.631,0.039,-1.123,1.321,4.128,1.102,0,0.00,0,0,0,1,1,0,-1.0000,0.000,0.000,0.0000,0.0000,0.0000,0,-1.0000,0.000
43,0.7167,0.0000,0.0000,0.0000,0.0000,0.0000,0.0000,0.0000,0.000,0.000,-8.594,1,ROBOT,0,NAV_Idle,0.7000,50,150,0,0.0800,0,1,0.000,1.000,-0.136,1.4237,2.6196,-2.5900,0,1.0000,1,1,0.0000,0,0.0000,0.0000,0.0000,0.0000,0.0000,0,80.00,3.0000,4.6918,6.4693,0.0000,6.0000,0.0000,80.00,0,0.05571,-1.632,0.039,-1.123,1.321,4.128,1.102,0,0.00,0,0,0,1,1,0,-1.0000,0.000,0.000,0.0000,0.0000,0.0000,0,-1.0000,0.000
44,0.7333,0.0000,0.0000,0.0000,0.0000,0.0000,0.0000,0.0000,0.000,0.000,-8.594,1,ROBOT,0,NAV_Idle,0.7167,50,150,0,0.0800,0,1,0.000,1.000,-0.136,1.4236,2.6197,-2.5895,0,1.0000,1,1,0.0000,0,0.0000,0.0000,0.0000,0.0000,0.0000,0,80.00,3.0000,4.6918,6.4693,0.0000,6.0000,0.0000,80.00,0,0.05581,-1.633,0.039,-1.122,1.321,4.128,1.102,0,0.00,0,0,0,1,1,0,-1.0000,0.000,0.000,0.0000,0.0000,0.0000,0,-1.0000,0.000
45,0.7500,0.0000,0.0000,0.0000,0.0000,0.0000,0.0000,0.0000,0.000,0.000,-8.594,1,ROBOT,0,NAV_Idle,0.7333,50,150,0,0.0800,0,1,0.000,1.000,-0.136,1.4236,2.6198,-2.5891,0,1.0000,1,1,0.0000,0,0.0000,0.0000,0.0000,0.0000,0.0000,0,80.00,3.0000,4.6918,6.4693,0.0000,6.0000,0.0000,80.00,0,0.05585,-1.633,0.039,-1.122,1.321,4.128,1.102,0,0.00,0,0,0,1,1,0,-1.0000,0.000,0.000,0.0000,0.0000,0.0000,0,-1.0000,0.000
46,0.7667,0.0000,0.0000,0.0000,0.0000,0.0000,0.0000,0.0000,0.000,0.000,-8.594,1,ROBOT,0,NAV_Idle,0.7500,50,150,0,0.0800,0,1,0.000,1.000,-0.136,1.4235,2.6200,-2.5886,0,1.0000,1,1,0.0000,0,0.0000,0.0000,0.0000,0.0000,0.0000,0,80.00,3.0000,4.6918,6.4693,0.0000,6.0000,0.0000,80.00,0,0.01336,-1.634,0.039,-1.121,1.321,4.128,1.101,0,0.00,0,0,0,1,1,0,-1.0000,0.000,0.000,0.0000,0.0000,0.0000,0,-1.0000,0.000
47,0.7833,0.0000,0.0000,0.0000,0.0000,0.0000,0.0000,0.0000,0.000,0.000,-8.594,1,ROBOT,0,NAV_Idle,0.7667,50,150,0,0.0800,0,1,0.000,1.000,-0.136,1.4235,2.6201,-2.5881,0,1.0000,1,1,0.0000,0,0.0000,0.0000,0.0000,0.0000,0.0000,0,80.00,3.0000,4.6918,6.4693,0.0000,6.0000,0.0000,80.00,0,0.01336,-1.634,0.039,-1.121,1.321,4.126,1.099,0,0.00,0,0,0,1,1,0,-1.0000,0.000,0.000,0.0000,0.0000,0.0000,0,-1.0000,0.000
48,0.8000,0.0000,0.0000,0.0000,0.0000,0.0000,0.0000,0.0000,0.000,0.000,-8.594,1,ROBOT,0,NAV_Idle,0.7833,50,150,0,0.0800,0,1,0.000,1.000,-0.136,1.4234,2.6202,-2.5877,0,1.0000,1,1,0.0000,0,0.0000,0.0000,0.0000,0.0000,0.0000,0,80.00,3.0000,4.6918,6.4693,0.0000,6.0000,0.0000,80.00,0,0.01304,-1.635,0.039,-1.120,1.321,4.124,1.098,0,0.00,0,0,0,1,1,0,-1.0000,0.000,0.000,0.0000,0.0000,0.0000,0,-1.0000,0.000
49,0.8167,0.0000,0.0000,0.0000,0.0000,0.0000,0.0000,0.0000,0.000,0.000,-8.594,1,ROBOT,0,NAV_Idle,0.8000,50,150,0,0.0800,0,1,0.000,1.000,-0.136,1.4232,2.6204,-2.5873,0,1.0000,1,1,0.0000,0,0.0000,0.0000,0.0000,0.0000,0.0000,0,80.00,3.0000,4.6918,6.4693,0.0000,6.0000,0.0000,80.00,0,0.01305,-1.636,0.039,-1.120,1.321,4.124,1.096,0,0.00,0,0,0,1,1,0,-1.0000,0.000,0.000,0.0000,0.0000,0.0000,0,-1.0000,0.000
50,0.8333,0.0000,0.0000,0.0000,0.0000,0.0000,0.0000,0.0000,0.000,0.000,-8.594,1,ROBOT,0,NAV_Idle,0.8167,50,150,0,0.0800,0,1,0.000,1.000,-0.136,1.4232,2.6205,-2.5868,0,1.0000,1,1,0.0000,0,0.0000,0.0000,0.0000,0.0000,0.0000,0,80.00,3.0000,4.6918,6.4693,0.0000,6.0000,0.0000,80.00,0,0.01183,-1.637,0.039,-1.119,1.321,4.124,1.096,0,0.00,0,0,0,1,1,0,-1.0000,0.000,0.000,0.0000,0.0000,0.0000,0,-1.0000,0.000
51,0.8500,0.0000,0.0000,0.0000,0.0000,0.0000,0.0000,0.0000,0.000,0.000,-8.594,1,ROBOT,0,NAV_Idle,0.8333,50,150,0,0.0800,0,1,0.000,1.000,-0.136,1.4231,2.6207,-2.5863,0,1.0000,1,1,0.0000,0,0.0000,0.0000,0.0000,0.0000,0.0000,0,80.00,3.0000,4.6918,6.4693,0.0000,6.0000,0.0000,80.00,0,0.01183,-1.637,0.039,-1.119,1.321,4.124,1.096,0,0.00,0,0,0,1,1,0,-1.0000,0.000,0.000,0.0000,0.0000,0.0000,0,-1.0000,0.000
52,0.8667,0.0000,0.0000,0.0000,0.0000,0.0000,0.0000,0.0000,0.000,0.000,-8.594,1,ROBOT,0,NAV_Idle,0.8500,50,150,0,0.0800,0,1,0.000,1.000,-0.136,1.4230,2.6208,-2.5859,0,1.0000,1,1,0.0000,0,0.0000,0.0000,0.0000,0.0000,0.0000,0,80.00,3.0000,4.6918,6.4693,0.0000,6.0000,0.0000,80.00,0,0.00961,-1.638,0.039,-1.118,1.321,4.124,1.096,0,0.00,0,0,0,1,1,0,-1.0000,0.000,0.000,0.0000,0.0000,0.0000,0,-1.0000,0.000
53,0.8833,0.0000,0.0000,0.0000,0.0000,0.0000,0.0000,0.0000,0.000,0.000,-8.594,1,ROBOT,0,NAV_Idle,0.8667,50,150,0,0.0800,0,1,0.000,1.000,-0.136,1.4228,2.6210,-2.5854,0,1.0000,1,1,0.0000,0,0.0000,0.0000,0.0000,0.0000,0.0000,0,80.00,3.0000,4.6918,6.4693,0.0000,6.0000,0.0000,80.00,0,0.00961,-1.639,0.039,-1.118,1.320,4.124,1.095,0,0.00,0,0,0,1,1,0,-1.0000,0.000,0.000,0.0000,0.0000,0.0000,0,-1.0000,0.000
54,0.9000,0.0000,0.0000,0.0000,0.0000,0.0000,0.0000,0.0000,0.000,0.000,-8.594,1,ROBOT,0,NAV_Idle,0.8833,50,150,0,0.0800,0,1,0.000,1.000,-0.136,1.4228,2.6211,-2.5849,0,1.0000,1,1,0.0000,0,0.0000,0.0000,0.0000,0.0000,0.0000,0,80.00,3.0000,4.6918,6.4693,0.0000,6.0000,0.0000,80.00,0,0.00790,-1.639,0.039,-1.118,1.320,4.124,1.095,0,0.00,0,0,0,1,1,0,-1.0000,0.000,0.000,0.0000,0.0000,0.0000,0,-1.0000,0.000
55,0.9167,0.0000,0.0000,0.0000,0.0000,0.0000,0.0000,0.0000,0.000,0.000,-8.594,1,ROBOT,0,NAV_Idle,0.9000,50,150,0,0.0800,0,1,0.000,1.000,-0.136,1.4227,2.6212,-2.5845,0,1.0000,1,1,0.0000,0,0.0000,0.0000,0.0000,0.0000,0.0000,0,80.00,3.0000,4.6918,6.4693,0.0000,6.0000,0.0000,80.00,0,0.00790,-1.640,0.039,-1.117,1.320,4.124,1.095,0,0.00,0,0,0,1,1,0,-1.0000,0.000,0.000,0.0000,0.0000,0.0000,0,-1.0000,0.000
56,0.9333,0.0000,0.0000,0.0000,0.0000,0.0000,0.0000,0.0000,0.000,0.000,-8.594,1,ROBOT,0,NAV_Idle,0.9167,50,150,0,0.0800,0,1,0.000,1.000,-0.136,1.4226,2.6212,-2.5840,0,1.0000,1,1,0.0000,0,0.0000,0.0000,0.0000,0.0000,0.0000,0,80.00,3.0000,4.6918,6.4693,0.0000,6.0000,0.0000,80.00,0,0.00879,-1.640,0.039,-1.117,1.320,4.123,1.095,0,0.00,0,0,0,1,1,0,-1.0000,0.000,0.000,0.0000,0.0000,0.0000,0,-1.0000,0.000
57,0.9500,0.0000,0.0000,0.0000,0.0000,0.0000,0.0000,0.0000,0.000,0.000,-8.594,1,ROBOT,0,NAV_Idle,0.9333,50,150,0,0.0800,0,1,0.000,1.000,-0.136,1.4225,2.6213,-2.5836,0,1.0000,1,1,0.0000,0,0.0000,0.0000,0.0000,0.0000,0.0000,0,80.00,3.0000,4.6918,6.4693,0.0000,6.0000,0.0000,80.00,0,0.00880,-1.641,0.039,-1.116,1.320,4.123,1.095,0,0.00,0,0,0,1,1,0,-1.0000,0.000,0.000,0.0000,0.0000,0.0000,0,-1.0000,0.000
58,0.9667,0.0000,0.0000,0.0000,0.0000,0.0000,0.0000,0.0000,0.000,0.000,-8.594,1,ROBOT,0,NAV_Idle,0.9500,50,150,0,0.0800,0,1,0.000,1.000,-0.136,1.4224,2.6214,-2.5831,0,1.0000,1,1,0.0000,0,0.0000,0.0000,0.0000,0.0000,0.0000,0,80.00,3.0000,4.6918,6.4693,0.0000,6.0000,0.0000,80.00,0,0.02658,-1.641,0.039,-1.116,1.320,4.118,1.095,0,0.00,0,0,0,1,1,0,-1.0000,0.000,0.000,0.0000,0.0000,0.0000,0,-1.0000,0.000
59,0.9833,0.0000,0.0000,0.0000,0.0000,0.0000,0.0000,0.0000,0.000,0.000,-8.594,1,ROBOT,0,NAV_Idle,0.9667,50,150,0,0.0800,0,1,0.000,1.000,-0.136,1.4223,2.6216,-2.5827,0,1.0000,1,1,0.0000,0,0.0000,0.0000,0.0000,0.0000,0.0000,0,80.00,3.0000,4.6918,6.4693,0.0000,6.0000,0.0000,80.00,0,0.02665,-1.642,0.039,-1.115,1.320,4.119,1.095,0,0.00,0,0,0,1,1,0,-1.0000,0.000,0.000,0.0000,0.0000,0.0000,0,-1.0000,0.000
60,1.0000,0.0000,0.0000,0.0000,0.0000,0.0000,0.0000,0.0000,0.000,0.000,-8.594,1,ROBOT,0,NAV_Idle,0.9833,50,150,0,0.0800,0,1,0.000,1.000,-0.136,1.4221,2.6216,-2.5821,0,1.0000,1,1,0.0000,0,0.0000,0.0000,0.0000,0.0000,0.0000,0,80.00,3.0000,4.6918,6.4693,0.0000,6.0000,0.0000,80.00,0,0.03041,-1.642,0.039,-1.115,1.320,4.118,1.094,0,0.00,0,0,0,1,1,0,-1.0000,0.000,0.000,0.0000,0.0000,0.0000,0,-1.0000,0.000
61,1.0167,0.0000,0.0000,0.0000,0.0000,0.0000,0.0000,0.0000,0.000,0.000,-8.594,1,ROBOT,0,NAV_Idle,1.0000,50,150,0,0.0800,0,1,0.000,1.000,-0.136,1.4219,2.6217,-2.5818,0,1.0000,1,1,0.0000,0,0.0000,0.0000,0.0000,0.0000,0.0000,0,80.00,3.0000,4.6918,6.4693,0.0000,6.0000,0.0000,80.00,0,0.03048,-1.643,0.039,-1.114,1.320,4.117,1.094,0,0.00,0,0,0,1,1,0,-1.0000,0.000,0.000,0.0000,0.0000,0.0000,0,-1.0000,0.000
62,1.0333,0.0000,0.0000,0.0000,0.0000,0.0000,0.0000,0.0000,0.000,0.000,-8.594,1,ROBOT,0,NAV_Idle,1.0167,50,150,0,0.0800,0,1,0.000,1.000,-0.136,1.4218,2.6218,-2.5813,0,1.0000,1,1,0.0000,0,0.0000,0.0000,0.0000,0.0000,0.0000,0,80.00,3.0000,4.6918,6.4693,0.0000,6.0000,0.0000,80.00,0,0.02863,-1.644,0.039,-1.114,1.319,4.116,1.094,0,0.00,0,0,0,1,1,0,-1.0000,0.000,0.000,0.0000,0.0000,0.0000,0,-1.0000,0.000
63,1.0500,0.0000,0.0000,0.0000,0.0000,0.0000,0.0000,0.0000,0.000,0.000,-8.594,1,ROBOT,0,NAV_Idle,1.0333,50,150,0,0.0800,0,1,0.000,1.000,-0.136,1.4216,2.6219,-2.5809,0,1.0000,1,1,0.0000,0,0.0000,0.0000,0.0000,0.0000,0.0000,0,80.00,3.0000,4.6918,6.4693,0.0000,6.0000,0.0000,80.00,0,0.02868,-1.644,0.039,-1.113,1.319,4.118,1.094,0,0.00,0,0,0,1,1,0,-1.0000,0.000,0.000,0.0000,0.0000,0.0000,0,-1.0000,0.000
64,1.0667,0.0000,0.0000,0.0000,0.0000,0.0000,0.0000,0.0000,0.000,0.000,-8.594,1,ROBOT,0,NAV_Idle,1.0500,50,150,0,0.0800,0,1,0.000,1.000,-0.136,1.4215,2.6219,-2.5806,0,1.0000,1,1,0.0000,0,0.0000,0.0000,0.0000,0.0000,0.0000,0,80.00,3.0000,4.6918,6.4693,0.0000,6.0000,0.0000,80.00,0,0.02137,-1.645,0.039,-1.113,1.319,4.115,1.094,0,0.00,0,0,0,1,1,0,-1.0000,0.000,0.000,0.0000,0.0000,0.0000,0,-1.0000,0.000
65,1.0833,0.0000,0.0000,0.0000,0.0000,0.0000,0.0000,0.0000,0.000,0.000,-8.594,1,ROBOT,0,NAV_Idle,1.0667,50,150,0,0.0800,0,1,0.000,1.000,-0.136,1.4214,2.6220,-2.5802,0,1.0000,1,1,0.0000,0,0.0000,0.0000,0.0000,0.0000,0.0000,0,80.00,3.0000,4.6918,6.4693,0.0000,6.0000,0.0000,80.00,0,0.02139,-1.646,0.039,-1.113,1.319,4.115,1.094,0,0.00,0,0,0,1,1,0,-1.0000,0.000,0.000,0.0000,0.0000,0.0000,0,-1.0000,0.000
66,1.1000,0.0000,0.0000,0.0000,0.0000,0.0000,0.0000,0.0000,0.000,0.000,-8.594,1,ROBOT,0,NAV_Idle,1.0833,50,150,0,0.0800,0,1,0.000,1.000,-0.136,1.4212,2.6220,-2.5797,0,1.0000,1,1,0.0000,0,0.0000,0.0000,0.0000,0.0000,0.0000,0,80.00,3.0000,4.6918,6.4693,0.0000,6.0000,0.0000,80.00,0,0.01118,-1.646,0.039,-1.112,1.319,4.115,1.094,0,0.00,0,0,0,1,1,0,-1.0000,0.000,0.000,0.0000,0.0000,0.0000,0,-1.0000,0.000
67,1.1167,0.0000,0.0000,0.0000,0.0000,0.0000,0.0000,0.0000,0.000,0.000,-8.594,1,ROBOT,0,NAV_Idle,1.1000,50,150,0,0.0800,0,1,0.000,1.000,-0.136,1.4211,2.6220,-2.5793,0,1.0000,1,1,0.0000,0,0.0000,0.0000,0.0000,0.0000,0.0000,0,80.00,3.0000,4.6918,6.4693,0.0000,6.0000,0.0000,80.00,0,0.01118,-1.647,0.039,-1.112,1.319,4.115,1.093,0,0.00,0,0,0,1,1,0,-1.0000,0.000,0.000,0.0000,0.0000,0.0000,0,-1.0000,0.000
68,1.1333,0.0000,0.0000,0.0000,0.0000,0.0000,0.0000,0.0000,0.000,0.000,-8.594,1,ROBOT,0,NAV_Idle,1.1167,50,150,0,0.0800,0,1,0.000,1.000,-0.136,1.4209,2.6221,-2.5789,0,1.0000,1,1,0.0000,0,0.0000,0.0000,0.0000,0.0000,0.0000,0,80.00,3.0000,4.6918,6.4693,0.0000,6.0000,0.0000,80.00,0,0.01170,-1.648,0.039,-1.111,1.319,4.115,1.093,0,0.00,0,0,0,1,1,0,-1.0000,0.000,0.000,0.0000,0.0000,0.0000,0,-1.0000,0.000
69,1.1500,0.0000,0.0000,0.0000,0.0000,0.0000,0.0000,0.0000,0.000,0.000,-8.594,1,ROBOT,0,NAV_Idle,1.1333,50,150,0,0.0800,0,1,0.000,1.000,-0.136,1.4208,2.6221,-2.5784,0,1.0000,1,1,0.0000,0,0.0000,0.0000,0.0000,0.0000,0.0000,0,80.00,3.0000,4.6918,6.4693,0.0000,6.0000,0.0000,80.00,0,0.01169,-1.649,0.039,-1.111,1.318,4.115,1.092,0,0.00,0,0,0,1,1,0,-1.0000,0.000,0.000,0.0000,0.0000,0.0000,0,-1.0000,0.000
70,1.1667,0.0000,0.0000,0.0000,0.0000,0.0000,0.0000,0.0000,0.000,0.000,-8.594,1,ROBOT,0,NAV_Idle,1.1500,50,150,0,0.0800,0,1,0.000,1.000,-0.136,1.4207,2.6222,-2.5781,0,1.0000,1,1,0.0000,0,0.0000,0.0000,0.0000,0.0000,0.0000,0,80.00,3.0000,4.6918,6.4693,0.0000,6.0000,0.0000,80.00,0,0.01111,-1.649,0.039,-1.111,1.318,4.109,1.092,0,0.00,0,0,0,1,1,0,-1.0000,0.000,0.000,0.0000,0.0000,0.0000,0,-1.0000,0.000
71,1.1833,0.0000,0.0000,0.0000,0.0000,0.0000,0.0000,0.0000,0.000,0.000,-8.594,1,ROBOT,0,NAV_Idle,1.1667,50,150,0,0.0800,0,1,0.000,1.000,-0.136,1.4205,2.6223,-2.5778,0,1.0000,1,1,0.0000,0,0.0000,0.0000,0.0000,0.0000,0.0000,0,80.00,3.0000,4.6918,6.4693,0.0000,6.0000,0.0000,80.00,0,0.01111,-1.650,0.039,-1.110,1.318,4.106,1.092,0,0.00,0,0,0,1,1,0,-1.0000,0.000,0.000,0.0000,0.0000,0.0000,0,-1.0000,0.000
72,1.2000,0.0000,0.0000,0.0000,0.0000,0.0000,0.0000,0.0000,0.000,0.000,-8.594,1,ROBOT,0,NAV_Idle,1.1833,50,150,0,0.0800,0,1,0.000,1.000,-0.136,1.4204,2.6223,-2.5774,0,1.0000,1,1,0.0000,0,0.0000,0.0000,0.0000,0.0000,0.0000,0,80.00,3.0000,4.6918,6.4693,0.0000,6.0000,0.0000,80.00,0,0.01086,-1.650,0.039,-1.110,1.318,4.106,1.092,0,0.00,0,0,0,1,1,0,-1.0000,0.000,0.000,0.0000,0.0000,0.0000,0,-1.0000,0.000
73,1.2167,0.0000,0.0000,0.0000,0.0000,0.0000,0.0000,0.0000,0.000,0.000,-8.594,1,ROBOT,0,NAV_Idle,1.2000,50,150,0,0.0800,0,1,0.000,1.000,-0.136,1.4202,2.6223,-2.5770,0,1.0000,1,1,0.0000,0,0.0000,0.0000,0.0000,0.0000,0.0000,0,80.00,3.0000,4.6918,6.4693,0.0000,6.0000,0.0000,80.00,0,0.01086,-1.651,0.039,-1.110,1.318,4.106,1.091,0,0.00,0,0,0,1,1,0,-1.0000,0.000,0.000,0.0000,0.0000,0.0000,0,-1.0000,0.000
74,1.2333,0.0000,0.0000,0.0000,0.0000,0.0000,0.0000,0.0000,0.000,0.000,-8.594,1,ROBOT,0,NAV_Idle,1.2167,50,150,0,0.0800,0,1,0.000,1.000,-0.136,1.4201,2.6223,-2.5767,0,1.0000,1,1,0.0000,0,0.0000,0.0000,0.0000,0.0000,0.0000,0,80.00,3.0000,4.6918,6.4693,0.0000,6.0000,0.0000,80.00,0,0.01034,-1.652,0.039,-1.109,1.318,4.106,1.092,0,0.00,0,0,0,1,1,0,-1.0000,0.000,0.000,0.0000,0.0000,0.0000,0,-1.0000,0.000
75,1.2500,0.0000,0.0000,0.0000,0.0000,0.0000,0.0000,0.0000,0.000,0.000,-8.594,1,ROBOT,0,NAV_Idle,1.2333,50,150,0,0.0800,0,1,0.000,1.000,-0.136,1.4199,2.6222,-2.5764,0,1.0000,1,1,0.0000,0,0.0000,0.0000,0.0000,0.0000,0.0000,0,80.00,3.0000,4.6918,6.4693,0.0000,6.0000,0.0000,80.00,0,0.01034,-1.652,0.039,-1.109,1.317,4.106,1.092,0,0.00,0,0,0,1,1,0,-1.0000,0.000,0.000,0.0000,0.0000,0.0000,0,-1.0000,0.000
76,1.2667,0.0000,0.0000,0.0000,0.0000,0.0000,0.0000,0.0000,0.000,0.000,-8.594,1,ROBOT,0,NAV_Idle,1.2500,50,150,0,0.0800,0,1,0.000,1.000,-0.136,1.4197,2.6222,-2.5761,0,1.0000,1,1,0.0000,0,0.0000,0.0000,0.0000,0.0000,0.0000,0,80.00,3.0000,4.6918,6.4693,0.0000,6.0000,0.0000,80.00,0,0.00979,-1.653,0.039,-1.109,1.317,4.105,1.092,0,0.00,0,0,0,1,1,0,-1.0000,0.000,0.000,0.0000,0.0000,0.0000,0,-1.0000,0.000
77,1.2833,0.0000,0.0000,0.0000,0.0000,0.0000,0.0000,0.0000,0.000,0.000,-8.594,1,ROBOT,0,NAV_Idle,1.2667,50,150,0,0.0800,0,1,0.000,1.000,-0.136,1.4195,2.6223,-2.5758,0,1.0000,1,1,0.0000,0,0.0000,0.0000,0.0000,0.0000,0.0000,0,80.00,3.0000,4.6918,6.4693,0.0000,6.0000,0.0000,80.00,0,0.00979,-1.654,0.039,-1.108,1.317,4.104,1.092,0,0.00,0,0,0,1,1,0,-1.0000,0.000,0.000,0.0000,0.0000,0.0000,0,-1.0000,0.000
78,1.3000,0.0000,0.0000,0.0000,0.0000,0.0000,0.0000,0.0000,0.000,0.000,-8.594,1,ROBOT,0,NAV_Idle,1.2833,50,150,0,0.0800,0,1,0.000,1.000,-0.136,1.4192,2.6222,-2.5755,0,1.0000,1,1,0.0000,0,0.0000,0.0000,0.0000,0.0000,0.0000,0,80.00,3.0000,4.6918,6.4693,0.0000,6.0000,0.0000,80.00,0,0.00894,-1.654,0.039,-1.108,1.317,4.104,1.092,0,0.00,0,0,0,1,1,0,-1.0000,0.000,0.000,0.0000,0.0000,0.0000,0,-1.0000,0.000
79,1.3167,0.0000,0.0000,0.0000,0.0000,0.0000,0.0000,0.0000,0.000,0.000,-8.594,1,ROBOT,0,NAV_Idle,1.3000,50,150,0,0.0800,0,1,0.000,1.000,-0.136,1.4190,2.6221,-2.5751,0,1.0000,1,1,0.0000,0,0.0000,0.0000,0.0000,0.0000,0.0000,0,80.00,3.0000,4.6918,6.4693,0.0000,6.0000,0.0000,80.00,0,0.00894,-1.655,0.039,-1.108,1.317,4.104,1.092,0,0.00,0,0,0,1,1,0,-1.0000,0.000,0.000,0.0000,0.0000,0.0000,0,-1.0000,0.000
80,1.3333,0.0000,0.0000,0.0000,0.0000,0.0000,0.0000,0.0000,0.000,0.000,-8.594,1,ROBOT,0,NAV_Idle,1.3167,50,150,0,0.0800,0,1,0.000,1.000,-0.136,1.4187,2.6221,-2.5749,0,1.0000,1,1,0.0000,0,0.0000,0.0000,0.0000,0.0000,0.0000,0,80.00,3.0000,4.6918,6.4693,0.0000,6.0000,0.0000,80.00,0,0.00805,-1.656,0.039,-1.107,1.316,4.104,1.091,0,0.00,0,0,0,1,1,0,-1.0000,0.000,0.000,0.0000,0.0000,0.0000,0,-1.0000,0.000
81,1.3500,0.0000,0.0000,0.0000,0.0000,0.0000,0.0000,0.0000,0.000,0.000,-8.594,1,ROBOT,0,NAV_Idle,1.3333,50,150,0,0.0800,0,1,0.000,1.000,-0.136,1.4185,2.6221,-2.5746,0,1.0000,1,1,0.0000,0,0.0000,0.0000,0.0000,0.0000,0.0000,0,80.00,3.0000,4.6918,6.4693,0.0000,6.0000,0.0000,80.00,0,0.00805,-1.657,0.039,-1.107,1.316,4.104,1.091,0,0.00,0,0,0,1,1,0,-1.0000,0.000,0.000,0.0000,0.0000,0.0000,0,-1.0000,0.000
82,1.3667,0.0000,0.0000,0.0000,0.0000,0.0000,0.0000,0.0000,0.000,0.000,-8.594,1,ROBOT,0,NAV_Idle,1.3500,50,150,0,0.0800,0,1,0.000,1.000,-0.136,1.4183,2.6220,-2.5744,0,1.0000,1,1,0.0000,0,0.0000,0.0000,0.0000,0.0000,0.0000,0,80.00,3.0000,4.6918,6.4693,0.0000,6.0000,0.0000,80.00,0,0.00701,-1.657,0.039,-1.107,1.316,4.103,1.091,0,0.00,0,0,0,1,1,0,-1.0000,0.000,0.000,0.0000,0.0000,0.0000,0,-1.0000,0.000
83,1.3833,0.0000,0.0000,0.0000,0.0000,0.0000,0.0000,0.0000,0.000,0.000,-8.594,1,ROBOT,0,NAV_Idle,1.3667,50,150,0,0.0800,0,1,0.000,1.000,-0.136,1.4181,2.6220,-2.5740,0,1.0000,1,1,0.0000,0,0.0000,0.0000,0.0000,0.0000,0.0000,0,80.00,3.0000,4.6918,6.4693,0.0000,6.0000,0.0000,80.00,0,0.00701,-1.658,0.039,-1.107,1.316,4.103,1.090,0,0.00,0,0,0,1,1,0,-1.0000,0.000,0.000,0.0000,0.0000,0.0000,0,-1.0000,0.000
84,1.4000,0.0000,0.0000,0.0000,0.0000,0.0000,0.0000,0.0000,0.000,0.000,-8.594,1,ROBOT,0,NAV_Idle,1.3833,50,150,0,0.0800,0,1,0.000,1.000,-0.136,1.4177,2.6219,-2.5739,0,1.0000,1,1,0.0000,0,0.0000,0.0000,0.0000,0.0000,0.0000,0,80.00,3.0000,4.6918,6.4693,0.0000,6.0000,0.0000,80.00,0,0.00566,-1.658,0.039,-1.106,1.315,4.103,1.089,0,0.00,0,0,0,1,1,0,-1.0000,0.000,0.000,0.0000,0.0000,0.0000,0,-1.0000,0.000
85,1.4167,0.0000,0.0000,0.0000,0.0000,0.0000,0.0000,0.0000,0.000,0.000,-8.594,1,ROBOT,0,NAV_Idle,1.4000,50,150,0,0.0800,0,1,0.000,1.000,-0.136,1.4173,2.6218,-2.5737,0,1.0000,1,1,0.0000,0,0.0000,0.0000,0.0000,0.0000,0.0000,0,80.00,3.0000,4.6918,6.4693,0.0000,6.0000,0.0000,80.00,0,0.00566,-1.659,0.039,-1.106,1.315,4.103,1.088,0,0.00,0,0,0,1,1,0,-1.0000,0.000,0.000,0.0000,0.0000,0.0000,0,-1.0000,0.000
86,1.4333,0.0000,0.0000,0.0000,0.0000,0.0000,0.0000,0.0000,0.000,0.000,-8.594,1,ROBOT,0,NAV_Idle,1.4167,50,150,0,0.0800,0,1,0.000,1.000,-0.136,1.4171,2.6218,-2.5735,0,1.0000,1,1,0.0000,0,0.0000,0.0000,0.0000,0.0000,0.0000,0,80.00,3.0000,4.6918,6.4693,0.0000,6.0000,0.0000,80.00,0,0.00413,-1.660,0.039,-1.106,1.315,4.103,1.087,0,0.00,0,0,0,1,1,0,-1.0000,0.000,0.000,0.0000,0.0000,0.0000,0,-1.0000,0.000
87,1.4500,0.0000,0.0000,0.0000,0.0000,0.0000,0.0000,0.0000,0.000,0.000,-8.594,1,ROBOT,0,NAV_Idle,1.4333,50,150,0,0.0800,0,1,0.000,1.000,-0.136,1.4170,2.6217,-2.5732,0,1.0000,1,1,0.0000,0,0.0000,0.0000,0.0000,0.0000,0.0000,0,80.00,3.0000,4.6918,6.4693,0.0000,6.0000,0.0000,80.00,0,0.00413,-1.661,0.039,-1.106,1.314,4.103,1.087,0,0.00,0,0,0,1,1,0,-1.0000,0.000,0.000,0.0000,0.0000,0.0000,0,-1.0000,0.000
88,1.4667,0.0000,0.0000,0.0000,0.0000,0.0000,0.0000,0.0000,0.000,0.000,-8.594,1,ROBOT,0,NAV_Idle,1.4500,50,150,0,0.0800,0,1,0.000,1.000,-0.136,1.4166,2.6216,-2.5731,0,1.0000,1,1,0.0000,0,0.0000,0.0000,0.0000,0.0000,0.0000,0,80.00,3.0000,4.6918,6.4693,0.0000,6.0000,0.0000,80.00,0,0.00272,-1.661,0.039,-1.106,1.314,4.103,1.086,0,0.00,0,0,0,1,1,0,-1.0000,0.000,0.000,0.0000,0.0000,0.0000,0,-1.0000,0.000
89,1.4833,0.0000,0.0000,0.0000,0.0000,0.0000,0.0000,0.0000,0.000,0.000,-8.594,1,ROBOT,0,NAV_Idle,1.4667,50,150,0,0.0800,0,1,0.000,1.000,-0.136,1.4163,2.6216,-2.5730,0,1.0000,1,1,0.0000,0,0.0000,0.0000,0.0000,0.0000,0.0000,0,80.00,3.0000,4.6918,6.4693,0.0000,6.0000,0.0000,80.00,0,0.00272,-1.662,0.039,-1.105,1.314,4.103,1.085,0,0.00,0,0,0,1,1,0,-1.0000,0.000,0.000,0.0000,0.0000,0.0000,0,-1.0000,0.000
90,1.5000,0.0000,0.0000,0.0000,0.0000,0.0000,0.0000,0.0000,0.000,0.000,-8.594,1,ROBOT,0,NAV_Idle,1.4833,50,150,0,0.0800,0,1,0.000,1.000,-0.136,1.4159,2.6215,-2.5728,0,1.0000,1,1,0.0000,0,0.0000,0.0000,0.0000,0.0000,0.0000,0,80.00,3.0000,4.6918,6.4693,0.0000,6.0000,0.0000,80.00,0,0.00215,-1.663,0.039,-1.105,1.314,4.103,1.085,0,0.00,0,0,0,1,1,0,-1.0000,0.000,0.000,0.0000,0.0000,0.0000,0,-1.0000,0.000
91,1.5167,0.0000,0.7839,0.0000,0.0000,0.1093,0.0000,0.0000,0.000,0.000,-8.594,1,ROBOT,1,Transform_ToVehicle_ROBO,0.0000,50,150,0,0.0800,0,0,0.000,0.889,-0.136,0.0000,0.0000,0.0000,1,0.0000,0,0,0.0000,0,0.8320,0.0000,0.0000,0.0000,0.0000,0,80.00,2.9761,4.6987,6.4811,0.0000,6.0018,0.0000,80.00,0,0.36361,-1.663,0.041,-1.321,1.323,4.106,1.081,0,0.00,0,0,1,0,1,0,0.8339,-0.000,0.000,-0.0000,0.0000,-0.0000,4,0.8320,0.000
92,1.5333,0.0000,0.7873,-0.0000,0.0000,0.2071,-0.0000,0.0000,0.000,0.000,-8.594,1,ROBOT,1,Transform_ToVehicle_ROBO,0.0167,50,150,0,0.0800,0,0,0.000,0.778,-0.136,0.0000,0.0000,0.0000,1,0.0085,0,0,0.0000,0,0.8339,0.0000,0.0000,0.0000,0.0000,0,80.00,2.9116,4.7156,6.5133,0.0000,6.0053,-0.0000,80.00,0,0.15984,-1.720,0.033,-1.226,1.393,4.085,1.027,0,0.00,0,0,1,0,1,0,0.8373,-0.000,0.000,-0.0000,0.0000,-0.0000,4,0.8339,0.000
93,1.5500,0.0000,0.7922,-0.0000,0.0000,0.2944,-0.0000,0.0000,0.000,0.000,-8.594,1,ROBOT,1,Transform_ToVehicle_ROBO,0.0333,50,150,0,0.0800,0,0,0.000,0.667,-0.136,0.0000,0.0000,0.0000,1,0.0169,0,0,0.0000,0,0.8373,0.0000,0.0000,0.0000,0.0000,0,80.00,2.8169,4.7404,6.5609,0.0000,6.0102,-0.0000,80.00,0,0.42549,-1.829,0.012,-0.966,1.572,4.019,0.978,0,0.00,0,0,1,0,1,0,0.8422,-0.000,0.000,-0.0000,0.0000,-0.0000,4,0.8373,0.000
94,1.5667,0.0000,0.7984,-0.0000,0.0000,0.3718,-0.0000,0.0000,0.000,0.000,-8.594,1,ROBOT,1,Transform_ToVehicle_ROBO,0.0500,50,150,0,0.0800,0,0,0.000,0.556,-0.136,0.0000,0.0000,0.0000,1,0.0254,0,0,0.0000,0,0.8422,0.0000,0.0000,0.0000,0.0000,0,80.00,2.7005,4.7711,6.6198,0.0000,6.0164,-0.0000,80.00,0,0.59350,-1.890,-0.013,-0.807,1.757,3.939,0.957,0,0.00,0,0,1,0,1,0,0.8484,-0.000,0.000,-0.0000,0.0000,-0.0000,4,0.8422,0.000
95,1.5833,0.0000,0.8057,-0.0000,0.0000,0.4399,-0.0000,0.0000,0.000,0.000,-8.594,1,ROBOT,1,Transform_ToVehicle_ROBO,0.0667,50,150,0,0.0800,0,0,0.000,0.444,-0.136,0.0000,0.0000,0.0000,1,0.0339,0,0,0.0000,0,0.8484,0.0000,0.0000,0.0000,0.0000,0,80.00,2.5694,4.8059,6.6867,0.0000,6.0237,-0.0000,80.00,0,0.69590,-1.804,-0.018,-0.820,1.810,3.854,0.983,0,0.00,0,0,1,0,1,0,0.8557,-0.000,0.000,-0.0000,0.0000,-0.0000,4,0.8484,0.000
96,1.6000,0.0000,0.8141,-0.0000,0.0000,0.4995,-0.0000,0.0000,0.000,0.000,-8.594,1,ROBOT,1,Transform_ToVehicle_ROBO,0.0833,50,150,0,0.0800,0,0,0.000,0.333,-0.136,0.0000,0.0000,0.0000,1,0.0424,0,0,0.0000,0,0.8557,0.0000,0.0000,0.0000,0.0000,0,80.00,2.4290,4.8438,6.7589,0.0000,6.0320,-0.0000,80.00,0,0.63746,-1.594,0.005,-1.056,1.712,3.821,1.080,0,0.00,0,0,1,0,1,0,0.8641,-0.000,0.000,-0.0000,0.0000,-0.0000,4,0.8557,0.000
97,1.6167,0.0000,0.8233,-0.0000,0.0000,0.5511,-0.0000,0.0000,0.000,0.000,-8.594,1,ROBOT,1,Transform_ToVehicle_ROBO,0.1000,50,150,0,0.0800,0,0,0.000,0.222,-0.136,0.0000,0.0000,0.0000,1,0.0508,0,0,0.0000,0,0.8641,0.0000,0.0000,0.0000,0.0000,0,80.00,2.2837,4.8836,6.8344,0.0000,6.0412,-0.0000,80.00,0,0.46581,-1.382,0.032,-1.215,1.552,3.824,1.234,0,0.00,0,0,1,0,1,0,0.8733,-0.000,0.000,-0.0000,0.0000,-0.0000,4,0.8641,0.000
98,1.6333,0.0000,0.8332,-0.0000,0.0000,0.5954,-0.0000,0.0000,0.000,0.000,-8.594,1,ROBOT,1,Transform_ToVehicle_ROBO,0.1167,50,150,0,0.0800,0,0,0.000,0.111,-0.136,0.0000,0.0000,0.0000,1,0.0593,0,0,0.0000,0,0.8733,0.0000,0.0000,0.0000,0.0000,0,80.00,2.1368,4.9245,6.9116,0.0000,6.0511,-0.0000,80.00,0,0.29934,-1.344,0.090,-1.275,1.528,3.886,1.226,0,0.00,0,0,1,0,1,0,0.8832,-0.000,0.000,-0.0000,0.0000,-0.0000,4,0.8733,0.000
99,1.6500,0.0000,0.8437,-0.0000,0.0000,0.6328,-0.0000,0.0000,0.000,0.000,-8.594,1,ROBOT,1,Transform_ToVehicle_ROBO,0.1333,50,150,0,0.0800,0,0,0.000,0.000,-0.136,0.0000,0.0000,0.0000,1,0.0678,0,0,0.0000,0,0.8832,0.0000,0.0000,0.0000,0.0000,0,80.00,1.9911,4.9659,6.9892,0.0000,6.0617,-0.0000,80.00,0,0.27042,-1.365,0.151,-1.301,1.557,3.995,1.159,0,0.00,0,0,1,0,1,0,0.8937,-0.000,0.000,-0.0000,0.0000,-0.0000,4,0.8832,0.000
100,1.6667,0.0000,0.8548,-0.0000,0.0000,0.6640,-0.0000,0.0000,0.000,0.000,-8.594,1,ROBOT,1,Transform_ToVehicle_ROBO,0.1500,50,150,0,0.0800,0,0,0.000,0.000,-0.136,0.0000,0.0000,0.0000,1,0.0763,0,0,0.0000,0,0.8937,0.0000,0.0000,0.0000,0.0000,0,80.00,1.8485,5.0071,7.0661,0.0000,6.0728,-0.0000,80.00,0,0.41294,-1.416,0.218,-1.340,1.694,4.057,1.135,0,0.00,0,0,1,0,1,0,0.9048,-0.000,0.000,-0.0000,0.0000,-0.0000,4,0.8937,0.000
101,1.6833,0.0000,0.8663,-0.0000,0.0000,0.6894,-0.0000,0.0000,0.000,0.000,-8.594,1,ROBOT,1,Transform_ToVehicle_ROBO,0.1667,50,150,0,0.0800,0,0,0.000,0.000,-0.136,0.0000,0.0000,0.0000,1,0.0847,0,0,0.0000,0,0.9048,0.0000,0.0000,0.0000,0.0000,0,80.00,1.7105,5.0479,7.1417,0.0000,6.0842,-0.0000,80.00,0,0.41394,-1.462,0.293,-1.354,1.817,4.113,1.122,0,0.00,0,0,1,0,1,0,0.9163,-0.000,0.000,-0.0000,0.0000,-0.0000,4,0.9048,0.000
102,1.7000,0.0000,0.8781,-0.0000,0.0000,0.7095,-0.0000,0.0000,0.000,0.000,-8.594,1,ROBOT,1,Transform_ToVehicle_ROBO,0.1833,50,150,0,0.0800,0,0,0.000,0.000,-0.136,0.0000,0.0000,0.0000,1,0.0932,0,0,0.0000,0,0.9163,0.0000,0.0000,0.0000,0.0000,0,80.00,1.5782,5.0878,7.2155,0.0000,6.0961,-0.0000,80.00,0,0.49615,-1.510,0.356,-1.354,1.969,4.176,1.048,0,0.00,0,0,1,0,1,0,0.9281,-0.000,0.000,-0.0000,0.0000,-0.0000,4,0.9163,0.000
103,1.7167,0.0000,0.8902,-0.0000,0.0000,0.7247,-0.0000,0.0000,0.000,0.000,-8.594,1,ROBOT,1,Transform_ToVehicle_ROBO,0.2000,50,150,0,0.0800,0,0,0.000,0.000,-0.136,0.0000,0.0000,0.0000,1,0.1017,0,0,0.0000,0,0.9281,0.0000,0.0000,0.0000,0.0000,0,80.00,1.4523,5.1267,7.2870,0.0000,6.1081,-0.0000,80.00,0,0.50953,-1.553,0.418,-1.335,2.046,4.238,1.006,0,0.00,0,0,1,0,1,0,0.9402,-0.000,0.000,-0.0000,0.0000,-0.0000,4,0.9281,0.000
104,1.7333,0.0000,0.9024,-0.0000,0.0000,0.7355,-0.0000,0.0000,0.000,0.000,-8.594,1,ROBOT,1,Transform_ToVehicle_ROBO,0.2167,50,150,0,0.0800,0,0,0.000,0.000,-0.136,0.0000,0.0000,0.0000,1,0.1102,0,0,0.0000,0,0.9402,0.0000,0.0000,0.0000,0.0000,0,80.00,1.3333,5.1645,7.3561,0.0000,6.1204,-0.0000,80.00,0,0.60279,-1.589,0.481,-1.295,2.034,4.332,0.970,0,0.00,0,0,1,0,1,0,0.9524,-0.000,0.000,-0.0000,0.0000,-0.0000,4,0.9402,0.000
105,1.7500,0.0000,0.9148,-0.0000,0.0000,0.7423,-0.0000,0.0000,0.000,0.000,-8.594,1,ROBOT,1,Transform_ToVehicle_ROBO,0.2333,50,150,0,0.0800,0,0,0.000,0.000,-0.136,0.0000,0.0000,0.0000,1,0.1186,0,0,0.0000,0,0.9524,0.0000,0.0000,0.0000,0.0000,0,80.00,1.2213,5.2008,7.4225,0.0000,6.1328,-0.0000,80.00,0,0.61342,-1.603,0.509,-1.691,1.903,4.418,0.922,0,0.00,0,0,1,0,1,0,0.9648,-0.000,0.000,-0.0000,0.0000,-0.0000,4,0.9524,0.000
106,1.7667,0.0000,0.9272,-0.0000,0.0000,0.7455,-0.0000,0.0000,0.000,0.000,-8.594,1,ROBOT,1,Transform_ToVehicle_ROBO,0.2500,50,150,0,0.0800,0,0,0.000,0.000,-0.136,0.0000,0.0000,0.0000,1,0.1271,0,0,0.0000,0,0.9648,0.0000,0.0000,0.0000,0.0000,0,80.00,1.1166,5.2358,7.4863,0.0000,6.1452,-0.0000,80.00,0,0.60239,-1.646,0.553,-2.128,1.646,4.500,0.901,0,0.00,0,0,1,0,1,0,0.9772,-0.000,0.000,-0.0000,0.0000,-0.0000,4,0.9648,0.000
107,1.7833,0.0000,0.9397,-0.0000,0.0000,0.7453,-0.0000,0.0000,0.000,0.000,-8.594,1,ROBOT,1,Transform_ToVehicle_ROBO,0.2667,50,150,0,0.0800,0,0,0.000,0.000,-0.136,0.0000,0.0000,0.0000,1,0.1356,0,0,0.0000,0,0.9772,0.0000,0.0000,0.0000,0.0000,0,80.00,1.0190,5.2693,7.5474,0.0000,6.1576,-0.0000,80.00,0,0.59120,-1.612,0.594,-2.499,1.354,4.577,0.877,0,0.00,0,0,1,0,1,0,0.9897,-0.000,0.000,-0.0000,-0.0000,-0.0000,4,0.9772,0.000
108,1.8000,0.0000,0.9520,-0.0000,0.0000,0.7422,-0.0000,0.0000,0.000,0.000,-8.594,1,ROBOT,1,Transform_ToVehicle_ROBO,0.2833,50,150,0,0.0800,0,0,0.000,0.000,-0.136,0.0000,0.0000,0.0000,1,0.1441,0,0,0.0000,0,0.9897,0.0000,0.0000,0.0000,0.0000,0,80.00,0.9283,5.3013,7.6058,0.0000,6.1700,-0.0000,80.00,0,0.63274,-1.539,0.660,-2.751,1.085,4.624,0.906,0,0.00,0,0,1,0,1,0,1.0020,-0.000,0.000,-0.0000,0.0000,-0.0000,4,0.9897,0.000
109,1.8167,0.0000,0.9643,-0.0000,0.0000,0.7365,-0.0000,0.0000,0.000,0.000,-8.594,1,ROBOT,1,Transform_ToVehicle_ROBO,0.3000,50,150,0,0.0800,0,0,0.000,0.000,-0.136,0.0000,0.0000,0.0000,1,0.1525,0,0,0.0000,0,1.0020,0.0000,0.0000,0.0000,0.0000,0,80.00,0.8445,5.3319,7.6618,0.0000,6.1823,-0.0000,80.00,0,0.68310,-1.421,0.736,-2.924,1.037,4.695,0.952,0,0.00,0,0,1,0,1,0,1.0143,-0.000,0.000,-0.0000,0.0000,-0.0000,4,1.0020,0.000
110,1.8333,0.0000,0.9764,-0.0000,0.0000,0.7283,-0.0000,0.0000,0.000,0.000,-8.594,1,ROBOT,1,Transform_ToVehicle_ROBO,0.3167,50,150,0,0.0800,0,0,0.000,0.000,-0.136,0.0000,0.0000,0.0000,1,0.1610,0,0,0.0000,0,1.0143,0.0000,0.0000,0.0000,0.0000,0,80.00,0.7671,5.3610,7.7152,0.0000,6.1944,-0.0000,80.00,0,0.76392,-1.252,0.859,-3.005,0.982,4.753,1.057,0,0.00,0,0,1,0,1,0,1.0264,-0.000,0.000,-0.0000,0.0000,-0.0000,4,1.0143,0.000
111,1.8500,0.0000,0.9884,-0.0000,0.0000,0.7181,-0.0000,0.0000,0.000,0.000,-8.594,1,ROBOT,1,Transform_ToVehicle_ROBO,0.3333,50,150,0,0.0800,0,0,0.000,0.000,-0.136,0.0000,0.0000,0.0000,1,0.1695,0,0,0.0000,0,1.0264,0.0000,0.0000,0.0000,0.0000,0,80.00,0.6959,5.3887,7.7664,0.0000,6.2064,-0.0000,80.00,0,0.85310,-1.248,0.975,-3.011,0.986,5.007,1.116,0,0.00,0,0,1,0,1,0,1.0384,-0.000,0.000,-0.0000,0.0000,-0.0000,4,1.0264,0.000
112,1.8667,0.0000,1.0002,-0.0000,0.0000,0.7060,-0.0000,0.0000,0.000,0.000,-8.594,1,ROBOT,1,Transform_ToVehicle_ROBO,0.3500,50,150,0,0.0800,0,0,0.000,0.000,-0.136,0.0000,0.0000,0.0000,1,0.1780,0,0,0.0000,0,1.0384,0.0000,0.0000,0.0000,0.0000,0,80.00,0.6305,5.4150,7.8154,0.0000,6.2181,-0.0000,80.00,0,0.93251,-1.169,1.124,-2.902,1.076,5.154,1.121,0,0.00,0,0,1,0,1,0,1.0502,-0.000,0.000,-0.0000,0.0000,-0.0000,4,1.0384,0.000
113,1.8833,0.0000,1.0117,-0.0000,0.0000,0.6923,-0.0000,0.0000,0.000,0.000,-8.594,1,ROBOT,1,Transform_ToVehicle_ROBO,0.3667,50,150,0,0.0800,0,0,0.000,0.000,-0.136,0.0000,0.0000,0.0000,1,0.1864,0,0,0.0000,0,1.0502,0.0000,0.0000,0.0000,0.0000,0,80.00,0.5706,5.4399,7.8623,0.0000,6.2297,-0.0000,80.00,0,1.00524,-1.226,1.274,-2.735,1.099,5.355,1.034,0,0.00,0,0,1,0,1,0,1.0617,-0.000,0.000,-0.0000,0.0000,-0.0000,4,1.0502,0.000
114,1.9000,0.0000,1.0230,-0.0000,0.0000,0.6772,-0.0000,0.0000,0.000,0.000,-8.594,1,ROBOT,1,Transform_ToVehicle_ROBO,0.3833,50,150,0,0.0800,0,0,0.000,0.000,-0.136,0.0000,0.0000,0.0000,1,0.1949,0,0,0.0000,0,1.0617,0.0000,0.0000,0.0000,0.0000,0,80.00,0.5158,5.4636,7.9073,0.0000,6.2410,-0.0000,80.00,0,0.82626,-1.449,1.321,-2.517,1.177,5.470,0.961,0,0.00,0,0,1,0,1,0,1.0730,-0.000,0.000,-0.0000,0.0000,-0.0000,4,1.0617,0.000
115,1.9167,0.0000,1.0340,-0.0000,0.0000,0.6609,-0.0000,0.0000,0.000,0.000,-8.594,1,ROBOT,1,Transform_ToVehicle_ROBO,0.4000,50,150,0,0.0800,0,0,0.000,0.000,-0.136,0.0000,0.0000,0.0000,1,0.2034,0,0,0.0000,0,1.0730,0.0000,0.0000,0.0000,0.0000,0,80.00,0.4659,5.4860,7.9506,0.0000,6.2520,-0.0000,80.00,0,0.83948,-1.638,1.365,-2.353,1.261,5.638,0.960,0,0.00,178,1,1,0,1,1,1.0840,-0.000,0.000,-0.0000,0.0000,-0.0000,4,1.0730,0.000
116,1.9333,0.0000,1.0447,-0.0000,0.0000,0.6436,-0.0000,0.0000,0.000,0.000,-8.594,1,ROBOT,1,Transform_ToVehicle_ROBO,0.4167,50,150,0,0.0800,0,0,0.000,0.000,-0.136,0.0000,0.0000,0.0000,1,0.2119,0,0,0.0000,0,1.0840,0.0000,0.0000,0.0000,0.0000,0,80.00,0.4203,5.5072,7.9923,0.0000,6.2627,-0.0000,80.00,0,0.75480,-1.808,1.394,-2.196,1.349,5.641,0.958,0,0.00,178,1,1,0,1,1,1.0947,-0.000,0.000,-0.0000,-0.0000,-0.0000,4,1.0840,0.000
117,1.9500,0.0000,1.0552,-0.0000,0.0000,0.6254,-0.0000,0.0000,0.000,0.000,-8.594,1,ROBOT,1,Transform_ToVehicle_ROBO,0.4333,50,150,0,0.0800,0,0,0.000,0.000,-0.136,0.0000,0.0000,0.0000,1,0.2203,0,0,0.0000,0,1.0947,0.0000,0.0000,0.0000,0.0000,0,80.00,0.3789,5.5273,8.0325,0.0000,6.2731,-0.0000,80.00,0,0.75855,-1.942,1.411,-2.193,1.460,5.598,0.951,0,0.00,178,1,1,0,1,1,1.1052,-0.000,0.000,-0.0000,0.0000,-0.0000,4,1.0947,0.000
118,1.9667,0.0000,1.0653,-0.0000,0.0000,0.6066,-0.0000,0.0000,0.000,0.000,-8.594,1,ROBOT,1,Transform_ToVehicle_ROBO,0.4500,50,150,0,0.0800,0,0,0.000,0.000,-0.136,0.0000,0.0000,0.0000,1,0.2288,0,0,0.0000,0,1.1052,0.0000,0.0000,0.0000,0.0000,0,80.00,0.3413,5.5463,8.0713,0.0000,6.2832,-0.0000,80.00,0,0.72025,-2.080,1.453,-2.359,1.507,5.440,0.953,0,0.00,178,1,1,0,1,1,1.1153,-0.000,0.000,0.0000,0.0000,-0.0000,4,1.1052,0.000
119,1.9833,0.0000,1.0751,-0.0000,0.0000,0.5872,-0.0000,0.0000,0.000,0.000,-8.594,1,ROBOT,1,Transform_ToVehicle_ROBO,0.4667,50,150,0,0.0800,0,0,0.000,0.000,-0.136,0.0000,0.0000,0.0000,1,0.2373,0,0,0.0000,0,1.1153,0.0000,0.0000,0.0000,0.0000,0,80.00,0.3072,5.5643,8.1089,0.0000,6.2930,-0.0000,80.00,0,0.70906,-2.148,1.452,-2.636,1.489,5.225,0.974,0,0.00,178,1,1,0,1,1,1.1251,-0.000,0.000,-0.0000,-0.0000,-0.0000,4,1.1153,0.000
120,2.0000,0.0000,1.0845,-0.0000,0.0000,0.5674,-0.0000,0.0000,0.000,0.000,-8.594,1,ROBOT,1,Transform_ToVehicle_ROBO,0.4833,50,150,0,0.0800,0,0,0.000,0.000,-0.136,0.0000,0.0000,0.0000,1,0.2458,0,0,0.0000,0,1.1251,0.0000,0.0000,0.0000,0.0000,0,80.00,0.2762,5.5812,8.1453,0.0000,6.3025,-0.0000,80.00,0,0.65589,-2.167,1.544,-2.858,1.448,4.951,1.003,0,0.00,178,1,1,0,1,1,1.1345,-0.000,0.000,-0.0000,0.0000,-0.0000,4,1.1251,0.000
121,2.0167,0.0000,1.0936,-0.0000,0.0000,0.5473,-0.0000,0.0000,0.000,0.000,-8.594,1,ROBOT,1,Transform_ToVehicle_ROBO,0.5000,50,150,0,0.0800,0,0,0.000,0.000,-0.136,0.0000,0.0000,0.0000,1,0.2542,0,0,0.0000,0,1.1345,0.0000,0.0000,0.0000,0.0000,0,80.00,0.2482,5.5973,8.1808,0.0000,6.3116,-0.0000,80.00,0,0.65996,-2.064,1.576,-3.056,1.339,4.662,1.034,0,0.00,178,1,1,0,1,1,1.1436,-0.000,0.000,-0.0000,0.0000,-0.0000,4,1.1345,0.000
122,2.0333,0.0000,1.1024,-0.0000,0.0000,0.5271,-0.0000,0.0000,0.000,0.000,-8.594,1,ROBOT,1,Transform_ToVehicle_ROBO,0.5167,50,150,0,0.0800,0,0,0.000,0.000,-0.136,0.0000,0.0000,0.0000,1,0.2627,0,0,0.0000,0,1.1436,0.0000,0.0000,0.0000,0.0000,0,80.00,0.2229,5.6125,8.2152,0.0000,6.3204,-0.0000,80.00,0,0.80305,-1.855,1.574,-3.228,1.183,4.384,1.069,0,0.00,178,1,1,0,1,1,1.1524,-0.000,0.000,-0.0000,-0.0000,-0.0000,4,1.1436,0.000
123,2.0500,0.0000,1.1109,-0.0000,0.0000,0.5067,-0.0000,0.0000,0.000,0.000,-8.594,1,ROBOT,1,Transform_ToVehicle_ROBO,0.5333,50,150,0,0.0800,0,0,0.000,0.000,-0.136,0.0000,0.0000,0.0000,1,0.2712,0,0,0.0000,0,1.1524,0.0000,0.0000,0.0000,0.0000,0,80.00,0.2001,5.6268,8.2489,0.0000,6.3288,-0.0000,80.00,0,0.81393,-1.572,1.575,-3.371,1.036,4.632,1.107,0,0.00,178,1,1,0,1,1,1.1609,-0.000,0.000,-0.0000,0.0000,-0.0000,4,1.1524,0.000
124,2.0667,0.0000,1.1190,-0.0000,0.0000,0.4864,-0.0000,0.0000,0.000,0.000,-8.594,1,ROBOT,1,Transform_ToVehicle_ROBO,0.5500,50,150,0,0.0800,0,0,0.000,0.000,-0.136,0.0000,0.0000,0.0000,1,0.2797,0,0,0.0000,0,1.1609,0.0000,0.0000,0.0000,0.0000,0,80.00,0.1795,5.6404,8.2818,0.0000,6.3369,-0.0000,80.00,0,0.83401,-1.344,1.584,-3.425,0.964,5.037,1.153,0,0.00,178,1,1,0,1,1,1.1690,-0.000,0.000,0.0000,0.0000,-0.0000,4,1.1609,0.000
125,2.0833,0.0000,1.1267,-0.0000,0.0000,0.4661,-0.0000,0.0000,0.000,0.000,-8.594,1,ROBOT,1,Transform_ToVehicle_ROBO,0.5667,50,150,0,0.0800,0,0,0.000,0.000,-0.136,0.0000,0.0000,0.0000,1,0.2881,0,0,0.0000,0,1.1690,0.0000,0.0000,0.0000,0.0000,0,80.00,0.1609,5.6532,8.3140,0.0000,6.3447,-0.0000,80.00,0,0.84053,-1.219,1.591,-3.426,0.953,5.290,1.190,0,0.00,178,1,1,0,1,1,1.1767,-0.000,0.000,-0.0000,-0.0000,-0.0000,4,1.1690,0.000
126,2.1000,0.0000,1.1342,-0.0000,0.0000,0.4460,-0.0000,0.0000,0.000,0.000,-8.594,1,ROBOT,1,Transform_ToVehicle_ROBO,0.5833,50,150,0,0.0800,0,0,0.000,0.000,-0.136,0.0000,0.0000,0.0000,1,0.2966,0,0,0.0000,0,1.1767,0.0000,0.0000,0.0000,0.0000,0,80.00,0.1441,5.6653,8.3455,0.0000,6.3521,-0.0000,80.00,0,0.91885,-1.102,1.586,-3.387,0.961,5.316,1.217,0,0.00,178,1,1,0,1,1,1.1842,-0.000,0.000,-0.0000,-0.0000,-0.0000,4,1.1767,0.000
127,2.1167,0.0000,1.1413,-0.0000,0.0000,0.4262,-0.0000,0.0000,0.000,0.000,-8.594,1,ROBOT,1,Transform_ToVehicle_ROBO,0.6000,50,150,0,0.0800,0,0,0.000,0.000,-0.136,0.0000,0.0000,0.0000,1,0.3051,0,0,0.0000,0,1.1842,0.0000,0.0000,0.0000,0.0000,0,80.00,0.1291,5.6767,8.3765,0.0000,6.3592,-0.0000,80.00,0,0.89741,-1.109,1.586,-3.314,0.966,5.188,1.246,0,0.00,178,1,1,0,1,1,1.1913,-0.000,0.000,0.0000,0.0000,-0.0000,4,1.1842,0.000
128,2.1333,0.0000,1.1481,-0.0000,0.0000,0.4066,-0.0000,0.0000,0.000,0.000,-8.594,1,ROBOT,1,Transform_ToVehicle_ROBO,0.6167,50,150,0,0.0800,0,0,0.000,0.000,-0.136,0.0000,0.0000,0.0000,1,0.3136,0,0,0.0000,0,1.1913,0.0000,0.0000,0.0000,0.0000,0,80.00,0.1155,5.6876,8.4070,0.0000,6.3660,-0.0000,80.00,0,0.94611,-1.177,1.584,-3.225,1.042,4.923,1.279,0,0.00,178,1,1,0,1,1,1.1981,-0.000,0.000,-0.0000,-0.0000,-0.0000,4,1.1913,0.000
129,2.1500,0.0000,1.1545,-0.0000,0.0000,0.3873,-0.0000,0.0000,0.000,0.000,-8.594,1,ROBOT,1,Transform_ToVehicle_ROBO,0.6333,50,150,0,0.0800,0,0,0.000,0.000,-0.136,0.0000,0.0000,0.0000,1,0.3220,0,0,0.0000,0,1.1981,0.0000,0.0000,0.0000,0.0000,0,80.00,0.1033,5.6978,8.4369,0.0000,6.3725,-0.0000,80.00,0,0.88984,-1.276,1.586,-3.128,1.111,4.712,1.312,0,0.00,178,1,1,0,1,1,1.2045,-0.000,0.000,-0.0000,0.0000,-0.0000,4,1.1981,0.000
130,2.1667,0.0000,1.1607,-0.0000,0.0000,0.3684,-0.0000,0.0000,0.000,0.000,-8.594,1,ROBOT,1,Transform_ToVehicle_ROBO,0.6500,50,150,0,0.0800,0,0,0.000,0.000,-0.136,0.0000,0.0000,0.0000,1,0.3305,0,0,0.0000,0,1.2045,0.0000,0.0000,0.0000,0.0000,0,80.00,0.0924,5.7074,8.4665,0.0000,6.3786,-0.0000,80.00,0,0.57835,-1.356,1.577,-3.036,1.130,4.590,1.339,0,0.00,178,1,1,0,1,1,1.2107,-0.000,0.000,-0.0000,0.0000,-0.0000,4,1.2045,0.000
131,2.1833,0.0000,1.1665,-0.0000,0.0000,0.3500,-0.0000,0.0000,0.000,0.000,-8.594,1,ROBOT,1,Transform_ToVehicle_ROBO,0.6667,50,150,0,0.0800,0,0,0.000,0.000,-0.136,0.0000,0.0000,0.0000,1,0.3390,0,0,0.0000,0,1.2107,0.0000,0.0000,0.0000,0.0000,0,80.00,0.0826,5.7165,8.4956,0.0000,6.3845,-0.0000,80.00,0,0.59032,-1.431,1.570,-2.940,1.126,4.452,1.366,0,0.00,178,1,1,0,1,1,1.2165,-0.000,0.000,-0.0000,-0.0000,-0.0000,4,1.2107,0.000
132,2.2000,0.0000,1.1720,-0.0000,0.0000,0.3320,-0.0000,0.0000,0.000,0.000,-8.594,1,ROBOT,1,Transform_ToVehicle_ROBO,0.6833,50,150,0,0.0800,0,0,0.000,0.000,-0.136,0.0000,0.0000,0.0000,1,0.3475,0,0,0.0000,0,1.2165,0.0000,0.0000,0.0000,0.0000,0,80.00,0.0738,5.7251,8.5243,0.0000,6.3900,-0.0000,80.00,0,0.34993,-1.498,1.553,-2.880,1.091,4.308,1.398,0,0.00,178,1,1,0,1,1,1.2220,-0.000,0.000,0.0000,0.0000,-0.0000,4,1.2165,0.000
133,2.2167,0.0000,1.1773,-0.0000,0.0000,0.3144,-0.0000,0.0000,0.000,0.000,-8.594,1,ROBOT,1,Transform_ToVehicle_ROBO,0.7000,50,150,0,0.0800,0,0,0.000,0.000,-0.136,0.0000,0.0000,0.0000,1,0.3559,0,0,0.0000,0,1.2220,0.0000,0.0000,0.0000,0.0000,0,80.00,0.0659,5.7332,8.5527,0.0000,6.3952,-0.0000,80.00,0,0.36456,-1.560,1.524,-2.875,1.099,4.158,1.427,0,0.00,178,1,1,0,1,1,1.2273,-0.000,0.000,-0.0000,-0.0000,-0.0000,4,1.2220,0.000
134,2.2333,0.0000,1.1822,-0.0000,0.0000,0.2974,-0.0000,0.0000,0.000,0.000,-8.594,1,ROBOT,1,Transform_ToVehicle_ROBO,0.7167,50,150,0,0.0800,0,0,0.000,0.000,-0.136,0.0000,0.0000,0.0000,1,0.3644,0,0,0.0000,0,1.2273,0.0000,0.0000,0.0000,0.0000,0,80.00,0.0588,5.7409,8.5808,0.0000,6.4002,-0.0000,80.00,0,0.33934,-1.605,1.493,-2.994,1.076,4.031,1.460,0,0.00,178,1,1,0,1,1,1.2322,-0.000,0.000,0.0000,0.0000,-0.0000,4,1.2273,0.000
135,2.2500,0.0000,1.1869,-0.0000,0.0000,0.2809,-0.0000,0.0000,0.000,0.000,-8.594,1,ROBOT,1,Transform_ToVehicle_ROBO,0.7333,50,150,0,0.0800,0,0,0.000,0.000,-0.136,0.0000,0.0000,0.0000,1,0.3729,0,0,0.0000,0,1.2322,0.0000,0.0000,0.0000,0.0000,0,80.00,0.0525,5.7481,8.6085,0.0000,6.4049,-0.0000,80.00,0,0.32925,-1.646,1.459,-3.110,1.066,3.895,1.491,0,0.00,178,1,1,0,1,1,1.2369,-0.000,0.000,-0.0000,0.0000,-0.0000,4,1.2322,0.000
136,2.2667,0.0000,1.1913,-0.0000,0.0000,0.2649,-0.0000,0.0000,0.000,0.000,-8.594,1,ROBOT,1,Transform_ToVehicle_ROBO,0.7500,50,150,0,0.0800,0,0,0.000,0.000,-0.136,0.0000,0.0000,0.0000,1,0.3814,0,0,0.0000,0,1.2369,0.0000,0.0000,0.0000,0.0000,0,80.00,0.0468,5.7549,8.6359,0.0000,6.4093,-0.0000,80.00,0,0.28898,-1.673,1.430,-3.205,1.044,3.778,1.519,0,0.00,178,1,1,0,1,1,1.2413,-0.000,0.000,-0.0000,-0.0000,-0.0000,4,1.2369,0.000
137,2.2833,0.0000,1.1955,-0.0000,0.0000,0.2494,-0.0000,0.0000,0.000,0.000,-8.594,1,ROBOT,1,Transform_ToVehicle_ROBO,0.7667,50,150,0,0.0800,0,0,0.000,0.000,-0.136,0.0000,0.0000,0.0000,1,0.3898,0,0,0.0000,0,1.2413,0.0000,0.0000,0.0000,0.0000,0,80.00,0.0417,5.7614,8.6630,0.0000,6.4134,-0.0000,80.00,0,0.29251,-1.696,1.416,-3.275,1.031,3.657,1.549,0,0.00,178,1,1,0,1,1,1.2455,-0.000,0.000,-0.0000,0.0000,-0.0000,4,1.2413,0.000
138,2.3000,0.0000,1.1994,-0.0000,0.0000,0.2345,-0.0000,0.0000,0.000,0.000,-8.594,1,ROBOT,1,Transform_ToVehicle_ROBO,0.7833,50,150,0,0.0800,0,0,0.000,0.000,-0.136,0.0000,0.0000,0.0000,1,0.3983,0,0,0.0000,0,1.2455,0.0000,0.0000,0.0000,0.0000,0,80.00,0.0372,5.7675,8.6898,0.0000,6.4173,-0.0000,80.00,0,0.25840,-1.715,1.412,-3.304,1.059,3.588,1.589,0,0.00,178,1,1,0,1,1,1.2494,-0.000,0.000,-0.0000,0.0000,-0.0000,4,1.2455,0.000
139,2.3167,0.0000,1.2030,-0.0000,0.0000,0.2201,-0.0000,0.0000,0.000,0.000,-8.594,1,ROBOT,1,Transform_ToVehicle_ROBO,0.8000,50,150,0,0.0800,0,0,0.000,0.000,-0.136,0.0000,0.0000,0.0000,1,0.4068,0,0,0.0000,0,1.2494,0.0000,0.0000,0.0000,0.0000,0,80.00,0.0332,5.7732,8.7163,0.0000,6.4210,-0.0000,80.00,0,0.26075,-1.725,1.394,-3.327,1.088,3.542,1.610,0,0.00,178,1,1,0,1,1,1.2530,-0.000,0.000,0.0000,-0.0000,-0.0000,4,1.2494,0.000
140,2.3333,0.0000,1.2065,-0.0000,0.0000,0.2063,-0.0000,0.0000,0.000,0.000,-8.594,1,ROBOT,1,Transform_ToVehicle_ROBO,0.8167,50,150,0,0.0800,0,0,0.000,0.000,-0.136,0.0000,0.0000,0.0000,1,0.4153,0,0,0.0000,0,1.2530,0.0000,0.0000,0.0000,0.0000,0,80.00,0.0295,5.7786,8.7424,0.0000,6.4245,-0.0000,80.00,0,0.36831,-1.708,1.373,-3.337,1.167,3.473,1.613,0,0.00,178,1,1,0,1,1,1.2565,-0.000,0.000,-0.0000,0.0000,-0.0000,4,1.2530,0.000
141,2.3500,0.0000,1.2097,-0.0000,0.0000,0.1931,-0.0000,0.0000,0.000,0.000,-8.594,1,ROBOT,1,Transform_ToVehicle_ROBO,0.8333,50,150,0,0.0800,0,0,0.000,0.000,-0.136,0.0000,0.0000,0.0000,1,0.4237,0,0,0.0000,0,1.2565,0.0000,0.0000,0.0000,0.0000,0,80.00,0.0263,5.7837,8.7683,0.0000,6.4277,-0.0000,80.00,0,0.36059,-1.688,1.335,-3.313,1.225,3.387,1.617,0,0.00,178,1,1,0,1,1,1.2597,-0.000,0.000,-0.0000,-0.0000,-0.0000,4,1.2565,0.000
142,2.3667,0.0000,1.2127,-0.0000,0.0000,0.1804,-0.0000,0.0000,0.000,0.000,-8.594,1,ROBOT,1,Transform_ToVehicle_ROBO,0.8500,50,150,0,0.0800,0,0,0.000,0.000,-0.136,0.0000,0.0000,0.0000,1,0.4322,0,0,0.0000,0,1.2597,0.0000,0.0000,0.0000,0.0000,0,80.00,0.0234,5.7886,8.7939,0.0000,6.4307,-0.0000,80.00,0,0.46110,-1.650,1.275,-3.208,1.290,3.281,1.621,0,0.00,178,1,1,0,1,1,1.2627,-0.000,0.000,-0.0000,0.0000,-0.0000,4,1.2597,0.000
143,2.3833,0.0000,1.2155,-0.0000,0.0000,0.1682,-0.0000,0.0000,0.000,0.000,-8.594,1,ROBOT,1,Transform_ToVehicle_ROBO,0.8667,50,150,0,0.0800,0,0,0.000,0.000,-0.136,0.0000,0.0000,0.0000,1,0.4407,0,0,0.0000,0,1.2627,0.0000,0.0000,0.0000,0.0000,0,80.00,0.0208,5.7931,8.8192,0.0000,6.4335,-0.0000,80.00,0,0.44254,-1.602,1.209,-3.061,1.322,3.158,1.603,0,0.00,178,1,1,0,1,1,1.2655,-0.000,0.000,0.0000,-0.0000,-0.0000,4,1.2627,0.000
144,2.4000,0.0000,1.2181,-0.0000,0.0000,0.1566,-0.0000,0.0000,0.000,0.000,-8.594,1,VEHICLE,1,Transform_ToVehicle_VEH,0.8833,50,150,0,0.0800,0,0,0.000,0.000,-0.136,0.0000,0.0000,0.0000,1,0.4492,0,0,0.0000,0,1.2655,0.0000,0.0000,0.0000,0.0000,0,80.00,0.0185,5.7974,8.8441,0.0000,6.4361,-0.0000,80.00,1,-1.00000,-5.137,-65.263,-4.549,1.731,4.780,2.919,178,66.90,0,0,0,0,0,1,1.2681,-0.000,0.000,-0.0000,0.0000,-0.0000,4,1.2655,0.000
145,2.4167,0.0000,1.2205,-0.0000,0.0000,0.1456,-0.0000,0.0000,0.000,0.000,-8.594,1,VEHICLE,1,Transform_ToVehicle_VEH,0.9000,50,150,0,0.0800,0,0,0.000,0.000,-0.136,0.0000,0.0000,0.0000,1,0.4576,0,0,0.0000,0,1.2681,0.0000,0.0000,0.0000,0.0000,0,80.00,0.0165,5.8014,8.8687,0.0000,6.4385,-0.0000,80.00,1,1.16005,-4.281,-65.450,-3.800,1.729,4.679,2.957,178,66.98,0,0,0,0,0,1,1.2705,-0.000,0.000,-0.0000,-0.0000,-0.0000,4,1.2681,0.000
146,2.4333,0.0000,1.2228,-0.0000,0.0000,0.1350,-0.0000,0.0000,0.000,0.000,-8.594,1,VEHICLE,1,Transform_ToVehicle_VEH,0.9167,50,150,0,0.0800,0,0,0.000,0.000,-0.136,0.0000,0.0000,0.0000,1,0.4661,0,0,0.0000,0,1.2705,0.0000,0.0000,0.0000,0.0000,0,80.00,0.0147,5.8052,8.8929,0.0000,6.4408,-0.0000,80.00,1,2.34826,-2.637,-65.663,-3.465,1.723,4.610,2.985,178,67.04,0,0,0,0,0,1,1.2728,-0.000,0.000,0.0000,0.0000,-0.0000,4,1.2705,0.000
147,2.4500,0.0000,1.2249,-0.0000,0.0000,0.1250,-0.0000,0.0000,0.000,0.000,-8.594,1,VEHICLE,1,Transform_ToVehicle_VEH,0.9333,50,150,0,0.0800,0,0,0.000,0.000,-0.136,0.0000,0.0000,0.0000,1,0.4746,0,0,0.0000,0,1.2728,0.0000,0.0000,0.0000,0.0000,0,80.00,0.0130,5.8088,8.9168,0.0000,6.4428,-0.0000,80.00,1,2.34612,-1.979,-65.800,-3.343,1.729,4.534,3.002,178,67.10,0,0,0,0,0,1,1.2749,-0.000,0.000,-0.0000,-0.0000,-0.0000,4,1.2728,0.000
148,2.4667,0.0000,1.2268,-0.0000,0.0000,0.1154,-0.0000,0.0000,0.000,0.000,-8.594,1,VEHICLE,1,Transform_ToVehicle_VEH,0.9500,50,150,0,0.0800,0,0,0.000,0.000,-0.136,0.0000,0.0000,0.0000,1,0.4831,0,0,0.0000,0,1.2749,0.0000,0.0000,0.0000,0.0000,0,80.00,0.0116,5.8122,8.9403,0.0000,6.4448,-0.0000,80.00,1,34.07683,-1.748,-31.827,-3.328,1.747,4.568,3.061,178,33.23,0,0,0,0,0,1,1.2768,-0.000,0.000,0.0000,0.0000,-0.0000,4,1.2749,0.000
149,2.4833,0.0000,1.2286,-0.0000,0.0000,0.1064,-0.0000,0.0000,0.000,0.000,-8.594,1,VEHICLE,1,Transform_ToVehicle_VEH,0.9667,50,150,0,0.0800,0,0,0.000,0.000,-0.136,0.0000,0.0000,0.0000,1,0.4915,0,0,0.0000,0,1.2768,0.0000,0.0000,0.0000,0.0000,0,80.00,0.0103,5.8153,8.9634,0.0000,6.4465,-0.0000,80.00,1,34.03818,-1.746,1.890,-3.308,1.727,4.623,3.077,0,0.00,0,0,0,0,0,1,1.2786,-0.000,0.000,-0.0000,0.0000,-0.0000,4,1.2768,0.000
150,2.5000,0.0000,1.2302,-0.0000,0.0000,0.0978,-0.0000,0.0000,0.000,0.000,-8.594,1,VEHICLE,1,Transform_ToVehicle_VEH,0.9833,50,150,0,0.0800,0,0,0.000,0.000,-0.136,0.0000,0.0000,0.0000,1,0.5000,0,0,0.0000,0,1.2786,0.0000,0.0000,0.0000,0.0000,0,80.00,0.0092,5.8183,8.9861,0.0000,6.4482,-0.0000,80.00,1,0.16266,-1.737,1.924,-3.299,1.726,4.704,3.071,0,0.00,0,0,0,0,0,1,1.2802,-0.000,0.000,0.0000,-0.0000,-0.0000,4,1.2786,0.000
151,2.5167,0.0000,1.2317,-0.0000,0.0000,0.0898,-0.0000,0.0000,0.000,0.000,-8.594,1,VEHICLE,1,Transform_ToVehicle_VEH,1.0000,50,150,0,0.0800,0,0,0.000,0.000,-0.136,0.0000,0.0000,0.0000,1,0.5085,0,0,0.0000,0,1.2802,0.0000,0.0000,0.0000,0.0000,0,80.00,0.0081,5.8211,9.0084,0.0000,6.4497,-0.0000,80.00,1,0.16228,-1.719,1.960,-3.290,1.724,4.779,3.066,0,0.00,0,0,0,0,0,1,1.2817,-0.000,0.000,-0.0000,0.0000,-0.0000,4,1.2802,0.000
152,2.5333,0.0000,1.2331,-0.0000,0.0000,0.0821,-0.0000,0.0000,0.000,0.000,-8.594,1,VEHICLE,1,Transform_ToVehicle_VEH,1.0167,50,150,0,0.0800,0,0,0.000,0.000,-0.136,0.0000,0.0000,0.0000,1,0.5169,0,0,0.0000,0,1.2817,0.0000,0.0000,0.0000,0.0000,0,80.00,0.0072,5.8237,9.0302,0.0000,6.4510,-0.0000,80.00,1,0.29744,-1.699,2.073,-3.306,1.724,4.831,3.075,0,0.00,0,0,0,0,0,1,1.2831,-0.000,0.000,-0.0000,0.0000,-0.0000,4,1.2817,0.000
153,2.5500,0.0000,1.2343,-0.0000,0.0000,0.0749,-0.0000,0.0000,0.000,0.000,-8.594,1,VEHICLE,1,Transform_ToVehicle_VEH,1.0333,50,150,0,0.0800,0,0,0.000,0.000,-0.136,0.0000,0.0000,0.0000,1,0.5254,0,0,0.0000,0,1.2831,0.0000,0.0000,0.0000,0.0000,0,80.00,0.0064,5.8262,9.0515,0.0000,6.4523,-0.0000,80.00,1,0.30526,-1.677,2.182,-3.322,1.721,4.891,3.080,0,0.00,0,0,0,0,0,1,1.2843,-0.000,0.000,0.0000,-0.0000,-0.0000,4,1.2831,0.000
154,2.5667,0.0000,1.2355,-0.0000,0.0000,0.0681,-0.0000,0.0000,0.000,0.000,-8.594,1,VEHICLE,1,Transform_ToVehicle_VEH,1.0500,50,150,0,0.0800,0,0,0.000,0.000,-0.136,0.0000,0.0000,0.0000,1,0.5339,0,0,0.0000,0,1.2843,0.0000,0.0000,0.0000,0.0000,0,80.00,0.0057,5.8285,9.0724,0.0000,6.4534,-0.0000,80.00,1,0.34476,-1.648,2.260,-3.336,1.687,4.909,3.082,0,0.00,0,0,0,0,0,1,1.2855,-0.000,0.000,-0.0000,-0.0000,-0.0000,4,1.2843,0.000
155,2.5833,0.0000,1.2365,-0.0000,0.0000,0.0617,-0.0000,0.0000,0.000,0.000,-8.594,1,VEHICLE,1,Transform_ToVehicle_VEH,1.0667,50,150,0,0.0800,0,0,0.000,0.000,-0.136,0.0000,0.0000,0.0000,1,0.5424,0,0,0.0000,0,1.2855,0.0000,0.0000,0.0000,0.0000,0,80.00,0.0051,5.8307,9.0928,0.0000,6.4545,-0.0000,80.00,1,0.34958,-1.603,2.318,-3.346,1.661,4.926,3.078,0,0.00,0,0,0,0,0,1,1.2865,-0.000,0.000,-0.0000,0.0000,-0.0000,4,1.2855,0.000
156,2.6000,0.0000,1.2374,-0.0000,0.0000,0.0557,-0.0000,0.0000,0.000,0.000,-8.594,1,VEHICLE,1,Transform_ToVehicle_VEH,1.0833,50,150,0,0.0800,0,0,0.000,0.000,-0.136,0.0000,0.0000,0.0000,1,0.5508,0,0,0.0000,0,1.2865,0.0000,0.0000,0.0000,0.0000,0,80.00,0.0045,5.8327,9.1127,0.0000,6.4554,-0.0000,80.00,1,0.13349,-1.605,2.306,-3.343,1.644,4.917,3.079,0,0.00,0,0,0,0,0,1,1.2874,-0.000,0.000,0.0000,0.0000,-0.0000,4,1.2865,0.000
157,2.6167,0.0000,1.2383,-0.0000,0.0000,0.0501,-0.0000,0.0000,0.000,0.000,-8.594,1,VEHICLE,1,Transform_ToVehicle_VEH,1.1000,50,150,0,0.0800,0,0,0.000,0.000,-0.136,0.0000,0.0000,0.0000,1,0.5593,0,0,0.0000,0,1.2874,0.0000,0.0000,0.0000,0.0000,0,80.00,0.0040,5.8346,9.1320,0.0000,6.4562,-0.0000,80.00,1,0.13242,-1.605,2.289,-3.340,1.630,4.918,3.080,0,0.00,0,0,0,0,0,1,1.2883,-0.000,0.000,-0.0000,0.0000,-0.0000,4,1.2874,0.000
158,2.6333,0.0000,1.2390,-0.0000,0.0000,0.0449,-0.0000,0.0000,0.000,0.000,-8.594,1,VEHICLE,1,Transform_ToVehicle_VEH,1.1167,50,150,0,0.0800,0,0,0.000,0.000,-0.136,0.0000,0.0000,0.0000,1,0.5678,0,0,0.0000,0,1.2883,0.0000,0.0000,0.0000,0.0000,0,80.00,0.0035,5.8364,9.1507,0.0000,6.4570,-0.0000,80.00,1,0.13124,-1.559,2.245,-3.337,1.616,4.900,3.079,0,0.00,0,0,0,0,0,1,1.2890,-0.000,0.000,-0.0000,-0.0000,-0.0000,4,1.2883,0.000
159,2.6500,0.0000,1.2397,-0.0000,0.0000,0.0400,-0.0000,0.0000,0.000,0.000,-8.594,1,VEHICLE,1,Transform_ToVehicle_VEH,1.1333,50,150,0,0.0800,0,0,0.000,0.000,-0.136,0.0000,0.0000,0.0000,1,0.5763,0,0,0.0000,0,1.2890,0.0000,0.0000,0.0000,0.0000,0,80.00,0.0031,5.8380,9.1689,0.0000,6.4576,-0.0000,80.00,1,0.13393,-1.553,2.204,-3.333,1.621,4.884,3.078,0,0.00,0,0,0,0,0,1,1.2897,-0.000,0.000,-0.0000,0.0000,-0.0000,4,1.2890,0.000
160,2.6667,0.0000,1.2403,-0.0000,0.0000,0.0354,-0.0000,0.0000,0.000,0.000,-8.594,1,VEHICLE,1,Transform_ToVehicle_VEH,1.1500,50,150,0,0.0800,0,0,0.000,0.000,-0.136,0.0000,0.0000,0.0000,1,0.5847,0,0,0.0000,0,1.2897,0.0000,0.0000,0.0000,0.0000,0,80.00,0.0028,5.8395,9.1865,0.0000,6.4582,-0.0000,80.00,1,0.19268,-1.533,2.176,-3.333,1.580,4.852,3.078,0,0.00,0,0,0,0,0,1,1.2903,-0.000,0.000,-0.0000,0.0000,-0.0000,4,1.2897,0.000
161,2.6833,0.0000,1.2408,-0.0000,0.0000,0.0311,-0.0000,0.0000,0.000,0.000,-8.594,1,VEHICLE,1,Transform_ToVehicle_VEH,1.1667,50,150,0,0.0800,0,0,0.000,0.000,-0.136,0.0000,0.0000,0.0000,1,0.5932,0,0,0.0000,0,1.2903,0.0000,0.0000,0.0000,0.0000,0,80.00,0.0025,5.8410,9.2034,0.0000,6.4587,-0.0000,80.00,1,0.19224,-1.529,2.143,-3.333,1.557,4.820,3.077,0,0.00,0,0,0,0,0,1,1.2908,-0.000,0.000,-0.0000,-0.0000,-0.0000,4,1.2903,0.000
162,2.7000,0.0000,1.2412,-0.0000,0.0000,0.0272,-0.0000,0.0000,0.000,0.000,-8.594,1,VEHICLE,1,Transform_ToVehicle_VEH,1.1833,50,150,0,0.0800,0,0,0.000,0.000,-0.136,0.0000,0.0000,0.0000,1,0.6017,0,0,0.0000,0,1.2908,0.0000,0.0000,0.0000,0.0000,0,80.00,0.0022,5.8423,9.2197,0.0000,6.4592,-0.0000,80.00,1,0.18309,-1.530,2.113,-3.333,1.556,4.792,3.070,0,0.00,0,0,0,0,0,1,1.2912,-0.000,0.000,0.0000,0.0000,-0.0000,4,1.2908,0.000
163,2.7167,0.0000,1.2416,-0.0000,0.0000,0.0235,-0.0000,0.0000,0.000,0.000,-8.594,1,VEHICLE,1,Transform_ToVehicle_VEH,1.2000,50,150,0,0.0800,0,0,0.000,0.000,-0.136,0.0000,0.0000,0.0000,1,0.6102,0,0,0.0000,0,1.2912,0.0000,0.0000,0.0000,0.0000,0,80.00,0.0019,5.8435,9.2353,0.0000,6.4596,-0.0000,80.00,1,0.18245,-1.530,2.083,-3.333,1.555,4.764,3.063,0,0.00,0,0,0,0,0,1,1.2916,-0.000,0.000,-0.0000,0.0000,-0.0000,4,1.2912,0.000
164,2.7333,0.0000,1.2420,-0.0000,0.0000,0.0201,-0.0000,0.0000,0.000,0.000,-8.594,1,VEHICLE,1,Transform_ToVehicle_VEH,1.2167,50,150,0,0.0800,0,0,0.000,0.000,-0.136,0.0000,0.0000,0.0000,1,0.6186,0,0,0.0000,0,1.2916,0.0000,0.0000,0.0000,0.0000,0,80.00,0.0017,5.8446,9.2502,0.0000,6.4599,-0.0000,80.00,1,0.16331,-1.529,2.071,-3.333,1.555,4.754,3.055,0,0.00,0,0,0,0,0,1,1.2920,-0.000,0.000,-0.0000,0.0000,-0.0000,4,1.2916,0.000
165,2.7500,0.0000,1.2422,-0.0000,0.0000,0.0170,-0.0000,0.0000,0.000,0.000,-8.594,1,VEHICLE,1,Transform_ToVehicle_VEH,1.2333,50,150,0,0.0800,0,0,0.000,0.000,-0.136,0.0000,0.0000,0.0000,1,0.6271,0,0,0.0000,0,1.2920,0.0000,0.0000,0.0000,0.0000,0,80.00,0.0015,5.8457,9.2644,0.0000,6.4602,-0.0000,80.00,1,0.16308,-1.528,2.058,-3.334,1.555,4.743,3.047,0,0.00,0,0,0,0,0,1,1.2922,-0.000,0.000,-0.0000,-0.0000,-0.0000,4,1.2920,0.000
166,2.7667,0.0000,1.2425,-0.0000,0.0000,0.0141,-0.0000,0.0000,0.000,0.000,-8.594,1,VEHICLE,1,Transform_ToVehicle_VEH,1.2500,50,150,0,0.0800,0,0,0.000,0.000,-0.136,0.0000,0.0000,0.0000,1,0.6356,0,0,0.0000,0,1.2922,0.0000,0.0000,0.0000,0.0000,0,80.00,0.0013,5.8466,9.2778,0.0000,6.4604,-0.0000,80.00,1,0.14399,-1.528,2.061,-3.334,1.555,4.750,3.047,0,0.00,0,0,0,0,0,1,1.2925,-0.000,0.000,0.0000,0.0000,-0.0000,4,1.2922,0.000
167,2.7833,0.0000,1.2427,-0.0000,0.0000,0.0114,-0.0000,0.0000,0.000,0.000,-8.594,1,VEHICLE,1,Transform_ToVehicle_VEH,1.2667,50,150,0,0.0800,0,0,0.000,0.000,-0.136,0.0000,0.0000,0.0000,1,0.6441,0,0,0.0000,0,1.2925,0.0000,0.0000,0.0000,0.0000,0,80.00,0.0012,5.8474,9.2905,0.0000,6.4606,-0.0000,80.00,1,0.14160,-1.529,2.066,-3.334,1.555,4.756,3.044,0,0.00,0,0,0,0,0,1,1.2927,-0.000,0.000,-0.0000,-0.0000,-0.0000,4,1.2925,0.000
168,2.8000,0.0000,1.2428,-0.0000,0.0000,0.0090,-0.0000,0.0000,0.000,0.000,-8.594,1,VEHICLE,1,Transform_ToVehicle_VEH,1.2833,50,150,0,0.0800,0,0,0.000,0.000,-0.136,0.0000,0.0000,0.0000,1,0.6525,0,0,0.0000,0,1.2927,0.0000,0.0000,0.0000,0.0000,0,80.00,0.0011,5.8482,9.3024,0.0000,6.4608,-0.0000,80.00,1,0.04170,-1.529,2.078,-3.334,1.556,4.769,3.055,0,0.00,0,0,0,0,0,1,1.2928,-0.000,0.000,0.0000,0.0000,-0.0000,4,1.2927,0.000
169,2.8167,0.0000,1.2429,-0.0000,0.0000,0.0067,-0.0000,0.0000,0.000,0.000,-8.594,1,VEHICLE,1,Transform_ToVehicle_VEH,1.3000,50,150,0,0.0800,0,0,0.000,0.000,-0.136,0.0000,0.0000,0.0000,1,0.6610,0,0,0.0000,0,1.2928,0.0000,0.0000,0.0000,0.0000,0,80.00,0.0009,5.8489,9.3135,0.0000,6.4609,-0.0000,80.00,1,0.04224,-1.529,2.088,-3.334,1.564,4.781,3.061,0,0.00,0,0,0,0,0,1,1.2929,-0.000,0.000,-0.0000,-0.0000,-0.0000,4,1.2928,0.000
170,2.8333,0.0000,1.2430,-0.0000,0.0000,0.0047,-0.0000,0.0000,0.000,0.000,-8.594,1,VEHICLE,1,Transform_ToVehicle_VEH,1.3167,50,150,0,0.0800,0,0,0.000,0.000,-0.136,0.0000,0.0000,0.0000,1,0.6695,0,0,0.0000,0,1.2929,0.0000,0.0000,0.0000,0.0000,0,80.00,0.0008,5.8495,9.3237,0.0000,6.4610,-0.0000,80.00,1,0.11008,-1.530,2.103,-3.334,1.566,4.735,3.081,0,0.00,0,0,0,0,0,1,1.2930,-0.000,0.000,-0.0000,0.0000,-0.0000,4,1.2929,0.000
171,2.8500,0.0000,1.2430,-0.0000,0.0000,0.0029,-0.0000,0.0000,0.000,0.000,-8.594,1,VEHICLE,1,Transform_ToVehicle_VEH,1.3333,50,150,0,0.0800,0,0,0.000,0.000,-0.136,0.0000,0.0000,0.0000,1,0.6780,0,0,0.0000,0,1.2930,0.0000,0.0000,0.0000,0.0000,0,80.00,0.0007,5.8500,9.3331,0.0000,6.4610,-0.0000,80.00,1,0.10816,-1.530,2.118,-3.334,1.576,4.696,3.095,0,0.00,0,0,0,0,0,1,1.2930,-0.000,0.000,-0.0000,0.0000,-0.0000,4,1.2930,0.000
172,2.8667,0.0000,1.2431,-0.0000,0.0000,0.0012,-0.0000,0.0000,0.000,0.000,-8.594,1,VEHICLE,1,Transform_ToVehicle_VEH,1.3500,50,150,0,0.0800,0,0,0.000,0.000,-0.136,0.0000,0.0000,0.0000,1,0.6864,0,0,0.0000,0,1.2930,0.0000,0.0000,0.0000,0.0000,0,80.00,0.0006,5.8505,9.3416,0.0000,6.4610,-0.0000,80.00,1,0.12414,-1.530,2.132,-3.334,1.587,4.702,3.111,0,0.00,0,0,0,0,0,1,1.2931,-0.000,0.000,0.0000,-0.0000,-0.0000,4,1.2930,0.000
173,2.8833,0.0000,1.2431,-0.0000,0.0000,-0.0003,-0.0000,0.0000,0.000,0.000,-8.594,1,VEHICLE,1,Transform_ToVehicle_VEH,1.3667,50,150,0,0.0800,0,0,0.000,0.000,-0.136,0.0000,0.0000,0.0000,1,0.6949,0,0,0.0000,0,1.2931,0.0000,0.0000,0.0000,0.0000,0,80.00,0.0006,5.8509,9.3492,0.0000,6.4610,-0.0000,80.00,1,0.12696,-1.530,2.145,-3.334,1.599,4.693,3.120,0,0.00,0,0,0,0,0,1,1.2931,-0.000,0.000,-0.0000,0.0000,-0.0000,4,1.2931,0.000
174,2.9000,0.0000,1.2430,-0.0000,0.0000,-0.0017,-0.0000,0.0000,0.000,0.000,-8.594,1,VEHICLE,1,Transform_ToVehicle_VEH,1.3833,50,150,0,0.0800,0,0,0.000,0.000,-0.136,0.0000,0.0000,0.0000,1,0.7034,0,0,0.0000,0,1.2931,0.0000,0.0000,0.0000,0.0000,0,80.00,0.0005,5.8512,9.3558,0.0000,6.4610,-0.0000,80.00,1,0.14034,-1.530,2.156,-3.335,1.563,4.690,3.124,0,0.00,0,0,0,0,0,1,1.2930,-0.000,0.000,-0.0000,0.0000,-0.0000,4,1.2931,0.000
175,2.9167,0.0000,1.2430,-0.0000,0.0000,-0.0029,-0.0000,0.0000,0.000,0.000,-8.594,1,VEHICLE,1,Transform_ToVehicle_VEH,1.4000,50,150,0,0.0800,0,0,0.000,0.000,-0.136,0.0000,0.0000,0.0000,1,0.7119,0,0,0.0000,0,1.2930,0.0000,0.0000,0.0000,0.0000,0,80.00,0.0004,5.8515,9.3615,0.0000,6.4610,-0.0000,80.00,1,0.14402,-1.531,2.168,-3.335,1.553,4.692,3.127,0,0.00,0,0,0,0,0,1,1.2930,-0.000,0.000,-0.0000,0.0000,-0.0000,4,1.2930,0.000
176,2.9333,0.0000,1.2429,-0.0000,0.0000,-0.0040,-0.0000,0.0000,0.000,0.000,-8.594,1,VEHICLE,1,Transform_ToVehicle_VEH,1.4167,50,150,0,0.0800,0,0,0.000,0.000,-0.136,0.0000,0.0000,0.0000,1,0.7203,0,0,0.0000,0,1.2930,0.0000,0.0000,0.0000,0.0000,0,80.00,0.0004,5.8516,9.3662,0.0000,6.4609,-0.0000,80.00,1,0.07698,-1.531,2.176,-3.335,1.550,4.702,3.127,0,0.00,0,0,0,0,0,1,1.2929,-0.000,0.000,-0.0000,-0.0000,-0.0000,4,1.2930,0.000
177,2.9500,0.0000,1.2428,-0.0000,0.0000,-0.0050,-0.0000,0.0000,0.000,0.000,-8.594,1,VEHICLE,1,Transform_ToVehicle_VEH,1.4333,50,150,0,0.0800,0,0,0.000,0.000,-0.136,0.0000,0.0000,0.0000,1,0.7288,0,0,0.0000,0,1.2929,0.0000,0.0000,0.0000,0.0000,0,80.00,0.0004,5.8518,9.3699,0.0000,6.4608,-0.0000,80.00,1,0.07596,-1.531,2.184,-3.335,1.541,4.711,3.127,0,0.00,0,0,0,0,0,1,1.2928,-0.000,0.000,0.0000,0.0000,-0.0000,4,1.2929,0.000
178,2.9667,0.0000,1.2427,-0.0000,0.0000,-0.0058,-0.0000,0.0000,0.000,0.000,-8.594,1,VEHICLE,1,Transform_ToVehicle_VEH,1.4500,50,150,0,0.0800,0,0,0.000,0.000,-0.136,0.0000,0.0000,0.0000,1,0.7373,0,0,0.0000,0,1.2928,0.0000,0.0000,0.0000,0.0000,0,80.00,0.0003,5.8518,9.3726,0.0000,6.4607,-0.0000,80.00,1,0.07339,-1.531,2.190,-3.335,1.532,4.726,3.127,0,0.00,0,0,0,0,0,1,1.2927,-0.000,0.000,-0.0000,-0.0000,-0.0000,4,1.2928,0.000
179,2.9833,0.0000,1.2426,-0.0000,0.0000,-0.0065,-0.0000,0.0000,0.000,0.000,-8.594,1,VEHICLE,1,Transform_ToVehicle_VEH,1.4667,50,150,0,0.0800,0,0,0.000,0.000,-0.136,0.0000,0.0000,0.0000,1,0.7458,0,0,0.0000,0,1.2927,0.0000,0.0000,0.0000,0.0000,0,80.00,0.0003,5.8518,9.3743,0.0000,6.4606,-0.0000,80.00,1,0.07242,-1.531,2.195,-3.335,1.531,4.738,3.124,0,0.00,0,0,0,0,0,1,1.2926,-0.000,0.000,-0.0000,0.0000,-0.0000,4,1.2927,0.000
180,3.0000,0.0000,1.2425,-0.0000,0.0000,-0.0072,-0.0000,0.0000,0.000,0.000,-8.594,1,VEHICLE,1,Transform_ToVehicle_VEH,1.4833,50,150,0,0.0800,0,0,0.000,0.000,-0.136,0.0000,0.0000,0.0000,1,0.7542,0,0,0.0000,0,1.2926,0.0000,0.0000,0.0000,0.0000,0,80.00,0.0002,5.8517,9.3748,0.0000,6.4605,-0.0000,80.00,1,0.12419,-1.531,2.201,-3.335,1.531,4.760,3.113,0,0.00,0,0,0,0,0,1,1.2925,-0.000,0.000,-0.0000,0.0000,-0.0000,4,1.2926,0.000
181,3.0167,0.0000,1.2424,-0.0000,0.0000,-0.0077,-0.0000,0.0000,0.000,0.000,-8.594,1,VEHICLE,1,Transform_ToVehicle_VEH,1.5000,50,150,0,0.0800,0,0,0.000,0.000,-0.136,0.0000,0.0000,0.0000,1,0.7627,0,0,0.0000,0,1.2925,0.0000,0.0000,0.0000,0.0000,0,80.00,0.0002,5.8516,9.3748,0.0000,6.4603,-0.0000,80.00,1,0.12388,-1.531,2.206,-3.335,1.531,4.782,3.096,0,0.00,0,0,0,0,0,1,1.2924,-0.000,0.000,-0.0000,-0.0000,-0.0000,4,1.2925,0.000
182,3.0333,0.0000,1.2422,-0.0000,0.0000,-0.0082,-0.0000,0.0000,0.000,0.000,-8.594,1,VEHICLE,1,Transform_ToVehicle_VEH,1.5167,50,150,0,0.0800,0,0,0.000,0.000,-0.136,0.0000,0.0000,0.0000,1,0.7712,0,0,0.0000,0,1.2924,0.0000,0.0000,0.0000,0.0000,0,80.00,0.0002,5.8514,9.3749,0.0000,6.4602,-0.0000,80.00,1,0.14779,-1.531,2.206,-3.336,1.531,4.779,3.055,0,0.00,0,0,0,0,0,1,1.2922,-0.000,0.000,-0.0000,0.0000,-0.0000,4,1.2924,0.000
183,3.0500,0.0000,1.2421,-0.0000,0.0000,-0.0086,-0.0000,0.0000,0.000,0.000,-8.594,1,VEHICLE,1,Transform_ToVehicle_VEH,1.5333,50,150,0,0.0800,0,0,0.000,0.000,-0.136,0.0000,0.0000,0.0000,1,0.7797,0,0,0.0000,0,1.2922,0.0000,0.0000,0.0000,0.0000,0,80.00,0.0002,5.8513,9.3749,0.0000,6.4601,-0.0000,80.00,1,0.14712,-1.531,2.208,-3.336,1.531,4.798,3.021,0,0.00,0,0,0,0,0,1,1.2921,-0.000,0.000,-0.0000,-0.0000,-0.0000,4,1.2922,0.000
184,3.0667,0.0000,1.2420,-0.0000,0.0000,-0.0089,-0.0000,0.0000,0.000,0.000,-8.594,1,VEHICLE,1,Transform_ToVehicle_VEH,1.5500,50,150,0,0.0800,0,0,0.000,0.000,-0.136,0.0000,0.0000,0.0000,1,0.7881,0,0,0.0000,0,1.2921,0.0000,0.0000,0.0000,0.0000,0,80.00,0.0001,5.8512,9.3749,0.0000,6.4599,-0.0000,80.00,1,0.18020,-1.531,2.212,-3.336,1.531,4.802,2.980,0,0.00,0,0,0,0,0,1,1.2920,-0.000,0.000,-0.0000,0.0000,-0.0000,4,1.2921,0.000
185,3.0833,0.0000,1.2418,-0.0000,0.0000,-0.0091,-0.0000,0.0000,0.000,0.000,-8.594,1,VEHICLE,1,Transform_ToVehicle_VEH,1.5667,50,150,0,0.0800,0,0,0.000,0.000,-0.136,0.0000,0.0000,0.0000,1,0.7966,0,0,0.0000,0,1.2920,0.0000,0.0000,0.0000,0.0000,0,80.00,0.0001,5.8510,9.3749,0.0000,6.4598,-0.0000,80.00,1,0.17947,-1.531,2.216,-3.336,1.531,4.813,2.975,0,0.00,0,0,0,0,0,1,1.2918,-0.000,0.000,0.0000,0.0000,-0.0000,4,1.2920,0.000
186,3.1000,0.0000,1.2416,-0.0000,0.0000,-0.0093,-0.0000,0.0000,0.000,0.000,-8.594,1,VEHICLE,1,Transform_ToVehicle_VEH,1.5833,50,150,0,0.0800,0,0,0.000,0.000,-0.136,0.0000,0.0000,0.0000,1,0.8051,0,0,0.0000,0,1.2918,0.0000,0.0000,0.0000,0.0000,0,80.00,0.0001,5.8509,9.3749,0.0000,6.4596,-0.0000,80.00,1,0.16233,-1.531,2.220,-3.336,1.531,4.817,2.967,0,0.00,0,0,0,0,0,1,1.2916,-0.000,0.000,-0.0000,-0.0000,-0.0000,4,1.2918,0.000
187,3.1167,0.0000,1.2415,-0.0000,0.0000,-0.0094,-0.0000,0.0000,0.000,0.000,-8.594,1,VEHICLE,1,Transform_ToVehicle_VEH,1.6000,50,150,0,0.0800,0,0,0.000,0.000,-0.136,0.0000,0.0000,0.0000,1,0.8136,0,0,0.0000,0,1.2916,0.0000,0.0000,0.0000,0.0000,0,80.00,0.0001,5.8507,9.3749,0.0000,6.4595,-0.0000,80.00,1,0.16191,-1.531,2.224,-3.336,1.531,4.823,2.963,0,0.00,0,0,0,0,0,1,1.2915,-0.000,0.000,-0.0000,0.0000,-0.0000,4,1.2916,0.000
188,3.1333,0.0000,1.2413,-0.0000,0.0000,-0.0095,-0.0000,0.0000,0.000,0.000,-8.594,1,VEHICLE,1,Transform_ToVehicle_VEH,1.6167,50,150,0,0.0800,0,0,0.000,0.000,-0.136,0.0000,0.0000,0.0000,1,0.8220,0,0,0.0000,0,1.2915,0.0000,0.0000,0.0000,0.0000,0,80.00,0.0001,5.8505,9.3749,0.0000,6.4593,-0.0000,80.00,1,0.09058,-1.531,2.227,-3.336,1.531,4.815,2.963,0,0.00,0,0,0,0,0,1,1.2913,-0.000,0.000,-0.0000,-0.0000,-0.0000,4,1.2915,0.000
189,3.1500,0.0000,1.2412,-0.0000,0.0000,-0.0095,-0.0000,0.0000,0.000,0.000,-8.594,1,VEHICLE,1,Transform_ToVehicle_VEH,1.6333,50,150,0,0.0800,0,0,0.000,0.000,-0.136,0.0000,0.0000,0.0000,1,0.8305,0,0,0.0000,0,1.2913,0.0000,0.0000,0.0000,0.0000,0,80.00,0.0001,5.8504,9.3749,0.0000,6.4591,-0.0000,80.00,1,0.09057,-1.531,2.229,-3.337,1.531,4.807,2.963,0,0.00,0,0,0,0,0,1,1.2912,-0.000,0.000,0.0000,0.0000,-0.0000,4,1.2913,0.000
190,3.1667,0.0000,1.2410,-0.0000,0.0000,-0.0095,-0.0000,0.0000,0.000,0.000,-8.594,1,VEHICLE,1,Transform_ToVehicle_VEH,1.6500,50,150,0,0.0800,0,0,0.000,0.000,-0.136,0.0000,0.0000,0.0000,1,0.8390,0,0,0.0000,0,1.2912,0.0000,0.0000,0.0000,0.0000,0,80.00,0.0001,5.8502,9.3749,0.0000,6.4590,-0.0000,80.00,1,0.08794,-1.531,2.228,-3.337,1.531,4.803,2.963,0,0.00,0,0,0,0,0,1,1.2910,-0.000,0.000,-0.0000,-0.0000,-0.0000,4,1.2912,0.000
191,3.1833,0.0000,1.2409,-0.0000,0.0000,-0.0095,-0.0000,0.0000,0.000,0.000,-8.594,1,VEHICLE,1,Transform_ToVehicle_VEH,1.6667,50,150,0,0.0800,0,0,0.000,0.000,-0.136,0.0000,0.0000,0.0000,1,0.8475,0,0,0.0000,0,1.2910,0.0000,0.0000,0.0000,0.0000,0,80.00,0.0001,5.8501,9.3749,0.0000,6.4588,-0.0000,80.00,1,0.08789,-1.531,2.228,-3.337,1.531,4.797,2.963,0,0.00,0,0,0,0,0,1,1.2909,-0.000,0.000,0.0000,0.0000,-0.0000,4,1.2910,0.000
192,3.2000,0.0000,1.2407,-0.0000,0.0000,-0.0094,-0.0000,0.0000,0.000,0.000,-8.594,1,VEHICLE,1,Transform_ToVehicle_VEH,1.6833,50,150,0,0.0800,0,0,0.000,0.000,-0.136,0.0000,0.0000,0.0000,1,0.8559,0,0,0.0000,0,1.2909,0.0000,0.0000,0.0000,0.0000,0,80.00,0.0001,5.8499,9.3749,0.0000,6.4587,-0.0000,80.00,1,0.04090,-1.531,2.228,-3.337,1.531,4.799,2.964,0,0.00,0,0,0,0,0,1,1.2907,-0.000,0.000,-0.0000,0.0000,-0.0000,4,1.2909,0.000
193,3.2167,0.0000,1.2405,-0.0000,0.0000,-0.0093,-0.0000,0.0000,0.000,0.000,-8.594,1,VEHICLE,1,Transform_ToVehicle_VEH,1.7000,50,150,0,0.0800,0,0,0.000,0.000,-0.136,0.0000,0.0000,0.0000,1,0.8644,0,0,0.0000,0,1.2907,0.0000,0.0000,0.0000,0.0000,0,80.00,0.0000,5.8498,9.3749,0.0000,6.4585,-0.0000,80.00,1,0.04088,-1.531,2.228,-3.337,1.531,4.797,2.964,0,0.00,0,0,0,0,0,1,1.2905,-0.000,0.000,-0.0000,0.0000,-0.0000,4,1.2907,0.000
194,3.2333,0.0000,1.2404,-0.0000,0.0000,-0.0091,-0.0000,0.0000,0.000,0.000,-8.594,1,VEHICLE,1,Transform_ToVehicle_VEH,1.7167,50,150,0,0.0800,0,0,0.000,0.000,-0.136,0.0000,0.0000,0.0000,1,0.8729,0,0,0.0000,0,1.2905,0.0000,0.0000,0.0000,0.0000,0,80.00,0.0000,5.8496,9.3749,0.0000,6.4584,-0.0000,80.00,1,0.00966,-1.531,2.229,-3.337,1.531,4.795,2.964,0,0.00,0,0,0,0,0,1,1.2904,-0.000,0.000,-0.0000,-0.0000,-0.0000,4,1.2905,0.000
195,3.2500,0.0000,1.2402,-0.0000,0.0000,-0.0090,-0.0000,0.0000,0.000,0.000,-8.594,1,VEHICLE,1,Transform_ToVehicle_VEH,1.7333,50,150,0,0.0800,0,0,0.000,0.000,-0.136,0.0000,0.0000,0.0000,1,0.8814,0,0,0.0000,0,1.2904,0.0000,0.0000,0.0000,0.0000,0,80.00,0.0000,5.8495,9.3749,0.0000,6.4582,-0.0000,80.00,1,0.00966,-1.531,2.231,-3.337,1.531,4.792,2.964,0,0.00,0,0,0,0,0,1,1.2902,-0.000,0.000,-0.0000,0.0000,-0.0000,4,1.2904,0.000
196,3.2667,0.0000,1.2401,-0.0000,0.0000,-0.0088,-0.0000,0.0000,0.000,0.000,-8.594,1,VEHICLE,1,Transform_ToVehicle_VEH,1.7500,50,150,0,0.0800,0,0,0.000,0.000,-0.136,0.0000,0.0000,0.0000,1,0.8898,0,0,0.0000,0,1.2902,0.0000,0.0000,0.0000,0.0000,0,80.00,0.0000,5.8493,9.3749,0.0000,6.4581,-0.0000,80.00,1,0.01720,-1.531,2.231,-3.337,1.531,4.793,2.964,0,0.00,0,0,0,0,0,1,1.2901,-0.000,0.000,0.0000,-0.0000,-0.0000,4,1.2902,0.000
197,3.2833,0.0000,1.2400,-0.0000,0.0000,-0.0086,-0.0000,0.0000,0.000,0.000,-8.594,1,VEHICLE,1,Transform_ToVehicle_VEH,1.7667,50,150,0,0.0800,0,0,0.000,0.000,-0.136,0.0000,0.0000,0.0000,1,0.8983,0,0,0.0000,0,1.2901,0.0000,0.0000,0.0000,0.0000,0,80.00,0.0000,5.8492,9.3749,0.0000,6.4579,-0.0000,80.00,1,0.01719,-1.531,2.232,-3.337,1.531,4.794,2.964,0,0.00,0,0,0,0,0,1,1.2900,-0.000,0.000,-0.0000,0.0000,-0.0000,4,1.2901,0.000
198,3.3000,0.0000,1.2398,-0.0000,0.0000,-0.0084,-0.0000,0.0000,0.000,0.000,-8.594,1,VEHICLE,1,Transform_ToVehicle_VEH,1.7833,50,150,0,0.0800,0,0,0.000,0.000,-0.136,0.0000,0.0000,0.0000,1,0.9068,0,0,0.0000,0,1.2900,0.0000,0.0000,0.0000,0.0000,0,80.00,0.0000,5.8490,9.3749,0.0000,6.4578,-0.0000,80.00,1,0.01438,-1.531,2.232,-3.337,1.531,4.793,2.964,0,0.00,0,0,0,0,0,1,1.2898,-0.000,0.000,-0.0000,-0.0000,-0.0000,4,1.2900,0.000
199,3.3167,0.0000,1.2397,-0.0000,0.0000,-0.0082,-0.0000,0.0000,0.000,0.000,-8.594,1,VEHICLE,1,Transform_ToVehicle_VEH,1.8000,50,150,0,0.0800,0,0,0.000,0.000,-0.136,0.0000,0.0000,0.0000,1,0.9153,0,0,0.0000,0,1.2898,0.0000,0.0000,0.0000,0.0000,0,80.00,0.0000,5.8489,9.3749,0.0000,6.4576,-0.0000,80.00,1,0.01438,-1.531,2.232,-3.337,1.531,4.793,2.964,0,0.00,0,0,0,0,0,1,1.2897,-0.000,0.000,-0.0000,0.0000,-0.0000,4,1.2898,0.000
200,3.3333,0.0000,1.2395,-0.0000,0.0000,-0.0079,-0.0000,0.0000,0.000,0.000,-8.594,1,VEHICLE,1,Transform_ToVehicle_VEH,1.8167,50,150,0,0.0800,0,0,0.000,0.000,-0.136,0.0000,0.0000,0.0000,1,0.9237,0,0,0.0000,0,1.2897,0.0000,0.0000,0.0000,0.0000,0,80.00,0.0000,5.8488,9.3749,0.0000,6.4575,-0.0000,80.00,1,0.01096,-1.531,2.232,-3.337,1.531,4.793,2.964,0,0.00,0,0,0,0,0,1,1.2895,-0.000,0.000,-0.0000,-0.0000,-0.0000,4,1.2897,0.000
201,3.3500,0.0000,1.2394,-0.0000,0.0000,-0.0077,-0.0000,0.0000,0.000,0.000,-8.594,1,VEHICLE,1,Transform_ToVehicle_VEH,1.8333,50,150,0,0.0800,0,0,0.000,0.000,-0.136,0.0000,0.0000,0.0000,1,0.9322,0,0,0.0000,0,1.2895,0.0000,0.0000,0.0000,0.0000,0,80.00,0.0000,5.8486,9.3749,0.0000,6.4574,-0.0000,80.00,1,0.01096,-1.531,2.232,-3.337,1.531,4.793,2.964,0,0.00,0,0,0,0,0,1,1.2894,-0.000,0.000,0.0000,-0.0000,-0.0000,4,1.2895,0.000
202,3.3667,0.0000,1.2393,-0.0000,0.0000,-0.0074,-0.0000,0.0000,0.000,0.000,-8.594,1,VEHICLE,1,Transform_ToVehicle_VEH,1.8500,50,150,0,0.0800,0,0,0.000,0.000,-0.136,0.0000,0.0000,0.0000,1,0.9407,0,0,0.0000,0,1.2894,0.0000,0.0000,0.0000,0.0000,0,80.00,0.0000,5.8485,9.3749,0.0000,6.4573,-0.0000,80.00,1,0.00000,-1.531,2.232,-3.337,1.531,4.793,2.964,0,0.00,0,0,0,0,0,1,1.2893,-0.000,0.000,-0.0000,0.0000,-0.0000,4,1.2894,0.000
203,3.3833,0.0000,1.2392,-0.0000,0.0000,-0.0072,-0.0000,0.0000,0.000,0.000,-8.594,1,VEHICLE,1,Transform_ToVehicle_VEH,1.8667,50,150,0,0.0800,0,0,0.000,0.000,-0.136,0.0000,0.0000,0.0000,1,0.9492,0,0,0.0000,0,1.2893,0.0000,0.0000,0.0000,0.0000,0,80.00,0.0000,5.8484,9.3749,0.0000,6.4571,-0.0000,80.00,1,0.00000,-1.531,2.232,-3.337,1.531,4.793,2.964,0,0.00,0,0,0,0,0,1,1.2892,-0.000,0.000,-0.0000,-0.0000,-0.0000,4,1.2893,0.000
204,3.4000,0.0000,1.2391,-0.0000,0.0000,-0.0069,-0.0000,0.0000,0.000,0.000,-8.594,1,VEHICLE,1,Transform_ToVehicle_VEH,1.8833,50,150,0,0.0800,0,0,0.000,0.000,-0.136,0.0000,0.0000,0.0000,1,0.9576,0,0,0.0000,0,1.2892,0.0000,0.0000,0.0000,0.0000,0,80.00,0.0000,5.8483,9.3749,0.0000,6.4570,-0.0000,80.00,1,0.00000,-1.531,2.232,-3.337,1.531,4.793,2.964,0,0.00,0,0,0,0,0,1,1.2891,-0.000,0.000,-0.0000,0.0000,-0.0000,4,1.2892,0.000
205,3.4167,0.0000,1.2389,-0.0000,0.0000,-0.0067,-0.0000,0.0000,0.000,0.000,-8.594,1,VEHICLE,1,Transform_ToVehicle_VEH,1.9000,50,150,0,0.0800,0,0,0.000,0.000,-0.136,0.0000,0.0000,0.0000,1,0.9661,0,0,0.0000,0,1.2891,0.0000,0.0000,0.0000,0.0000,0,80.00,0.0000,5.8482,9.3749,0.0000,6.4569,-0.0000,80.00,1,0.00000,-1.531,2.232,-3.337,1.531,4.793,2.964,0,0.00,0,0,0,0,0,1,1.2889,-0.000,0.000,0.0000,-0.0000,-0.0000,4,1.2891,0.000
206,3.4333,0.0000,1.2388,-0.0000,0.0000,-0.0064,-0.0000,0.0000,0.000,0.000,-8.594,1,VEHICLE,1,Transform_ToVehicle_VEH,1.9167,50,150,0,0.0800,0,0,0.000,0.000,-0.136,0.0000,0.0000,0.0000,1,0.9746,0,0,0.0000,0,1.2889,0.0000,0.0000,0.0000,0.0000,0,80.00,0.0000,5.8481,9.3749,0.0000,6.4568,-0.0000,80.00,1,0.00000,-1.531,2.232,-3.337,1.531,4.793,2.964,0,0.00,0,0,0,0,0,1,1.2888,-0.000,0.000,-0.0000,0.0000,-0.0000,4,1.2889,0.000
207,3.4500,0.0000,1.2387,-0.0000,0.0000,-0.0062,-0.0000,0.0000,0.000,0.000,-8.594,1,VEHICLE,1,Transform_ToVehicle_VEH,1.9333,50,150,0,0.0800,0,0,0.000,0.000,-0.136,0.0000,0.0000,0.0000,1,0.9831,0,0,0.0000,0,1.2888,0.0000,0.0000,0.0000,0.0000,0,80.00,0.0000,5.8480,9.3749,0.0000,6.4567,-0.0000,80.00,1,0.00000,-1.531,2.232,-3.337,1.531,4.793,2.964,0,0.00,0,0,0,0,0,1,1.2887,-0.000,0.000,-0.0000,-0.0000,-0.0000,4,1.2888,0.000
208,3.4667,0.0000,1.2386,-0.0000,0.0000,-0.0059,-0.0000,0.0000,0.000,0.000,-8.594,1,VEHICLE,1,Transform_ToVehicle_VEH,1.9500,50,150,0,0.0800,0,0,0.000,0.000,-0.136,0.0000,0.0000,0.0000,1,0.9915,0,0,0.0000,0,1.2887,0.0000,0.0000,0.0000,0.0000,0,80.00,0.0000,5.8479,9.3749,0.0000,6.4566,-0.0000,80.00,1,0.00000,-1.531,2.231,-3.337,1.531,4.792,2.964,0,0.00,0,0,0,0,0,1,1.2886,-0.000,0.000,-0.0000,0.0000,-0.0000,4,1.2887,0.000
209,3.4833,0.0000,1.2385,-0.0000,0.0000,-0.0056,-0.0000,0.0000,0.000,0.000,-8.594,1,VEHICLE,1,Transform_ToVehicle_VEH,1.9667,50,150,0,0.0800,0,0,0.000,0.000,-0.136,0.0000,0.0000,0.0000,1,1.0000,0,0,0.0000,0,1.2886,0.0000,0.0000,0.0000,0.0000,0,80.00,0.0000,5.8478,9.3749,0.0000,6.4565,-0.0000,80.00,1,0.00000,-1.531,2.231,-3.337,1.531,4.792,2.964,0,0.00,0,0,0,0,0,1,1.2885,-0.000,0.000,0.0000,-0.0000,-0.0000,4,1.2886,0.000
210,3.5000,0.0000,1.2385,-0.0000,0.0000,-0.0054,-0.0000,0.0000,0.000,0.000,-8.594,1,VEHICLE,0,Nav_Hover_FBLR_VEH,0.0000,50,150,0,0.0800,0,0,0.000,0.000,-0.136,0.0000,0.0000,0.0000,1,1.0000,0,0,0.0000,0,1.2885,0.0000,0.0000,0.0000,0.0000,0,80.00,0.0000,5.8477,9.3749,0.0000,6.4564,-0.0000,80.00,1,0.00424,-1.531,2.231,-3.337,1.531,4.795,2.964,0,0.00,0,0,0,0,0,1,1.2885,-0.000,0.000,-0.0000,0.0000,-0.0000,4,1.2885,0.000
211,3.5167,0.0000,1.2384,-0.0000,0.0000,-0.0051,-0.0000,0.0000,0.000,0.000,-8.594,1,VEHICLE,0,Nav_Hover_FBLR_VEH,0.0167,50,150,0,0.0800,0,0,0.000,0.000,-0.136,0.0000,0.0000,0.0000,1,1.0000,0,0,0.0000,0,1.2885,0.0000,0.0000,0.0000,0.0000,0,80.00,0.0000,5.8476,9.3749,0.0000,6.4563,-0.0000,80.00,1,0.01745,-1.530,2.220,-3.336,1.532,4.785,2.964,0,0.00,0,0,0,0,0,1,1.2884,-0.000,0.000,0.0000,-0.0000,-0.0000,4,1.2885,0.000
212,3.5333,0.0000,1.2383,-0.0000,0.0000,-0.0049,-0.0000,0.0000,0.000,0.000,-8.594,1,VEHICLE,0,Nav_Hover_FBLR_VEH,0.0333,50,150,0,0.0800,0,0,0.000,0.000,-0.136,0.0000,0.0000,0.0000,1,1.0000,0,0,0.0000,0,1.2884,0.0000,0.0000,0.0000,0.0000,0,80.00,0.0000,5.8475,9.3749,0.0000,6.4563,-0.0000,80.00,1,0.04356,-1.530,2.188,-3.336,1.532,4.754,2.964,0,0.00,0,0,0,0,0,1,1.2883,-0.000,0.000,-0.0000,0.0000,-0.0000,4,1.2884,0.000
213,3.5500,0.0000,1.2382,-0.0000,0.0000,-0.0047,-0.0000,0.0000,0.000,0.000,-8.594,1,VEHICLE,0,Nav_Hover_FBLR_VEH,0.0500,50,150,0,0.0800,0,0,0.000,0.000,-0.136,0.0000,0.0000,0.0000,1,1.0000,0,0,0.0000,0,1.2883,0.0000,0.0000,0.0000,0.0000,0,80.00,0.0000,5.8474,9.3749,0.0000,6.4562,-0.0000,80.00,1,0.06677,-1.530,2.140,-3.336,1.532,4.706,2.964,0,0.00,0,0,0,0,0,1,1.2882,-0.000,0.000,-0.0000,-0.0000,-0.0000,4,1.2883,0.000
214,3.5667,0.0000,1.2381,-0.0000,0.0000,-0.0044,-0.0000,0.0000,0.000,0.000,-8.594,1,VEHICLE,0,Nav_Hover_FBLR_VEH,0.0667,50,150,0,0.0800,0,0,0.000,0.000,-0.136,0.0000,0.0000,0.0000,1,1.0000,0,0,0.0000,0,1.2882,0.0000,0.0000,0.0000,0.0000,0,80.00,0.0000,5.8474,9.3749,0.0000,6.4561,-0.0000,80.00,1,0.08575,-1.530,2.077,-3.336,1.532,4.642,2.964,0,0.00,0,0,0,0,0,1,1.2881,-0.000,0.000,0.0000,0.0000,-0.0000,4,1.2882,0.000
215,3.5833,0.0000,1.2381,-0.0000,0.0000,-0.0042,-0.0000,0.0000,0.000,0.000,-8.594,1,VEHICLE,0,Nav_Hover_FBLR_VEH,0.0833,50,150,0,0.0800,0,0,0.000,0.000,-0.136,0.0000,0.0000,0.0000,1,1.0000,0,0,0.0000,0,1.2881,0.0000,0.0000,0.0000,0.0000,0,80.00,0.0000,5.8473,9.3749,0.0000,6.4560,-0.0000,80.00,1,0.10058,-1.531,2.003,-3.336,1.532,4.568,2.964,0,0.00,0,0,0,0,0,1,1.2881,-0.000,0.000,-0.0000,0.0000,-0.0000,4,1.2881,0.000
216,3.6000,0.0000,1.2380,-0.0000,0.0000,-0.0040,-0.0000,0.0000,0.000,0.000,-8.594,1,VEHICLE,0,Nav_Hover_FBLR_VEH,0.1000,50,150,0,0.0800,0,0,0.000,0.000,-0.136,0.0000,0.0000,0.0000,1,1.0000,0,0,0.0000,0,1.2881,0.0000,0.0000,0.0000,0.0000,0,80.00,0.0000,5.8472,9.3749,0.0000,6.4560,-0.0000,80.00,1,0.11161,-1.539,1.919,-3.336,1.532,4.485,2.964,0,0.00,0,0,0,0,0,1,1.2880,-0.000,0.000,0.0000,-0.0000,-0.0000,4,1.2881,0.000
217,3.6167,0.0000,1.2379,-0.0000,0.0000,-0.0038,-0.0000,0.0000,0.000,0.000,-8.594,1,VEHICLE,0,Nav_Hover_FBLR_VEH,0.1167,50,150,0,0.0800,0,0,0.000,0.000,-0.136,0.0000,0.0000,0.0000,1,1.0000,0,0,0.0000,0,1.2880,0.0000,0.0000,0.0000,0.0000,0,80.00,0.0000,5.8472,9.3749,0.0000,6.4559,-0.0000,80.00,1,0.11836,-1.538,1.831,-3.336,1.533,4.397,2.964,0,0.00,0,0,0,0,0,1,1.2879,-0.000,0.000,-0.0000,-0.0000,-0.0000,4,1.2880,0.000
218,3.6333,0.0000,1.2379,-0.0000,0.0000,-0.0035,-0.0000,0.0000,0.000,0.000,-8.594,1,VEHICLE,0,Nav_Hover_FBLR_VEH,0.1333,50,150,0,0.0800,0,0,0.000,0.000,-0.136,0.0000,0.0000,0.0000,1,1.0000,0,0,0.0000,0,1.2879,0.0000,0.0000,0.0000,0.0000,0,80.00,0.0000,5.8471,9.3749,0.0000,6.4558,-0.0000,80.00,1,0.12078,-1.542,1.739,-3.337,1.537,4.305,2.964,0,0.00,0,0,0,0,0,1,1.2879,-0.000,0.000,-0.0000,0.0000,-0.0000,4,1.2879,0.000
219,3.6500,0.0000,1.2378,-0.0000,0.0000,-0.0033,-0.0000,0.0000,0.000,0.000,-8.594,1,VEHICLE,0,Nav_Hover_FBLR_VEH,0.1500,50,150,0,0.0800,0,0,0.000,0.000,-0.136,0.0000,0.0000,0.0000,1,1.0000,0,0,0.0000,0,1.2879,0.0000,0.0000,0.0000,0.0000,0,80.00,0.0000,5.8471,9.3749,0.0000,6.4558,-0.0000,80.00,1,0.12026,-1.549,1.651,-3.337,1.545,4.213,2.964,0,0.00,0,0,0,0,0,1,1.2878,-0.000,0.000,0.0000,-0.0000,-0.0000,4,1.2879,0.000
220,3.6667,0.0000,1.2378,-0.0000,0.0000,-0.0031,-0.0000,0.0000,0.000,0.000,-8.594,1,VEHICLE,0,Nav_Hover_FBLR_VEH,0.1667,50,150,0,0.0800,0,0,0.000,0.000,-0.136,0.0000,0.0000,0.0000,1,1.0000,0,0,0.0000,0,1.2878,0.0000,0.0000,0.0000,0.0000,0,80.00,0.0000,5.8470,9.3749,0.0000,6.4557,-0.0000,80.00,1,0.11382,-1.556,1.559,-3.338,1.556,4.128,2.964,0,0.00,0,0,0,0,0,1,1.2878,-0.000,0.000,-0.0000,0.0000,-0.0000,4,1.2878,0.000
221,3.6833,0.0000,1.2377,-0.0000,0.0000,-0.0030,-0.0000,0.0000,0.000,0.000,-8.594,1,VEHICLE,0,Nav_Hover_FBLR_VEH,0.1833,50,150,0,0.0800,0,0,0.000,0.000,-0.136,0.0000,0.0000,0.0000,1,1.0000,0,0,0.0000,0,1.2878,0.0000,0.0000,0.0000,0.0000,0,80.00,0.0000,5.8470,9.3749,0.0000,6.4557,-0.0000,80.00,1,0.10302,-1.564,1.474,-3.338,1.564,4.050,2.963,0,0.00,0,0,0,0,0,1,1.2877,-0.000,0.000,-0.0000,-0.0000,-0.0000,4,1.2878,0.000
222,3.7000,0.0000,1.2377,-0.0000,0.0000,-0.0028,-0.0000,0.0000,0.000,0.000,-8.594,1,VEHICLE,0,Nav_Hover_FBLR_VEH,0.2000,50,150,0,0.0800,0,0,0.000,0.000,-0.136,0.0000,0.0000,0.0000,1,1.0000,0,0,0.0000,0,1.2877,0.0000,0.0000,0.0000,0.0000,0,80.00,0.0000,5.8469,9.3749,0.0000,6.4556,-0.0000,80.00,1,0.08787,-1.570,1.406,-3.338,1.571,3.983,2.964,0,0.00,0,0,0,0,0,1,1.2877,-0.000,0.000,0.0000,0.0000,-0.0000,4,1.2877,0.000
223,3.7167,0.0000,1.2376,-0.0000,0.0000,-0.0026,-0.0000,0.0000,0.000,0.000,-8.594,1,VEHICLE,0,Nav_Hover_FBLR_VEH,0.2167,50,150,0,0.0800,0,0,0.000,0.000,-0.136,0.0000,0.0000,0.0000,1,1.0000,0,0,0.0000,0,1.2877,0.0000,0.0000,0.0000,0.0000,0,80.00,0.0000,5.8469,9.3749,0.0000,6.4556,-0.0000,80.00,1,0.06833,-1.574,1.357,-3.339,1.576,3.930,2.964,0,0.00,0,0,0,0,0,1,1.2876,-0.000,0.000,0.0000,-0.0000,-0.0000,4,1.2877,0.000
224,3.7333,0.0000,1.2376,-0.0000,0.0000,-0.0024,-0.0000,0.0000,0.000,0.000,-8.594,1,VEHICLE,0,Nav_Hover_FBLR_VEH,0.2333,50,150,0,0.0800,0,0,0.000,0.000,-0.136,0.0000,0.0000,0.0000,1,1.0000,0,0,0.0000,0,1.2876,0.0000,0.0000,0.0000,0.0000,0,80.00,0.0000,5.8468,9.3749,0.0000,6.4556,-0.0000,80.00,1,0.04447,-1.577,1.325,-3.339,1.579,3.896,2.964,0,0.00,0,0,0,0,0,1,1.2876,-0.000,0.000,-0.0000,0.0000,-0.0000,4,1.2876,0.000
225,3.7500,0.0000,1.2376,-0.0000,0.0000,-0.0023,-0.0000,0.0000,0.000,0.000,-8.594,1,VEHICLE,0,Nav_Hover_FBLR_VEH,0.2500,50,150,0,0.0800,0,0,0.000,0.000,-0.136,0.0000,0.0000,0.0000,1,1.0000,0,0,0.0000,0,1.2876,0.0000,0.0000,0.0000,0.0000,0,80.00,0.0000,5.8468,9.3749,0.0000,6.4555,-0.0000,80.00,1,0.01624,-1.579,1.314,-3.339,1.581,3.884,2.964,0,0.00,0,0,0,0,0,1,1.2876,-0.000,0.000,-0.0000,0.0000,-0.0000,4,1.2876,0.000
226,3.7667,0.0000,1.2375,-0.0000,0.0000,-0.0021,-0.0000,0.0000,0.000,0.000,-8.594,1,VEHICLE,0,Nav_Hover_FBLR_VEH,0.2667,50,150,0,0.0800,0,0,0.000,0.000,-0.136,0.0000,0.0000,0.0000,1,1.0000,0,0,0.0000,0,1.2876,0.0000,0.0000,0.0000,0.0000,0,80.00,0.0000,5.8467,9.3749,0.0000,6.4555,-0.0000,80.00,1,0.00174,-1.578,1.314,-3.339,1.581,3.883,2.964,0,0.00,0,0,0,0,0,1,1.2875,-0.000,0.000,-0.0000,-0.0000,-0.0000,4,1.2876,0.000
227,3.7833,0.0000,1.2375,-0.0000,0.0000,-0.0020,-0.0000,0.0000,0.000,0.000,-8.594,1,VEHICLE,0,Nav_Hover_FBLR_VEH,0.2833,50,150,0,0.0800,0,0,0.000,0.000,-0.136,0.0000,0.0000,0.0000,1,1.0000,0,0,0.0000,0,1.2875,0.0000,0.0000,0.0000,0.0000,0,80.00,0.0000,5.8467,9.3749,0.0000,6.4555,-0.0000,80.00,1,0.00175,-1.578,1.314,-3.339,1.581,3.882,2.964,0,0.00,0,0,0,0,0,1,1.2875,-0.000,0.000,-0.0000,0.0000,-0.0000,4,1.2875,0.000
228,3.8000,0.0000,1.2375,-0.0000,0.0000,-0.0018,-0.0000,0.0000,0.000,0.000,-8.594,1,VEHICLE,0,Nav_Hover_FBLR_VEH,0.3000,50,150,0,0.0800,0,0,0.000,0.000,-0.136,0.0000,0.0000,0.0000,1,1.0000,0,0,0.0000,0,1.2875,0.0000,0.0000,0.0000,0.0000,0,80.00,0.0000,5.8467,9.3749,0.0000,6.4554,-0.0000,80.00,1,0.00175,-1.578,1.314,-3.339,1.581,3.881,2.964,0,0.00,0,0,0,0,0,1,1.2875,-0.000,0.000,-0.0000,0.0000,-0.0000,4,1.2875,0.000
229,3.8167,0.0000,1.2374,-0.0000,0.0000,-0.0017,-0.0000,0.0000,0.000,0.000,-8.594,1,VEHICLE,0,Nav_Hover_FBLR_VEH,0.3167,50,150,0,0.0800,0,0,0.000,0.000,-0.136,0.0000,0.0000,0.0000,1,1.0000,0,0,0.0000,0,1.2875,0.0000,0.0000,0.0000,0.0000,0,80.00,0.0000,5.8467,9.3749,0.0000,6.4554,-0.0000,80.00,1,0.00173,-1.578,1.314,-3.340,1.581,3.881,2.964,0,0.00,0,0,0,0,0,1,1.2874,-0.000,0.000,0.0000,-0.0000,-0.0000,4,1.2875,0.000
230,3.8333,0.0000,1.2374,-0.0000,0.0000,-0.0016,-0.0000,0.0000,0.000,0.000,-8.594,1,VEHICLE,0,Nav_Hover_FBLR_VEH,0.3333,50,150,0,0.0800,0,0,0.000,0.000,-0.136,0.0000,0.0000,0.0000,1,1.0000,0,0,0.0000,0,1.2874,0.0000,0.0000,0.0000,0.0000,0,80.00,0.0000,5.8466,9.3749,0.0000,6.4554,-0.0000,80.00,1,0.00173,-1.578,1.314,-3.340,1.581,3.880,2.965,0,0.00,0,0,0,0,0,1,1.2874,-0.000,0.000,-0.0000,0.0000,-0.0000,4,1.2874,0.000
231,3.8500,0.0000,1.2374,-0.0000,0.0000,-0.0014,-0.0000,0.0000,0.000,0.000,-8.594,1,VEHICLE,0,Nav_Hover_FBLR_VEH,0.3500,50,150,0,0.0800,0,0,0.000,0.000,-0.136,0.0000,0.0000,0.0000,1,1.0000,0,0,0.0000,0,1.2874,0.0000,0.0000,0.0000,0.0000,0,80.00,0.0000,5.8466,9.3749,0.0000,6.4553,-0.0000,80.00,1,0.00172,-1.578,1.314,-3.340,1.581,3.879,2.965,0,0.00,0,0,0,0,0,1,1.2874,-0.000,0.000,-0.0000,0.0000,-0.0000,4,1.2874,0.000
232,3.8667,0.0000,1.2374,-0.0000,0.0000,-0.0013,-0.0000,0.0000,0.000,0.000,-8.594,1,VEHICLE,0,Nav_Hover_FBLR_VEH,0.3667,50,150,0,0.0800,0,0,0.000,0.000,-0.136,0.0000,0.0000,0.0000,1,1.0000,0,0,0.0000,0,1.2874,0.0000,0.0000,0.0000,0.0000,0,80.00,0.0000,5.8466,9.3749,0.0000,6.4553,-0.0000,80.00,1,0.00172,-1.578,1.314,-3.340,1.581,3.879,2.965,0,0.00,0,0,0,0,0,1,1.2874,-0.000,0.000,-0.0000,-0.0000,-0.0000,4,1.2874,0.000
233,3.8833,0.0000,1.2373,-0.0000,0.0000,-0.0012,-0.0000,0.0000,0.000,0.000,-8.594,1,VEHICLE,0,Nav_Hover_FBLR_VEH,0.3833,50,150,0,0.0800,0,0,0.000,0.000,-0.136,0.0000,0.0000,0.0000,1,1.0000,0,0,0.0000,0,1.2874,0.0000,0.0000,0.0000,0.0000,0,80.00,0.0000,5.8466,9.3749,0.0000,6.4553,-0.0000,80.00,1,0.00168,-1.578,1.314,-3.340,1.581,3.878,2.965,0,0.00,0,0,0,0,0,1,1.2873,-0.000,0.000,0.0000,0.0000,-0.0000,4,1.2874,0.000
234,3.9000,0.0000,1.2373,-0.0000,0.0000,-0.0011,-0.0000,0.0000,0.000,0.000,-8.594,1,VEHICLE,0,Nav_Hover_FBLR_VEH,0.4000,50,150,0,0.0800,0,0,0.000,0.000,-0.136,0.0000,0.0000,0.0000,1,1.0000,0,0,0.0000,0,1.2873,0.0000,0.0000,0.0000,0.0000,0,80.00,0.0000,5.8465,9.3749,0.0000,6.4553,-0.0000,80.00,1,0.00168,-1.578,1.314,-3.340,1.581,3.877,2.965,0,0.00,0,0,0,0,0,1,1.2873,-0.000,0.000,-0.0000,-0.0000,-0.0000,4,1.2873,0.000
235,3.9167,0.0000,1.2373,-0.0000,0.0000,-0.0010,-0.0000,0.0000,0.000,0.000,-8.594,1,VEHICLE,0,Nav_Hover_FBLR_VEH,0.4167,50,150,0,0.0800,0,0,0.000,0.000,-0.136,0.0000,0.0000,0.0000,1,1.0000,0,0,0.0000,0,1.2873,0.0000,0.0000,0.0000,0.0000,0,80.00,0.0000,5.8465,9.3749,0.0000,6.4553,-0.0000,80.00,1,0.00163,-1.578,1.314,-3.340,1.581,3.877,2.965,0,0.00,0,0,0,0,0,1,1.2873,-0.000,0.000,-0.0000,0.0000,-0.0000,4,1.2873,0.000
236,3.9333,0.0000,1.2373,-0.0000,0.0000,-0.0009,-0.0000,0.0000,0.000,0.000,-8.594,1,VEHICLE,0,Nav_Hover_FBLR_VEH,0.4333,50,150,0,0.0800,0,0,0.000,0.000,-0.136,0.0000,0.0000,0.0000,1,1.0000,0,0,0.0000,0,1.2873,0.0000,0.0000,0.0000,0.0000,0,80.00,0.0000,5.8465,9.3749,0.0000,6.4553,-0.0000,80.00,1,0.00163,-1.578,1.314,-3.340,1.581,3.876,2.965,0,0.00,0,0,0,0,0,1,1.2873,-0.000,0.000,-0.0000,0.0000,-0.0000,4,1.2873,0.000
237,3.9500,0.0000,1.2373,-0.0000,0.0000,-0.0009,-0.0000,0.0000,0.000,0.000,-8.594,1,VEHICLE,0,Nav_Hover_FBLR_VEH,0.4500,50,150,0,0.0800,0,0,0.000,0.000,-0.136,0.0000,0.0000,0.0000,1,1.0000,0,0,0.0000,0,1.2873,0.0000,0.0000,0.0000,0.0000,0,80.00,0.0000,5.8465,9.3749,0.0000,6.4552,-0.0000,80.00,1,0.00162,-1.578,1.314,-3.340,1.581,3.876,2.965,0,0.00,0,0,0,0,0,1,1.2873,-0.000,0.000,0.0000,-0.0000,-0.0000,4,1.2873,0.000
238,3.9667,0.0000,1.2373,-0.0000,0.0000,-0.0008,-0.0000,0.0000,0.000,0.000,-8.594,1,VEHICLE,0,Nav_Hover_FBLR_VEH,0.4667,50,150,0,0.0800,0,0,0.000,0.000,-0.136,0.0000,0.0000,0.0000,1,1.0000,0,0,0.0000,0,1.2873,0.0000,0.0000,0.0000,0.0000,0,80.00,0.0000,5.8465,9.3749,0.0000,6.4552,-0.0000,80.00,1,0.00162,-1.578,1.314,-3.340,1.581,3.876,2.965,0,0.00,0,0,0,0,0,1,1.2873,-0.000,0.000,-0.0000,-0.0000,-0.0000,4,1.2873,0.000
239,3.9833,0.0000,1.2372,-0.0000,0.0000,-0.0007,-0.0000,0.0000,0.000,0.000,-8.594,1,VEHICLE,0,Nav_Hover_FBLR_VEH,0.4833,50,150,0,0.0800,0,0,0.000,0.000,-0.136,0.0000,0.0000,0.0000,1,1.0000,0,0,0.0000,0,1.2873,0.0000,0.0000,0.0000,0.0000,0,80.00,0.0000,5.8465,9.3749,0.0000,6.4552,-0.0000,80.00,1,0.00168,-1.578,1.313,-3.340,1.581,3.875,2.965,0,0.00,0,0,0,0,0,1,1.2872,-0.000,0.000,0.0000,-0.0000,-0.0000,4,1.2873,0.000
240,4.0000,0.0000,1.2372,-0.0000,0.0000,-0.0006,-0.0000,0.0000,0.000,0.000,-8.594,1,VEHICLE,0,Nav_Hover_FBLR_VEH,0.5000,50,150,0,0.0800,0,0,0.000,0.000,-0.136,0.0000,0.0000,0.0000,1,1.0000,0,0,0.0000,0,1.2872,0.0000,0.0000,0.0000,0.0000,0,80.00,0.0000,5.8465,9.3749,0.0000,6.4552,-0.0000,80.00,1,0.00168,-1.578,1.313,-3.340,1.581,3.875,2.965,0,0.00,0,0,0,0,0,1,1.2872,-0.000,0.000,-0.0000,0.0000,-0.0000,4,1.2872,0.000
241,4.0167,0.0000,1.2372,-0.0000,0.0000,-0.0006,-0.0000,0.0000,0.000,0.000,-8.594,1,VEHICLE,0,Nav_Hover_FBLR_VEH,0.5167,50,150,0,0.0800,0,0,0.000,0.000,-0.136,0.0000,0.0000,0.0000,1,1.0000,0,0,0.0000,0,1.2872,0.0000,0.0000,0.0000,0.0000,0,80.00,0.0000,5.8465,9.3749,0.0000,6.4552,-0.0000,80.00,1,0.00170,-1.578,1.313,-3.340,1.581,3.874,2.965,0,0.00,0,0,0,0,0,1,1.2872,-0.000,0.000,-0.0000,-0.0000,-0.0000,4,1.2872,0.000
242,4.0333,0.0000,1.2372,-0.0000,0.0000,-0.0005,-0.0000,0.0000,0.000,0.000,-8.594,1,VEHICLE,0,Nav_Hover_FBLR_VEH,0.5333,50,150,0,0.0800,0,0,0.000,0.000,-0.136,0.0000,0.0000,0.0000,1,1.0000,0,0,0.0000,0,1.2872,0.0000,0.0000,0.0000,0.0000,0,80.00,0.0000,5.8464,9.3749,0.0000,6.4552,-0.0000,80.00,1,0.00170,-1.578,1.313,-3.340,1.581,3.873,2.965,0,0.00,0,0,0,0,0,1,1.2872,-0.000,0.000,0.0000,0.0000,-0.0000,4,1.2872,0.000
243,4.0500,0.0000,1.2372,-0.0000,0.0000,-0.0004,-0.0000,0.0000,0.000,0.000,-8.594,1,VEHICLE,0,Nav_Hover_FBLR_VEH,0.5500,50,150,0,0.0800,0,0,0.000,0.000,-0.136,0.0000,0.0000,0.0000,1,1.0000,0,0,0.0000,0,1.2872,0.0000,0.0000,0.0000,0.0000,0,80.00,0.0000,5.8464,9.3749,0.0000,6.4552,-0.0000,80.00,1,0.00173,-1.578,1.312,-3.340,1.581,3.873,2.965,0,0.00,0,0,0,0,0,1,1.2872,-0.000,0.000,-0.0000,0.0000,-0.0000,4,1.2872,0.000
244,4.0667,0.0000,1.2372,-0.0000,0.0000,-0.0004,-0.0000,0.0000,0.000,0.000,-8.594,1,VEHICLE,0,Nav_Hover_FBLR_VEH,0.5667,50,150,0,0.0800,0,0,0.000,0.000,-0.136,0.0000,0.0000,0.0000,1,1.0000,0,0,0.0000,0,1.2872,0.0000,0.0000,0.0000,0.0000,0,80.00,0.0000,5.8464,9.3749,0.0000,6.4552,-0.0000,80.00,1,0.00173,-1.578,1.312,-3.340,1.581,3.873,2.965,0,0.00,0,0,0,0,0,1,1.2872,-0.000,0.000,0.0000,0.0000,-0.0000,4,1.2872,0.000
245,4.0833,0.0000,1.2372,-0.0000,0.0000,-0.0003,-0.0000,0.0000,0.000,0.000,-8.594,1,VEHICLE,0,Nav_Hover_FBLR_VEH,0.5833,50,150,0,0.0800,0,0,0.000,0.000,-0.136,0.0000,0.0000,0.0000,1,1.0000,0,0,0.0000,0,1.2872,0.0000,0.0000,0.0000,0.0000,0,80.00,0.0000,5.8464,9.3749,0.0000,6.4552,-0.0000,80.00,1,0.00172,-1.578,1.311,-3.340,1.581,3.873,2.965,0,0.00,0,0,0,0,0,1,1.2872,-0.000,0.000,-0.0000,-0.0000,-0.0000,4,1.2872,0.000
246,4.1000,0.0000,1.2372,-0.0000,0.0000,-0.0003,-0.0000,0.0000,0.000,0.000,-8.594,1,VEHICLE,0,Nav_Hover_FBLR_VEH,0.6000,50,150,0,0.0800,0,0,0.000,0.000,-0.136,0.0000,0.0000,0.0000,1,1.0000,0,0,0.0000,0,1.2872,0.0000,0.0000,0.0000,0.0000,0,80.00,0.0000,5.8464,9.3749,0.0000,6.4552,-0.0000,80.00,1,0.00172,-1.578,1.311,-3.340,1.581,3.873,2.965,0,0.00,0,0,0,0,0,1,1.2872,-0.000,0.000,0.0000,0.0000,-0.0000,4,1.2872,0.000
247,4.1167,0.0000,1.2372,-0.0000,0.0000,-0.0002,-0.0000,0.0000,0.000,0.000,-8.594,1,VEHICLE,0,Nav_Hover_FBLR_VEH,0.6167,50,150,0,0.0800,0,0,0.000,0.000,-0.136,0.0000,0.0000,0.0000,1,1.0000,0,0,0.0000,0,1.2872,0.0000,0.0000,0.0000,0.0000,0,80.00,0.0000,5.8464,9.3749,0.0000,6.4552,-0.0000,80.00,1,0.00173,-1.578,1.310,-3.340,1.581,3.874,2.965,0,0.00,0,0,0,0,0,1,1.2872,-0.000,0.000,-0.0000,-0.0000,-0.0000,4,1.2872,0.000
248,4.1333,0.0000,1.2372,-0.0000,0.0000,-0.0002,-0.0000,0.0000,0.000,0.000,-8.594,1,VEHICLE,0,Nav_Hover_FBLR_VEH,0.6333,50,150,0,0.0800,0,0,0.000,0.000,-0.136,0.0000,0.0000,0.0000,1,1.0000,0,0,0.0000,0,1.2872,0.0000,0.0000,0.0000,0.0000,0,80.00,0.0000,5.8464,9.3749,0.0000,6.4552,-0.0000,80.00,1,0.00173,-1.578,1.309,-3.340,1.581,3.873,2.965,0,0.00,0,0,0,0,0,1,1.2872,-0.000,0.000,-0.0000,0.0000,-0.0000,4,1.2872,0.000
249,4.1500,0.0000,1.2372,-0.0000,0.0000,-0.0002,-0.0000,0.0000,0.000,0.000,-8.594,1,VEHICLE,0,Nav_Hover_FBLR_VEH,0.6500,50,150,0,0.0800,0,0,0.000,0.000,-0.136,0.0000,0.0000,0.0000,1,1.0000,0,0,0.0000,0,1.2872,0.0000,0.0000,0.0000,0.0000,0,80.00,0.0000,5.8464,9.3749,0.0000,6.4552,-0.0000,80.00,1,0.00170,-1.578,1.309,-3.340,1.581,3.873,2.965,0,0.00,0,0,0,0,0,1,1.2872,-0.000,0.000,-0.0000,-0.0000,-0.0000,4,1.2872,0.000
250,4.1667,0.0000,1.2372,-0.0000,0.0000,-0.0001,-0.0000,0.0000,0.000,0.000,-8.594,1,VEHICLE,0,Nav_Hover_FBLR_VEH,0.6667,50,150,0,0.0800,0,0,0.000,0.000,-0.136,0.0000,0.0000,0.0000,1,1.0000,0,0,0.0000,0,1.2872,0.0000,0.0000,0.0000,0.0000,0,80.00,0.0000,5.8464,9.3749,0.0000,6.4551,-0.0000,80.00,1,0.00170,-1.578,1.308,-3.340,1.581,3.872,2.965,0,0.00,0,0,0,0,0,1,1.2872,-0.000,0.000,0.0000,0.0000,-0.0000,4,1.2872,0.000
251,4.1833,0.0000,1.2372,-0.0000,0.0000,-0.0001,-0.0000,0.0000,0.000,0.000,-8.594,1,VEHICLE,0,Nav_Hover_FBLR_VEH,0.6833,50,150,0,0.0800,0,0,0.000,0.000,-0.136,0.0000,0.0000,0.0000,1,1.0000,0,0,0.0000,0,1.2872,0.0000,0.0000,0.0000,0.0000,0,80.00,0.0000,5.8464,9.3749,0.0000,6.4551,-0.0000,80.00,1,0.00165,-1.578,1.308,-3.340,1.581,3.872,2.965,0,0.00,0,0,0,0,0,1,1.2872,-0.000,0.000,-0.0000,0.0000,-0.0000,4,1.2872,0.000
252,4.2000,0.0000,1.2372,-0.0000,0.0000,-0.0001,-0.0000,0.0000,0.000,0.000,-8.594,1,VEHICLE,0,Nav_Hover_FBLR_VEH,0.7000,50,150,0,0.0800,0,0,0.000,0.000,-0.136,0.0000,0.0000,0.0000,1,1.0000,0,0,0.0000,0,1.2872,0.0000,0.0000,0.0000,0.0000,0,80.00,0.0000,5.8464,9.3749,0.0000,6.4551,-0.0000,80.00,1,0.00165,-1.578,1.307,-3.340,1.581,3.872,2.965,0,0.00,0,0,0,0,0,1,1.2872,-0.000,0.000,-0.0000,-0.0000,-0.0000,4,1.2872,0.000
253,4.2167,0.0000,1.2372,-0.0000,0.0000,-0.0001,-0.0000,0.0000,0.000,0.000,-8.594,1,VEHICLE,0,Nav_Hover_FBLR_VEH,0.7167,50,150,0,0.0800,0,0,0.000,0.000,-0.136,0.0000,0.0000,0.0000,1,1.0000,0,0,0.0000,0,1.2872,0.0000,0.0000,0.0000,0.0000,0,80.00,0.0000,5.8464,9.3749,0.0000,6.4551,-0.0000,80.00,1,0.00159,-1.579,1.306,-3.340,1.581,3.872,2.965,0,0.00,0,0,0,0,0,1,1.2872,-0.000,0.000,0.0000,0.0000,-0.0000,4,1.2872,0.000
254,4.2333,0.0000,1.2372,-0.0000,0.0000,-0.0000,-0.0000,0.0000,0.000,0.000,-8.594,1,VEHICLE,0,Nav_Hover_FBLR_VEH,0.7333,50,150,0,0.0800,0,0,0.000,0.000,-0.136,0.0000,0.0000,0.0000,1,1.0000,0,0,0.0000,0,1.2872,0.0000,0.0000,0.0000,0.0000,0,80.00,0.0000,5.8464,9.3749,0.0000,6.4551,-0.0000,80.00,1,0.00159,-1.579,1.306,-3.340,1.581,3.871,2.965,0,0.00,0,0,0,0,0,1,1.2872,-0.000,0.000,-0.0000,0.0000,-0.0000,4,1.2872,0.000
255,4.2500,0.0000,1.2372,-0.0000,0.0000,-0.0000,-0.0000,0.0000,0.000,0.000,-8.594,1,VEHICLE,0,Nav_Hover_FBLR_VEH,0.7500,50,150,0,0.0800,0,0,0.000,0.000,-0.136,0.0000,0.0000,0.0000,1,1.0000,0,0,0.0000,0,1.2872,0.0000,0.0000,0.0000,0.0000,0,80.00,0.0000,5.8464,9.3749,0.0000,6.4551,-0.0000,80.00,1,0.00162,-1.579,1.305,-3.340,1.581,3.872,2.965,0,0.00,0,0,0,0,0,1,1.2872,-0.000,0.000,-0.0000,-0.0000,-0.0000,4,1.2872,0.000
256,4.2667,0.0000,1.2372,-0.0000,0.0000,0.0000,-0.0000,0.0000,0.000,0.000,-8.594,1,VEHICLE,0,Nav_Hover_FBLR_VEH,0.7667,50,150,0,0.0800,0,0,0.000,0.000,-0.136,0.0000,0.0000,0.0000,1,1.0000,0,0,0.0000,0,1.2872,0.0000,0.0000,0.0000,0.0000,0,80.00,0.0000,5.8464,9.3749,0.0000,6.4551,-0.0000,80.00,1,0.00162,-1.579,1.304,-3.339,1.580,3.872,2.965,0,0.00,0,0,0,0,0,1,1.2872,-0.000,0.000,-0.0000,0.0000,-0.0000,4,1.2872,0.000
257,4.2833,0.0000,1.2372,-0.0000,0.0000,0.0000,-0.0000,0.0000,0.000,0.000,-8.594,1,VEHICLE,0,Nav_Hover_FBLR_VEH,0.7833,50,150,0,0.0800,0,0,0.000,0.000,-0.136,0.0000,0.0000,0.0000,1,1.0000,0,0,0.0000,0,1.2872,0.0000,0.0000,0.0000,0.0000,0,80.00,0.0000,5.8464,9.3749,0.0000,6.4551,-0.0000,80.00,1,0.00170,-1.579,1.304,-3.339,1.580,3.873,2.965,0,0.00,0,0,0,0,0,1,1.2872,-0.000,0.000,-0.0000,-0.0000,-0.0000,4,1.2872,0.000
258,4.3000,0.0000,1.2372,-0.0000,0.0000,0.0000,-0.0000,0.0000,0.000,0.000,-8.594,1,VEHICLE,0,Nav_Hover_FBLR_VEH,0.8000,50,150,0,0.0800,0,0,0.000,0.000,-0.136,0.0000,0.0000,0.0000,1,1.0000,0,0,0.0000,0,1.2872,0.0000,0.0000,0.0000,0.0000,0,80.00,0.0000,5.8464,9.3749,0.0000,6.4551,-0.0000,80.00,1,0.00170,-1.579,1.303,-3.339,1.580,3.873,2.965,0,0.00,0,0,0,0,0,1,1.2872,-0.000,0.000,-0.0000,0.0000,-0.0000,4,1.2872,0.000
259,4.3167,0.0000,1.2372,-0.0000,0.0000,0.0001,-0.0000,0.0000,0.000,0.000,-8.594,1,VEHICLE,0,Nav_Hover_FBLR_VEH,0.8167,50,150,0,0.0800,0,0,0.000,0.000,-0.136,0.0000,0.0000,0.0000,1,1.0000,0,0,0.0000,0,1.2872,0.0000,0.0000,0.0000,0.0000,0,80.00,0.0000,5.8464,9.3749,0.0000,6.4551,-0.0000,80.00,1,0.00176,-1.579,1.302,-3.339,1.580,3.874,2.965,0,0.00,0,0,0,0,0,1,1.2872,-0.000,0.000,0.0000,0.0000,-0.0000,4,1.2872,0.000
