step,t,x,y,z,vx,vy,vz,hspeed,yaw_deg,cam_yaw_deg,cam_pitch_deg,grounded,form,transforming,anim,anim_t,ammo,reserve,reloading,spread,shots,weapon_visible,reload_w,aim_w,aim_pitch_n,muzzle_x,muzzle_y,muzzle_z,move_form,progress,weapon_usable,weapon_restored,mesh_off_y,veh_driving,veh_ride,veh_dash,veh_dash_cd,veh_nitro,veh_nitro_cd,fine_aim,fov,cam_x,cam_y,cam_z,cam_focus_x,cam_focus_y,cam_focus_z,cam_fov,drawn_model,pose_delta,bb_min_x,bb_min_y,bb_min_z,bb_max_x,bb_max_y,bb_max_z,far_verts,far_max,partner_far_verts,partner_shown,arm_shown,hand_shrunk,robot_visible,vehicle_visible,com_h,pitch_deg,roll_deg,ang_x,ang_y,ang_z,contacts,spring_mean,rammed_remain
1,0.0167,0.0000,0.5500,0.0000,0.0000,0.2969,0.0000,0.0000,0.000,0.000,-8.594,1,VEHICLE,0,Nav_Hover_FBLR_VEH,0.0000,50,150,0,0.0800,0,0,0.000,0.000,0.000,0.0000,0.0000,0.0000,1,1.0000,0,0,0.0000,0,0.0500,0.0000,0.0000,0.0000,0.0000,0,80.00,2.9761,4.3988,6.4911,0.0000,5.7680,0.0000,80.00,1,-1.00000,-1.578,0.626,-3.340,1.581,3.188,2.965,0,0.00,0,0,0,0,0,1,0.6000,-0.000,0.000,-0.0000,0.0000,-0.0000,4,0.0500,0.000
2,0.0333,0.0000,0.5500,-0.0000,0.0000,0.0000,-0.0000,0.0000,0.000,0.000,-8.594,1,VEHICLE,0,Nav_Hover_FBLR_VEH,0.0167,50,150,0,0.0800,0,0,0.000,0.000,0.000,0.0000,0.0000,0.0000,1,1.0000,0,0,0.0000,0,0.6000,0.0000,0.0000,0.0000,0.0000,0,80.00,2.9116,4.4137,6.5231,0.0000,5.7680,-0.0000,80.00,1,0.00182,-1.578,0.626,-3.340,1.581,3.187,2.965,0,0.00,0,0,0,0,0,1,0.6000,-0.000,0.000,-0.0000,0.0000,-0.0000,4,0.6000,0.000
3,0.0500,0.0000,0.5527,-0.0000,0.0000,0.1649,-0.0000,0.0000,0.000,0.000,-8.594,1,VEHICLE,0,Nav_Hover_FBLR_VEH,0.0333,50,150,0,0.0800,0,0,0.000,0.000,0.000,0.0000,0.0000,0.0000,1,1.0000,0,0,0.0000,0,0.6000,0.0000,0.0000,0.0000,0.0000,0,80.00,2.8169,4.4385,6.5704,0.0000,5.7707,-0.0000,80.00,1,0.00194,-1.578,0.628,-3.340,1.581,3.190,2.965,0,0.00,0,0,0,0,0,1,0.6027,-0.000,0.000,-0.0000,0.0000,-0.0000,4,0.6000,0.000
4,0.0667,0.0000,0.5580,-0.0000,0.0000,0.3127,-0.0000,0.0000,0.000,0.000,-8.594,1,VEHICLE,0,Nav_Hover_FBLR_VEH,0.0500,50,150,0,0.0800,0,0,0.000,0.000,0.000,0.0000,0.0000,0.0000,1,1.0000,0,0,0.0000,0,0.6027,0.0000,0.0000,0.0000,0.0000,0,80.00,2.7005,4.4707,6.6288,0.0000,5.7759,-0.0000,80.00,1,0.00213,-1.578,0.633,-3.340,1.581,3.194,2.965,0,0.00,0,0,0,0,0,1,0.6080,-0.000,0.000,-0.0000,0.0000,-0.0000,4,0.6027,0.000
5,0.0833,0.0000,0.5654,-0.0000,0.0000,0.4445,-0.0000,0.0000,0.000,0.000,-8.594,1,VEHICLE,0,Nav_Hover_FBLR_VEH,0.0667,50,150,0,0.0800,0,0,0.000,0.000,0.000,0.0000,0.0000,0.0000,1,1.0000,0,0,0.0000,0,0.6080,0.0000,0.0000,0.0000,0.0000,0,80.00,2.5694,4.5086,6.6953,0.0000,5.7833,-0.0000,80.00,1,0.00232,-1.578,0.640,-3.340,1.581,3.202,2.965,0,0.00,0,0,0,0,0,1,0.6154,-0.000,0.000,-0.0000,0.0000,-0.0000,4,0.6080,0.000
6,0.1000,0.0000,0.5747,-0.0000,0.0000,0.5613,-0.0000,0.0000,0.000,0.000,-8.594,1,VEHICLE,0,Nav_Hover_FBLR_VEH,0.0833,50,150,0,0.0800,0,0,0.000,0.000,0.000,0.0000,0.0000,0.0000,1,1.0000,0,0,0.0000,0,0.6154,0.0000,0.0000,0.0000,0.0000,0,80.00,2.4290,4.5506,6.7670,0.0000,5.7927,-0.0000,80.00,1,0.00257,-1.578,0.649,-3.340,1.581,3.211,2.965,0,0.00,0,0,0,0,0,1,0.6247,-0.000,0.000,-0.0000,0.0000,-0.0000,4,0.6154,0.000
7,0.1167,0.0000,0.5858,-0.0000,0.0000,0.6642,-0.0000,0.0000,0.000,0.000,-8.594,1,VEHICLE,0,Nav_Hover_FBLR_VEH,0.1000,50,150,0,0.0800,0,0,0.000,0.000,0.000,0.0000,0.0000,0.0000,1,1.0000,0,0,0.0000,0,0.6247,0.0000,0.0000,0.0000,0.0000,0,80.00,2.2837,4.5955,6.8421,0.0000,5.8038,-0.0000,80.00,1,0.00269,-1.578,0.659,-3.340,1.581,3.222,2.965,0,0.00,0,0,0,0,0,1,0.6358,-0.000,0.000,-0.0000,0.0000,-0.0000,4,0.6247,0.000
8,0.1333,0.0000,0.5984,-0.0000,0.0000,0.7541,-0.0000,0.0000,0.000,0.000,-8.594,1,VEHICLE,0,Nav_Hover_FBLR_VEH,0.1167,50,150,0,0.0800,0,0,0.000,0.000,0.000,0.0000,0.0000,0.0000,1,1.0000,0,0,0.0000,0,0.6358,0.0000,0.0000,0.0000,0.0000,0,80.00,2.1368,4.6423,6.9188,0.0000,5.8163,-0.0000,80.00,1,0.00290,-1.578,0.671,-3.340,1.581,3.235,2.965,0,0.00,0,0,0,0,0,1,0.6484,-0.000,0.000,-0.0000,0.0000,-0.0000,4,0.6358,0.000
9,0.1500,0.0000,0.6122,-0.0000,0.0000,0.8320,-0.0000,0.0000,0.000,0.000,-8.594,1,VEHICLE,0,Nav_Hover_FBLR_VEH,0.1333,50,150,0,0.0800,0,0,0.000,0.000,0.000,0.0000,0.0000,0.0000,1,1.0000,0,0,0.0000,0,0.6484,0.0000,0.0000,0.0000,0.0000,0,80.00,1.9911,4.6902,6.9958,0.0000,5.8302,-0.0000,80.00,1,0.00296,-1.578,0.684,-3.340,1.581,3.248,2.965,0,0.00,0,0,0,0,0,1,0.6622,-0.000,0.000,-0.0000,0.0000,-0.0000,4,0.6484,0.000
10,0.1667,0.0000,0.6272,-0.0000,0.0000,0.8988,-0.0000,0.0000,0.000,0.000,-8.594,1,VEHICLE,0,Nav_Hover_FBLR_VEH,0.1500,50,150,0,0.0800,0,0,0.000,0.000,0.000,0.0000,0.0000,0.0000,1,1.0000,0,0,0.0000,0,0.6622,0.0000,0.0000,0.0000,0.0000,0,80.00,1.8485,4.7385,7.0723,0.0000,5.8452,-0.0000,80.00,1,0.00169,-1.578,0.698,-3.340,1.581,3.263,2.965,0,0.00,0,0,0,0,0,1,0.6772,-0.000,0.000,-0.0000,0.0000,-0.0000,4,0.6622,0.000
11,0.1833,0.0000,0.6431,-0.0000,0.0000,0.9554,-0.0000,0.0000,0.000,0.000,-8.594,1,VEHICLE,0,Nav_Hover_FBLR_VEH,0.1667,50,150,0,0.0800,0,0,0.000,0.000,0.000,0.0000,0.0000,0.0000,1,1.0000,0,0,0.0000,0,0.6772,0.0000,0.0000,0.0000,0.0000,0,80.00,1.7105,4.7868,7.1475,0.0000,5.8611,-0.0000,80.00,1,0.00165,-1.578,0.714,-3.340,1.581,3.278,2.965,0,0.00,0,0,0,0,0,1,0.6931,-0.000,0.000,-0.0000,0.0000,-0.0000,4,0.6772,0.000
12,0.2000,0.0000,0.6598,-0.0000,0.0000,1.0024,-0.0000,0.0000,0.000,0.000,-8.594,1,VEHICLE,0,Nav_Hover_FBLR_VEH,0.1833,50,150,0,0.0800,0,0,0.000,0.000,0.000,0.0000,0.0000,0.0000,1,1.0000,0,0,0.0000,0,0.6931,0.0000,0.0000,0.0000,0.0000,0,80.00,1.5782,4.8346,7.2208,0.0000,5.8778,-0.0000,80.00,1,0.00165,-1.578,0.730,-3.340,1.581,3.294,2.965,0,0.00,0,0,0,0,0,1,0.7098,-0.000,0.000,-0.0000,0.0000,-0.0000,4,0.6931,0.000
13,0.2167,0.0000,0.6772,-0.0000,0.0000,1.0407,-0.0000,0.0000,0.000,0.000,-8.594,1,VEHICLE,0,Nav_Hover_FBLR_VEH,0.2000,50,150,0,0.0800,0,0,0.000,0.000,0.000,0.0000,0.0000,0.0000,1,1.0000,0,0,0.0000,0,0.7098,0.0000,0.0000,0.0000,0.0000,0,80.00,1.4523,4.8815,7.2919,0.0000,5.8952,-0.0000,80.00,1,0.00159,-1.579,0.746,-3.340,1.581,3.312,2.965,0,0.00,0,0,0,0,0,1,0.7272,-0.000,0.000,-0.0000,0.0000,-0.0000,4,0.7098,0.000
14,0.2333,0.0000,0.6950,-0.0000,0.0000,1.0711,-0.0000,0.0000,0.000,0.000,-8.594,1,VEHICLE,0,Nav_Hover_FBLR_VEH,0.2167,50,150,0,0.0800,0,0,0.000,0.000,0.000,0.0000,0.0000,0.0000,1,1.0000,0,0,0.0000,0,0.7272,0.0000,0.0000,0.0000,0.0000,0,80.00,1.3333,4.9275,7.3606,0.0000,5.9130,-0.0000,80.00,1,0.00159,-1.579,0.763,-3.340,1.581,3.329,2.965,0,0.00,0,0,0,0,0,1,0.7450,-0.000,0.000,-0.0000,0.0000,-0.0000,4,0.7272,0.000
15,0.2500,0.0000,0.7133,-0.0000,0.0000,1.0941,-0.0000,0.0000,0.000,0.000,-8.594,1,VEHICLE,0,Nav_Hover_FBLR_VEH,0.2333,50,150,0,0.0800,0,0,0.000,0.000,0.000,0.0000,0.0000,0.0000,1,1.0000,0,0,0.0000,0,0.7450,0.0000,0.0000,0.0000,0.0000,0,80.00,1.2213,4.9722,7.4266,0.0000,5.9312,-0.0000,80.00,1,0.00162,-1.579,0.781,-3.340,1.581,3.348,2.965,0,0.00,0,0,0,0,0,1,0.7633,-0.000,0.000,0.0000,0.0000,-0.0000,4,0.7450,0.000
16,0.2667,0.0000,0.7318,-0.0000,0.0000,1.1105,-0.0000,0.0000,0.000,0.000,-8.594,1,VEHICLE,0,Nav_Hover_FBLR_VEH,0.2500,50,150,0,0.0800,0,0,0.000,0.000,0.000,0.0000,0.0000,0.0000,1,1.0000,0,0,0.0000,0,0.7633,0.0000,0.0000,0.0000,0.0000,0,80.00,1.1166,5.0156,7.4900,0.0000,5.9497,-0.0000,80.00,1,0.00162,-1.579,0.799,-3.339,1.580,3.367,2.965,0,0.00,0,0,0,0,0,1,0.7818,-0.000,0.000,-0.0000,-0.0000,-0.0000,4,0.7633,0.000
17,0.2833,0.0000,0.7505,-0.0000,0.0000,1.1207,-0.0000,0.0000,0.000,0.000,-8.594,1,VEHICLE,0,Nav_Hover_FBLR_VEH,0.2667,50,150,0,0.0800,0,0,0.000,0.000,0.000,0.0000,0.0000,0.0000,1,1.0000,0,0,0.0000,0,0.7818,0.0000,0.0000,0.0000,0.0000,0,80.00,1.0190,5.0575,7.5508,0.0000,5.9684,-0.0000,80.00,1,0.00170,-1.579,0.817,-3.339,1.580,3.386,2.965,0,0.00,0,0,0,0,0,1,0.8005,-0.000,0.000,-0.0000,-0.0000,-0.0000,4,0.7818,0.000
18,0.3000,0.0000,0.7692,-0.0000,0.0000,1.1255,-0.0000,0.0000,0.000,0.000,-8.594,1,VEHICLE,0,Nav_Hover_FBLR_VEH,0.2833,50,150,0,0.0800,0,0,0.000,0.000,0.000,0.0000,0.0000,0.0000,1,1.0000,0,0,0.0000,0,0.8005,0.0000,0.0000,0.0000,0.0000,0,80.00,0.9283,5.0979,7.6090,0.0000,5.9872,-0.0000,80.00,1,0.00170,-1.579,0.835,-3.339,1.580,3.405,2.965,0,0.00,0,0,0,0,0,1,0.8192,-0.000,0.000,0.0000,-0.0000,-0.0000,4,0.8005,0.000
19,0.3167,0.0000,0.7880,-0.0000,0.0000,1.1253,-0.0000,0.0000,0.000,0.000,-8.594,1,VEHICLE,0,Nav_Hover_FBLR_VEH,0.3000,50,150,0,0.0800,0,0,0.000,0.000,0.000,0.0000,0.0000,0.0000,1,1.0000,0,0,0.0000,0,0.8192,0.0000,0.0000,0.0000,0.0000,0,80.00,0.8445,5.1368,7.6646,0.0000,6.0059,-0.0000,80.00,1,0.00176,-1.579,0.853,-3.339,1.580,3.425,2.965,0,0.00,0,0,0,0,0,1,0.8380,-0.000,0.000,-0.0000,0.0000,-0.0000,4,0.8192,0.000
20,0.3333,0.0000,0.8066,-0.0000,0.0000,1.1206,-0.0000,0.0000,0.000,0.000,-8.594,1,VEHICLE,0,Nav_Hover_FBLR_VEH,0.3167,50,150,0,0.0800,0,0,0.000,0.000,0.000,0.0000,0.0000,0.0000,1,1.0000,0,0,0.0000,0,0.8380,0.0000,0.0000,0.0000,0.0000,0,80.00,0.7671,5.1742,7.7178,0.0000,6.0246,-0.0000,80.00,1,0.00176,-1.579,0.871,-3.339,1.580,3.444,2.964,0,0.00,0,0,0,0,0,1,0.8566,-0.000,0.000,0.0000,0.0000,-0.0000,4,0.8380,0.000
21,0.3500,0.0000,0.8252,-0.0000,0.0000,1.1118,-0.0000,0.0000,0.000,0.000,-8.594,1,VEHICLE,0,Nav_Hover_FBLR_VEH,0.3333,50,150,0,0.0800,0,0,0.000,0.000,0.000,0.0000,0.0000,0.0000,1,1.0000,0,0,0.0000,0,0.8566,0.0000,0.0000,0.0000,0.0000,0,80.00,0.6959,5.2100,7.7687,0.0000,6.0431,-0.0000,80.00,1,0.00179,-1.579,0.889,-3.339,1.580,3.463,2.964,0,0.00,0,0,0,0,0,1,0.8752,-0.000,0.000,0.0000,-0.0000,-0.0000,4,0.8566,0.000
22,0.3667,0.0000,0.8435,-0.0000,0.0000,1.0996,-0.0000,0.0000,0.000,0.000,-8.594,1,VEHICLE,0,Nav_Hover_FBLR_VEH,0.3500,50,150,0,0.0800,0,0,0.000,0.000,0.000,0.0000,0.0000,0.0000,1,1.0000,0,0,0.0000,0,0.8752,0.0000,0.0000,0.0000,0.0000,0,80.00,0.6305,5.2443,7.8175,0.0000,6.0615,-0.0000,80.00,1,0.00179,-1.579,0.907,-3.339,1.580,3.482,2.964,0,0.00,0,0,0,0,0,1,0.8935,-0.000,0.000,0.0000,-0.0000,-0.0000,4,0.8752,0.000
23,0.3833,0.0000,0.8616,-0.0000,0.0000,1.0841,-0.0000,0.0000,0.000,0.000,-8.594,1,VEHICLE,0,Nav_Hover_FBLR_VEH,0.3667,50,150,0,0.0800,0,0,0.000,0.000,0.000,0.0000,0.0000,0.0000,1,1.0000,0,0,0.0000,0,0.8935,0.0000,0.0000,0.0000,0.0000,0,80.00,0.5706,5.2771,7.8642,0.0000,6.0795,-0.0000,80.00,1,0.00183,-1.579,0.925,-3.339,1.580,3.500,2.964,0,0.00,0,0,0,0,0,1,0.9116,-0.000,0.000,-0.0000,0.0000,-0.0000,4,0.8935,0.000
24,0.4000,0.0000,0.8793,-0.0000,0.0000,1.0659,-0.0000,0.0000,0.000,0.000,-8.594,1,VEHICLE,0,Nav_Hover_FBLR_VEH,0.3833,50,150,0,0.0800,0,0,0.000,0.000,0.000,0.0000,0.0000,0.0000,1,1.0000,0,0,0.0000,0,0.9116,0.0000,0.0000,0.0000,0.0000,0,80.00,0.5158,5.3085,7.9091,0.0000,6.0973,-0.0000,80.00,1,0.00183,-1.579,0.942,-3.338,1.580,3.518,2.964,0,0.00,0,0,0,0,0,1,0.9293,-0.000,0.000,-0.0000,0.0000,-0.0000,4,0.9116,0.000
25,0.4167,0.0000,0.8968,-0.0000,0.0000,1.0452,-0.0000,0.0000,0.000,0.000,-8.594,1,VEHICLE,0,Nav_Hover_FBLR_VEH,0.4000,50,150,0,0.0800,0,0,0.000,0.000,0.000,0.0000,0.0000,0.0000,1,1.0000,0,0,0.0000,0,0.9293,0.0000,0.0000,0.0000,0.0000,0,80.00,0.4659,5.3384,7.9522,0.0000,6.1147,-0.0000,80.00,1,0.00182,-1.579,0.958,-3.338,1.580,3.536,2.964,0,0.00,0,0,0,0,0,1,0.9468,-0.000,0.000,0.0000,-0.0000,-0.0000,4,0.9293,0.000
26,0.4333,0.0000,0.9138,-0.0000,0.0000,1.0224,-0.0000,0.0000,0.000,0.000,-8.594,1,VEHICLE,0,Nav_Hover_FBLR_VEH,0.4167,50,150,0,0.0800,0,0,0.000,0.000,0.000,0.0000,0.0000,0.0000,1,1.0000,0,0,0.0000,0,0.9468,0.0000,0.0000,0.0000,0.0000,0,80.00,0.4203,5.3669,7.9937,0.0000,6.1318,-0.0000,80.00,1,0.00182,-1.579,0.975,-3.338,1.580,3.553,2.964,0,0.00,0,0,0,0,0,1,0.9638,-0.000,0.000,-0.0000,0.0000,-0.0000,4,0.9468,0.000
27,0.4500,0.0000,0.9304,-0.0000,0.0000,0.9978,-0.0000,0.0000,0.000,0.000,-8.594,1,VEHICLE,0,Nav_Hover_FBLR_VEH,0.4333,50,150,0,0.0800,0,0,0.000,0.000,0.000,0.0000,0.0000,0.0000,1,1.0000,0,0,0.0000,0,0.9638,0.0000,0.0000,0.0000,0.0000,0,80.00,0.3789,5.3941,8.0337,0.0000,6.1484,-0.0000,80.00,1,0.00183,-1.579,0.991,-3.338,1.580,3.570,2.964,0,0.00,0,0,0,0,0,1,0.9804,-0.000,0.000,-0.0000,-0.0000,-0.0000,4,0.9638,0.000
28,0.4667,0.0000,0.9466,-0.0000,0.0000,0.9716,-0.0000,0.0000,0.000,0.000,-8.594,1,VEHICLE,0,Nav_Hover_FBLR_VEH,0.4500,50,150,0,0.0800,0,0,0.000,0.000,0.000,0.0000,0.0000,0.0000,1,1.0000,0,0,0.0000,0,0.9804,0.0000,0.0000,0.0000,0.0000,0,80.00,0.3413,5.4201,8.0724,0.0000,6.1646,-0.0000,80.00,1,0.00183,-1.579,1.007,-3.338,1.580,3.587,2.964,0,0.00,0,0,0,0,0,1,0.9966,-0.000,0.000,-0.0000,0.0000,-0.0000,4,0.9804,0.000
29,0.4833,0.0000,0.9624,-0.0000,0.0000,0.9442,-0.0000,0.0000,0.000,0.000,-8.594,1,VEHICLE,0,Nav_Hover_FBLR_VEH,0.4667,50,150,0,0.0800,0,0,0.000,0.000,0.000,0.0000,0.0000,0.0000,1,1.0000,0,0,0.0000,0,0.9966,0.0000,0.0000,0.0000,0.0000,0,80.00,0.3072,5.4447,8.1099,0.0000,6.1803,-0.0000,80.00,1,0.00180,-1.580,1.022,-3.338,1.580,3.604,2.964,0,0.00,0,0,0,0,0,1,1.0124,-0.000,0.000,0.0000,-0.0000,-0.0000,4,0.9966,0.000
30,0.5000,0.0000,0.9776,-0.0000,0.0000,0.9158,-0.0000,0.0000,0.000,0.000,-8.594,1,VEHICLE,0,Nav_Hover_FBLR_VEH,0.4833,50,150,0,0.0800,0,0,0.000,0.000,0.000,0.0000,0.0000,0.0000,1,1.0000,0,0,0.0000,0,1.0124,0.0000,0.0000,0.0000,0.0000,0,80.00,0.2762,5.4682,8.1463,0.0000,6.1956,-0.0000,80.00,1,0.00180,-1.580,1.037,-3.338,1.580,3.620,2.964,0,0.00,0,0,0,0,0,1,1.0276,-0.000,0.000,-0.0000,0.0000,-0.0000,4,1.0124,0.000
31,0.5167,0.0000,0.9924,-0.0000,0.0000,0.8865,-0.0000,0.0000,0.000,0.000,-8.594,1,VEHICLE,0,Nav_Hover_FBLR_VEH,0.5000,50,150,0,0.0800,0,0,0.000,0.000,0.000,0.0000,0.0000,0.0000,1,1.0000,0,0,0.0000,0,1.0276,0.0000,0.0000,0.0000,0.0000,0,80.00,0.2482,5.4906,8.1816,0.0000,6.2104,-0.0000,80.00,1,0.00175,-1.580,1.051,-3.337,1.579,3.635,2.963,0,0.00,0,0,0,0,0,1,1.0424,-0.000,0.000,-0.0000,0.0000,-0.0000,4,1.0276,0.000
32,0.5333,0.0000,1.0067,-0.0000,0.0000,0.8566,-0.0000,0.0000,0.000,0.000,-8.594,1,VEHICLE,0,Nav_Hover_FBLR_VEH,0.5167,50,150,0,0.0800,0,0,0.000,0.000,0.000,0.0000,0.0000,0.0000,1,1.0000,0,0,0.0000,0,1.0424,0.0000,0.0000,0.0000,0.0000,0,80.00,0.2229,5.5118,8.2160,0.0000,6.2246,-0.0000,80.00,1,0.00175,-1.580,1.066,-3.337,1.579,3.650,2.963,0,0.00,0,0,0,0,0,1,1.0567,-0.000,0.000,-0.0000,0.0000,-0.0000,4,1.0424,0.000
33,0.5500,0.0000,1.0204,-0.0000,0.0000,0.8263,-0.0000,0.0000,0.000,0.000,-8.594,1,VEHICLE,0,Nav_Hover_FBLR_VEH,0.5333,50,150,0,0.0800,0,0,0.000,0.000,0.000,0.0000,0.0000,0.0000,1,1.0000,0,0,0.0000,0,1.0567,0.0000,0.0000,0.0000,0.0000,0,80.00,0.2001,5.5320,8.2496,0.0000,6.2384,-0.0000,80.00,1,0.00169,-1.580,1.081,-3.337,1.579,3.665,2.963,0,0.00,0,0,0,0,0,1,1.0704,-0.000,0.000,-0.0000,0.0000,-0.0000,4,1.0567,0.000
34,0.5667,0.0000,1.0337,-0.0000,0.0000,0.7957,-0.0000,0.0000,0.000,0.000,-8.594,1,VEHICLE,0,Nav_Hover_FBLR_VEH,0.5500,50,150,0,0.0800,0,0,0.000,0.000,0.000,0.0000,0.0000,0.0000,1,1.0000,0,0,0.0000,0,1.0704,0.0000,0.0000,0.0000,0.0000,0,80.00,0.1795,5.5511,8.2824,0.0000,6.2517,-0.0000,80.00,1,0.00169,-1.580,1.095,-3.337,1.579,3.678,2.963,0,0.00,0,0,0,0,0,1,1.0837,-0.000,0.000,-0.0000,0.0000,-0.0000,4,1.0704,0.000
35,0.5833,0.0000,1.0465,-0.0000,0.0000,0.7650,-0.0000,0.0000,0.000,0.000,-8.594,1,VEHICLE,0,Nav_Hover_FBLR_VEH,0.5667,50,150,0,0.0800,0,0,0.000,0.000,0.000,0.0000,0.0000,0.0000,1,1.0000,0,0,0.0000,0,1.0837,0.0000,0.0000,0.0000,0.0000,0,80.00,0.1609,5.5693,8.3145,0.0000,6.2644,-0.0000,80.00,1,0.00161,-1.580,1.108,-3.337,1.579,3.692,2.963,0,0.00,0,0,0,0,0,1,1.0965,-0.000,0.000,-0.0000,0.0000,-0.0000,4,1.0837,0.000
36,0.6000,0.0000,1.0587,-0.0000,0.0000,0.7343,-0.0000,0.0000,0.000,0.000,-8.594,1,VEHICLE,0,Nav_Hover_FBLR_VEH,0.5833,50,150,0,0.0800,0,0,0.000,0.000,0.000,0.0000,0.0000,0.0000,1,1.0000,0,0,0.0000,0,1.0965,0.0000,0.0000,0.0000,0.0000,0,80.00,0.1441,5.5866,8.3460,0.0000,6.2767,-0.0000,80.00,1,0.00161,-1.580,1.120,-3.336,1.579,3.705,2.963,0,0.00,0,0,0,0,0,1,1.1087,-0.000,0.000,-0.0000,0.0000,-0.0000,4,1.0965,0.000
37,0.6167,0.0000,1.0704,-0.0000,0.0000,0.7037,-0.0000,0.0000,0.000,0.000,-8.594,1,VEHICLE,0,Nav_Hover_FBLR_VEH,0.6000,50,150,0,0.0800,0,0,0.000,0.000,0.000,0.0000,0.0000,0.0000,1,1.0000,0,0,0.0000,0,1.1087,0.0000,0.0000,0.0000,0.0000,0,80.00,0.1291,5.6030,8.3769,0.0000,6.2884,-0.0000,80.00,1,0.00157,-1.580,1.131,-3.336,1.579,3.717,2.963,0,0.00,0,0,0,0,0,1,1.1204,-0.000,0.000,0.0000,-0.0000,-0.0000,4,1.1087,0.000
38,0.6333,0.0000,1.0816,-0.0000,0.0000,0.6734,-0.0000,0.0000,0.000,0.000,-8.594,1,VEHICLE,0,Nav_Hover_FBLR_VEH,0.6167,50,150,0,0.0800,0,0,0.000,0.000,0.000,0.0000,0.0000,0.0000,1,1.0000,0,0,0.0000,0,1.1204,0.0000,0.0000,0.0000,0.0000,0,80.00,0.1155,5.6186,8.4073,0.0000,6.2996,-0.0000,80.00,1,0.00157,-1.580,1.142,-3.336,1.579,3.729,2.963,0,0.00,0,0,0,0,0,1,1.1316,-0.000,0.000,-0.0000,0.0000,-0.0000,4,1.1204,0.000
39,0.6500,0.0000,1.0924,-0.0000,0.0000,0.6434,-0.0000,0.0000,0.000,0.000,-8.594,1,VEHICLE,0,Nav_Hover_FBLR_VEH,0.6333,50,150,0,0.0800,0,0,0.000,0.000,0.000,0.0000,0.0000,0.0000,1,1.0000,0,0,0.0000,0,1.1316,0.0000,0.0000,0.0000,0.0000,0,80.00,0.1033,5.6333,8.4373,0.0000,6.3103,-0.0000,80.00,1,0.00163,-1.580,1.152,-3.336,1.579,3.741,2.963,0,0.00,0,0,0,0,0,1,1.1424,-0.000,0.000,-0.0000,-0.0000,-0.0000,4,1.1316,0.000
40,0.6667,0.0000,1.1026,-0.0000,0.0000,0.6138,-0.0000,0.0000,0.000,0.000,-8.594,1,VEHICLE,0,Nav_Hover_FBLR_VEH,0.6500,50,150,0,0.0800,0,0,0.000,0.000,0.000,0.0000,0.0000,0.0000,1,1.0000,0,0,0.0000,0,1.1424,0.0000,0.0000,0.0000,0.0000,0,80.00,0.0924,5.6473,8.4668,0.0000,6.3206,-0.0000,80.00,1,0.00163,-1.580,1.162,-3.336,1.579,3.752,2.963,0,0.00,0,0,0,0,0,1,1.1526,-0.000,0.000,0.0000,0.0000,-0.0000,4,1.1424,0.000
41,0.6833,0.0000,1.1123,-0.0000,0.0000,0.5848,-0.0000,0.0000,0.000,0.000,-8.594,1,VEHICLE,0,Nav_Hover_FBLR_VEH,0.6667,50,150,0,0.0800,0,0,0.000,0.000,0.000,0.0000,0.0000,0.0000,1,1.0000,0,0,0.0000,0,1.1526,0.0000,0.0000,0.0000,0.0000,0,80.00,0.0826,5.6605,8.4959,0.0000,6.3303,-0.0000,80.00,1,0.00170,-1.580,1.171,-3.335,1.579,3.762,2.963,0,0.00,0,0,0,0,0,1,1.1623,-0.000,0.000,-0.0000,-0.0000,-0.0000,4,1.1526,0.000
42,0.7000,0.0000,1.1216,-0.0000,0.0000,0.5563,-0.0000,0.0000,0.000,0.000,-8.594,1,VEHICLE,0,Nav_Hover_FBLR_VEH,0.6833,50,150,0,0.0800,0,0,0.000,0.000,0.000,0.0000,0.0000,0.0000,1,1.0000,0,0,0.0000,0,1.1623,0.0000,0.0000,0.0000,0.0000,0,80.00,0.0738,5.6730,8.5246,0.0000,6.3396,-0.0000,80.00,1,0.00170,-1.580,1.180,-3.335,1.579,3.772,2.963,0,0.00,0,0,0,0,0,1,1.1716,-0.000,0.000,-0.0000,0.0000,-0.0000,4,1.1623,0.000
43,0.7167,0.0000,1.1304,-0.0000,0.0000,0.5284,-0.0000,0.0000,0.000,0.000,-8.594,1,VEHICLE,0,Nav_Hover_FBLR_VEH,0.7000,50,150,0,0.0800,0,0,0.000,0.000,0.000,0.0000,0.0000,0.0000,1,1.0000,0,0,0.0000,0,1.1716,0.0000,0.0000,0.0000,0.0000,0,80.00,0.0659,5.6849,8.5529,0.0000,6.3484,-0.0000,80.00,1,0.00173,-1.580,1.188,-3.335,1.579,3.782,2.963,0,0.00,0,0,0,0,0,1,1.1804,-0.000,0.000,-0.0000,-0.0000,-0.0000,4,1.1716,0.000
44,0.7333,0.0000,1.1388,-0.0000,0.0000,0.5012,-0.0000,0.0000,0.000,0.000,-8.594,1,VEHICLE,0,Nav_Hover_FBLR_VEH,0.7167,50,150,0,0.0800,0,0,0.000,0.000,0.000,0.0000,0.0000,0.0000,1,1.0000,0,0,0.0000,0,1.1804,0.0000,0.0000,0.0000,0.0000,0,80.00,0.0588,5.6961,8.5810,0.0000,6.3567,-0.0000,80.00,1,0.00173,-1.581,1.196,-3.335,1.579,3.791,2.963,0,0.00,0,0,0,0,0,1,1.1888,-0.000,0.000,-0.0000,0.0000,-0.0000,4,1.1804,0.000
45,0.7500,0.0000,1.1467,-0.0000,0.0000,0.4747,-0.0000,0.0000,0.000,0.000,-8.594,1,VEHICLE,0,Nav_Hover_FBLR_VEH,0.7333,50,150,0,0.0800,0,0,0.000,0.000,0.000,0.0000,0.0000,0.0000,1,1.0000,0,0,0.0000,0,1.1888,0.0000,0.0000,0.0000,0.0000,0,80.00,0.0525,5.7067,8.6087,0.0000,6.3647,-0.0000,80.00,1,0.00174,-1.581,1.203,-3.335,1.579,3.800,2.963,0,0.00,0,0,0,0,0,1,1.1967,-0.000,0.000,0.0000,-0.0000,-0.0000,4,1.1888,0.000
46,0.7667,0.0000,1.1542,-0.0000,0.0000,0.4490,-0.0000,0.0000,0.000,0.000,-8.594,1,VEHICLE,0,Nav_Hover_FBLR_VEH,0.7500,50,150,0,0.0800,0,0,0.000,0.000,0.000,0.0000,0.0000,0.0000,1,1.0000,0,0,0.0000,0,1.1967,0.0000,0.0000,0.0000,0.0000,0,80.00,0.0468,5.7168,8.6360,0.0000,6.3721,-0.0000,80.00,1,0.00174,-1.581,1.210,-3.335,1.579,3.808,2.963,0,0.00,0,0,0,0,0,1,1.2042,-0.000,0.000,-0.0000,-0.0000,-0.0000,4,1.1967,0.000
47,0.7833,0.0000,1.1612,-0.0000,0.0000,0.4240,-0.0000,0.0000,0.000,0.000,-8.594,1,VEHICLE,0,Nav_Hover_FBLR_VEH,0.7667,50,150,0,0.0800,0,0,0.000,0.000,0.000,0.0000,0.0000,0.0000,1,1.0000,0,0,0.0000,0,1.2042,0.0000,0.0000,0.0000,0.0000,0,80.00,0.0417,5.7262,8.6631,0.0000,6.3792,-0.0000,80.00,1,0.00175,-1.581,1.217,-3.334,1.578,3.816,2.963,0,0.00,0,0,0,0,0,1,1.2112,-0.000,0.000,-0.0000,0.0000,-0.0000,4,1.2042,0.000
48,0.8000,0.0000,1.1679,-0.0000,0.0000,0.3999,-0.0000,0.0000,0.000,0.000,-8.594,1,VEHICLE,0,Nav_Hover_FBLR_VEH,0.7833,50,150,0,0.0800,0,0,0.000,0.000,0.000,0.0000,0.0000,0.0000,1,1.0000,0,0,0.0000,0,1.2112,0.0000,0.0000,0.0000,0.0000,0,80.00,0.0372,5.7352,8.6899,0.0000,6.3859,-0.0000,80.00,1,0.00175,-1.581,1.224,-3.334,1.578,3.824,2.963,0,0.00,0,0,0,0,0,1,1.2179,-0.000,0.000,0.0000,-0.0000,-0.0000,4,1.2112,0.000
49,0.8167,0.0000,1.1742,-0.0000,0.0000,0.3765,-0.0000,0.0000,0.000,0.000,-8.594,1,VEHICLE,0,Nav_Hover_FBLR_VEH,0.8000,50,150,0,0.0800,0,0,0.000,0.000,0.000,0.0000,0.0000,0.0000,1,1.0000,0,0,0.0000,0,1.2179,0.0000,0.0000,0.0000,0.0000,0,80.00,0.0332,5.7436,8.7164,0.0000,6.3921,-0.0000,80.00,1,0.00173,-1.581,1.230,-3.334,1.578,3.831,2.963,0,0.00,0,0,0,0,0,1,1.2242,-0.000,0.000,-0.0000,0.0000,-0.0000,4,1.2179,0.000
50,0.8333,0.0000,1.1801,-0.0000,0.0000,0.3540,-0.0000,0.0000,0.000,0.000,-8.594,1,VEHICLE,0,Nav_Hover_FBLR_VEH,0.8167,50,150,0,0.0800,0,0,0.000,0.000,0.000,0.0000,0.0000,0.0000,1,1.0000,0,0,0.0000,0,1.2242,0.0000,0.0000,0.0000,0.0000,0,80.00,0.0295,5.7516,8.7425,0.0000,6.3980,-0.0000,80.00,1,0.00173,-1.581,1.236,-3.334,1.578,3.838,2.963,0,0.00,0,0,0,0,0,1,1.2301,-0.000,0.000,-0.0000,-0.0000,-0.0000,4,1.2242,0.000
51,0.8500,0.0000,1.1856,-0.0000,0.0000,0.3323,-0.0000,0.0000,0.000,0.000,-8.594,1,VEHICLE,0,Nav_Hover_FBLR_VEH,0.8333,50,150,0,0.0800,0,0,0.000,0.000,0.000,0.0000,0.0000,0.0000,1,1.0000,0,0,0.0000,0,1.2301,0.0000,0.0000,0.0000,0.0000,0,80.00,0.0263,5.7591,8.7684,0.0000,6.4036,-0.0000,80.00,1,0.00172,-1.581,1.242,-3.334,1.578,3.844,2.963,0,0.00,0,0,0,0,0,1,1.2356,-0.000,0.000,-0.0000,0.0000,-0.0000,4,1.2301,0.000
52,0.8667,0.0000,1.1908,-0.0000,0.0000,0.3115,-0.0000,0.0000,0.000,0.000,-8.594,1,VEHICLE,0,Nav_Hover_FBLR_VEH,0.8500,50,150,0,0.0800,0,0,0.000,0.000,0.000,0.0000,0.0000,0.0000,1,1.0000,0,0,0.0000,0,1.2356,0.0000,0.0000,0.0000,0.0000,0,80.00,0.0234,5.7661,8.7940,0.0000,6.4088,-0.0000,80.00,1,0.00172,-1.581,1.247,-3.334,1.578,3.850,2.963,0,0.00,0,0,0,0,0,1,1.2408,-0.000,0.000,0.0000,-0.0000,-0.0000,4,1.2356,0.000
53,0.8833,0.0000,1.1957,-0.0000,0.0000,0.2915,-0.0000,0.0000,0.000,0.000,-8.594,1,VEHICLE,0,Nav_Hover_FBLR_VEH,0.8667,50,150,0,0.0800,0,0,0.000,0.000,0.000,0.0000,0.0000,0.0000,1,1.0000,0,0,0.0000,0,1.2408,0.0000,0.0000,0.0000,0.0000,0,80.00,0.0208,5.7728,8.8192,0.0000,6.4136,-0.0000,80.00,1,0.00167,-1.581,1.252,-3.334,1.578,3.856,2.963,0,0.00,0,0,0,0,0,1,1.2457,-0.000,0.000,-0.0000,0.0000,-0.0000,4,1.2408,0.000
54,0.9000,0.0000,1.2002,-0.0000,0.0000,0.2723,-0.0000,0.0000,0.000,0.000,-8.594,1,VEHICLE,0,Nav_Hover_FBLR_VEH,0.8833,50,150,0,0.0800,0,0,0.000,0.000,0.000,0.0000,0.0000,0.0000,1,1.0000,0,0,0.0000,0,1.2457,0.0000,0.0000,0.0000,0.0000,0,80.00,0.0185,5.7790,8.8441,0.0000,6.4182,-0.0000,80.00,1,0.00167,-1.581,1.257,-3.333,1.578,3.861,2.963,0,0.00,0,0,0,0,0,1,1.2502,-0.000,0.000,-0.0000,0.0000,-0.0000,4,1.2457,0.000
55,0.9167,0.0000,1.2044,-0.0000,0.0000,0.2540,-0.0000,0.0000,0.000,0.000,-8.594,1,VEHICLE,0,Nav_Hover_FBLR_VEH,0.9000,50,150,0,0.0800,0,0,0.000,0.000,0.000,0.0000,0.0000,0.0000,1,1.0000,0,0,0.0000,0,1.2502,0.0000,0.0000,0.0000,0.0000,0,80.00,0.0165,5.7849,8.8687,0.0000,6.4224,-0.0000,80.00,1,0.00163,-1.581,1.261,-3.333,1.578,3.866,2.963,0,0.00,0,0,0,0,0,1,1.2544,-0.000,0.000,-0.0000,-0.0000,-0.0000,4,1.2502,0.000
56,0.9333,0.0000,1.2084,-0.0000,0.0000,0.2365,-0.0000,0.0000,0.000,0.000,-8.594,1,VEHICLE,0,Nav_Hover_FBLR_VEH,0.9167,50,150,0,0.0800,0,0,0.000,0.000,0.000,0.0000,0.0000,0.0000,1,1.0000,0,0,0.0000,0,1.2544,0.0000,0.0000,0.0000,0.0000,0,80.00,0.0147,5.7905,8.8930,0.0000,6.4263,-0.0000,80.00,1,0.00163,-1.581,1.265,-3.333,1.578,3.870,2.963,0,0.00,0,0,0,0,0,1,1.2584,-0.000,0.000,0.0000,0.0000,-0.0000,4,1.2544,0.000
57,0.9500,0.0000,1.2120,-0.0000,0.0000,0.2197,-0.0000,0.0000,0.000,0.000,-8.594,1,VEHICLE,0,Nav_Hover_FBLR_VEH,0.9333,50,150,0,0.0800,0,0,0.000,0.000,0.000,0.0000,0.0000,0.0000,1,1.0000,0,0,0.0000,0,1.2584,0.0000,0.0000,0.0000,0.0000,0,80.00,0.0130,5.7957,8.9168,0.0000,6.4300,-0.0000,80.00,1,0.00162,-1.581,1.268,-3.333,1.578,3.874,2.963,0,0.00,0,0,0,0,0,1,1.2620,-0.000,0.000,-0.0000,-0.0000,-0.0000,4,1.2584,0.000
58,0.9667,0.0000,1.2154,-0.0000,0.0000,0.2038,-0.0000,0.0000,0.000,0.000,-8.594,1,VEHICLE,0,Nav_Hover_FBLR_VEH,0.9500,50,150,0,0.0800,0,0,0.000,0.000,0.000,0.0000,0.0000,0.0000,1,1.0000,0,0,0.0000,0,1.2620,0.0000,0.0000,0.0000,0.0000,0,80.00,0.0116,5.8005,8.9403,0.0000,6.4334,-0.0000,80.00,1,0.00162,-1.581,1.272,-3.333,1.578,3.878,2.964,0,0.00,0,0,0,0,0,1,1.2654,-0.000,0.000,0.0000,0.0000,-0.0000,4,1.2620,0.000
59,0.9833,0.0000,1.2186,-0.0000,0.0000,0.1887,-0.0000,0.0000,0.000,0.000,-8.594,1,VEHICLE,0,Nav_Hover_FBLR_VEH,0.9667,50,150,0,0.0800,0,0,0.000,0.000,0.000,0.0000,0.0000,0.0000,1,1.0000,0,0,0.0000,0,1.2654,0.0000,0.0000,0.0000,0.0000,0,80.00,0.0103,5.8051,8.9634,0.0000,6.4365,-0.0000,80.00,1,0.00167,-1.581,1.276,-3.333,1.578,3.882,2.964,0,0.00,0,0,0,0,0,1,1.2686,-0.000,0.000,-0.0000,-0.0000,-0.0000,4,1.2654,0.000
60,1.0000,0.0000,1.2215,-0.0000,0.0000,0.1743,-0.0000,0.0000,0.000,0.000,-8.594,1,VEHICLE,0,Nav_Hover_FBLR_VEH,0.9833,50,150,0,0.0800,0,0,0.000,0.000,0.000,0.0000,0.0000,0.0000,1,1.0000,0,0,0.0000,0,1.2686,0.0000,0.0000,0.0000,0.0000,0,80.00,0.0092,5.8094,8.9861,0.0000,6.4394,-0.0000,80.00,1,0.00167,-1.581,1.279,-3.333,1.578,3.886,2.964,0,0.00,0,0,0,0,0,1,1.2715,-0.000,0.000,-0.0000,0.0000,-0.0000,4,1.2686,0.000
61,1.0167,0.0000,1.2242,-0.0000,0.0000,0.1606,-0.0000,0.0000,0.000,0.000,-8.594,1,VEHICLE,0,Nav_Hover_FBLR_VEH,1.0000,50,150,0,0.0800,0,0,0.000,0.000,0.000,0.0000,0.0000,0.0000,1,1.0000,0,0,0.0000,0,1.2715,0.0000,0.0000,0.0000,0.0000,0,80.00,0.0081,5.8134,9.0084,0.0000,6.4421,-0.0000,80.00,1,0.00170,-1.581,1.282,-3.333,1.578,3.889,2.964,0,0.00,0,0,0,0,0,1,1.2742,-0.000,0.000,-0.0000,-0.0000,-0.0000,4,1.2715,0.000
62,1.0333,0.0000,1.2266,-0.0000,0.0000,0.1477,-0.0000,0.0000,0.000,0.000,-8.594,1,VEHICLE,0,Nav_Hover_FBLR_VEH,1.0167,50,150,0,0.0800,0,0,0.000,0.000,0.000,0.0000,0.0000,0.0000,1,1.0000,0,0,0.0000,0,1.2742,0.0000,0.0000,0.0000,0.0000,0,80.00,0.0072,5.8171,9.0302,0.0000,6.4446,-0.0000,80.00,1,0.00170,-1.581,1.285,-3.333,1.578,3.893,2.964,0,0.00,0,0,0,0,0,1,1.2766,-0.000,0.000,0.0000,0.0000,-0.0000,4,1.2742,0.000
63,1.0500,0.0000,1.2289,-0.0000,0.0000,0.1355,-0.0000,0.0000,0.000,0.000,-8.594,1,VEHICLE,0,Nav_Hover_FBLR_VEH,1.0333,50,150,0,0.0800,0,0,0.000,0.000,0.000,0.0000,0.0000,0.0000,1,1.0000,0,0,0.0000,0,1.2766,0.0000,0.0000,0.0000,0.0000,0,80.00,0.0064,5.8206,9.0516,0.0000,6.4468,-0.0000,80.00,1,0.00173,-1.581,1.288,-3.333,1.578,3.896,2.964,0,0.00,0,0,0,0,0,1,1.2789,-0.000,0.000,-0.0000,-0.0000,-0.0000,4,1.2766,0.000
64,1.0667,0.0000,1.2309,-0.0000,0.0000,0.1240,-0.0000,0.0000,0.000,0.000,-8.594,1,VEHICLE,0,Nav_Hover_FBLR_VEH,1.0500,50,150,0,0.0800,0,0,0.000,0.000,0.000,0.0000,0.0000,0.0000,1,1.0000,0,0,0.0000,0,1.2789,0.0000,0.0000,0.0000,0.0000,0,80.00,0.0057,5.8239,9.0724,0.0000,6.4489,-0.0000,80.00,1,0.00173,-1.581,1.290,-3.333,1.578,3.898,2.964,0,0.00,0,0,0,0,0,1,1.2809,-0.000,0.000,-0.0000,0.0000,-0.0000,4,1.2789,0.000
65,1.0833,0.0000,1.2328,-0.0000,0.0000,0.1131,-0.0000,0.0000,0.000,0.000,-8.594,1,VEHICLE,0,Nav_Hover_FBLR_VEH,1.0667,50,150,0,0.0800,0,0,0.000,0.000,0.000,0.0000,0.0000,0.0000,1,1.0000,0,0,0.0000,0,1.2809,0.0000,0.0000,0.0000,0.0000,0,80.00,0.0051,5.8269,9.0928,0.0000,6.4508,-0.0000,80.00,1,0.00172,-1.581,1.293,-3.333,1.578,3.900,2.964,0,0.00,0,0,0,0,0,1,1.2828,-0.000,0.000,-0.0000,0.0000,-0.0000,4,1.2809,0.000
66,1.1000,0.0000,1.2345,-0.0000,0.0000,0.1028,-0.0000,0.0000,0.000,0.000,-8.594,1,VEHICLE,0,Nav_Hover_FBLR_VEH,1.0833,50,150,0,0.0800,0,0,0.000,0.000,0.000,0.0000,0.0000,0.0000,1,1.0000,0,0,0.0000,0,1.2828,0.0000,0.0000,0.0000,0.0000,0,80.00,0.0045,5.8297,9.1127,0.0000,6.4525,-0.0000,80.00,1,0.00172,-1.581,1.295,-3.333,1.578,3.902,2.964,0,0.00,0,0,0,0,0,1,1.2845,-0.000,0.000,0.0000,-0.0000,-0.0000,4,1.2828,0.000
67,1.1167,0.0000,1.2361,-0.0000,0.0000,0.0932,-0.0000,0.0000,0.000,0.000,-8.594,1,VEHICLE,0,Nav_Hover_FBLR_VEH,1.1000,50,150,0,0.0800,0,0,0.000,0.000,0.000,0.0000,0.0000,0.0000,1,1.0000,0,0,0.0000,0,1.2845,0.0000,0.0000,0.0000,0.0000,0,80.00,0.0040,5.8324,9.1320,0.0000,6.4541,-0.0000,80.00,1,0.00173,-1.581,1.297,-3.333,1.578,3.903,2.964,0,0.00,0,0,0,0,0,1,1.2861,-0.000,0.000,-0.0000,0.0000,-0.0000,4,1.2845,0.000
68,1.1333,0.0000,1.2375,-0.0000,0.0000,0.0842,-0.0000,0.0000,0.000,0.000,-8.594,1,VEHICLE,0,Nav_Hover_FBLR_VEH,1.1167,50,150,0,0.0800,0,0,0.000,0.000,0.000,0.0000,0.0000,0.0000,1,1.0000,0,0,0.0000,0,1.2861,0.0000,0.0000,0.0000,0.0000,0,80.00,0.0035,5.8348,9.1507,0.0000,6.4555,-0.0000,80.00,1,0.00173,-1.581,1.299,-3.333,1.578,3.904,2.964,0,0.00,0,0,0,0,0,1,1.2875,-0.000,0.000,-0.0000,0.0000,-0.0000,4,1.2861,0.000
69,1.1500,0.0000,1.2388,-0.0000,0.0000,0.0757,-0.0000,0.0000,0.000,0.000,-8.594,1,VEHICLE,0,Nav_Hover_FBLR_VEH,1.1333,50,150,0,0.0800,0,0,0.000,0.000,0.000,0.0000,0.0000,0.0000,1,1.0000,0,0,0.0000,0,1.2875,0.0000,0.0000,0.0000,0.0000,0,80.00,0.0031,5.8370,9.1689,0.0000,6.4567,-0.0000,80.00,1,0.00169,-1.581,1.301,-3.333,1.578,3.906,2.964,0,0.00,0,0,0,0,0,1,1.2888,-0.000,0.000,-0.0000,-0.0000,-0.0000,4,1.2875,0.000
70,1.1667,0.0000,1.2399,-0.0000,0.0000,0.0677,-0.0000,0.0000,0.000,0.000,-8.594,1,VEHICLE,0,Nav_Hover_FBLR_VEH,1.1500,50,150,0,0.0800,0,0,0.000,0.000,0.000,0.0000,0.0000,0.0000,1,1.0000,0,0,0.0000,0,1.2888,0.0000,0.0000,0.0000,0.0000,0,80.00,0.0028,5.8391,9.1865,0.0000,6.4579,-0.0000,80.00,1,0.00169,-1.581,1.302,-3.333,1.578,3.906,2.964,0,0.00,0,0,0,0,0,1,1.2899,-0.000,0.000,-0.0000,0.0000,-0.0000,4,1.2888,0.000
71,1.1833,0.0000,1.2409,-0.0000,0.0000,0.0603,-0.0000,0.0000,0.000,0.000,-8.594,1,VEHICLE,0,Nav_Hover_FBLR_VEH,1.1667,50,150,0,0.0800,0,0,0.000,0.000,0.000,0.0000,0.0000,0.0000,1,1.0000,0,0,0.0000,0,1.2899,0.0000,0.0000,0.0000,0.0000,0,80.00,0.0025,5.8410,9.2034,0.0000,6.4589,-0.0000,80.00,1,0.00165,-1.581,1.304,-3.334,1.578,3.907,2.964,0,0.00,0,0,0,0,0,1,1.2909,-0.000,0.000,0.0000,-0.0000,-0.0000,4,1.2899,0.000
72,1.2000,0.0000,1.2418,-0.0000,0.0000,0.0534,-0.0000,0.0000,0.000,0.000,-8.594,1,VEHICLE,0,Nav_Hover_FBLR_VEH,1.1833,50,150,0,0.0800,0,0,0.000,0.000,0.000,0.0000,0.0000,0.0000,1,1.0000,0,0,0.0000,0,1.2909,0.0000,0.0000,0.0000,0.0000,0,80.00,0.0022,5.8428,9.2197,0.0000,6.4598,-0.0000,80.00,1,0.00165,-1.581,1.305,-3.334,1.579,3.908,2.964,0,0.00,0,0,0,0,0,1,1.2918,-0.000,0.000,-0.0000,0.0000,-0.0000,4,1.2909,0.000
73,1.2167,0.0000,1.2426,-0.0000,0.0000,0.0470,-0.0000,0.0000,0.000,0.000,-8.594,1,VEHICLE,0,Nav_Hover_FBLR_VEH,1.2000,50,150,0,0.0800,0,0,0.000,0.000,0.000,0.0000,0.0000,0.0000,1,1.0000,0,0,0.0000,0,1.2918,0.0000,0.0000,0.0000,0.0000,0,80.00,0.0019,5.8444,9.2353,0.0000,6.4605,-0.0000,80.00,1,0.00159,-1.581,1.307,-3.334,1.579,3.908,2.964,0,0.00,0,0,0,0,0,1,1.2926,-0.000,0.000,-0.0000,-0.0000,-0.0000,4,1.2918,0.000
74,1.2333,0.0000,1.2433,-0.0000,0.0000,0.0410,-0.0000,0.0000,0.000,0.000,-8.594,1,VEHICLE,0,Nav_Hover_FBLR_VEH,1.2167,50,150,0,0.0800,0,0,0.000,0.000,0.000,0.0000,0.0000,0.0000,1,1.0000,0,0,0.0000,0,1.2926,0.0000,0.0000,0.0000,0.0000,0,80.00,0.0017,5.8459,9.2502,0.0000,6.4612,-0.0000,80.00,1,0.00159,-1.581,1.306,-3.334,1.579,3.909,2.964,0,0.00,0,0,0,0,0,1,1.2933,-0.000,0.000,-0.0000,0.0000,-0.0000,4,1.2926,0.000
75,1.2500,0.0000,1.2438,-0.0000,0.0000,0.0355,-0.0000,0.0000,0.000,0.000,-8.594,1,VEHICLE,0,Nav_Hover_FBLR_VEH,1.2333,50,150,0,0.0800,0,0,0.000,0.000,0.000,0.0000,0.0000,0.0000,1,1.0000,0,0,0.0000,0,1.2933,0.0000,0.0000,0.0000,0.0000,0,80.00,0.0015,5.8472,9.2644,0.0000,6.4618,-0.0000,80.00,1,0.00163,-1.580,1.306,-3.334,1.579,3.909,2.964,0,0.00,0,0,0,0,0,1,1.2938,-0.000,0.000,0.0000,0.0000,-0.0000,4,1.2933,0.000
76,1.2667,0.0000,1.2443,-0.0000,0.0000,0.0303,-0.0000,0.0000,0.000,0.000,-8.594,1,VEHICLE,0,Nav_Hover_FBLR_VEH,1.2500,50,150,0,0.0800,0,0,0.000,0.000,0.000,0.0000,0.0000,0.0000,1,1.0000,0,0,0.0000,0,1.2938,0.0000,0.0000,0.0000,0.0000,0,80.00,0.0013,5.8484,9.2778,0.0000,6.4623,-0.0000,80.00,1,0.00163,-1.580,1.306,-3.334,1.579,3.910,2.964,0,0.00,0,0,0,0,0,1,1.2943,-0.000,0.000,-0.0000,-0.0000,-0.0000,4,1.2938,0.000
77,1.2833,0.0000,1.2448,-0.0000,0.0000,0.0256,-0.0000,0.0000,0.000,0.000,-8.594,1,VEHICLE,0,Nav_Hover_FBLR_VEH,1.2667,50,150,0,0.0800,0,0,0.000,0.000,0.000,0.0000,0.0000,0.0000,1,1.0000,0,0,0.0000,0,1.2943,0.0000,0.0000,0.0000,0.0000,0,80.00,0.0012,5.8495,9.2905,0.0000,6.4627,-0.0000,80.00,1,0.00170,-1.580,1.307,-3.334,1.579,3.910,2.964,0,0.00,0,0,0,0,0,1,1.2948,-0.000,0.000,-0.0000,0.0000,-0.0000,4,1.2943,0.000
78,1.3000,0.0000,1.2451,-0.0000,0.0000,0.0212,-0.0000,0.0000,0.000,0.000,-8.594,1,VEHICLE,0,Nav_Hover_FBLR_VEH,1.2833,50,150,0,0.0800,0,0,0.000,0.000,0.000,0.0000,0.0000,0.0000,1,1.0000,0,0,0.0000,0,1.2948,0.0000,0.0000,0.0000,0.0000,0,80.00,0.0011,5.8505,9.3024,0.0000,6.4631,-0.0000,80.00,1,0.00170,-1.580,1.308,-3.335,1.579,3.911,2.964,0,0.00,0,0,0,0,0,1,1.2951,-0.000,0.000,0.0000,0.0000,-0.0000,4,1.2948,0.000
79,1.3167,0.0000,1.2454,-0.0000,0.0000,0.0172,-0.0000,0.0000,0.000,0.000,-8.594,1,VEHICLE,0,Nav_Hover_FBLR_VEH,1.3000,50,150,0,0.0800,0,0,0.000,0.000,0.000,0.0000,0.0000,0.0000,1,1.0000,0,0,0.0000,0,1.2951,0.0000,0.0000,0.0000,0.0000,0,80.00,0.0009,5.8514,9.3135,0.0000,6.4634,-0.0000,80.00,1,0.00177,-1.580,1.309,-3.335,1.579,3.911,2.964,0,0.00,0,0,0,0,0,1,1.2954,-0.000,0.000,-0.0000,-0.0000,-0.0000,4,1.2951,0.000
80,1.3333,0.0000,1.2456,-0.0000,0.0000,0.0135,-0.0000,0.0000,0.000,0.000,-8.594,1,VEHICLE,0,Nav_Hover_FBLR_VEH,1.3167,50,150,0,0.0800,0,0,0.000,0.000,0.000,0.0000,0.0000,0.0000,1,1.0000,0,0,0.0000,0,1.2954,0.0000,0.0000,0.0000,0.0000,0,80.00,0.0008,5.8521,9.3237,0.0000,6.4636,-0.0000,80.00,1,0.00177,-1.580,1.310,-3.335,1.579,3.911,2.964,0,0.00,0,0,0,0,0,1,1.2956,-0.000,0.000,-0.0000,0.0000,-0.0000,4,1.2954,0.000
81,1.3500,0.0000,1.2458,-0.0000,0.0000,0.0102,-0.0000,0.0000,0.000,0.000,-8.594,1,VEHICLE,0,Nav_Hover_FBLR_VEH,1.3333,50,150,0,0.0800,0,0,0.000,0.000,0.000,0.0000,0.0000,0.0000,1,1.0000,0,0,0.0000,0,1.2956,0.0000,0.0000,0.0000,0.0000,0,80.00,0.0007,5.8528,9.3331,0.0000,6.4638,-0.0000,80.00,1,0.00179,-1.580,1.311,-3.335,1.579,3.911,2.964,0,0.00,0,0,0,0,0,1,1.2958,-0.000,0.000,-0.0000,-0.0000,-0.0000,4,1.2956,0.000
82,1.3667,0.0000,1.2459,-0.0000,0.0000,0.0071,-0.0000,0.0000,0.000,0.000,-8.594,1,VEHICLE,0,Nav_Hover_FBLR_VEH,1.3500,50,150,0,0.0800,0,0,0.000,0.000,0.000,0.0000,0.0000,0.0000,1,1.0000,0,0,0.0000,0,1.2958,0.0000,0.0000,0.0000,0.0000,0,80.00,0.0006,5.8534,9.3416,0.0000,6.4639,-0.0000,80.00,1,0.00179,-1.580,1.312,-3.335,1.579,3.911,2.964,0,0.00,0,0,0,0,0,1,1.2959,-0.000,0.000,-0.0000,-0.0000,-0.0000,4,1.2958,0.000
83,1.3833,0.0000,1.2460,-0.0000,0.0000,0.0043,-0.0000,0.0000,0.000,0.000,-8.594,1,VEHICLE,0,Nav_Hover_FBLR_VEH,1.3667,50,150,0,0.0800,0,0,0.000,0.000,0.000,0.0000,0.0000,0.0000,1,1.0000,0,0,0.0000,0,1.2959,0.0000,0.0000,0.0000,0.0000,0,80.00,0.0006,5.8538,9.3492,0.0000,6.4640,-0.0000,80.00,1,0.00183,-1.580,1.313,-3.335,1.579,3.911,2.964,0,0.00,0,0,0,0,0,1,1.2960,-0.000,0.000,-0.0000,-0.0000,-0.0000,4,1.2959,0.000
84,1.4000,0.0000,1.2460,-0.0000,0.0000,0.0018,-0.0000,0.0000,0.000,0.000,-8.594,1,VEHICLE,0,Nav_Hover_FBLR_VEH,1.3833,50,150,0,0.0800,0,0,0.000,0.000,0.000,0.0000,0.0000,0.0000,1,1.0000,0,0,0.0000,0,1.2960,0.0000,0.0000,0.0000,0.0000,0,80.00,0.0005,5.8542,9.3558,0.0000,6.4640,-0.0000,80.00,1,0.00183,-1.580,1.313,-3.336,1.579,3.910,2.964,0,0.00,0,0,0,0,0,1,1.2960,-0.000,0.000,-0.0000,0.0000,-0.0000,4,1.2960,0.000
85,1.4167,0.0000,1.2460,-0.0000,0.0000,-0.0005,-0.0000,0.0000,0.000,0.000,-8.594,1,VEHICLE,0,Nav_Hover_FBLR_VEH,1.4000,50,150,0,0.0800,0,0,0.000,0.000,0.000,0.0000,0.0000,0.0000,1,1.0000,0,0,0.0000,0,1.2960,0.0000,0.0000,0.0000,0.0000,0,80.00,0.0004,5.8545,9.3615,0.0000,6.4640,-0.0000,80.00,1,0.00182,-1.580,1.314,-3.336,1.579,3.909,2.963,0,0.00,0,0,0,0,0,1,1.2960,-0.000,0.000,0.0000,-0.0000,-0.0000,4,1.2960,0.000
86,1.4333,0.0000,1.2460,-0.0000,0.0000,-0.0026,-0.0000,0.0000,0.000,0.000,-8.594,1,VEHICLE,0,Nav_Hover_FBLR_VEH,1.4167,50,150,0,0.0800,0,0,0.000,0.000,0.000,0.0000,0.0000,0.0000,1,1.0000,0,0,0.0000,0,1.2960,0.0000,0.0000,0.0000,0.0000,0,80.00,0.0004,5.8547,9.3662,0.0000,6.4640,-0.0000,80.00,1,0.00182,-1.580,1.315,-3.336,1.579,3.908,2.963,0,0.00,0,0,0,0,0,1,1.2960,-0.000,0.000,-0.0000,0.0000,-0.0000,4,1.2960,0.000
87,1.4500,0.0000,1.2459,-0.0000,0.0000,-0.0044,-0.0000,0.0000,0.000,0.000,-8.594,1,VEHICLE,0,Nav_Hover_FBLR_VEH,1.4333,50,150,0,0.0800,0,0,0.000,0.000,0.000,0.0000,0.0000,0.0000,1,1.0000,0,0,0.0000,0,1.2960,0.0000,0.0000,0.0000,0.0000,0,80.00,0.0004,5.8548,9.3699,0.0000,6.4639,-0.0000,80.00,1,0.00183,-1.580,1.315,-3.336,1.579,3.907,2.963,0,0.00,0,0,0,0,0,1,1.2959,-0.000,0.000,-0.0000,0.0000,-0.0000,4,1.2960,0.000
88,1.4667,0.0000,1.2458,-0.0000,0.0000,-0.0060,-0.0000,0.0000,0.000,0.000,-8.594,1,VEHICLE,0,Nav_Hover_FBLR_VEH,1.4500,50,150,0,0.0800,0,0,0.000,0.000,0.000,0.0000,0.0000,0.0000,1,1.0000,0,0,0.0000,0,1.2959,0.0000,0.0000,0.0000,0.0000,0,80.00,0.0003,5.8549,9.3726,0.0000,6.4638,-0.0000,80.00,1,0.00183,-1.580,1.315,-3.336,1.580,3.906,2.963,0,0.00,0,0,0,0,0,1,1.2958,-0.000,0.000,-0.0000,0.0000,-0.0000,4,1.2959,0.000
89,1.4833,0.0000,1.2457,-0.0000,0.0000,-0.0075,-0.0000,0.0000,0.000,0.000,-8.594,1,VEHICLE,0,Nav_Hover_FBLR_VEH,1.4667,50,150,0,0.0800,0,0,0.000,0.000,0.000,0.0000,0.0000,0.0000,1,1.0000,0,0,0.0000,0,1.2958,0.0000,0.0000,0.0000,0.0000,0,80.00,0.0003,5.8548,9.3743,0.0000,6.4637,-0.0000,80.00,1,0.00180,-1.580,1.316,-3.337,1.580,3.906,2.963,0,0.00,0,0,0,0,0,1,1.2957,-0.000,0.000,-0.0000,-0.0000,-0.0000,4,1.2958,0.000
90,1.5000,0.0000,1.2455,-0.0000,0.0000,-0.0088,-0.0000,0.0000,0.000,0.000,-8.594,1,VEHICLE,0,Nav_Hover_FBLR_VEH,1.4833,50,150,0,0.0800,0,0,0.000,0.000,0.000,0.0000,0.0000,0.0000,1,1.0000,0,0,0.0000,0,1.2957,0.0000,0.0000,0.0000,0.0000,0,80.00,0.0002,5.8547,9.3748,0.0000,6.4635,-0.0000,80.00,1,0.00180,-1.579,1.316,-3.337,1.580,3.905,2.963,0,0.00,0,0,0,0,0,1,1.2955,-0.000,0.000,-0.0000,0.0000,-0.0000,4,1.2957,0.000
91,1.5167,0.0000,0.4552,-0.0000,0.0000,-0.4988,-0.0000,0.0000,0.000,0.000,-8.594,0,VEHICLE,1,Transform_ToRobot_VEH,0.0000,50,150,0,0.0800,0,0,0.000,0.000,0.000,0.0000,0.0000,0.0000,0,0.0000,0,0,0.0000,0,1.2957,0.0000,0.0000,0.0000,0.0000,0,80.00,0.0634,5.8332,9.3444,0.0000,6.4552,-0.0000,80.00,1,0.00536,-1.579,1.309,-3.337,1.580,3.894,2.963,0,0.00,0,0,0,0,0,1,0.5052,-0.000,0.000,-0.0000,0.0000,-0.0000,4,1.2957,0.000
92,1.5333,0.0000,0.4387,-0.0000,0.0000,-0.9888,-0.0000,0.0000,0.000,0.000,-8.594,0,VEHICLE,1,Transform_ToRobot_VEH,0.0167,50,150,0,0.0800,0,0,0.000,0.000,0.000,0.0000,0.0000,0.0000,0,0.0147,0,0,0.0000,0,1.2957,0.0000,0.0000,0.0000,0.0000,0,80.00,0.2202,5.7840,9.2684,0.0000,6.4387,-0.0000,80.00,1,0.12819,-1.577,1.346,-3.338,1.581,3.891,2.962,0,0.00,0,0,0,0,0,1,0.4887,-0.000,0.000,-0.0000,0.0000,-0.0000,4,1.2957,0.000
93,1.5500,0.0000,0.4141,-0.0000,0.0000,-1.4788,-0.0000,0.0000,0.000,0.000,-8.594,0,VEHICLE,1,Transform_ToRobot_VEH,0.0333,50,150,0,0.0800,0,0,0.000,0.000,0.000,0.0000,0.0000,0.0000,0,0.0294,0,0,0.0000,0,1.2957,0.0000,0.0000,0.0000,0.0000,0,80.00,0.4310,5.7153,9.1658,0.0000,6.4141,-0.0000,80.00,1,0.30649,-1.593,1.458,-3.327,1.658,3.926,2.954,0,0.00,0,0,0,0,0,1,0.4641,-0.000,0.000,-0.0000,0.0000,-0.0000,4,1.2957,0.000
94,1.5667,0.0000,0.3813,-0.0000,0.0000,-1.9688,-0.0000,0.0000,0.000,0.000,-8.594,0,VEHICLE,1,Transform_ToRobot_VEH,0.0500,50,150,0,0.0800,0,0,0.000,0.000,0.000,0.0000,0.0000,0.0000,0,0.0441,0,0,0.0000,0,1.2957,0.0000,0.0000,0.0000,0.0000,0,80.00,0.6679,5.6329,9.0497,0.0000,6.3813,-0.0000,80.00,1,0.41400,-1.631,1.576,-3.301,1.818,3.985,2.940,0,0.00,0,0,0,0,0,1,0.4313,-0.000,0.000,-0.0000,0.0000,-0.0000,4,1.2957,0.000
95,1.5833,0.0000,0.3403,-0.0000,0.0000,-2.4588,-0.0000,0.0000,0.000,0.000,-8.594,0,VEHICLE,1,Transform_ToRobot_VEH,0.0667,50,150,0,0.0800,0,0,0.000,0.000,0.000,0.0000,0.0000,0.0000,0,0.0588,0,0,0.0000,0,1.2957,0.0000,0.0000,0.0000,0.0000,0,80.00,0.9124,5.5407,8.9291,0.0000,6.3403,-0.0000,80.00,1,0.44160,-1.673,1.705,-3.296,2.070,4.071,2.896,0,0.00,0,0,0,0,0,1,0.3903,-0.000,0.000,-0.0000,0.0000,-0.0000,4,1.2957,0.000
96,1.6000,0.0000,0.2911,-0.0000,0.0000,-2.9488,-0.0000,0.0000,0.000,0.000,-8.594,0,VEHICLE,1,Transform_ToRobot_VEH,0.0833,50,150,0,0.0800,0,0,0.000,0.000,0.000,0.0000,0.0000,0.0000,0,0.0735,0,0,0.0000,0,1.2957,0.0000,0.0000,0.0000,0.0000,0,80.00,1.1519,5.4414,8.8099,0.0000,6.2911,-0.0000,80.00,1,0.58993,-1.736,1.781,-3.293,2.323,4.239,2.845,0,0.00,0,0,0,0,0,1,0.3411,-0.000,0.000,-0.0000,0.0000,-0.0000,4,1.2957,0.000
97,1.6167,0.0000,0.2338,-0.0000,0.0000,-3.4388,-0.0000,0.0000,0.000,0.000,-8.594,0,VEHICLE,1,Transform_ToRobot_VEH,0.1000,50,150,0,0.0800,0,0,0.000,0.000,0.000,0.0000,0.0000,0.0000,0,0.0882,0,0,0.0000,0,1.2957,0.0000,0.0000,0.0000,0.0000,0,80.00,1.3787,5.3364,8.6957,0.0000,6.2338,-0.0000,80.00,1,0.56866,-1.805,1.822,-3.290,2.506,4.343,2.850,0,0.00,0,1,1,0,1,1,0.2838,-0.000,0.000,-0.0000,0.0000,-0.0000,4,1.2957,0.000
98,1.6333,0.0000,0.1683,-0.0000,0.0000,-3.9288,-0.0000,0.0000,0.000,0.000,-8.594,0,VEHICLE,1,Transform_ToRobot_VEH,0.1167,50,150,0,0.0800,0,0,0.000,0.000,0.000,0.0000,0.0000,0.0000,0,0.1029,0,0,0.0000,0,1.2957,0.0000,0.0000,0.0000,0.0000,0,80.00,1.5885,5.2269,8.5886,0.0000,6.1683,-0.0000,80.00,1,0.35693,-1.731,1.826,-3.022,2.562,4.255,2.664,0,0.00,0,1,1,0,1,1,0.2183,-0.000,0.000,-0.0000,0.0000,-0.0000,4,1.2957,0.000
99,1.6500,0.0000,0.0947,-0.0000,0.0000,-4.4188,-0.0000,0.0000,0.000,0.000,-8.594,0,VEHICLE,1,Transform_ToRobot_VEH,0.1333,50,150,0,0.0800,0,0,0.000,0.000,0.000,0.0000,0.0000,0.0000,0,0.1176,0,0,0.0000,0,1.2957,0.0000,0.0000,0.0000,0.0000,0,80.00,1.7790,5.1131,8.4898,0.0000,6.0947,-0.0000,80.00,1,0.34609,-1.697,1.763,-2.820,2.565,4.160,2.525,0,0.00,0,1,1,0,1,1,0.1447,-0.000,0.000,-0.0000,0.0000,-0.0000,4,1.2957,0.000
100,1.6667,0.0000,0.0129,-0.0000,0.0000,-4.9088,-0.0000,0.0000,0.000,0.000,-8.594,0,VEHICLE,1,Transform_ToRobot_VEH,0.1500,50,150,0,0.0800,0,0,0.000,0.000,0.000,0.0000,0.0000,0.0000,0,0.1324,0,0,0.0000,0,1.2957,0.0000,0.0000,0.0000,0.0000,0,80.00,1.9496,4.9953,8.3996,0.0000,6.0129,-0.0000,80.00,1,0.35615,-1.677,1.698,-2.672,2.573,4.108,2.405,0,0.00,0,1,1,0,1,1,0.0629,-0.000,0.000,-0.0000,0.0000,-0.0000,4,1.2957,0.000
101,1.6833,0.0000,0.0000,-0.0000,0.0000,0.0000,-0.0000,0.0000,0.000,0.000,-8.594,1,VEHICLE,1,Transform_ToRobot_VEH,0.1667,50,150,0,0.0800,0,0,0.000,0.000,0.000,0.0000,0.0000,0.0000,0,0.1471,0,0,0.0000,0,1.2957,0.0000,0.0000,0.0000,0.0000,0,80.00,2.1007,4.9504,8.3178,0.0000,6.0000,-0.0000,80.00,1,0.36851,-1.659,1.680,-2.580,2.587,4.114,2.284,0,0.00,0,1,1,0,1,1,0.0500,-0.000,0.000,-0.0000,0.0000,-0.0000,4,1.2957,0.000
102,1.7000,0.0000,0.0000,-0.0000,0.0000,0.0000,0.0000,0.0000,0.000,0.000,-8.594,1,VEHICLE,1,Transform_ToRobot_VEH,0.1833,50,150,0,0.0800,0,0,0.000,0.000,0.000,0.0000,0.0000,0.0000,0,0.1618,0,0,0.0000,0,1.2957,0.0000,0.0000,0.0000,0.0000,0,80.00,2.2332,4.9222,8.2439,0.0000,6.0000,-0.0000,80.00,1,0.38655,-1.666,1.699,-2.500,2.598,4.100,2.156,0,0.00,0,1,1,0,1,1,0.0500,-0.000,0.000,-0.0000,0.0000,-0.0000,4,1.2957,0.000
103,1.7167,0.0000,0.0000,-0.0000,0.0000,0.0000,0.0000,0.0000,0.000,0.000,-8.594,1,VEHICLE,1,Transform_ToRobot_VEH,0.2000,50,150,0,0.0800,0,0,0.000,0.000,0.000,0.0000,0.0000,0.0000,0,0.1765,0,0,0.0000,0,1.2957,0.0000,0.0000,0.0000,0.0000,0,80.00,2.3486,4.8976,8.1774,0.0000,6.0000,-0.0000,80.00,1,0.42060,-1.702,1.721,-2.358,2.610,4.108,2.045,0,0.00,0,1,1,0,1,1,0.0500,-0.000,0.000,-0.0000,0.0000,-0.0000,4,1.2957,0.000
104,1.7333,0.0000,0.0000,-0.0000,0.0000,0.0000,0.0000,0.0000,0.000,0.000,-8.594,1,VEHICLE,1,Transform_ToRobot_VEH,0.2167,50,150,0,0.0800,0,0,0.000,0.000,0.000,0.0000,0.0000,0.0000,0,0.1912,0,0,0.0000,0,1.2957,0.0000,0.0000,0.0000,0.0000,0,80.00,2.4484,4.8761,8.1175,0.0000,6.0000,-0.0000,80.00,1,0.48026,-1.709,1.742,-2.246,2.611,4.138,1.954,0,0.00,0,1,1,0,1,1,0.0500,-0.000,0.000,-0.0000,0.0000,-0.0000,4,1.2957,0.000
105,1.7500,0.0000,0.0000,-0.0000,0.0000,0.0000,0.0000,0.0000,0.000,0.000,-8.594,1,VEHICLE,1,Transform_ToRobot_VEH,0.2333,50,150,0,0.0800,0,0,0.000,0.000,0.000,0.0000,0.0000,0.0000,0,0.2059,0,0,0.0000,0,1.2957,0.0000,0.0000,0.0000,0.0000,0,80.00,2.5343,4.8576,8.0634,0.0000,6.0000,-0.0000,80.00,1,0.50631,-1.734,1.762,-2.143,2.607,4.164,1.893,0,0.00,0,1,1,0,1,1,0.0500,-0.000,0.000,-0.0000,0.0000,-0.0000,4,1.2957,0.000
106,1.7667,0.0000,0.0000,-0.0000,0.0000,0.0000,0.0000,0.0000,0.000,0.000,-8.594,1,VEHICLE,1,Transform_ToRobot_VEH,0.2500,50,150,0,0.0800,0,0,0.000,0.000,0.000,0.0000,0.0000,0.0000,0,0.2206,0,0,0.0000,0,1.2957,0.0000,0.0000,0.0000,0.0000,0,80.00,2.6079,4.8415,8.0144,0.0000,6.0000,-0.0000,80.00,1,0.53746,-1.714,1.767,-2.127,2.611,4.192,1.827,0,0.00,0,1,1,0,1,1,0.0500,-0.000,0.000,-0.0000,0.0000,-0.0000,4,1.2957,0.000
107,1.7833,0.0000,0.0000,-0.0000,0.0000,0.0000,0.0000,0.0000,0.000,0.000,-8.594,1,VEHICLE,1,Transform_ToRobot_VEH,0.2667,50,150,0,0.0800,0,0,0.000,0.000,0.000,0.0000,0.0000,0.0000,0,0.2353,0,0,0.0000,0,1.2957,0.0000,0.0000,0.0000,0.0000,0,80.00,2.6706,4.8277,7.9698,0.0000,6.0000,-0.0000,80.00,1,0.55222,-1.715,1.783,-2.141,2.614,4.221,1.772,0,0.00,0,1,1,0,1,1,0.0500,-0.000,0.000,-0.0000,0.0000,-0.0000,4,1.2957,0.000
108,1.8000,0.0000,0.0000,-0.0000,0.0000,0.0000,0.0000,0.0000,0.000,0.000,-8.594,1,VEHICLE,1,Transform_ToRobot_VEH,0.2833,50,150,0,0.0800,0,1,0.000,0.000,0.000,2.9029,-0.4566,-1.2429,0,0.2500,0,1,0.0000,0,1.2957,0.0000,0.0000,0.0000,0.0000,0,80.00,2.7239,4.8158,7.9291,0.0000,6.0000,-0.0000,80.00,1,20.14189,-1.888,-17.940,-2.067,2.613,4.177,1.955,220,19.17,0,1,1,1,1,1,0.0500,-0.000,0.000,-0.0000,0.0000,-0.0000,4,1.2957,0.000
109,1.8167,0.0000,0.0000,-0.0000,0.0000,0.0000,0.0000,0.0000,0.000,0.000,-8.594,1,VEHICLE,1,Transform_ToRobot_VEH,0.3000,50,150,0,0.0800,0,1,0.000,0.000,0.000,2.9418,-0.4859,-1.2037,0,0.2647,0,1,0.0000,0,1.2957,0.0000,0.0000,0.0000,0.0000,0,80.00,2.7690,4.8056,7.8915,0.0000,6.0000,-0.0000,80.00,1,20.14181,-2.411,-37.983,-2.018,2.603,4.139,3.356,220,39.29,0,1,1,1,1,1,0.0500,-0.000,0.000,-0.0000,0.0000,-0.0000,4,1.2957,0.000
110,1.8333,0.0000,0.0000,-0.0000,0.0000,0.0000,0.0000,0.0000,0.000,0.000,-8.594,1,VEHICLE,1,Transform_ToRobot_VEH,0.3167,50,150,0,0.0800,0,1,0.000,0.000,0.000,3.0337,-0.4915,-1.1789,0,0.2794,0,1,0.0000,0,1.2957,0.0000,0.0000,0.0000,0.0000,0,80.00,2.8071,4.7968,7.8567,0.0000,6.0000,-0.0000,80.00,1,0.28457,-2.412,-38.027,-1.978,2.598,4.106,3.363,220,39.33,0,1,1,1,1,1,0.0500,-0.000,0.000,-0.0000,0.0000,-0.0000,4,1.2957,0.000
111,1.8500,0.0000,0.0000,-0.0000,0.0000,0.0000,0.0000,0.0000,0.000,0.000,-8.594,1,VEHICLE,1,Transform_ToRobot_VEH,0.3333,50,150,0,0.0800,0,1,0.000,0.000,0.000,3.1198,-0.4772,-1.1501,0,0.2941,0,1,0.0000,0,1.2957,0.0000,0.0000,0.0000,0.0000,0,80.00,2.8392,4.7893,7.8241,0.0000,6.0000,-0.0000,80.00,1,0.28587,-2.412,-38.071,-1.942,2.583,4.048,3.370,220,39.37,0,1,1,1,1,1,0.0500,-0.000,0.000,-0.0000,0.0000,-0.0000,4,1.2957,0.000
112,1.8667,0.0000,0.0000,-0.0000,0.0000,0.0000,0.0000,0.0000,0.000,0.000,-8.594,1,VEHICLE,1,Transform_ToRobot_VEH,0.3500,50,150,0,0.0800,0,1,0.000,0.000,0.000,3.1587,-0.4246,-1.0703,0,0.3088,0,1,0.0000,0,1.2957,0.0000,0.0000,0.0000,0.0000,0,80.00,2.8662,4.7828,7.7933,0.0000,6.0000,-0.0000,80.00,1,0.30236,-2.413,-38.118,-1.917,2.562,4.062,3.378,220,39.42,0,1,1,1,1,1,0.0500,-0.000,0.000,-0.0000,0.0000,-0.0000,4,1.2957,0.000
113,1.8833,0.0000,0.0000,-0.0000,0.0000,0.0000,0.0000,0.0000,0.000,0.000,-8.594,1,VEHICLE,1,Transform_ToRobot_VEH,0.3667,50,150,0,0.0800,0,1,0.000,0.000,0.000,3.1861,-0.3509,-1.0054,0,0.3235,0,1,0.0000,0,1.2957,0.0000,0.0000,0.0000,0.0000,0,80.00,2.8888,4.7771,7.7641,0.0000,6.0000,-0.0000,80.00,1,0.30076,-2.414,-38.164,-1.902,2.521,4.134,3.387,220,39.47,0,1,1,1,1,1,0.0500,-0.000,0.000,-0.0000,0.0000,-0.0000,4,1.2957,0.000
114,1.9000,0.0000,0.0000,-0.0000,0.0000,0.0000,0.0000,0.0000,0.000,0.000,-8.594,1,VEHICLE,1,Transform_ToRobot_VEH,0.3833,50,150,0,0.0800,0,1,0.000,0.000,0.000,1.7226,-0.9790,-1.6451,0,0.3382,0,1,0.0000,0,1.2957,0.0000,0.0000,0.0000,0.0000,0,80.00,2.9077,4.7722,7.7360,0.0000,6.0000,-0.0000,80.00,1,0.64935,-2.415,-38.211,-1.928,2.263,4.179,3.395,220,39.52,0,1,1,1,1,1,0.0500,-0.000,0.000,-0.0000,0.0000,-0.0000,4,1.2957,0.000
115,1.9167,0.0000,0.0000,-0.0000,0.0000,0.0000,0.0000,0.0000,0.000,0.000,-8.594,1,VEHICLE,1,Transform_ToRobot_VEH,0.4000,50,150,0,0.0800,0,1,0.000,0.000,0.000,0.1250,-0.4748,-2.0211,0,0.3529,0,1,0.0000,0,1.2957,0.0000,0.0000,0.0000,0.0000,0,80.00,2.9234,4.7680,7.7090,0.0000,6.0000,-0.0000,80.00,1,0.64673,-2.416,-38.258,-2.101,2.028,4.287,3.404,220,39.56,0,1,1,1,1,1,0.0500,-0.000,0.000,-0.0000,0.0000,-0.0000,4,1.2957,0.000
116,1.9333,0.0000,0.0000,-0.0000,0.0000,0.0000,0.0000,0.0000,0.000,0.000,-8.594,1,VEHICLE,1,Transform_ToRobot_VEH,0.4167,50,150,0,0.0800,0,1,0.000,0.000,0.000,-0.6267,0.3959,-2.0185,0,0.3676,0,1,0.0000,0,1.2957,0.0000,0.0000,0.0000,0.0000,0,80.00,2.9366,4.7642,7.6827,0.0000,6.0000,-0.0000,80.00,1,0.57004,-2.417,-38.302,-2.329,1.804,4.363,3.411,220,39.61,0,1,1,1,1,1,0.0500,-0.000,0.000,-0.0000,0.0000,-0.0000,4,1.2957,0.000
117,1.9500,0.0000,0.0000,-0.0000,0.0000,0.0000,0.0000,0.0000,0.000,0.000,-8.594,1,VEHICLE,1,Transform_ToRobot_VEH,0.4333,50,150,0,0.0800,0,1,0.000,0.000,0.000,-0.9033,1.3896,-1.7097,0,0.3824,0,1,0.0000,0,1.2957,0.0000,0.0000,0.0000,0.0000,0,80.00,2.9476,4.7609,7.6569,0.0000,6.0000,-0.0000,80.00,1,0.62908,-2.417,-38.346,-2.555,1.591,4.418,3.418,220,39.65,0,1,1,1,1,1,0.0500,-0.000,0.000,-0.0000,0.0000,-0.0000,4,1.2957,0.000
118,1.9667,0.0000,0.0000,-0.0000,0.0000,0.0000,0.0000,0.0000,0.000,0.000,-8.594,1,VEHICLE,1,Transform_ToRobot_VEH,0.4500,50,150,0,0.0800,0,1,0.000,0.000,0.000,-1.1993,1.4794,-2.1450,0,0.3971,0,1,0.0000,0,1.2957,0.0000,0.0000,0.0000,0.0000,0,80.00,2.9567,4.7580,7.6316,0.0000,6.0000,-0.0000,80.00,1,0.43112,-2.417,-38.386,-2.648,1.531,4.457,3.420,220,39.69,0,1,1,1,1,1,0.0500,-0.000,0.000,-0.0000,0.0000,-0.0000,4,1.2957,0.000
119,1.9833,0.0000,0.0000,-0.0000,0.0000,0.0000,0.0000,0.0000,0.000,0.000,-8.594,1,VEHICLE,1,Transform_ToRobot_VEH,0.4667,50,150,0,0.0800,0,1,0.000,0.000,0.000,-1.4593,1.7990,-2.6289,0,0.4118,0,1,0.0000,0,1.2957,0.0000,0.0000,0.0000,0.0000,0,80.00,2.9642,4.7553,7.6066,0.0000,6.0000,-0.0000,80.00,1,0.42432,-2.416,-38.425,-2.749,1.436,4.549,3.423,220,39.73,0,1,1,1,1,1,0.0500,-0.000,0.000,-0.0000,0.0000,-0.0000,4,1.2957,0.000
120,2.0000,0.0000,0.0000,-0.0000,0.0000,0.0000,0.0000,0.0000,0.000,0.000,-8.594,1,VEHICLE,1,Transform_ToRobot_VEH,0.4833,50,150,0,0.0800,0,1,0.000,0.000,0.000,-1.5666,2.4521,-3.0858,0,0.4265,1,1,0.0000,0,1.2957,0.0000,0.0000,0.0000,0.0000,0,80.00,2.9705,4.7529,7.5819,0.0000,6.0000,-0.0000,80.00,1,0.86722,-2.415,-38.458,-2.690,1.483,4.602,3.420,220,39.76,0,1,1,1,1,1,0.0500,-0.000,0.000,-0.0000,0.0000,-0.0000,4,1.2957,0.000
121,2.0167,0.0000,0.0000,-0.0000,0.0000,0.0000,0.0000,0.0000,0.000,0.000,-8.594,1,VEHICLE,1,Transform_ToRobot_VEH,0.5000,50,150,0,0.0800,0,1,0.000,0.000,0.000,-1.5443,3.1535,-3.4124,0,0.4412,1,1,0.0000,0,1.2957,0.0000,0.0000,0.0000,0.0000,0,80.00,2.9757,4.7507,7.5573,0.0000,6.0000,-0.0000,80.00,1,0.95300,-2.413,-38.491,-2.745,1.361,4.591,3.417,220,39.79,0,1,1,1,1,1,0.0500,-0.000,0.000,-0.0000,0.0000,-0.0000,4,1.2957,0.000
122,2.0333,0.0000,0.0000,-0.0000,0.0000,0.0000,0.0000,0.0000,0.000,0.000,-8.594,1,VEHICLE,1,Transform_ToRobot_VEH,0.5167,50,150,0,0.0800,0,1,0.000,0.000,0.000,-1.4181,3.8741,-3.5445,0,0.4559,1,1,0.0000,0,1.2957,0.0000,0.0000,0.0000,0.0000,0,80.00,2.9800,4.7487,7.5327,0.0000,6.0000,-0.0000,80.00,1,0.87919,-2.409,-38.514,-2.362,1.468,4.505,3.406,220,39.82,0,1,1,1,1,1,0.0500,-0.000,0.000,-0.0000,0.0000,-0.0000,4,1.2957,0.000
123,2.0500,0.0000,0.0000,-0.0000,0.0000,0.0000,0.0000,0.0000,0.000,0.000,-8.594,1,VEHICLE,1,Transform_ToRobot_VEH,0.5333,50,150,0,0.0800,0,1,0.000,0.000,0.000,-1.3440,4.4609,-3.5381,0,0.4706,1,1,0.0000,0,1.2957,0.0000,0.0000,0.0000,0.0000,0,80.00,2.9835,4.7468,7.5083,0.0000,6.0000,-0.0000,80.00,1,0.81773,-2.405,-38.537,-2.152,1.649,4.382,3.396,220,39.84,0,1,1,1,1,1,0.0500,-0.000,0.000,-0.0000,0.0000,-0.0000,4,1.2957,0.000
124,2.0667,0.0000,0.0000,-0.0000,0.0000,0.0000,0.0000,0.0000,0.000,0.000,-8.594,1,VEHICLE,1,Transform_ToRobot_VEH,0.5500,50,150,0,0.0800,0,1,0.000,0.000,0.000,-1.3343,5.0570,-3.1073,0,0.4853,1,1,0.0000,0,1.2957,0.0000,0.0000,0.0000,0.0000,0,80.00,2.9864,4.7451,7.4838,0.0000,6.0000,-0.0000,80.00,1,0.85385,-2.398,-38.549,-1.799,1.777,4.244,3.375,220,39.85,0,1,1,1,1,1,0.0500,-0.000,0.000,-0.0000,0.0000,-0.0000,4,1.2957,0.000
125,2.0833,0.0000,0.0000,-0.0000,0.0000,0.0000,0.0000,0.0000,0.000,0.000,-8.594,1,VEHICLE,1,Transform_ToRobot_VEH,0.5667,50,150,0,0.0800,0,1,0.000,0.000,0.000,-1.2813,5.5733,-2.5875,0,0.5000,1,1,0.0000,0,1.2957,0.0000,0.0000,0.0000,0.0000,0,80.00,2.9889,4.7434,7.4592,0.0000,6.0000,-0.0000,80.00,1,0.80069,-2.392,-38.561,-1.571,1.868,4.093,3.355,220,39.86,0,1,1,1,1,1,0.0500,-0.000,0.000,-0.0000,0.0000,-0.0000,4,1.2957,0.000
126,2.1000,0.0000,0.0000,-0.0000,0.0000,0.0000,0.0000,0.0000,0.000,0.000,-8.594,1,VEHICLE,1,Transform_ToRobot_VEH,0.5833,50,150,0,0.0800,0,1,0.000,0.000,0.000,-1.0373,6.0001,-1.8463,0,0.5147,1,1,0.0000,0,1.2957,0.0000,0.0000,0.0000,0.0000,0,80.00,2.9909,4.7418,7.4347,0.0000,6.0000,-0.0000,80.00,1,0.65517,-2.361,-38.460,-1.547,2.004,4.066,3.240,220,39.74,0,1,1,1,1,1,0.0500,-0.000,0.000,-0.0000,0.0000,-0.0000,4,1.2957,0.000
127,2.1167,0.0000,0.0000,-0.0000,0.0000,0.0000,0.0000,0.0000,0.000,0.000,-8.594,1,VEHICLE,1,Transform_ToRobot_VEH,0.6000,50,150,0,0.0800,0,1,0.000,0.000,0.000,-0.6665,6.2581,-1.1308,0,0.5294,1,1,0.0000,0,1.2957,0.0000,0.0000,0.0000,0.0000,0,80.00,2.9925,4.7403,7.4101,0.0000,6.0000,-0.0000,80.00,1,0.63184,-2.330,-38.360,-1.569,2.064,4.101,3.126,220,39.63,0,1,1,1,1,1,0.0500,-0.000,0.000,-0.0000,0.0000,-0.0000,4,1.2957,0.000
128,2.1333,0.0000,0.0000,-0.0000,0.0000,0.0000,0.0000,0.0000,0.000,0.000,-8.594,1,VEHICLE,1,Transform_ToRobot_VEH,0.6167,50,150,0,0.0800,0,1,0.000,0.000,0.000,-0.2786,6.3475,-0.4059,0,0.5441,1,1,0.0000,0,1.2957,0.0000,0.0000,0.0000,0.0000,0,80.00,2.9938,4.7388,7.3854,0.0000,6.0000,-0.0000,80.00,1,0.69922,-2.284,-38.189,-1.594,2.008,4.099,2.953,220,39.44,0,1,1,1,1,1,0.0500,-0.000,0.000,-0.0000,0.0000,-0.0000,4,1.2957,0.000
129,2.1500,0.0000,0.0000,-0.0000,0.0000,0.0000,0.0000,0.0000,0.000,0.000,-8.594,1,VEHICLE,1,Transform_ToRobot_VEH,0.6333,50,150,0,0.0800,0,1,0.000,0.000,0.000,0.1945,6.2817,0.2152,0,0.5588,1,1,0.0000,0,1.2957,0.0000,0.0000,0.0000,0.0000,0,80.00,2.9950,4.7373,7.3607,0.0000,6.0000,-0.0000,80.00,1,0.67698,-2.238,-38.018,-1.680,1.893,4.175,2.780,220,39.25,0,1,1,1,1,1,0.0500,-0.000,0.000,-0.0000,0.0000,-0.0000,4,1.2957,0.000
130,2.1667,0.0000,0.0000,-0.0000,0.0000,0.0000,0.0000,0.0000,0.000,0.000,-8.594,1,VEHICLE,1,Transform_ToRobot_VEH,0.6500,50,150,0,0.0800,0,1,0.000,0.000,0.000,0.6427,6.0864,0.7199,0,0.5735,1,1,0.0000,0,1.2957,0.0000,0.0000,0.0000,0.0000,0,80.00,2.9959,4.7359,7.3359,0.0000,6.0000,-0.0000,80.00,1,0.00000,-2.238,-38.018,-1.680,1.893,4.175,2.780,220,39.25,0,1,1,1,1,1,0.0500,-0.000,0.000,-0.0000,0.0000,-0.0000,4,1.2957,0.000
131,2.1833,0.0000,0.0000,-0.0000,0.0000,0.0000,0.0000,0.0000,0.000,0.000,-8.594,1,ROBOT,1,Transform_ToRobot_ROBO,0.6667,50,150,0,0.0800,0,1,0.000,0.000,0.000,1.1218,5.7945,1.0812,0,0.5882,1,1,0.0000,0,1.2957,0.0000,0.0000,0.0000,0.0000,0,80.00,2.9966,4.7345,7.3111,0.0000,6.0000,-0.0000,80.00,0,-1.00000,-1.165,0.025,-1.840,2.378,4.883,1.033,0,0.00,0,0,1,1,1,0,-1.0000,-0.000,0.000,-0.0000,0.0000,-0.0000,4,1.2957,0.000
132,2.2000,0.0000,0.0000,-0.0000,0.0000,0.0000,0.0000,0.0000,0.000,0.000,-8.594,1,ROBOT,1,Transform_ToRobot_ROBO,0.6833,50,150,0,0.0800,0,1,0.000,0.000,0.000,1.5263,5.4923,1.3022,0,0.6029,1,1,0.0000,0,1.2957,0.0000,0.0000,0.0000,0.0000,0,80.00,2.9972,4.7332,7.2862,0.0000,6.0000,-0.0000,80.00,0,0.42340,-1.181,0.026,-1.977,2.264,4.767,1.065,0,0.00,0,0,1,1,1,0,-1.0000,-0.000,0.000,-0.0000,0.0000,-0.0000,4,1.2957,0.000
133,2.2167,0.0000,0.0000,-0.0000,0.0000,0.0000,0.0000,0.0000,0.000,0.000,-8.594,1,ROBOT,1,Transform_ToRobot_ROBO,0.7000,50,150,0,0.0800,0,1,0.000,0.000,0.000,1.9216,5.1545,1.3910,0,0.6176,1,1,0.0000,0,1.2957,0.0000,0.0000,0.0000,0.0000,0,80.00,2.9977,4.7319,7.2613,0.0000,6.0000,-0.0000,80.00,0,0.40929,-1.195,0.030,-2.099,2.125,4.634,1.095,0,0.00,0,0,1,1,1,0,-1.0000,-0.000,0.000,-0.0000,0.0000,-0.0000,4,1.2957,0.000
134,2.2333,0.0000,0.0000,-0.0000,0.0000,0.0000,0.0000,0.0000,0.000,0.000,-8.594,1,ROBOT,1,Transform_ToRobot_ROBO,0.7167,50,150,0,0.0800,0,1,0.000,0.000,0.000,2.1822,4.8871,1.3871,0,0.6324,1,1,0.0000,0,1.2957,0.0000,0.0000,0.0000,0.0000,0,80.00,2.9981,4.7305,7.2364,0.0000,6.0000,-0.0000,80.00,0,0.42216,-1.202,0.023,-2.179,1.968,4.524,1.144,0,0.00,0,0,1,1,1,0,-1.0000,-0.000,0.000,-0.0000,0.0000,-0.0000,4,1.2957,0.000
135,2.2500,0.0000,0.0000,-0.0000,0.0000,0.0000,0.0000,0.0000,0.000,0.000,-8.594,1,ROBOT,1,Transform_ToRobot_ROBO,0.7333,50,150,0,0.0800,0,1,0.000,0.000,0.000,2.4242,4.6201,1.2998,0,0.6471,1,1,0.0000,0,1.2957,0.0000,0.0000,0.0000,0.0000,0,80.00,2.9985,4.7292,7.2116,0.0000,6.0000,-0.0000,80.00,0,0.43423,-1.211,0.021,-2.220,1.793,4.412,1.200,0,0.00,0,0,1,1,1,0,-1.0000,-0.000,0.000,-0.0000,0.0000,-0.0000,4,1.2957,0.000
136,2.2667,0.0000,0.0000,-0.0000,0.0000,0.0000,0.0000,0.0000,0.000,0.000,-8.594,1,ROBOT,1,Transform_ToRobot_ROBO,0.7500,50,150,0,0.0800,0,1,0.000,0.000,0.000,2.5599,4.4299,1.1397,0,0.6618,1,1,0.0000,0,1.2957,0.0000,0.0000,0.0000,0.0000,0,80.00,2.9988,4.7279,7.1867,0.0000,6.0000,-0.0000,80.00,0,0.43595,-1.194,0.047,-2.168,1.644,4.350,1.204,0,0.00,0,0,1,1,1,0,-1.0000,-0.000,0.000,-0.0000,0.0000,-0.0000,4,1.2957,0.000
137,2.2833,0.0000,0.0000,-0.0000,0.0000,0.0000,0.0000,0.0000,0.000,0.000,-8.594,1,ROBOT,1,Transform_ToRobot_ROBO,0.7667,50,150,0,0.0800,0,1,0.000,0.000,0.000,2.6645,4.2458,0.9327,0,0.6765,1,1,0.0000,0,1.2957,0.0000,0.0000,0.0000,0.0000,0,80.00,2.9990,4.7267,7.1619,0.0000,6.0000,-0.0000,80.00,0,0.42796,-1.202,0.079,-2.126,1.436,4.295,1.191,0,0.00,0,0,1,1,1,0,-1.0000,-0.000,0.000,-0.0000,0.0000,-0.0000,4,1.2957,0.000
138,2.3000,0.0000,0.0000,-0.0000,0.0000,0.0000,0.0000,0.0000,0.000,0.000,-8.594,1,ROBOT,1,Transform_ToRobot_ROBO,0.7833,50,150,0,0.0800,0,1,0.000,0.000,0.000,2.7046,4.0312,0.8791,0,0.6912,1,1,0.0000,0,1.2957,0.0000,0.0000,0.0000,0.0000,0,80.00,2.9992,4.7254,7.1372,0.0000,6.0000,-0.0000,80.00,0,0.41350,-1.228,0.101,-2.121,1.224,4.224,1.210,0,0.00,0,0,1,1,1,0,-1.0000,-0.000,0.000,-0.0000,0.0000,-0.0000,4,1.2957,0.000
139,2.3167,0.0000,0.0000,-0.0000,0.0000,0.0000,0.0000,0.0000,0.000,0.000,-8.594,1,ROBOT,1,Transform_ToRobot_ROBO,0.8000,50,150,0,0.0800,0,1,0.000,0.000,0.000,2.7284,3.8156,0.7931,0,0.7059,1,1,0.0000,0,1.2957,0.0000,0.0000,0.0000,0.0000,0,80.00,2.9993,4.7241,7.1125,0.0000,6.0000,-0.0000,80.00,0,0.40229,-1.266,0.132,-2.155,1.252,4.189,1.189,0,0.00,0,0,1,1,1,0,-1.0000,-0.000,0.000,-0.0000,0.0000,-0.0000,4,1.2957,0.000
140,2.3333,0.0000,0.0000,-0.0000,0.0000,0.0000,0.0000,0.0000,0.000,0.000,-8.594,1,ROBOT,1,Transform_ToRobot_ROBO,0.8167,50,150,0,0.0800,0,1,0.000,0.000,0.000,2.7452,3.5615,0.6213,0,0.7206,1,1,0.0000,0,1.2957,0.0000,0.0000,0.0000,0.0000,0,80.00,2.9994,4.7229,7.0880,0.0000,6.0000,-0.0000,80.00,0,0.36184,-1.330,0.152,-2.172,1.300,4.197,1.185,0,0.00,0,0,1,1,1,0,-1.0000,-0.000,0.000,-0.0000,0.0000,-0.0000,4,1.2957,0.000
141,2.3500,0.0000,0.0000,-0.0000,0.0000,0.0000,0.0000,0.0000,0.000,0.000,-8.594,1,ROBOT,1,Transform_ToRobot_ROBO,0.8333,50,150,0,0.0800,0,1,0.000,0.000,0.000,2.7247,3.3175,0.4324,0,0.7353,1,1,0.0000,0,1.2957,0.0000,0.0000,0.0000,0.0000,0,80.00,2.9996,4.7216,7.0636,0.0000,6.0000,-0.0000,80.00,0,0.36847,-1.484,0.176,-2.267,1.333,4.222,1.159,0,0.00,0,0,1,1,1,0,-1.0000,-0.000,0.000,-0.0000,0.0000,-0.0000,4,1.2957,0.000
142,2.3667,0.0000,0.0000,-0.0000,0.0000,0.0000,0.0000,0.0000,0.000,0.000,-8.594,1,ROBOT,1,Transform_ToRobot_ROBO,0.8500,50,150,0,0.0800,0,1,0.000,0.000,0.000,2.6837,3.2230,0.0248,0,0.7500,1,1,0.0000,0,1.2957,0.0000,0.0000,0.0000,0.0000,0,80.00,2.9996,4.7204,7.0394,0.0000,6.0000,-0.0000,80.00,0,0.54983,-1.519,0.199,-2.344,1.387,4.248,1.113,0,0.00,0,0,1,1,1,0,-1.0000,-0.000,0.000,-0.0000,0.0000,-0.0000,4,1.2957,0.000
143,2.3833,0.0000,0.0000,-0.0000,0.0000,0.0000,0.0000,0.0000,0.000,0.000,-8.594,1,ROBOT,1,Transform_ToRobot_ROBO,0.8667,50,150,0,0.0800,0,1,0.000,0.000,0.000,2.5816,3.1443,-0.3726,0,0.7647,1,1,0.0000,0,1.2957,0.0000,0.0000,0.0000,0.0000,0,80.00,2.9997,4.7192,7.0153,0.0000,6.0000,-0.0000,80.00,0,0.49174,-1.554,0.237,-2.369,1.415,4.282,1.058,0,0.00,0,0,1,1,1,0,-1.0000,-0.000,0.000,-0.0000,0.0000,-0.0000,4,1.2957,0.000
144,2.4000,0.0000,0.0000,-0.0000,0.0000,0.0000,0.0000,0.0000,0.000,0.000,-8.594,1,ROBOT,1,Transform_ToRobot_ROBO,0.8833,50,150,0,0.0800,0,1,0.000,0.000,0.000,2.5644,3.1157,-0.6607,0,0.7794,1,1,0.0000,0,1.2957,0.0000,0.0000,0.0000,0.0000,0,80.00,2.9998,4.7180,6.9914,0.0000,6.0000,-0.0000,80.00,0,0.31455,-1.575,0.253,-2.449,1.476,4.293,0.960,0,0.00,0,0,1,1,1,0,-1.0000,-0.000,0.000,-0.0000,0.0000,-0.0000,4,1.2957,0.000
145,2.4167,0.0000,0.0000,-0.0000,0.0000,0.0000,0.0000,0.0000,0.000,0.000,-8.594,1,ROBOT,1,Transform_ToRobot_ROBO,0.9000,50,150,0,0.0800,0,1,0.000,0.000,0.000,2.5244,3.0903,-0.9533,0,0.7941,1,1,0.0000,0,1.2957,0.0000,0.0000,0.0000,0.0000,0,80.00,2.9998,4.7168,6.9678,0.0000,6.0000,-0.0000,80.00,0,0.31771,-1.603,0.260,-2.507,1.525,4.307,0.842,0,0.00,0,0,1,1,1,0,-1.0000,-0.000,0.000,-0.0000,0.0000,-0.0000,4,1.2957,0.000
146,2.4333,0.0000,0.0000,-0.0000,0.0000,0.0000,0.0000,0.0000,0.000,0.000,-8.594,1,ROBOT,1,Transform_ToRobot_ROBO,0.9167,50,150,0,0.0800,0,1,0.000,0.000,0.000,2.4724,3.0782,-1.2433,0,0.8088,1,1,0.0000,0,1.2957,0.0000,0.0000,0.0000,0.0000,0,80.00,2.9998,4.7156,6.9444,0.0000,6.0000,-0.0000,80.00,0,0.27256,-1.639,0.257,-2.535,1.561,4.318,0.708,0,0.00,0,0,1,1,1,0,-1.0000,-0.000,0.000,-0.0000,0.0000,-0.0000,4,1.2957,0.000
147,2.4500,0.0000,0.0000,-0.0000,0.0000,0.0000,0.0000,0.0000,0.000,0.000,-8.594,1,ROBOT,1,Transform_ToRobot_ROBO,0.9333,50,150,0,0.0800,0,1,0.000,0.000,0.000,2.4008,3.0661,-1.5325,0,0.8235,1,1,0.0000,0,1.2957,0.0000,0.0000,0.0000,0.0000,0,80.00,2.9999,4.7145,6.9213,0.0000,6.0000,-0.0000,80.00,0,0.27138,-1.745,0.258,-2.540,1.586,4.329,0.585,0,0.00,0,0,1,1,1,0,-1.0000,-0.000,0.000,-0.0000,0.0000,-0.0000,4,1.2957,0.000
148,2.4667,0.0000,0.0000,-0.0000,0.0000,0.0000,0.0000,0.0000,0.000,0.000,-8.594,1,ROBOT,1,Transform_ToRobot_ROBO,0.9500,50,150,0,0.0800,0,1,0.000,0.000,0.000,2.3288,3.0533,-1.7934,0,0.8382,1,1,0.0000,0,1.2957,0.0000,0.0000,0.0000,0.0000,0,80.00,2.9999,4.7133,6.8985,0.0000,6.0000,-0.0000,80.00,0,0.27466,-1.857,0.260,-2.531,1.606,4.329,0.514,0,0.00,0,0,1,1,1,0,-1.0000,-0.000,0.000,-0.0000,0.0000,-0.0000,4,1.2957,0.000
149,2.4833,0.0000,0.0000,-0.0000,0.0000,0.0000,0.0000,0.0000,0.000,0.000,-8.594,1,ROBOT,1,Transform_ToRobot_ROBO,0.9667,50,150,0,0.0800,0,1,0.000,0.000,0.000,2.2422,3.0376,-2.0507,0,0.8529,1,1,0.0000,0,1.2957,0.0000,0.0000,0.0000,0.0000,0,80.00,2.9999,4.7122,6.8760,0.0000,6.0000,-0.0000,80.00,0,0.28070,-1.965,0.262,-2.498,1.632,4.321,0.467,0,0.00,0,0,1,1,1,0,-1.0000,-0.000,0.000,-0.0000,0.0000,-0.0000,4,1.2957,0.000
150,2.5000,0.0000,0.0000,-0.0000,0.0000,0.0000,0.0000,0.0000,0.000,0.000,-8.594,1,ROBOT,1,Transform_ToRobot_ROBO,0.9833,50,150,0,0.0800,0,1,0.000,0.000,0.000,2.1636,3.0229,-2.2636,0,0.8676,1,1,0.0000,0,1.2957,0.0000,0.0000,0.0000,0.0000,0,80.00,2.9999,4.7111,6.8538,0.0000,6.0000,-0.0000,80.00,0,0.20800,-2.097,0.251,-2.449,1.654,4.313,0.420,0,0.00,0,0,1,1,1,0,-1.0000,-0.000,0.000,-0.0000,0.0000,-0.0000,4,1.2957,0.000
151,2.5167,0.0000,0.0000,-0.0000,0.0000,0.0000,0.0000,0.0000,0.000,0.000,-8.594,1,ROBOT,1,Transform_ToRobot_ROBO,1.0000,50,150,0,0.0800,0,1,0.000,0.000,0.000,2.0755,3.0043,-2.4719,0,0.8824,1,1,0.0000,0,1.2957,0.0000,0.0000,0.0000,0.0000,0,80.00,2.9999,4.7100,6.8320,0.0000,6.0000,-0.0000,80.00,0,0.21150,-2.206,0.228,-2.388,1.653,4.302,0.376,0,0.00,0,0,1,1,1,0,-1.0000,-0.000,0.000,-0.0000,0.0000,-0.0000,4,1.2957,0.000
152,2.5333,0.0000,0.0000,-0.0000,0.0000,0.0000,0.0000,0.0000,0.000,0.000,-8.594,1,ROBOT,1,Transform_ToRobot_ROBO,1.0167,50,150,0,0.0800,0,1,0.000,0.000,0.000,2.0022,2.9885,-2.6251,0,0.8971,1,1,0.0000,0,1.2957,0.0000,0.0000,0.0000,0.0000,0,80.00,3.0000,4.7089,6.8106,0.0000,6.0000,-0.0000,80.00,0,0.25962,-2.292,0.147,-2.308,1.661,4.287,0.349,0,0.00,0,0,1,1,1,0,-1.0000,-0.000,0.000,-0.0000,0.0000,-0.0000,4,1.2957,0.000
153,2.5500,0.0000,0.0000,-0.0000,0.0000,0.0000,0.0000,0.0000,0.000,0.000,-8.594,1,ROBOT,1,Transform_ToRobot_ROBO,1.0333,50,150,0,0.0800,0,1,0.000,0.000,0.000,1.9243,2.9690,-2.7736,0,0.9118,1,1,0.0000,0,1.2957,0.0000,0.0000,0.0000,0.0000,0,80.00,3.0000,4.7079,6.7896,0.0000,6.0000,-0.0000,80.00,0,0.22499,-2.369,0.043,-2.213,1.677,4.274,0.326,0,0.00,0,0,1,1,1,0,-1.0000,-0.000,0.000,-0.0000,0.0000,-0.0000,4,1.2957,0.000
154,2.5667,0.0000,0.0000,-0.0000,0.0000,0.0000,0.0000,0.0000,0.000,0.000,-8.594,1,ROBOT,1,Transform_ToRobot_ROBO,1.0500,50,150,0,0.0800,0,1,0.000,0.000,0.000,1.7621,3.0032,-2.8978,0,0.9265,1,1,0.0000,0,1.2957,0.0000,0.0000,0.0000,0.0000,0,80.00,3.0000,4.7068,6.7691,0.0000,6.0000,-0.0000,80.00,0,0.20798,-2.413,0.038,-2.122,1.658,4.246,0.320,0,0.00,0,0,1,1,1,0,-1.0000,-0.000,0.000,-0.0000,0.0000,-0.0000,4,1.2957,0.000
155,2.5833,0.0000,0.0000,-0.0000,0.0000,0.0000,0.0000,0.0000,0.000,0.000,-8.594,1,ROBOT,1,Transform_ToRobot_ROBO,1.0667,50,150,0,0.0800,0,1,0.000,0.000,0.000,1.5964,3.0355,-3.0055,0,0.9412,1,1,0.0000,0,1.2957,0.0000,0.0000,0.0000,0.0000,0,80.00,3.0000,4.7058,6.7490,0.0000,6.0000,-0.0000,80.00,0,0.21023,-2.450,0.040,-2.024,1.632,4.224,0.308,0,0.00,0,0,1,1,1,0,-1.0000,-0.000,0.000,-0.0000,0.0000,-0.0000,4,1.2957,0.000
156,2.6000,0.0000,0.0000,-0.0000,0.0000,0.0000,0.0000,0.0000,0.000,0.000,-8.594,1,ROBOT,1,Transform_ToRobot_ROBO,1.0833,50,150,0,0.0800,0,1,0.000,0.000,0.000,1.4733,3.0845,-3.0583,0,0.9559,1,1,0.0000,0,1.2957,0.0000,0.0000,0.0000,0.0000,0,80.00,3.0000,4.7048,6.7294,0.0000,6.0000,-0.0000,80.00,0,0.19967,-2.473,0.039,-1.949,1.592,4.195,0.300,0,0.00,0,0,1,1,1,0,-1.0000,-0.000,0.000,-0.0000,0.0000,-0.0000,4,1.2957,0.000
157,2.6167,0.0000,0.0000,-0.0000,0.0000,0.0000,0.0000,0.0000,0.000,0.000,-8.594,1,ROBOT,1,Transform_ToRobot_ROBO,1.1000,50,150,0,0.0800,0,1,0.000,0.000,0.000,1.3522,3.1325,-3.1005,0,0.9706,1,1,0.0000,0,1.2957,0.0000,0.0000,0.0000,0.0000,0,80.00,3.0000,4.7039,6.7103,0.0000,6.0000,-0.0000,80.00,0,0.20277,-2.486,0.035,-1.880,1.570,4.175,0.296,0,0.00,0,0,0,1,1,0,-1.0000,-0.000,0.000,-0.0000,0.0000,-0.0000,4,1.2957,0.000
158,2.6333,0.0000,0.0000,-0.0000,0.0000,0.0000,0.0000,0.0000,0.000,0.000,-8.594,1,ROBOT,1,Transform_ToRobot_ROBO,1.1167,50,150,0,0.0800,0,1,0.000,0.000,0.000,1.3931,3.1218,-3.1087,0,0.9853,1,1,0.0000,0,1.2957,0.0000,0.0000,0.0000,0.0000,0,80.00,3.0000,4.7030,6.6918,0.0000,6.0000,-0.0000,80.00,0,0.19751,-2.483,0.035,-1.823,1.589,4.134,0.291,0,0.00,0,0,0,1,1,0,-1.0000,-0.000,0.000,-0.0000,0.0000,-0.0000,4,1.2957,0.000
159,2.6500,0.0000,0.0000,-0.0000,0.0000,0.0000,0.0000,0.0000,0.000,0.000,-8.594,1,ROBOT,1,Transform_ToRobot_ROBO,1.1333,50,150,0,0.0800,0,1,0.000,0.000,0.000,1.4382,3.1099,-3.1152,0,1.0000,1,1,0.0000,0,1.2957,0.0000,0.0000,0.0000,0.0000,0,80.00,3.0000,4.7021,6.6738,0.0000,6.0000,-0.0000,80.00,0,0.20079,-2.470,0.037,-1.783,1.616,4.093,0.289,0,0.00,0,0,0,1,1,0,-1.0000,-0.000,0.000,-0.0000,0.0000,-0.0000,4,1.2957,0.000
160,2.6667,0.0000,0.0000,-0.0000,0.0000,0.0000,0.0000,0.0000,0.000,0.000,-8.594,1,ROBOT,0,NAV_Idle,0.0000,50,150,0,0.0800,0,1,0.000,0.111,-0.027,1.4381,3.1041,-3.1150,0,1.0000,1,1,0.0000,0,1.2957,0.0000,0.0000,0.0000,0.0000,0,80.00,3.0000,4.7012,6.6564,0.0000,6.0000,-0.0000,80.00,0,0.00274,-2.470,0.037,-1.782,1.616,4.094,0.289,0,0.00,0,0,0,1,1,0,-1.0000,-0.000,0.000,-0.0000,0.0000,-0.0000,4,1.2957,0.000
161,2.6833,0.0000,0.0000,-0.0000,0.0000,0.0000,0.0000,0.0000,0.000,0.000,-8.594,1,ROBOT,0,NAV_Idle,0.0167,50,150,0,0.0800,0,1,0.000,0.222,-0.049,1.4445,3.1012,-3.1101,0,1.0000,1,1,0.0000,0,1.2957,0.0000,0.0000,0.0000,0.0000,0,80.00,3.0000,4.7004,6.6397,0.0000,6.0000,-0.0000,80.00,0,0.04240,-2.471,0.037,-1.744,1.621,4.092,0.295,0,0.00,0,0,0,1,1,0,-1.0000,-0.000,0.000,-0.0000,0.0000,-0.0000,4,1.2957,0.000
162,2.7000,0.0000,0.0000,-0.0000,0.0000,0.0000,0.0000,0.0000,0.000,0.000,-8.594,1,ROBOT,0,NAV_Idle,0.0333,50,150,0,0.0800,0,1,0.000,0.333,-0.067,1.4631,3.1117,-3.0954,0,1.0000,1,1,0.0000,0,1.2957,0.0000,0.0000,0.0000,0.0000,0,80.00,3.0000,4.6995,6.6235,0.0000,6.0000,-0.0000,80.00,0,0.11506,-2.469,0.035,-1.687,1.635,4.096,0.312,0,0.00,0,0,0,1,1,0,-1.0000,-0.000,0.000,-0.0000,0.0000,-0.0000,4,1.2957,0.000
163,2.7167,0.0000,0.0000,-0.0000,0.0000,0.0000,0.0000,0.0000,0.000,0.000,-8.594,1,ROBOT,0,NAV_Idle,0.0500,50,150,0,0.0800,0,1,0.000,0.444,-0.081,1.4910,3.1290,-3.0719,0,1.0000,1,1,0.0000,0,1.2957,0.0000,0.0000,0.0000,0.0000,0,80.00,3.0000,4.6988,6.6080,0.0000,6.0000,-0.0000,80.00,0,0.17482,-2.462,0.029,-1.638,1.653,4.095,0.347,0,0.00,0,0,0,1,1,0,-1.0000,-0.000,0.000,-0.0000,0.0000,-0.0000,4,1.2957,0.000
164,2.7333,0.0000,0.0000,-0.0000,0.0000,0.0000,0.0000,0.0000,0.000,0.000,-8.594,1,ROBOT,0,NAV_Idle,0.0667,50,150,0,0.0800,0,1,0.000,0.556,-0.092,1.5248,3.1446,-3.0397,0,1.0000,1,1,0.0000,0,1.2957,0.0000,0.0000,0.0000,0.0000,0,80.00,3.0000,4.6980,6.5932,0.0000,6.0000,-0.0000,80.00,0,0.22125,-2.441,0.029,-1.579,1.670,4.082,0.386,0,0.00,0,0,0,1,1,0,-1.0000,-0.000,0.000,-0.0000,0.0000,-0.0000,4,1.2957,0.000
165,2.7500,0.0000,0.0000,-0.0000,0.0000,0.0000,0.0000,0.0000,0.000,0.000,-8.594,1,ROBOT,0,NAV_Idle,0.0833,50,150,0,0.0800,0,1,0.000,0.667,-0.101,1.5610,3.1493,-2.9992,0,1.0000,1,1,0.0000,0,1.2957,0.0000,0.0000,0.0000,0.0000,0,80.00,3.0000,4.6973,6.5791,0.0000,6.0000,-0.0000,80.00,0,0.25576,-2.405,0.027,-1.524,1.677,4.081,0.425,0,0.00,0,0,0,1,1,0,-1.0000,-0.000,0.000,-0.0000,0.0000,-0.0000,4,1.2957,0.000
166,2.7667,0.0000,0.0000,-0.0000,0.0000,0.0000,0.0000,0.0000,0.000,0.000,-8.594,1,ROBOT,0,NAV_Idle,0.1000,50,150,0,0.0800,0,1,0.000,0.778,-0.108,1.5940,3.1354,-2.9525,0,1.0000,1,1,0.0000,0,1.2957,0.0000,0.0000,0.0000,0.0000,0,80.00,3.0000,4.6967,6.5658,0.0000,6.0000,-0.0000,80.00,0,0.27800,-2.350,0.027,-1.476,1.678,4.087,0.489,0,0.00,0,0,0,1,1,0,-1.0000,-0.000,0.000,-0.0000,0.0000,-0.0000,4,1.2957,0.000
167,2.7833,0.0000,0.0000,-0.0000,0.0000,0.0000,0.0000,0.0000,0.000,0.000,-8.594,1,ROBOT,0,NAV_Idle,0.1167,50,150,0,0.0800,0,1,0.000,0.889,-0.114,1.6186,3.0976,-2.9012,0,1.0000,1,1,0.0000,0,1.2957,0.0000,0.0000,0.0000,0.0000,0,80.00,3.0000,4.6960,6.5532,0.0000,6.0000,-0.0000,80.00,0,0.28873,-2.277,0.026,-1.425,1.659,4.080,0.566,0,0.00,0,0,0,1,1,0,-1.0000,-0.000,0.000,-0.0000,0.0000,-0.0000,4,1.2957,0.000
168,2.8000,0.0000,0.0000,-0.0000,0.0000,0.0000,0.0000,0.0000,0.000,0.000,-8.594,1,ROBOT,0,NAV_Idle,0.1333,50,150,0,0.0800,0,1,0.000,1.000,-0.118,1.6296,3.0344,-2.8476,0,1.0000,1,1,0.0000,0,1.2957,0.0000,0.0000,0.0000,0.0000,0,80.00,3.0000,4.6954,6.5413,0.0000,6.0000,-0.0000,80.00,0,0.28740,-2.178,0.027,-1.374,1.619,4.096,0.634,0,0.00,0,0,0,1,1,0,-1.0000,-0.000,0.000,-0.0000,0.0000,-0.0000,4,1.2957,0.000
169,2.8167,0.0000,0.0000,-0.0000,0.0000,0.0000,0.0000,0.0000,0.000,0.000,-8.594,1,ROBOT,0,NAV_Idle,0.1500,50,150,0,0.0800,0,1,0.000,1.000,-0.122,1.6241,2.9759,-2.7956,0,1.0000,1,1,0.0000,0,1.2957,0.0000,0.0000,0.0000,0.0000,0,80.00,3.0000,4.6949,6.5303,0.0000,6.0000,-0.0000,80.00,0,0.26990,-2.072,0.029,-1.324,1.578,4.100,0.701,0,0.00,0,0,0,1,1,0,-1.0000,-0.000,0.000,-0.0000,0.0000,-0.0000,4,1.2957,0.000
170,2.8333,0.0000,0.0000,-0.0000,0.0000,0.0000,0.0000,0.0000,0.000,0.000,-8.594,1,ROBOT,0,NAV_Idle,0.1667,50,150,0,0.0800,0,1,0.000,1.000,-0.125,1.6007,2.9027,-2.7464,0,1.0000,1,1,0.0000,0,1.2957,0.0000,0.0000,0.0000,0.0000,0,80.00,3.0000,4.6944,6.5201,0.0000,6.0000,-0.0000,80.00,0,0.24622,-1.960,0.034,-1.276,1.525,4.104,0.788,0,0.00,0,0,0,1,1,0,-1.0000,-0.000,0.000,-0.0000,0.0000,-0.0000,4,1.2957,0.000
171,2.8500,0.0000,0.0000,-0.0000,0.0000,0.0000,0.0000,0.0000,0.000,0.000,-8.594,1,ROBOT,0,NAV_Idle,0.1833,50,150,0,0.0800,0,1,0.000,1.000,-0.127,1.5623,2.8233,-2.7014,0,1.0000,1,1,0.0000,0,1.2957,0.0000,0.0000,0.0000,0.0000,0,80.00,3.0000,4.6939,6.5108,0.0000,6.0000,-0.0000,80.00,0,0.21425,-1.853,0.037,-1.233,1.467,4.108,0.887,0,0.00,0,0,0,1,1,0,-1.0000,-0.000,0.000,-0.0000,0.0000,-0.0000,4,1.2957,0.000
172,2.8667,0.0000,0.0000,-0.0000,0.0000,0.0000,0.0000,0.0000,0.000,0.000,-8.594,1,ROBOT,0,NAV_Idle,0.2000,50,150,0,0.0800,0,1,0.000,1.000,-0.129,1.5156,2.7471,-2.6622,0,1.0000,1,1,0.0000,0,1.2957,0.0000,0.0000,0.0000,0.0000,0,80.00,3.0000,4.6935,6.5023,0.0000,6.0000,-0.0000,80.00,0,0.17624,-1.758,0.038,-1.194,1.420,4.111,0.993,0,0.00,0,0,0,1,1,0,-1.0000,-0.000,0.000,-0.0000,0.0000,-0.0000,4,1.2957,0.000
173,2.8833,0.0000,0.0000,-0.0000,0.0000,0.0000,0.0000,0.0000,0.000,0.000,-8.594,1,ROBOT,0,NAV_Idle,0.2167,50,150,0,0.0800,0,1,0.000,1.000,-0.130,1.4701,2.6833,-2.6306,0,1.0000,1,1,0.0000,0,1.2957,0.0000,0.0000,0.0000,0.0000,0,80.00,3.0000,4.6931,6.4948,0.0000,6.0000,-0.0000,80.00,0,0.13216,-1.680,0.038,-1.163,1.370,4.113,1.063,0,0.00,0,0,0,1,1,0,-1.0000,-0.000,0.000,-0.0000,0.0000,-0.0000,4,1.2957,0.000
174,2.9000,0.0000,0.0000,-0.0000,0.0000,0.0000,0.0000,0.0000,0.000,0.000,-8.594,1,ROBOT,0,NAV_Idle,0.2333,50,150,0,0.0800,0,1,0.000,1.000,-0.132,1.4361,2.6396,-2.6091,0,1.0000,1,1,0.0000,0,1.2957,0.0000,0.0000,0.0000,0.0000,0,80.00,3.0000,4.6928,6.4882,0.0000,6.0000,-0.0000,80.00,0,0.08287,-1.631,0.039,-1.141,1.334,4.114,1.106,0,0.00,0,0,0,1,1,0,-1.0000,-0.000,0.000,-0.0000,0.0000,-0.0000,4,1.2957,0.000
175,2.9167,0.0000,0.0000,-0.0000,0.0000,0.0000,0.0000,0.0000,0.000,0.000,-8.594,1,ROBOT,0,NAV_Idle,0.2500,50,150,0,0.0800,0,1,0.000,1.000,-0.133,1.4232,2.6229,-2.6011,0,1.0000,1,1,0.0000,0,1.2957,0.0000,0.0000,0.0000,0.0000,0,80.00,3.0000,4.6925,6.4825,0.0000,6.0000,-0.0000,80.00,0,0.02784,-1.613,0.039,-1.133,1.320,4.117,1.123,0,0.00,0,0,0,1,1,0,-1.0000,-0.000,0.000,-0.0000,0.0000,-0.0000,4,1.2957,0.000
176,2.9333,0.0000,0.0000,-0.0000,0.0000,0.0000,0.0000,0.0000,0.000,0.000,-8.594,1,ROBOT,0,NAV_Idle,0.2667,50,150,0,0.0800,0,1,0.000,1.000,-0.133,1.4232,2.6214,-2.6004,0,1.0000,1,1,0.0000,0,1.2957,0.0000,0.0000,0.0000,0.0000,0,80.00,3.0000,4.6923,6.4778,0.0000,6.0000,-0.0000,80.00,0,0.02022,-1.614,0.039,-1.133,1.320,4.118,1.122,0,0.00,0,0,0,1,1,0,-1.0000,-0.000,0.000,-0.0000,0.0000,-0.0000,4,1.2957,0.000
177,2.9500,0.0000,0.0000,-0.0000,0.0000,0.0000,0.0000,0.0000,0.000,0.000,-8.594,1,ROBOT,0,NAV_Idle,0.2833,50,150,0,0.0800,0,1,0.000,1.000,-0.134,1.4232,2.6203,-2.5999,0,1.0000,1,1,0.0000,0,1.2957,0.0000,0.0000,0.0000,0.0000,0,80.00,3.0000,4.6921,6.4741,0.0000,6.0000,-0.0000,80.00,0,0.01996,-1.615,0.039,-1.133,1.320,4.119,1.121,0,0.00,0,0,0,1,1,0,-1.0000,-0.000,0.000,-0.0000,0.0000,-0.0000,4,1.2957,0.000
178,2.9667,0.0000,0.0000,-0.0000,0.0000,0.0000,0.0000,0.0000,0.000,0.000,-8.594,1,ROBOT,0,NAV_Idle,0.3000,50,150,0,0.0800,0,1,0.000,1.000,-0.134,1.4233,2.6195,-2.5995,0,1.0000,1,1,0.0000,0,1.2957,0.0000,0.0000,0.0000,0.0000,0,80.00,3.0000,4.6919,6.4714,0.0000,6.0000,-0.0000,80.00,0,0.01967,-1.615,0.039,-1.132,1.320,4.119,1.121,0,0.00,0,0,0,1,1,0,-1.0000,-0.000,0.000,-0.0000,0.0000,-0.0000,4,1.2957,0.000
179,2.9833,0.0000,0.0000,-0.0000,0.0000,0.0000,0.0000,0.0000,0.000,0.000,-8.594,1,ROBOT,0,NAV_Idle,0.3167,50,150,0,0.0800,0,1,0.000,1.000,-0.135,1.4233,2.6188,-2.5990,0,1.0000,1,1,0.0000,0,1.2957,0.0000,0.0000,0.0000,0.0000,0,80.00,3.0000,4.6919,6.4698,0.0000,6.0000,-0.0000,80.00,0,0.01713,-1.616,0.039,-1.132,1.321,4.117,1.121,0,0.00,0,0,0,1,1,0,-1.0000,-0.000,0.000,-0.0000,0.0000,-0.0000,4,1.2957,0.000
180,3.0000,0.0000,0.0000,-0.0000,0.0000,0.0000,0.0000,0.0000,0.000,0.000,-8.594,1,ROBOT,0,NAV_Idle,0.3333,50,150,0,0.0800,0,1,0.000,1.000,-0.135,1.4233,2.6184,-2.5987,0,1.0000,1,1,0.0000,0,1.2957,0.0000,0.0000,0.0000,0.0000,0,80.00,3.0000,4.6918,6.4693,0.0000,6.0000,-0.0000,80.00,0,0.01725,-1.617,0.039,-1.131,1.321,4.118,1.121,0,0.00,0,0,0,1,1,0,-1.0000,-0.000,0.000,-0.0000,0.0000,-0.0000,4,1.2957,0.000
181,3.0167,0.0000,0.0000,-0.0000,0.0000,0.0000,0.0000,0.0000,0.000,0.000,-8.594,1,ROBOT,0,NAV_Idle,0.3500,50,150,0,0.0800,0,1,0.000,1.000,-0.135,1.4234,2.6180,-2.5983,0,1.0000,1,1,0.0000,0,1.2957,0.0000,0.0000,0.0000,0.0000,0,80.00,3.0000,4.6918,6.4693,0.0000,6.0000,-0.0000,80.00,0,0.01231,-1.617,0.039,-1.131,1.321,4.119,1.120,0,0.00,0,0,0,1,1,0,-1.0000,-0.000,0.000,-0.0000,0.0000,-0.0000,4,1.2957,0.000
182,3.0333,0.0000,0.0000,-0.0000,0.0000,0.0000,0.0000,0.0000,0.000,0.000,-8.594,1,ROBOT,0,NAV_Idle,0.3667,50,150,0,0.0800,0,1,0.000,1.000,-0.136,1.4235,2.6178,-2.5980,0,1.0000,1,1,0.0000,0,1.2957,0.0000,0.0000,0.0000,0.0000,0,80.00,3.0000,4.6918,6.4693,0.0000,6.0000,-0.0000,80.00,0,0.01237,-1.618,0.039,-1.131,1.321,4.119,1.119,0,0.00,0,0,0,1,1,0,-1.0000,-0.000,0.000,-0.0000,0.0000,-0.0000,4,1.2957,0.000
183,3.0500,0.0000,0.0000,-0.0000,0.0000,0.0000,0.0000,0.0000,0.000,0.000,-8.594,1,ROBOT,0,NAV_Idle,0.3833,50,150,0,0.0800,0,1,0.000,1.000,-0.136,1.4236,2.6176,-2.5976,0,1.0000,1,1,0.0000,0,1.2957,0.0000,0.0000,0.0000,0.0000,0,80.00,3.0000,4.6918,6.4693,0.0000,6.0000,-0.0000,80.00,0,0.01127,-1.619,0.039,-1.130,1.321,4.121,1.118,0,0.00,0,0,0,1,1,0,-1.0000,-0.000,0.000,-0.0000,0.0000,-0.0000,4,1.2957,0.000
184,3.0667,0.0000,0.0000,-0.0000,0.0000,0.0000,0.0000,0.0000,0.000,0.000,-8.594,1,ROBOT,0,NAV_Idle,0.4000,50,150,0,0.0800,0,1,0.000,1.000,-0.136,1.4236,2.6176,-2.5972,0,1.0000,1,1,0.0000,0,1.2957,0.0000,0.0000,0.0000,0.0000,0,80.00,3.0000,4.6918,6.4693,0.0000,6.0000,-0.0000,80.00,0,0.01125,-1.619,0.039,-1.130,1.321,4.125,1.116,0,0.00,0,0,0,1,1,0,-1.0000,-0.000,0.000,-0.0000,0.0000,-0.0000,4,1.2957,0.000
185,3.0833,0.0000,0.0000,-0.0000,0.0000,0.0000,0.0000,0.0000,0.000,0.000,-8.594,1,ROBOT,0,NAV_Idle,0.4167,50,150,0,0.0800,0,1,0.000,1.000,-0.136,1.4236,2.6175,-2.5969,0,1.0000,1,1,0.0000,0,1.2957,0.0000,0.0000,0.0000,0.0000,0,80.00,3.0000,4.6918,6.4693,0.0000,6.0000,-0.0000,80.00,0,0.01123,-1.620,0.039,-1.130,1.321,4.125,1.115,0,0.00,0,0,0,1,1,0,-1.0000,-0.000,0.000,-0.0000,0.0000,-0.0000,4,1.2957,0.000
186,3.1000,0.0000,0.0000,-0.0000,0.0000,0.0000,0.0000,0.0000,0.000,0.000,-8.594,1,ROBOT,0,NAV_Idle,0.4333,50,150,0,0.0800,0,1,0.000,1.000,-0.136,1.4237,2.6175,-2.5965,0,1.0000,1,1,0.0000,0,1.2957,0.0000,0.0000,0.0000,0.0000,0,80.00,3.0000,4.6918,6.4693,0.0000,6.0000,-0.0000,80.00,0,0.01123,-1.620,0.039,-1.129,1.321,4.125,1.114,0,0.00,0,0,0,1,1,0,-1.0000,-0.000,0.000,-0.0000,0.0000,-0.0000,4,1.2957,0.000
187,3.1167,0.0000,0.0000,-0.0000,0.0000,0.0000,0.0000,0.0000,0.000,0.000,-8.594,1,ROBOT,0,NAV_Idle,0.4500,50,150,0,0.0800,0,1,0.000,1.000,-0.136,1.4237,2.6175,-2.5961,0,1.0000,1,1,0.0000,0,1.2957,0.0000,0.0000,0.0000,0.0000,0,80.00,3.0000,4.6918,6.4693,0.0000,6.0000,-0.0000,80.00,0,0.01092,-1.621,0.039,-1.129,1.321,4.125,1.113,0,0.00,0,0,0,1,1,0,-1.0000,-0.000,0.000,-0.0000,0.0000,-0.0000,4,1.2957,0.000
188,3.1333,0.0000,0.0000,-0.0000,0.0000,0.0000,0.0000,0.0000,0.000,0.000,-8.594,1,ROBOT,0,NAV_Idle,0.4667,50,150,0,0.0800,0,1,0.000,1.000,-0.136,1.4237,2.6176,-2.5957,0,1.0000,1,1,0.0000,0,1.2957,0.0000,0.0000,0.0000,0.0000,0,80.00,3.0000,4.6918,6.4693,0.0000,6.0000,-0.0000,80.00,0,0.01092,-1.622,0.039,-1.128,1.321,4.125,1.112,0,0.00,0,0,0,1,1,0,-1.0000,-0.000,0.000,-0.0000,0.0000,-0.0000,4,1.2957,0.000
189,3.1500,0.0000,0.0000,-0.0000,0.0000,0.0000,0.0000,0.0000,0.000,0.000,-8.594,1,ROBOT,0,NAV_Idle,0.4833,50,150,0,0.0800,0,1,0.000,1.000,-0.136,1.4238,2.6177,-2.5953,0,1.0000,1,1,0.0000,0,1.2957,0.0000,0.0000,0.0000,0.0000,0,80.00,3.0000,4.6918,6.4693,0.0000,6.0000,-0.0000,80.00,0,0.01096,-1.622,0.039,-1.128,1.321,4.125,1.110,0,0.00,0,0,0,1,1,0,-1.0000,-0.000,0.000,-0.0000,0.0000,-0.0000,4,1.2957,0.000
190,3.1667,0.0000,0.0000,-0.0000,0.0000,0.0000,0.0000,0.0000,0.000,0.000,-8.594,1,ROBOT,0,NAV_Idle,0.5000,50,150,0,0.0800,0,1,0.000,1.000,-0.136,1.4238,2.6177,-2.5949,0,1.0000,1,1,0.0000,0,1.2957,0.0000,0.0000,0.0000,0.0000,0,80.00,3.0000,4.6918,6.4693,0.0000,6.0000,-0.0000,80.00,0,0.01094,-1.623,0.039,-1.128,1.321,4.127,1.109,0,0.00,0,0,0,1,1,0,-1.0000,-0.000,0.000,-0.0000,0.0000,-0.0000,4,1.2957,0.000
191,3.1833,0.0000,0.0000,-0.0000,0.0000,0.0000,0.0000,0.0000,0.000,0.000,-8.594,1,ROBOT,0,NAV_Idle,0.5167,50,150,0,0.0800,0,1,0.000,1.000,-0.136,1.4238,2.6179,-2.5946,0,1.0000,1,1,0.0000,0,1.2957,0.0000,0.0000,0.0000,0.0000,0,80.00,3.0000,4.6918,6.4693,0.0000,6.0000,-0.0000,80.00,0,0.01080,-1.623,0.039,-1.127,1.321,4.128,1.108,0,0.00,0,0,0,1,1,0,-1.0000,-0.000,0.000,-0.0000,0.0000,-0.0000,4,1.2957,0.000
192,3.2000,0.0000,0.0000,-0.0000,0.0000,0.0000,0.0000,0.0000,0.000,0.000,-8.594,1,ROBOT,0,NAV_Idle,0.5333,50,150,0,0.0800,0,1,0.000,1.000,-0.136,1.4238,2.6181,-2.5943,0,1.0000,1,1,0.0000,0,1.2957,0.0000,0.0000,0.0000,0.0000,0,80.00,3.0000,4.6918,6.4693,0.0000,6.0000,-0.0000,80.00,0,0.01078,-1.624,0.039,-1.127,1.321,4.129,1.107,0,0.00,0,0,0,1,1,0,-1.0000,-0.000,0.000,-0.0000,0.0000,-0.0000,4,1.2957,0.000
193,3.2167,0.0000,0.0000,-0.0000,0.0000,0.0000,0.0000,0.0000,0.000,0.000,-8.594,1,ROBOT,0,NAV_Idle,0.5500,50,150,0,0.0800,0,1,0.000,1.000,-0.136,1.4239,2.6181,-2.5938,0,1.0000,1,1,0.0000,0,1.2957,0.0000,0.0000,0.0000,0.0000,0,80.00,3.0000,4.6918,6.4693,0.0000,6.0000,-0.0000,80.00,0,0.01053,-1.625,0.039,-1.126,1.321,4.127,1.105,0,0.00,0,0,0,1,1,0,-1.0000,-0.000,0.000,-0.0000,0.0000,-0.0000,4,1.2957,0.000
194,3.2333,0.0000,0.0000,-0.0000,0.0000,0.0000,0.0000,0.0000,0.000,0.000,-8.594,1,ROBOT,0,NAV_Idle,0.5667,50,150,0,0.0800,0,1,0.000,1.000,-0.136,1.4239,2.6183,-2.5934,0,1.0000,1,1,0.0000,0,1.2957,0.0000,0.0000,0.0000,0.0000,0,80.00,3.0000,4.6918,6.4693,0.0000,6.0000,-0.0000,80.00,0,0.01051,-1.626,0.039,-1.126,1.321,4.125,1.104,0,0.00,0,0,0,1,1,0,-1.0000,-0.000,0.000,-0.0000,0.0000,-0.0000,4,1.2957,0.000
195,3.2500,0.0000,0.0000,-0.0000,0.0000,0.0000,0.0000,0.0000,0.000,0.000,-8.594,1,ROBOT,0,NAV_Idle,0.5833,50,150,0,0.0800,0,1,0.000,1.000,-0.136,1.4239,2.6184,-2.5930,0,1.0000,1,1,0.0000,0,1.2957,0.0000,0.0000,0.0000,0.0000,0,80.00,3.0000,4.6918,6.4693,0.0000,6.0000,-0.0000,80.00,0,0.01009,-1.626,0.039,-1.126,1.321,4.125,1.103,0,0.00,0,0,0,1,1,0,-1.0000,-0.000,0.000,-0.0000,0.0000,-0.0000,4,1.2957,0.000
196,3.2667,0.0000,0.0000,-0.0000,0.0000,0.0000,0.0000,0.0000,0.000,0.000,-8.594,1,ROBOT,0,NAV_Idle,0.6000,50,150,0,0.0800,0,1,0.000,1.000,-0.136,1.4238,2.6186,-2.5926,0,1.0000,1,1,0.0000,0,1.2957,0.0000,0.0000,0.0000,0.0000,0,80.00,3.0000,4.6918,6.4693,0.0000,6.0000,-0.0000,80.00,0,0.01007,-1.627,0.039,-1.125,1.321,4.125,1.101,0,0.00,0,0,0,1,1,0,-1.0000,-0.000,0.000,-0.0000,0.0000,-0.0000,4,1.2957,0.000
197,3.2833,0.0000,0.0000,-0.0000,0.0000,0.0000,0.0000,0.0000,0.000,0.000,-8.594,1,ROBOT,0,NAV_Idle,0.6167,50,150,0,0.0800,0,1,0.000,1.000,-0.136,1.4238,2.6188,-2.5922,0,1.0000,1,1,0.0000,0,1.2957,0.0000,0.0000,0.0000,0.0000,0,80.00,3.0000,4.6918,6.4693,0.0000,6.0000,-0.0000,80.00,0,0.00949,-1.628,0.039,-1.125,1.321,4.125,1.102,0,0.00,0,0,0,1,1,0,-1.0000,-0.000,0.000,-0.0000,0.0000,-0.0000,4,1.2957,0.000
198,3.3000,0.0000,0.0000,-0.0000,0.0000,0.0000,0.0000,0.0000,0.000,0.000,-8.594,1,ROBOT,0,NAV_Idle,0.6333,50,150,0,0.0800,0,1,0.000,1.000,-0.136,1.4237,2.6189,-2.5917,0,1.0000,1,1,0.0000,0,1.2957,0.0000,0.0000,0.0000,0.0000,0,80.00,3.0000,4.6918,6.4693,0.0000,6.0000,-0.0000,80.00,0,0.00947,-1.628,0.039,-1.124,1.321,4.126,1.102,0,0.00,0,0,0,1,1,0,-1.0000,-0.000,0.000,-0.0000,0.0000,-0.0000,4,1.2957,0.000
199,3.3167,0.0000,0.0000,-0.0000,0.0000,0.0000,0.0000,0.0000,0.000,0.000,-8.594,1,ROBOT,0,NAV_Idle,0.6500,50,150,0,0.0800,0,1,0.000,1.000,-0.136,1.4237,2.6191,-2.5913,0,1.0000,1,1,0.0000,0,1.2957,0.0000,0.0000,0.0000,0.0000,0,80.00,3.0000,4.6918,6.4693,0.0000,6.0000,-0.0000,80.00,0,0.00856,-1.629,0.039,-1.124,1.321,4.128,1.102,0,0.00,0,0,0,1,1,0,-1.0000,-0.000,0.000,-0.0000,0.0000,-0.0000,4,1.2957,0.000
200,3.3333,0.0000,0.0000,-0.0000,0.0000,0.0000,0.0000,0.0000,0.000,0.000,-8.594,1,ROBOT,0,NAV_Idle,0.6667,50,150,0,0.0800,0,1,0.000,1.000,-0.136,1.4237,2.6193,-2.5909,0,1.0000,1,1,0.0000,0,1.2957,0.0000,0.0000,0.0000,0.0000,0,80.00,3.0000,4.6918,6.4693,0.0000,6.0000,-0.0000,80.00,0,0.00855,-1.630,0.039,-1.123,1.321,4.129,1.102,0,0.00,0,0,0,1,1,0,-1.0000,-0.000,0.000,-0.0000,0.0000,-0.0000,4,1.2957,0.000
201,3.3500,0.0000,0.0000,-0.0000,0.0000,0.0000,0.0000,0.0000,0.000,0.000,-8.594,1,ROBOT,0,NAV_Idle,0.6833,50,150,0,0.0800,0,1,0.000,1.000,-0.136,1.4237,2.6194,-2.5904,0,1.0000,1,1,0.0000,0,1.2957,0.0000,0.0000,0.0000,0.0000,0,80.00,3.0000,4.6918,6.4693,0.0000,6.0000,-0.0000,80.00,0,0.05553,-1.631,0.039,-1.123,1.321,4.128,1.102,0,0.00,0,0,0,1,1,0,-1.0000,-0.000,0.000,-0.0000,0.0000,-0.0000,4,1.2957,0.000
202,3.3667,0.0000,0.0000,-0.0000,0.0000,0.0000,0.0000,0.0000,0.000,0.000,-8.594,1,ROBOT,0,NAV_Idle,0.7000,50,150,0,0.0800,0,1,0.000,1.000,-0.136,1.4237,2.6196,-2.5900,0,1.0000,1,1,0.0000,0,1.2957,0.0000,0.0000,0.0000,0.0000,0,80.00,3.0000,4.6918,6.4693,0.0000,6.0000,-0.0000,80.00,0,0.05571,-1.632,0.039,-1.123,1.321,4.128,1.102,0,0.00,0,0,0,1,1,0,-1.0000,-0.000,0.000,-0.0000,0.0000,-0.0000,4,1.2957,0.000
203,3.3833,0.0000,0.0000,-0.0000,0.0000,0.0000,0.0000,0.0000,0.000,0.000,-8.594,1,ROBOT,0,NAV_Idle,0.7167,50,150,0,0.0800,0,1,0.000,1.000,-0.136,1.4236,2.6197,-2.5895,0,1.0000,1,1,0.0000,0,1.2957,0.0000,0.0000,0.0000,0.0000,0,80.00,3.0000,4.6918,6.4693,0.0000,6.0000,-0.0000,80.00,0,0.05581,-1.633,0.039,-1.122,1.321,4.128,1.102,0,0.00,0,0,0,1,1,0,-1.0000,-0.000,0.000,-0.0000,0.0000,-0.0000,4,1.2957,0.000
204,3.4000,0.0000,0.0000,-0.0000,0.0000,0.0000,0.0000,0.0000,0.000,0.000,-8.594,1,ROBOT,0,NAV_Idle,0.7333,50,150,0,0.0800,0,1,0.000,1.000,-0.136,1.4236,2.6198,-2.5891,0,1.0000,1,1,0.0000,0,1.2957,0.0000,0.0000,0.0000,0.0000,0,80.00,3.0000,4.6918,6.4693,0.0000,6.0000,-0.0000,80.00,0,0.05585,-1.633,0.039,-1.122,1.321,4.128,1.102,0,0.00,0,0,0,1,1,0,-1.0000,-0.000,0.000,-0.0000,0.0000,-0.0000,4,1.2957,0.000
205,3.4167,0.0000,0.0000,-0.0000,0.0000,0.0000,0.0000,0.0000,0.000,0.000,-8.594,1,ROBOT,0,NAV_Idle,0.7500,50,150,0,0.0800,0,1,0.000,1.000,-0.136,1.4235,2.6200,-2.5886,0,1.0000,1,1,0.0000,0,1.2957,0.0000,0.0000,0.0000,0.0000,0,80.00,3.0000,4.6918,6.4693,0.0000,6.0000,-0.0000,80.00,0,0.01336,-1.634,0.039,-1.121,1.321,4.128,1.101,0,0.00,0,0,0,1,1,0,-1.0000,-0.000,0.000,-0.0000,0.0000,-0.0000,4,1.2957,0.000
206,3.4333,0.0000,0.0000,-0.0000,0.0000,0.0000,0.0000,0.0000,0.000,0.000,-8.594,1,ROBOT,0,NAV_Idle,0.7667,50,150,0,0.0800,0,1,0.000,1.000,-0.136,1.4235,2.6201,-2.5881,0,1.0000,1,1,0.0000,0,1.2957,0.0000,0.0000,0.0000,0.0000,0,80.00,3.0000,4.6918,6.4693,0.0000,6.0000,-0.0000,80.00,0,0.01336,-1.634,0.039,-1.121,1.321,4.126,1.099,0,0.00,0,0,0,1,1,0,-1.0000,-0.000,0.000,-0.0000,0.0000,-0.0000,4,1.2957,0.000
207,3.4500,0.0000,0.0000,-0.0000,0.0000,0.0000,0.0000,0.0000,0.000,0.000,-8.594,1,ROBOT,0,NAV_Idle,0.7833,50,150,0,0.0800,0,1,0.000,1.000,-0.136,1.4234,2.6202,-2.5877,0,1.0000,1,1,0.0000,0,1.2957,0.0000,0.0000,0.0000,0.0000,0,80.00,3.0000,4.6918,6.4693,0.0000,6.0000,-0.0000,80.00,0,0.01304,-1.635,0.039,-1.120,1.321,4.124,1.098,0,0.00,0,0,0,1,1,0,-1.0000,-0.000,0.000,-0.0000,0.0000,-0.0000,4,1.2957,0.000
208,3.4667,0.0000,0.0000,-0.0000,0.0000,0.0000,0.0000,0.0000,0.000,0.000,-8.594,1,ROBOT,0,NAV_Idle,0.8000,50,150,0,0.0800,0,1,0.000,1.000,-0.136,1.4232,2.6204,-2.5873,0,1.0000,1,1,0.0000,0,1.2957,0.0000,0.0000,0.0000,0.0000,0,80.00,3.0000,4.6918,6.4693,0.0000,6.0000,-0.0000,80.00,0,0.01305,-1.636,0.039,-1.120,1.321,4.124,1.096,0,0.00,0,0,0,1,1,0,-1.0000,-0.000,0.000,-0.0000,0.0000,-0.0000,4,1.2957,0.000
209,3.4833,0.0000,0.0000,-0.0000,0.0000,0.0000,0.0000,0.0000,0.000,0.000,-8.594,1,ROBOT,0,NAV_Idle,0.8167,50,150,0,0.0800,0,1,0.000,1.000,-0.136,1.4232,2.6205,-2.5868,0,1.0000,1,1,0.0000,0,1.2957,0.0000,0.0000,0.0000,0.0000,0,80.00,3.0000,4.6918,6.4693,0.0000,6.0000,-0.0000,80.00,0,0.01183,-1.637,0.039,-1.119,1.321,4.124,1.096,0,0.00,0,0,0,1,1,0,-1.0000,-0.000,0.000,-0.0000,0.0000,-0.0000,4,1.2957,0.000
210,3.5000,0.0000,0.0000,-0.0000,0.0000,0.0000,0.0000,0.0000,0.000,0.000,-8.594,1,ROBOT,0,NAV_Idle,0.8333,50,150,0,0.0800,0,1,0.000,1.000,-0.136,1.4231,2.6207,-2.5863,0,1.0000,1,1,0.0000,0,1.2957,0.0000,0.0000,0.0000,0.0000,0,80.00,3.0000,4.6918,6.4693,0.0000,6.0000,-0.0000,80.00,0,0.01183,-1.637,0.039,-1.119,1.321,4.124,1.096,0,0.00,0,0,0,1,1,0,-1.0000,-0.000,0.000,-0.0000,0.0000,-0.0000,4,1.2957,0.000
211,3.5167,0.0000,0.0000,-0.0000,0.0000,0.0000,0.0000,0.0000,0.000,0.000,-8.594,1,ROBOT,0,NAV_Idle,0.8500,50,150,0,0.0800,0,1,0.000,1.000,-0.136,1.4230,2.6208,-2.5859,0,1.0000,1,1,0.0000,0,1.2957,0.0000,0.0000,0.0000,0.0000,0,80.00,3.0000,4.6918,6.4693,0.0000,6.0000,-0.0000,80.00,0,0.00961,-1.638,0.039,-1.118,1.321,4.124,1.096,0,0.00,0,0,0,1,1,0,-1.0000,-0.000,0.000,-0.0000,0.0000,-0.0000,4,1.2957,0.000
212,3.5333,0.0000,0.0000,-0.0000,0.0000,0.0000,0.0000,0.0000,0.000,0.000,-8.594,1,ROBOT,0,NAV_Idle,0.8667,50,150,0,0.0800,0,1,0.000,1.000,-0.136,1.4228,2.6210,-2.5854,0,1.0000,1,1,0.0000,0,1.2957,0.0000,0.0000,0.0000,0.0000,0,80.00,3.0000,4.6918,6.4693,0.0000,6.0000,-0.0000,80.00,0,0.00961,-1.639,0.039,-1.118,1.320,4.124,1.095,0,0.00,0,0,0,1,1,0,-1.0000,-0.000,0.000,-0.0000,0.0000,-0.0000,4,1.2957,0.000
213,3.5500,0.0000,0.0000,-0.0000,0.0000,0.0000,0.0000,0.0000,0.000,0.000,-8.594,1,ROBOT,0,NAV_Idle,0.8833,50,150,0,0.0800,0,1,0.000,1.000,-0.136,1.4228,2.6211,-2.5849,0,1.0000,1,1,0.0000,0,1.2957,0.0000,0.0000,0.0000,0.0000,0,80.00,3.0000,4.6918,6.4693,0.0000,6.0000,-0.0000,80.00,0,0.00790,-1.639,0.039,-1.118,1.320,4.124,1.095,0,0.00,0,0,0,1,1,0,-1.0000,-0.000,0.000,-0.0000,0.0000,-0.0000,4,1.2957,0.000
214,3.5667,0.0000,0.0000,-0.0000,0.0000,0.0000,0.0000,0.0000,0.000,0.000,-8.594,1,ROBOT,0,NAV_Idle,0.9000,50,150,0,0.0800,0,1,0.000,1.000,-0.136,1.4227,2.6212,-2.5845,0,1.0000,1,1,0.0000,0,1.2957,0.0000,0.0000,0.0000,0.0000,0,80.00,3.0000,4.6918,6.4693,0.0000,6.0000,-0.0000,80.00,0,0.00790,-1.640,0.039,-1.117,1.320,4.124,1.095,0,0.00,0,0,0,1,1,0,-1.0000,-0.000,0.000,-0.0000,0.0000,-0.0000,4,1.2957,0.000
215,3.5833,0.0000,0.0000,-0.0000,0.0000,0.0000,0.0000,0.0000,0.000,0.000,-8.594,1,ROBOT,0,NAV_Idle,0.9167,50,150,0,0.0800,0,1,0.000,1.000,-0.136,1.4226,2.6212,-2.5840,0,1.0000,1,1,0.0000,0,1.2957,0.0000,0.0000,0.0000,0.0000,0,80.00,3.0000,4.6918,6.4693,0.0000,6.0000,-0.0000,80.00,0,0.00879,-1.640,0.039,-1.117,1.320,4.123,1.095,0,0.00,0,0,0,1,1,0,-1.0000,-0.000,0.000,-0.0000,0.0000,-0.0000,4,1.2957,0.000
216,3.6000,0.0000,0.0000,-0.0000,0.0000,0.0000,0.0000,0.0000,0.000,0.000,-8.594,1,ROBOT,0,NAV_Idle,0.9333,50,150,0,0.0800,0,1,0.000,1.000,-0.136,1.4225,2.6213,-2.5836,0,1.0000,1,1,0.0000,0,1.2957,0.0000,0.0000,0.0000,0.0000,0,80.00,3.0000,4.6918,6.4693,0.0000,6.0000,-0.0000,80.00,0,0.00880,-1.641,0.039,-1.116,1.320,4.123,1.095,0,0.00,0,0,0,1,1,0,-1.0000,-0.000,0.000,-0.0000,0.0000,-0.0000,4,1.2957,0.000
217,3.6167,0.0000,0.0000,-0.0000,0.0000,0.0000,0.0000,0.0000,0.000,0.000,-8.594,1,ROBOT,0,NAV_Idle,0.9500,50,150,0,0.0800,0,1,0.000,1.000,-0.136,1.4224,2.6214,-2.5831,0,1.0000,1,1,0.0000,0,1.2957,0.0000,0.0000,0.0000,0.0000,0,80.00,3.0000,4.6918,6.4693,0.0000,6.0000,-0.0000,80.00,0,0.02658,-1.641,0.039,-1.116,1.320,4.118,1.095,0,0.00,0,0,0,1,1,0,-1.0000,-0.000,0.000,-0.0000,0.0000,-0.0000,4,1.2957,0.000
218,3.6333,0.0000,0.0000,-0.0000,0.0000,0.0000,0.0000,0.0000,0.000,0.000,-8.594,1,ROBOT,0,NAV_Idle,0.9667,50,150,0,0.0800,0,1,0.000,1.000,-0.136,1.4223,2.6216,-2.5827,0,1.0000,1,1,0.0000,0,1.2957,0.0000,0.0000,0.0000,0.0000,0,80.00,3.0000,4.6918,6.4693,0.0000,6.0000,-0.0000,80.00,0,0.02665,-1.642,0.039,-1.115,1.320,4.119,1.095,0,0.00,0,0,0,1,1,0,-1.0000,-0.000,0.000,-0.0000,0.0000,-0.0000,4,1.2957,0.000
219,3.6500,0.0000,0.0000,-0.0000,0.0000,0.0000,0.0000,0.0000,0.000,0.000,-8.594,1,ROBOT,0,NAV_Idle,0.9833,50,150,0,0.0800,0,1,0.000,1.000,-0.136,1.4221,2.6216,-2.5821,0,1.0000,1,1,0.0000,0,1.2957,0.0000,0.0000,0.0000,0.0000,0,80.00,3.0000,4.6918,6.4693,0.0000,6.0000,-0.0000,80.00,0,0.03041,-1.642,0.039,-1.115,1.320,4.118,1.094,0,0.00,0,0,0,1,1,0,-1.0000,-0.000,0.000,-0.0000,0.0000,-0.0000,4,1.2957,0.000
220,3.6667,0.0000,0.0000,-0.0000,0.0000,0.0000,0.0000,0.0000,0.000,0.000,-8.594,1,ROBOT,0,NAV_Idle,1.0000,50,150,0,0.0800,0,1,0.000,1.000,-0.136,1.4219,2.6217,-2.5818,0,1.0000,1,1,0.0000,0,1.2957,0.0000,0.0000,0.0000,0.0000,0,80.00,3.0000,4.6918,6.4693,0.0000,6.0000,-0.0000,80.00,0,0.03048,-1.643,0.039,-1.114,1.320,4.117,1.094,0,0.00,0,0,0,1,1,0,-1.0000,-0.000,0.000,-0.0000,0.0000,-0.0000,4,1.2957,0.000
221,3.6833,0.0000,0.0000,-0.0000,0.0000,0.0000,0.0000,0.0000,0.000,0.000,-8.594,1,ROBOT,0,NAV_Idle,1.0167,50,150,0,0.0800,0,1,0.000,1.000,-0.136,1.4218,2.6218,-2.5813,0,1.0000,1,1,0.0000,0,1.2957,0.0000,0.0000,0.0000,0.0000,0,80.00,3.0000,4.6918,6.4693,0.0000,6.0000,-0.0000,80.00,0,0.02863,-1.644,0.039,-1.114,1.319,4.116,1.094,0,0.00,0,0,0,1,1,0,-1.0000,-0.000,0.000,-0.0000,0.0000,-0.0000,4,1.2957,0.000
222,3.7000,0.0000,0.0000,-0.0000,0.0000,0.0000,0.0000,0.0000,0.000,0.000,-8.594,1,ROBOT,0,NAV_Idle,1.0333,50,150,0,0.0800,0,1,0.000,1.000,-0.136,1.4216,2.6219,-2.5809,0,1.0000,1,1,0.0000,0,1.2957,0.0000,0.0000,0.0000,0.0000,0,80.00,3.0000,4.6918,6.4693,0.0000,6.0000,-0.0000,80.00,0,0.02868,-1.644,0.039,-1.113,1.319,4.118,1.094,0,0.00,0,0,0,1,1,0,-1.0000,-0.000,0.000,-0.0000,0.0000,-0.0000,4,1.2957,0.000
223,3.7167,0.0000,0.0000,-0.0000,0.0000,0.0000,0.0000,0.0000,0.000,0.000,-8.594,1,ROBOT,0,NAV_Idle,1.0500,50,150,0,0.0800,0,1,0.000,1.000,-0.136,1.4215,2.6219,-2.5806,0,1.0000,1,1,0.0000,0,1.2957,0.0000,0.0000,0.0000,0.0000,0,80.00,3.0000,4.6918,6.4693,0.0000,6.0000,-0.0000,80.00,0,0.02137,-1.645,0.039,-1.113,1.319,4.115,1.094,0,0.00,0,0,0,1,1,0,-1.0000,-0.000,0.000,-0.0000,0.0000,-0.0000,4,1.2957,0.000
224,3.7333,0.0000,0.0000,-0.0000,0.0000,0.0000,0.0000,0.0000,0.000,0.000,-8.594,1,ROBOT,0,NAV_Idle,1.0667,50,150,0,0.0800,0,1,0.000,1.000,-0.136,1.4214,2.6220,-2.5802,0,1.0000,1,1,0.0000,0,1.2957,0.0000,0.0000,0.0000,0.0000,0,80.00,3.0000,4.6918,6.4693,0.0000,6.0000,-0.0000,80.00,0,0.02139,-1.646,0.039,-1.113,1.319,4.115,1.094,0,0.00,0,0,0,1,1,0,-1.0000,-0.000,0.000,-0.0000,0.0000,-0.0000,4,1.2957,0.000
225,3.7500,0.0000,0.0000,-0.0000,0.0000,0.0000,0.0000,0.0000,0.000,0.000,-8.594,1,ROBOT,0,NAV_Idle,1.0833,50,150,0,0.0800,0,1,0.000,1.000,-0.136,1.4212,2.6220,-2.5797,0,1.0000,1,1,0.0000,0,1.2957,0.0000,0.0000,0.0000,0.0000,0,80.00,3.0000,4.6918,6.4693,0.0000,6.0000,-0.0000,80.00,0,0.01118,-1.646,0.039,-1.112,1.319,4.115,1.094,0,0.00,0,0,0,1,1,0,-1.0000,-0.000,0.000,-0.0000,0.0000,-0.0000,4,1.2957,0.000
226,3.7667,0.0000,0.0000,-0.0000,0.0000,0.0000,0.0000,0.0000,0.000,0.000,-8.594,1,ROBOT,0,NAV_Idle,1.1000,50,150,0,0.0800,0,1,0.000,1.000,-0.136,1.4211,2.6220,-2.5793,0,1.0000,1,1,0.0000,0,1.2957,0.0000,0.0000,0.0000,0.0000,0,80.00,3.0000,4.6918,6.4693,0.0000,6.0000,-0.0000,80.00,0,0.01118,-1.647,0.039,-1.112,1.319,4.115,1.093,0,0.00,0,0,0,1,1,0,-1.0000,-0.000,0.000,-0.0000,0.0000,-0.0000,4,1.2957,0.000
227,3.7833,0.0000,0.0000,-0.0000,0.0000,0.0000,0.0000,0.0000,0.000,0.000,-8.594,1,ROBOT,0,NAV_Idle,1.1167,50,150,0,0.0800,0,1,0.000,1.000,-0.136,1.4209,2.6221,-2.5789,0,1.0000,1,1,0.0000,0,1.2957,0.0000,0.0000,0.0000,0.0000,0,80.00,3.0000,4.6918,6.4693,0.0000,6.0000,-0.0000,80.00,0,0.01170,-1.648,0.039,-1.111,1.319,4.115,1.093,0,0.00,0,0,0,1,1,0,-1.0000,-0.000,0.000,-0.0000,0.0000,-0.0000,4,1.2957,0.000
228,3.8000,0.0000,0.0000,-0.0000,0.0000,0.0000,0.0000,0.0000,0.000,0.000,-8.594,1,ROBOT,0,NAV_Idle,1.1333,50,150,0,0.0800,0,1,0.000,1.000,-0.136,1.4208,2.6221,-2.5784,0,1.0000,1,1,0.0000,0,1.2957,0.0000,0.0000,0.0000,0.0000,0,80.00,3.0000,4.6918,6.4693,0.0000,6.0000,-0.0000,80.00,0,0.01169,-1.649,0.039,-1.111,1.318,4.115,1.092,0,0.00,0,0,0,1,1,0,-1.0000,-0.000,0.000,-0.0000,0.0000,-0.0000,4,1.2957,0.000
229,3.8167,0.0000,0.0000,-0.0000,0.0000,0.0000,0.0000,0.0000,0.000,0.000,-8.594,1,ROBOT,0,NAV_Idle,1.1500,50,150,0,0.0800,0,1,0.000,1.000,-0.136,1.4207,2.6222,-2.5781,0,1.0000,1,1,0.0000,0,1.2957,0.0000,0.0000,0.0000,0.0000,0,80.00,3.0000,4.6918,6.4693,0.0000,6.0000,-0.0000,80.00,0,0.01111,-1.649,0.039,-1.111,1.318,4.109,1.092,0,0.00,0,0,0,1,1,0,-1.0000,-0.000,0.000,-0.0000,0.0000,-0.0000,4,1.2957,0.000
230,3.8333,0.0000,0.0000,-0.0000,0.0000,0.0000,0.0000,0.0000,0.000,0.000,-8.594,1,ROBOT,0,NAV_Idle,1.1667,50,150,0,0.0800,0,1,0.000,1.000,-0.136,1.4205,2.6223,-2.5778,0,1.0000,1,1,0.0000,0,1.2957,0.0000,0.0000,0.0000,0.0000,0,80.00,3.0000,4.6918,6.4693,0.0000,6.0000,-0.0000,80.00,0,0.01111,-1.650,0.039,-1.110,1.318,4.106,1.092,0,0.00,0,0,0,1,1,0,-1.0000,-0.000,0.000,-0.0000,0.0000,-0.0000,4,1.2957,0.000
231,3.8500,0.0000,0.0000,-0.0000,0.0000,0.0000,0.0000,0.0000,0.000,0.000,-8.594,1,ROBOT,0,NAV_Idle,1.1833,50,150,0,0.0800,0,1,0.000,1.000,-0.136,1.4204,2.6223,-2.5774,0,1.0000,1,1,0.0000,0,1.2957,0.0000,0.0000,0.0000,0.0000,0,80.00,3.0000,4.6918,6.4693,0.0000,6.0000,-0.0000,80.00,0,0.01086,-1.650,0.039,-1.110,1.318,4.106,1.092,0,0.00,0,0,0,1,1,0,-1.0000,-0.000,0.000,-0.0000,0.0000,-0.0000,4,1.2957,0.000
232,3.8667,0.0000,0.0000,-0.0000,0.0000,0.0000,0.0000,0.0000,0.000,0.000,-8.594,1,ROBOT,0,NAV_Idle,1.2000,50,150,0,0.0800,0,1,0.000,1.000,-0.136,1.4202,2.6223,-2.5770,0,1.0000,1,1,0.0000,0,1.2957,0.0000,0.0000,0.0000,0.0000,0,80.00,3.0000,4.6918,6.4693,0.0000,6.0000,-0.0000,80.00,0,0.01086,-1.651,0.039,-1.110,1.318,4.106,1.091,0,0.00,0,0,0,1,1,0,-1.0000,-0.000,0.000,-0.0000,0.0000,-0.0000,4,1.2957,0.000
233,3.8833,0.0000,0.0000,-0.0000,0.0000,0.0000,0.0000,0.0000,0.000,0.000,-8.594,1,ROBOT,0,NAV_Idle,1.2167,50,150,0,0.0800,0,1,0.000,1.000,-0.136,1.4201,2.6223,-2.5767,0,1.0000,1,1,0.0000,0,1.2957,0.0000,0.0000,0.0000,0.0000,0,80.00,3.0000,4.6918,6.4693,0.0000,6.0000,-0.0000,80.00,0,0.01034,-1.652,0.039,-1.109,1.318,4.106,1.092,0,0.00,0,0,0,1,1,0,-1.0000,-0.000,0.000,-0.0000,0.0000,-0.0000,4,1.2957,0.000
234,3.9000,0.0000,0.0000,-0.0000,0.0000,0.0000,0.0000,0.0000,0.000,0.000,-8.594,1,ROBOT,0,NAV_Idle,1.2333,50,150,0,0.0800,0,1,0.000,1.000,-0.136,1.4199,2.6222,-2.5764,0,1.0000,1,1,0.0000,0,1.2957,0.0000,0.0000,0.0000,0.0000,0,80.00,3.0000,4.6918,6.4693,0.0000,6.0000,-0.0000,80.00,0,0.01034,-1.652,0.039,-1.109,1.317,4.106,1.092,0,0.00,0,0,0,1,1,0,-1.0000,-0.000,0.000,-0.0000,0.0000,-0.0000,4,1.2957,0.000
235,3.9167,0.0000,0.0000,-0.0000,0.0000,0.0000,0.0000,0.0000,0.000,0.000,-8.594,1,ROBOT,0,NAV_Idle,1.2500,50,150,0,0.0800,0,1,0.000,1.000,-0.136,1.4197,2.6222,-2.5761,0,1.0000,1,1,0.0000,0,1.2957,0.0000,0.0000,0.0000,0.0000,0,80.00,3.0000,4.6918,6.4693,0.0000,6.0000,-0.0000,80.00,0,0.00979,-1.653,0.039,-1.109,1.317,4.105,1.092,0,0.00,0,0,0,1,1,0,-1.0000,-0.000,0.000,-0.0000,0.0000,-0.0000,4,1.2957,0.000
236,3.9333,0.0000,0.0000,-0.0000,0.0000,0.0000,0.0000,0.0000,0.000,0.000,-8.594,1,ROBOT,0,NAV_Idle,1.2667,50,150,0,0.0800,0,1,0.000,1.000,-0.136,1.4195,2.6223,-2.5758,0,1.0000,1,1,0.0000,0,1.2957,0.0000,0.0000,0.0000,0.0000,0,80.00,3.0000,4.6918,6.4693,0.0000,6.0000,-0.0000,80.00,0,0.00979,-1.654,0.039,-1.108,1.317,4.104,1.092,0,0.00,0,0,0,1,1,0,-1.0000,-0.000,0.000,-0.0000,0.0000,-0.0000,4,1.2957,0.000
237,3.9500,0.0000,0.0000,-0.0000,0.0000,0.0000,0.0000,0.0000,0.000,0.000,-8.594,1,ROBOT,0,NAV_Idle,1.2833,50,150,0,0.0800,0,1,0.000,1.000,-0.136,1.4192,2.6222,-2.5755,0,1.0000,1,1,0.0000,0,1.2957,0.0000,0.0000,0.0000,0.0000,0,80.00,3.0000,4.6918,6.4693,0.0000,6.0000,-0.0000,80.00,0,0.00894,-1.654,0.039,-1.108,1.317,4.104,1.092,0,0.00,0,0,0,1,1,0,-1.0000,-0.000,0.000,-0.0000,0.0000,-0.0000,4,1.2957,0.000
238,3.9667,0.0000,0.0000,-0.0000,0.0000,0.0000,0.0000,0.0000,0.000,0.000,-8.594,1,ROBOT,0,NAV_Idle,1.3000,50,150,0,0.0800,0,1,0.000,1.000,-0.136,1.4190,2.6221,-2.5751,0,1.0000,1,1,0.0000,0,1.2957,0.0000,0.0000,0.0000,0.0000,0,80.00,3.0000,4.6918,6.4693,0.0000,6.0000,-0.0000,80.00,0,0.00894,-1.655,0.039,-1.108,1.317,4.104,1.092,0,0.00,0,0,0,1,1,0,-1.0000,-0.000,0.000,-0.0000,0.0000,-0.0000,4,1.2957,0.000
239,3.9833,0.0000,0.0000,-0.0000,0.0000,0.0000,0.0000,0.0000,0.000,0.000,-8.594,1,ROBOT,0,NAV_Idle,1.3167,50,150,0,0.0800,0,1,0.000,1.000,-0.136,1.4187,2.6221,-2.5749,0,1.0000,1,1,0.0000,0,1.2957,0.0000,0.0000,0.0000,0.0000,0,80.00,3.0000,4.6918,6.4693,0.0000,6.0000,-0.0000,80.00,0,0.00805,-1.656,0.039,-1.107,1.316,4.104,1.091,0,0.00,0,0,0,1,1,0,-1.0000,-0.000,0.000,-0.0000,0.0000,-0.0000,4,1.2957,0.000
240,4.0000,0.0000,0.0000,-0.0000,0.0000,0.0000,0.0000,0.0000,0.000,0.000,-8.594,1,ROBOT,0,NAV_Idle,1.3333,50,150,0,0.0800,0,1,0.000,1.000,-0.136,1.4185,2.6221,-2.5746,0,1.0000,1,1,0.0000,0,1.2957,0.0000,0.0000,0.0000,0.0000,0,80.00,3.0000,4.6918,6.4693,0.0000,6.0000,-0.0000,80.00,0,0.00805,-1.657,0.039,-1.107,1.316,4.104,1.091,0,0.00,0,0,0,1,1,0,-1.0000,-0.000,0.000,-0.0000,0.0000,-0.0000,4,1.2957,0.000
241,4.0167,0.0000,0.0000,-0.0000,0.0000,0.0000,0.0000,0.0000,0.000,0.000,-8.594,1,ROBOT,0,NAV_Idle,1.3500,50,150,0,0.0800,0,1,0.000,1.000,-0.136,1.4183,2.6220,-2.5744,0,1.0000,1,1,0.0000,0,1.2957,0.0000,0.0000,0.0000,0.0000,0,80.00,3.0000,4.6918,6.4693,0.0000,6.0000,-0.0000,80.00,0,0.00701,-1.657,0.039,-1.107,1.316,4.103,1.091,0,0.00,0,0,0,1,1,0,-1.0000,-0.000,0.000,-0.0000,0.0000,-0.0000,4,1.2957,0.000
242,4.0333,0.0000,0.0000,-0.0000,0.0000,0.0000,0.0000,0.0000,0.000,0.000,-8.594,1,ROBOT,0,NAV_Idle,1.3667,50,150,0,0.0800,0,1,0.000,1.000,-0.136,1.4181,2.6220,-2.5740,0,1.0000,1,1,0.0000,0,1.2957,0.0000,0.0000,0.0000,0.0000,0,80.00,3.0000,4.6918,6.4693,0.0000,6.0000,-0.0000,80.00,0,0.00701,-1.658,0.039,-1.107,1.316,4.103,1.090,0,0.00,0,0,0,1,1,0,-1.0000,-0.000,0.000,-0.0000,0.0000,-0.0000,4,1.2957,0.000
243,4.0500,0.0000,0.0000,-0.0000,0.0000,0.0000,0.0000,0.0000,0.000,0.000,-8.594,1,ROBOT,0,NAV_Idle,1.3833,50,150,0,0.0800,0,1,0.000,1.000,-0.136,1.4177,2.6219,-2.5739,0,1.0000,1,1,0.0000,0,1.2957,0.0000,0.0000,0.0000,0.0000,0,80.00,3.0000,4.6918,6.4693,0.0000,6.0000,-0.0000,80.00,0,0.00566,-1.658,0.039,-1.106,1.315,4.103,1.089,0,0.00,0,0,0,1,1,0,-1.0000,-0.000,0.000,-0.0000,0.0000,-0.0000,4,1.2957,0.000
244,4.0667,0.0000,0.0000,-0.0000,0.0000,0.0000,0.0000,0.0000,0.000,0.000,-8.594,1,ROBOT,0,NAV_Idle,1.4000,50,150,0,0.0800,0,1,0.000,1.000,-0.136,1.4173,2.6218,-2.5737,0,1.0000,1,1,0.0000,0,1.2957,0.0000,0.0000,0.0000,0.0000,0,80.00,3.0000,4.6918,6.4693,0.0000,6.0000,-0.0000,80.00,0,0.00566,-1.659,0.039,-1.106,1.315,4.103,1.088,0,0.00,0,0,0,1,1,0,-1.0000,-0.000,0.000,-0.0000,0.0000,-0.0000,4,1.2957,0.000
245,4.0833,0.0000,0.0000,-0.0000,0.0000,0.0000,0.0000,0.0000,0.000,0.000,-8.594,1,ROBOT,0,NAV_Idle,1.4167,50,150,0,0.0800,0,1,0.000,1.000,-0.136,1.4171,2.6218,-2.5735,0,1.0000,1,1,0.0000,0,1.2957,0.0000,0.0000,0.0000,0.0000,0,80.00,3.0000,4.6918,6.4693,0.0000,6.0000,-0.0000,80.00,0,0.00413,-1.660,0.039,-1.106,1.315,4.103,1.087,0,0.00,0,0,0,1,1,0,-1.0000,-0.000,0.000,-0.0000,0.0000,-0.0000,4,1.2957,0.000
246,4.1000,0.0000,0.0000,-0.0000,0.0000,0.0000,0.0000,0.0000,0.000,0.000,-8.594,1,ROBOT,0,NAV_Idle,1.4333,50,150,0,0.0800,0,1,0.000,1.000,-0.136,1.4170,2.6217,-2.5732,0,1.0000,1,1,0.0000,0,1.2957,0.0000,0.0000,0.0000,0.0000,0,80.00,3.0000,4.6918,6.4693,0.0000,6.0000,-0.0000,80.00,0,0.00413,-1.661,0.039,-1.106,1.314,4.103,1.087,0,0.00,0,0,0,1,1,0,-1.0000,-0.000,0.000,-0.0000,0.0000,-0.0000,4,1.2957,0.000
247,4.1167,0.0000,0.0000,-0.0000,0.0000,0.0000,0.0000,0.0000,0.000,0.000,-8.594,1,ROBOT,0,NAV_Idle,1.4500,50,150,0,0.0800,0,1,0.000,1.000,-0.136,1.4166,2.6216,-2.5731,0,1.0000,1,1,0.0000,0,1.2957,0.0000,0.0000,0.0000,0.0000,0,80.00,3.0000,4.6918,6.4693,0.0000,6.0000,-0.0000,80.00,0,0.00272,-1.661,0.039,-1.106,1.314,4.103,1.086,0,0.00,0,0,0,1,1,0,-1.0000,-0.000,0.000,-0.0000,0.0000,-0.0000,4,1.2957,0.000
248,4.1333,0.0000,0.0000,-0.0000,0.0000,0.0000,0.0000,0.0000,0.000,0.000,-8.594,1,ROBOT,0,NAV_Idle,1.4667,50,150,0,0.0800,0,1,0.000,1.000,-0.136,1.4163,2.6216,-2.5730,0,1.0000,1,1,0.0000,0,1.2957,0.0000,0.0000,0.0000,0.0000,0,80.00,3.0000,4.6918,6.4693,0.0000,6.0000,-0.0000,80.00,0,0.00272,-1.662,0.039,-1.105,1.314,4.103,1.085,0,0.00,0,0,0,1,1,0,-1.0000,-0.000,0.000,-0.0000,0.0000,-0.0000,4,1.2957,0.000
249,4.1500,0.0000,0.0000,-0.0000,0.0000,0.0000,0.0000,0.0000,0.000,0.000,-8.594,1,ROBOT,0,NAV_Idle,1.4833,50,150,0,0.0800,0,1,0.000,1.000,-0.136,1.4159,2.6215,-2.5728,0,1.0000,1,1,0.0000,0,1.2957,0.0000,0.0000,0.0000,0.0000,0,80.00,3.0000,4.6918,6.4693,0.0000,6.0000,-0.0000,80.00,0,0.00215,-1.663,0.039,-1.105,1.314,4.103,1.085,0,0.00,0,0,0,1,1,0,-1.0000,-0.000,0.000,-0.0000,0.0000,-0.0000,4,1.2957,0.000
250,4.1667,0.0000,0.0000,-0.0000,0.0000,0.0000,0.0000,0.0000,0.000,0.000,-8.594,1,ROBOT,0,NAV_Idle,1.5000,50,150,0,0.0800,0,1,0.000,1.000,-0.136,1.4155,2.6214,-2.5727,0,1.0000,1,1,0.0000,0,1.2957,0.0000,0.0000,0.0000,0.0000,0,80.00,3.0000,4.6918,6.4693,0.0000,6.0000,-0.0000,80.00,0,0.00214,-1.663,0.039,-1.105,1.313,4.103,1.084,0,0.00,0,0,0,1,1,0,-1.0000,-0.000,0.000,-0.0000,0.0000,-0.0000,4,1.2957,0.000
251,4.1833,0.0000,0.0000,-0.0000,0.0000,0.0000,0.0000,0.0000,0.000,0.000,-8.594,1,ROBOT,0,NAV_Idle,1.5167,50,150,0,0.0800,0,1,0.000,1.000,-0.136,1.4152,2.6213,-2.5726,0,1.0000,1,1,0.0000,0,1.2957,0.0000,0.0000,0.0000,0.0000,0,80.00,3.0000,4.6918,6.4693,0.0000,6.0000,-0.0000,80.00,0,0.01581,-1.664,0.039,-1.105,1.313,4.101,1.083,0,0.00,0,0,0,1,1,0,-1.0000,-0.000,0.000,-0.0000,0.0000,-0.0000,4,1.2957,0.000
252,4.2000,0.0000,0.0000,-0.0000,0.0000,0.0000,0.0000,0.0000,0.000,0.000,-8.594,1,ROBOT,0,NAV_Idle,1.5333,50,150,0,0.0800,0,1,0.000,1.000,-0.136,1.4149,2.6211,-2.5724,0,1.0000,1,1,0.0000,0,1.2957,0.0000,0.0000,0.0000,0.0000,0,80.00,3.0000,4.6918,6.4693,0.0000,6.0000,-0.0000,80.00,0,0.01581,-1.665,0.039,-1.105,1.312,4.101,1.083,0,0.00,0,0,0,1,1,0,-1.0000,-0.000,0.000,-0.0000,0.0000,-0.0000,4,1.2957,0.000
253,4.2167,0.0000,0.0000,-0.0000,0.0000,0.0000,0.0000,0.0000,0.000,0.000,-8.594,1,ROBOT,0,NAV_Idle,1.5500,50,150,0,0.0800,0,1,0.000,1.000,-0.136,1.4145,2.6211,-2.5725,0,1.0000,1,1,0.0000,0,1.2957,0.0000,0.0000,0.0000,0.0000,0,80.00,3.0000,4.6918,6.4693,0.0000,6.0000,-0.0000,80.00,0,0.03462,-1.666,0.039,-1.105,1.312,4.090,1.082,0,0.00,0,0,0,1,1,0,-1.0000,-0.000,0.000,-0.0000,0.0000,-0.0000,4,1.2957,0.000
254,4.2333,0.0000,0.0000,-0.0000,0.0000,0.0000,0.0000,0.0000,0.000,0.000,-8.594,1,ROBOT,0,NAV_Idle,1.5667,50,150,0,0.0800,0,1,0.000,1.000,-0.136,1.4141,2.6210,-2.5724,0,1.0000,1,1,0.0000,0,1.2957,0.0000,0.0000,0.0000,0.0000,0,80.00,3.0000,4.6918,6.4693,0.0000,6.0000,-0.0000,80.00,0,0.03458,-1.667,0.039,-1.105,1.312,4.087,1.082,0,0.00,0,0,0,1,1,0,-1.0000,-0.000,0.000,-0.0000,0.0000,-0.0000,4,1.2957,0.000
255,4.2500,0.0000,0.0000,-0.0000,0.0000,0.0000,0.0000,0.0000,0.000,0.000,-8.594,1,ROBOT,0,NAV_Idle,1.5833,50,150,0,0.0800,0,1,0.000,1.000,-0.136,1.4137,2.6209,-2.5723,0,1.0000,1,1,0.0000,0,1.2957,0.0000,0.0000,0.0000,0.0000,0,80.00,3.0000,4.6918,6.4693,0.0000,6.0000,-0.0000,80.00,0,0.03471,-1.667,0.039,-1.105,1.311,4.085,1.081,0,0.00,0,0,0,1,1,0,-1.0000,-0.000,0.000,-0.0000,0.0000,-0.0000,4,1.2957,0.000
256,4.2667,0.0000,0.0000,-0.0000,0.0000,0.0000,0.0000,0.0000,0.000,0.000,-8.594,1,ROBOT,0,NAV_Idle,1.6000,50,150,0,0.0800,0,1,0.000,1.000,-0.136,1.4134,2.6208,-2.5723,0,1.0000,1,1,0.0000,0,1.2957,0.0000,0.0000,0.0000,0.0000,0,80.00,3.0000,4.6918,6.4693,0.0000,6.0000,-0.0000,80.00,0,0.03464,-1.668,0.039,-1.105,1.311,4.080,1.081,0,0.00,0,0,0,1,1,0,-1.0000,-0.000,0.000,-0.0000,0.0000,-0.0000,4,1.2957,0.000
257,4.2833,0.0000,0.0000,-0.0000,0.0000,0.0000,0.0000,0.0000,0.000,0.000,-8.594,1,ROBOT,0,NAV_Idle,1.6167,50,150,0,0.0800,0,1,0.000,1.000,-0.136,1.4130,2.6206,-2.5722,0,1.0000,1,1,0.0000,0,1.2957,0.0000,0.0000,0.0000,0.0000,0,80.00,3.0000,4.6918,6.4693,0.0000,6.0000,-0.0000,80.00,0,0.01921,-1.669,0.039,-1.105,1.311,4.080,1.080,0,0.00,0,0,0,1,1,0,-1.0000,-0.000,0.000,-0.0000,0.0000,-0.0000,4,1.2957,0.000
258,4.3000,0.0000,0.0000,-0.0000,0.0000,0.0000,0.0000,0.0000,0.000,0.000,-8.594,1,ROBOT,0,NAV_Idle,1.6333,50,150,0,0.0800,0,1,0.000,1.000,-0.136,1.4126,2.6204,-2.5722,0,1.0000,1,1,0.0000,0,1.2957,0.0000,0.0000,0.0000,0.0000,0,80.00,3.0000,4.6918,6.4693,0.0000,6.0000,-0.0000,80.00,0,0.01921,-1.669,0.039,-1.105,1.310,4.081,1.080,0,0.00,0,0,0,1,1,0,-1.0000,-0.000,0.000,-0.0000,0.0000,-0.0000,4,1.2957,0.000
259,4.3167,0.0000,0.0000,-0.0000,0.0000,0.0000,0.0000,0.0000,0.000,0.000,-8.594,1,ROBOT,0,NAV_Idle,1.6500,50,150,0,0.0800,0,1,0.000,1.000,-0.136,1.4123,2.6203,-2.5723,0,1.0000,1,1,0.0000,0,1.2957,0.0000,0.0000,0.0000,0.0000,0,80.00,3.0000,4.6918,6.4693,0.0000,6.0000,-0.0000,80.00,0,0.01223,-1.670,0.039,-1.105,1.310,4.079,1.079,0,0.00,0,0,0,1,1,0,-1.0000,-0.000,0.000,-0.0000,0.0000,-0.0000,4,1.2957,0.000
