"run","scenario","start","verdict","pre_x","pre_y","pre_z","pre_hspeed","pre_vy","pre_grounded","pre_form","press_floor","press_floor_thickness","end_x","end_y","end_z","end_hspeed","end_vy","end_grounded","end_form","end_moveForm","end_camD","end_floor","min_y","drop","penetration","through_frame","incline_0_5s","wall","thin_floor","low_ceiling","transforms","general_cross_frame","landed_y"
"r2v_airborne_s0","r2v_airborne","0","PASS","141.43","-723.91","-475.57","13.93","12.74","0","ROBOT","-726.40","1.28","183.4","-724.13","-472.54","18.94","-2.44","1","VEHICLE","VEHICLE","9.97","-726.40","-725.11","0.00","0","","2.49","0","0","0","1","",""
"r2v_airborne_s1","r2v_airborne","1","PASS","137.9","-714.31","-627.17","14.75","12.74","0","ROBOT","-716.80","26.88","138.81","-708.05","-622.48","0","0","0","VEHICLE","VEHICLE","7.82","-708.86","-713.32","-7.94","0","","2.49","1","0","0","1","",""
"r2v_airborne_s10","r2v_airborne","10","INFO large_drop","302.96","-704.06","-430.84","13.93","12.74","0","ROBOT","-706.56","0.09","263.52","-710.18","-429.87","17.15","-12.98","0","VEHICLE","VEHICLE","9.97","-724.48","-710.18","17.92","0","","2.48","1","1","0","1","",""
"r2v_airborne_s11","r2v_airborne","11","PASS","142.72","-714.31","-411.64","13.93","12.74","0","ROBOT","-716.80","25.60","151.5","-710.07","-415.41","0.07","0.34","0","VEHICLE","VEHICLE","9.97","-716.80","-716.4","0.00","0","","2.49","0","0","0","1","",""
"r2v_airborne_s12","r2v_airborne","12","PASS","144.8","-723.91","-475.45","0.37","12.74","0","ROBOT","-726.40","1.28","147.94","-720.54","-464.68","7.29","1.7","0","VEHICLE","VEHICLE","9.97","-726.40","-725.57","0.00","0","","2.49","0","0","0","1","",""
"r2v_airborne_s13","r2v_airborne","13","PASS","141.43","-723.91","-467.89","13.93","12.74","0","ROBOT","-726.40","1.28","186.03","-721.19","-467.89","15.18","-2.9","0","VEHICLE","VEHICLE","9.97","-726.40","-726","0.00","0","","2.49","0","0","0","1","",""
"r2v_airborne_s14","r2v_airborne","14","PASS","142.72","-703.57","-338.04","13.93","12.74","0","ROBOT","-706.03","0.15","139.17","-701.38","-346.44","1.73","-1.07","0","VEHICLE","VEHICLE","9.97","-705.94","-705.53","-0.09","0","","2.31","0","1","0","1","",""
"r2v_airborne_s15","r2v_airborne","15","PASS","334.8","-721.99","-477.46","0.11","12.74","0","ROBOT","-724.48","19.20","334.29","-718.15","-478.47","0.04","-0.5","0","VEHICLE","VEHICLE","9.97","-724.48","-724.08","0.00","0","","2.49","0","0","0","1","",""
"r2v_airborne_s16","r2v_airborne","16","PASS","348.3","-704.07","-338.99","13.93","12.74","0","ROBOT","-706.56","2.56","306.65","-701.24","-354.88","15.18","-2.83","0","VEHICLE","VEHICLE","9.97","-706.54","-706.16","-0.02","0","","2.49","0","0","0","1","",""
"r2v_airborne_s17","r2v_airborne","17","PASS","64.39","-719.21","-533.5","13.93","12.74","0","ROBOT","-721.70","2.56","76.52","-715.72","-564","0.99","-1.2","0","VEHICLE","VEHICLE","9.97","-721.70","-721.3","0.00","0","","2.49","0","0","0","1","",""
"r2v_airborne_s18","r2v_airborne","18","PASS","245.66","-721.99","-479.4","14.04","12.74","0","ROBOT","-724.48","19.20","214.56","-718.16","-462.4","10.34","-1.02","0","VEHICLE","VEHICLE","9.97","-724.48","-724","0.00","0","","2.49","0","0","0","1","",""
"r2v_airborne_s19","r2v_airborne","19","PASS","221.07","-704.23","-335.98","13.93","12.74","0","ROBOT","-706.72","0.16","221.07","-700.39","-346.84","0","-0.5","0","VEHICLE","VEHICLE","9.97","-706.72","-706.33","0.00","0","","2.49","0","1","0","1","",""
"r2v_airborne_s2","r2v_airborne","2","PASS","64.55","-719.21","-576.18","13.93","12.74","0","ROBOT","-721.70","2.56","76.57","-715.73","-545.26","2.36","-1.23","0","VEHICLE","VEHICLE","9.97","-721.70","-721.3","0.00","0","","2.49","0","0","0","1","",""
"r2v_airborne_s20","r2v_airborne","20","PASS","133.76","-712.19","-415.48","13.93","12.74","0","ROBOT","-715.84","5.12","150.18","-710.58","-415.88","0.15","-0.84","0","VEHICLE","VEHICLE","9.97","-716.80","-716.45","0.96","0","","0.27","0","0","0","1","",""
"r2v_airborne_s21","r2v_airborne","21","PASS","360.07","-721.99","-338.65","13.93","12.74","0","ROBOT","-724.48","19.20","315.47","-719.27","-338.65","15.18","-2.9","0","VEHICLE","VEHICLE","9.97","-724.48","-724.08","0.00","0","","2.49","0","0","0","1","",""
"r2v_airborne_s22","r2v_airborne","22","PASS","142.72","-703.5","-329.08","13.93","12.74","0","ROBOT","-705.90","0.95","143.05","-700.68","-356.27","14.87","1.71","1","VEHICLE","VEHICLE","9.97","-701.66","-705.87","-4.24","0","","2.77","0","0","0","1","",""
"r2v_airborne_s23","r2v_airborne","23","PASS","54.31","-719.21","-565.94","13.93","12.74","0","ROBOT","-721.70","2.56","75.59","-715.37","-545.22","0.02","-0.42","0","VEHICLE","VEHICLE","9.97","-721.70","-721.3","0.00","0","","2.49","0","0","0","1","",""
"r2v_airborne_s24","r2v_airborne","24","PASS","145.27","-723.91","-461.49","13.93","12.74","0","ROBOT","-726.40","1.28","189.87","-721.19","-461.49","15.18","-2.9","0","VEHICLE","VEHICLE","9.97","-726.40","-726","0.00","0","","2.49","0","0","0","1","",""
"r2v_airborne_s25","r2v_airborne","25","PASS","135.04","-703.87","-338.04","13.93","12.74","0","ROBOT","-706.18","0.60","137.4","-701.24","-353.33","1.83","-2.17","0","VEHICLE","VEHICLE","9.97","-706.51","-706.15","0.34","0","","2.52","0","0","0","1","",""
"r2v_airborne_s26","r2v_airborne","26","PASS","133.56","-716.53","-423.16","13.93","12.74","0","ROBOT","-717.86","24.54","150.23","-710.42","-425.51","0.17","0.21","0","VEHICLE","VEHICLE","9.97","-716.80","-716.45","-1.06","0","","-3.61","0","0","0","1","",""
"r2v_airborne_s27","r2v_airborne","27","PASS","332.96","-721.99","-470.41","13.93","12.74","0","ROBOT","-724.48","19.20","329.47","-716.47","-459.01","1.06","4.48","0","VEHICLE","VEHICLE","1.91","-724.48","-723.95","0.00","0","","2.49","0","0","0","1","",""
"r2v_airborne_s28","r2v_airborne","28","INFO large_drop","147.84","-703.36","-332.92","13.93","12.74","0","ROBOT","-705.91","0.64","148.05","-700.36","-370.27","15.08","-1.47","0","VEHICLE","VEHICLE","9.97","-725.37","-706.2","19.46","0","","2.65","0","0","0","1","",""
"r2v_airborne_s29","r2v_airborne","29","PASS","331.22","-721.99","-453.46","13.93","12.74","0","ROBOT","-724.48","19.20","299.84","-718.81","-421.97","15.18","-2.21","0","VEHICLE","VEHICLE","9.97","-724.48","-724.11","0.00","0","","2.49","0","0","0","1","",""
"r2v_airborne_s3","r2v_airborne","3","INFO large_drop","301.52","-704.07","-421.88","6.02","12.74","0","ROBOT","-706.56","2.08","266.03","-723.34","-421.88","14.99","0.59","1","VEHICLE","VEHICLE","9.97","-724.48","-724.14","17.92","0","","2.49","1","0","0","1","",""
"r2v_airborne_s30","r2v_airborne","30","PASS","54.15","-719.21","-533.5","13.93","12.74","0","ROBOT","-721.70","2.56","76.14","-715.56","-564.08","0.71","-0.92","0","VEHICLE","VEHICLE","9.97","-721.70","-721.3","0.00","0","","2.49","0","0","0","1","",""
"r2v_airborne_s31","r2v_airborne","31","PASS","44.07","-719.21","-576.18","13.93","12.74","0","ROBOT","-721.70","2.56","74.56","-716.47","-547.93","10.74","-2.81","0","VEHICLE","VEHICLE","9.97","-721.70","-721.35","0.00","0","","2.49","0","0","0","1","",""
"r2v_airborne_s32","r2v_airborne","32","PASS","130.23","-714.21","-618.58","13.93","12.74","0","ROBOT","-716.70","0.09","161.86","-711.32","-588.92","15.14","-2.56","0","VEHICLE","VEHICLE","8.75","-716.80","-716.31","0.10","0","","2.59","0","1","0","1","",""
"r2v_airborne_s33","r2v_airborne","33","PASS","226.04","-704.23","-348.22","0","12.74","0","ROBOT","-706.72","0.44","226.04","-700.26","-348.22","0","-0.44","0","VEHICLE","VEHICLE","9.97","-706.72","-706.28","0.00","0","","2.49","0","1","0","1","",""
"r2v_airborne_s34","r2v_airborne","34","PASS","232.34","-721.99","-484.79","13.93","12.74","0","ROBOT","-724.48","19.20","212.23","-718.15","-464.11","0.35","-0.51","0","VEHICLE","VEHICLE","9.97","-724.48","-724.08","0.00","0","","2.49","0","0","0","1","",""
"r2v_airborne_s35","r2v_airborne","35","PASS","362.4","-704.07","-343.18","13.93","12.74","0","ROBOT","-706.56","0.14","330.86","-701.33","-374.7","15.18","-2.85","0","VEHICLE","VEHICLE","9.97","-706.32","-706.18","-0.24","0","","2.35","0","1","0","1","",""
"r2v_airborne_s36","r2v_airborne","36","PASS","228.55","-721.99","-486.04","13.93","12.74","0","ROBOT","-724.48","0.31","212","-717.05","-464.75","1.82","3.34","0","VEHICLE","VEHICLE","9.97","-724.48","-724.15","0.00","0","","2.49","0","1","0","1","",""
"r2v_airborne_s37","r2v_airborne","37","PASS","130.23","-714.31","-628.82","13.93","12.74","0","ROBOT","-716.80","26.88","156.5","-711.4","-597.32","15.18","-2.8","0","VEHICLE","VEHICLE","7.52","-716.80","-716.36","0.00","0","","2.49","0","0","0","1","",""
"r2v_airborne_s38","r2v_airborne","38","PASS","347.72","-721.99","-338.2","13.93","12.74","0","ROBOT","-724.48","19.20","303.12","-719.27","-338.2","15.18","-2.9","0","VEHICLE","VEHICLE","9.97","-724.40","-724.08","-0.08","0","","2.49","0","0","0","1","",""
"r2v_airborne_s39","r2v_airborne","39","PASS","54.31","-719.21","-586.42","13.93","12.74","0","ROBOT","-721.70","2.56","76.33","-715.83","-554.91","10.38","-1.34","0","VEHICLE","VEHICLE","9.97","-721.70","-721.3","0.00","0","","2.49","0","0","0","1","",""
"r2v_airborne_s4","r2v_airborne","4","PASS","130.23","-714.31","-636.5","13.93","12.74","0","ROBOT","-716.80","26.88","147.27","-710.57","-606.59","15.07","-1.19","0","VEHICLE","VEHICLE","5.22","-716.70","-716.29","-0.10","0","","2.49","0","0","0","1","",""
"r2v_airborne_s40","r2v_airborne","40","PASS","229.88","-704.23","-336","13.93","12.74","0","ROBOT","-706.72","0.44","229.88","-700.39","-346.84","0","-0.5","0","VEHICLE","VEHICLE","9.97","-706.72","-706.33","0.00","0","","2.49","0","1","0","1","",""
"r2v_airborne_s41","r2v_airborne","41","PASS","150.39","-723.91","-467.89","13.93","12.74","0","ROBOT","-726.40","1.28","194.49","-721.19","-467.89","0","-2.87","0","VEHICLE","VEHICLE","9.97","-726.40","-726","0.00","0","","2.49","0","0","0","1","",""
"r2v_airborne_s42","r2v_airborne","42","INFO large_drop","301.52","-704.07","-430.84","6.03","12.74","0","ROBOT","-706.56","0.72","261.18","-712.36","-430.13","17.15","-15.77","0","VEHICLE","VEHICLE","9.97","-724.48","-712.36","17.92","0","","2.49","1","0","0","1","",""
"r2v_airborne_s43","r2v_airborne","43","PASS","54.31","-719.21","-576.18","13.93","12.74","0","ROBOT","-721.70","2.56","76.22","-715.62","-545.25","1.69","-1.03","0","VEHICLE","VEHICLE","9.97","-721.70","-721.3","0.00","0","","2.49","0","0","0","1","",""
"r2v_airborne_s44","r2v_airborne","44","INFO large_drop","302.96","-704.06","-421.88","13.93","12.74","0","ROBOT","-706.56","0.00","267.73","-723.37","-421.88","14.99","0.76","1","VEHICLE","VEHICLE","9.97","-724.48","-724.14","17.92","0","","2.48","1","1","0","1","",""
"r2v_airborne_s45","r2v_airborne","45","INFO large_drop","301.52","-704.07","-427","6.02","12.74","0","ROBOT","-706.56","2.08","266.51","-716.34","-424.19","15.69","-15.58","0","VEHICLE","VEHICLE","9.97","-724.48","-716.34","17.92","0","","2.49","1","0","0","1","",""
"r2v_airborne_s46","r2v_airborne","46","PASS","352.46","-704.07","-333.15","13.93","12.74","0","ROBOT","-706.27","0.29","307.88","-701.35","-333.15","15.19","-2.91","0","VEHICLE","VEHICLE","9.97","-706.54","-706.16","0.27","0","","2.49","0","1","0","1","",""
"r2v_airborne_s47","r2v_airborne","47","PASS","239.37","-721.99","-472.85","13.93","12.74","0","ROBOT","-724.48","19.20","213.11","-719.35","-462.41","10.43","-2.7","0","VEHICLE","VEHICLE","9.97","-724.48","-724.03","0.00","0","","2.49","0","0","0","1","",""
"r2v_airborne_s48","r2v_airborne","48","PASS","221.06","-704.23","-343.67","13.93","12.74","0","ROBOT","-706.72","0.33","221.06","-700.39","-346.84","0","-0.5","0","VEHICLE","VEHICLE","9.97","-706.72","-706.33","0.00","0","","2.49","1","1","0","1","",""
"r2v_airborne_s49","r2v_airborne","49","PASS","135.04","-704.06","-329.08","13.93","12.74","0","ROBOT","-706.43","0.13","136.39","-700.32","-353","4.1","-1.02","0","VEHICLE","VEHICLE","9.97","-706.53","-705.9","0.10","0","","2.5","0","1","0","1","",""
"r2v_airborne_s5","r2v_airborne","5","PASS","122.55","-714.31","-628.82","13.93","12.74","0","ROBOT","-716.80","26.88","153.96","-711.32","-597.33","15.19","-2.51","0","VEHICLE","VEHICLE","8.07","-716.80","-716.39","0.00","0","","2.49","0","0","0","1","",""
"r2v_airborne_s50","r2v_airborne","50","PASS","43.91","-719.21","-533.5","13.93","12.74","0","ROBOT","-721.70","2.56","74.55","-716.5","-561.58","10.73","-2.9","0","VEHICLE","VEHICLE","9.97","-721.70","-721.29","0.00","0","","2.49","0","0","0","1","",""
"r2v_airborne_s51","r2v_airborne","51","PASS","142.72","-714.31","-419.32","13.93","12.74","0","ROBOT","-716.80","25.60","150.39","-710.47","-417.26","0.18","-0.51","0","VEHICLE","VEHICLE","9.97","-716.80","-716.4","0.00","0","","2.08","0","0","0","1","",""
"r2v_airborne_s52","r2v_airborne","52","PASS","340.1","-703.68","-333.15","13.93","12.74","0","ROBOT","-706.36","0.20","303.19","-700.92","-333.15","0","-1.55","0","VEHICLE","VEHICLE","9.97","-706.51","-706.19","0.15","0","","2.41","0","1","0","1","",""
"r2v_airborne_s53","r2v_airborne","53","PASS","142.52","-714.31","-427","13.93","12.74","0","ROBOT","-716.80","25.60","150.23","-710.47","-426.45","0.07","-0.5","0","VEHICLE","VEHICLE","9.97","-716.80","-716.4","0.00","0","","2.49","0","0","0","1","",""
"r2v_airborne_s54","r2v_airborne","54","PASS","229.88","-704.23","-343.68","13.93","12.74","0","ROBOT","-706.72","0.44","229.88","-700.39","-346.84","0","-0.5","0","VEHICLE","VEHICLE","9.97","-706.72","-706.33","0.00","0","","2.49","1","1","0","1","",""
"r2v_airborne_s55","r2v_airborne","55","PASS","348.76","-704.07","-349.58","13.93","12.74","0","ROBOT","-706.56","2.56","317.3","-700.76","-381.27","16.38","-0.88","0","VEHICLE","VEHICLE","9.97","-706.54","-706.16","-0.02","0","","2.49","0","0","0","1","",""
"r2v_airborne_s56","r2v_airborne","56","PASS","355.2","-721.99","-327.63","13.93","12.74","0","ROBOT","-724.48","19.20","315.77","-719.24","-331.4","11.21","-2.69","0","VEHICLE","VEHICLE","9.97","-724.48","-724.11","0.00","0","","2.49","0","0","0","1","",""
"r2v_airborne_s57","r2v_airborne","57","PASS","364.99","-721.99","-331.33","13.93","12.74","0","ROBOT","-724.48","19.20","320.44","-719.29","-331.06","15.21","-2.92","0","VEHICLE","VEHICLE","9.97","-724.48","-724.17","0.00","0","","2.49","0","0","0","1","",""
"r2v_airborne_s58","r2v_airborne","58","PASS","54.15","-719.21","-543.74","13.93","12.74","0","ROBOT","-721.70","2.56","75.42","-714.93","-563.97","0.2","1.51","0","VEHICLE","VEHICLE","9.97","-721.70","-721.3","0.00","0","","2.49","0","0","0","1","",""
"r2v_airborne_s59","r2v_airborne","59","PASS","237.91","-721.99","-491.11","13.28","12.74","0","ROBOT","-724.48","19.20","211.02","-717.8","-464.82","0.59","1.56","0","VEHICLE","VEHICLE","9.97","-722.87","-724.08","-1.61","0","","2.49","0","0","0","1","",""
"r2v_airborne_s6","r2v_airborne","6","PASS","340.51","-721.99","-486.32","13.49","12.74","0","ROBOT","-724.48","19.20","338.33","-721.25","-480.14","7.88","-4.21","0","VEHICLE","VEHICLE","9.97","-724.48","-724.33","0.00","0","","2.49","1","0","0","1","",""
"r2v_airborne_s60","r2v_airborne","60","PASS","355.68","-721.99","-354.2","0.49","12.74","0","ROBOT","-724.48","19.20","355.54","-716.06","-354.11","1.15","5.27","0","VEHICLE","VEHICLE","9.97","-724.48","-724.08","0.00","0","","2.49","0","0","0","1","",""
"r2v_airborne_s61","r2v_airborne","61","PASS","287.38","-721.99","-341.62","13.93","12.74","0","ROBOT","-724.48","0.54","250.37","-707.2","-342.81","15.11","-0.15","0","VEHICLE","VEHICLE","9.97","-711.77","-721","-12.71","0","","2.41","0","0","0","1","",""
"r2v_airborne_s62","r2v_airborne","62","INFO large_drop","95.9","-713.02","-324.48","13.93","12.74","0","ROBOT","-716.37","27.31","95.76","-721.45","-351.31","14.34","-8.86","0","VEHICLE","VEHICLE","9.97","-726.31","-721.45","9.94","0","","1.22","1","0","0","1","",""
"r2v_airborne_s63","r2v_airborne","63","INFO large_drop","190.48","-715.45","-567.7","13.93","12.74","0","ROBOT","-718.71","3.21","191.85","-721.11","-523.18","15.18","-2.55","0","VEHICLE","VEHICLE","9.97","-726.40","-726.05","7.69","0","","1.35","0","0","0","1","",""
"r2v_airborne_s64","r2v_airborne","64","PASS","129.12","-714.31","-581.84","13.93","12.74","0","ROBOT","-716.80","26.88","147.37","-711.76","-552.92","9.27","-4.08","0","VEHICLE","VEHICLE","3.86","-717.11","-716.4","0.31","0","","2.49","0","0","0","1","",""
"r2v_airborne_s65","r2v_airborne","65","PASS","141.44","-723.91","-471.04","13.93","12.74","0","ROBOT","-726.40","1.28","188.2","-721.92","-466.68","14.94","-1.99","0","VEHICLE","VEHICLE","9.97","-726.40","-726.26","0.00","0","","2.49","0","0","0","1","",""
"r2v_airborne_s66","r2v_airborne","66","INFO large_drop","181.24","-713.32","-327.04","13.93","12.74","0","ROBOT","-716.59","9.17","180.56","-719.21","-371.57","15.18","-2.56","0","VEHICLE","VEHICLE","9.97","-724.48","-724.13","7.89","0","","1.01","0","0","0","1","",""
"r2v_airborne_s67","r2v_airborne","67","PASS","260.02","-721.67","-386.16","4","12.74","0","ROBOT","-724.15","0.33","261.91","-708.09","-421.71","15.14","-2.87","0","VEHICLE","VEHICLE","9.97","-724.48","-720.68","0.33","0","","2.57","0","1","0","1","",""
"r2v_airborne_s68","r2v_airborne","68","INFO large_drop","129.92","-709.72","-419.84","13.93","12.74","0","ROBOT","-713.37","0.55","150.45","-710.45","-417.65","0.01","-0.66","0","VEHICLE","VEHICLE","9.97","-716.80","-716.45","3.43","0","","0.28","0","0","0","1","",""
"r2v_airborne_s69","r2v_airborne","69","PASS","133.51","-714.31","-628.28","13.93","12.74","0","ROBOT","-716.80","26.88","156.7","-711.38","-597.76","15.18","-2.76","0","VEHICLE","VEHICLE","7.29","-716.80","-716.39","0.00","0","","2.49","0","0","0","1","",""
"r2v_airborne_s7","r2v_airborne","7","PASS","54.15","-719.21","-523.26","13.93","12.74","0","ROBOT","-721.70","2.56","76.33","-715.56","-554.74","10.46","-0.96","0","VEHICLE","VEHICLE","9.97","-721.70","-721.3","0.00","0","","2.49","0","0","0","1","",""
"r2v_airborne_s70","r2v_airborne","70","PASS","135.04","-714.31","-556.8","13.93","12.74","0","ROBOT","-716.80","26.88","144","-710.47","-558.06","0.06","-0.5","0","VEHICLE","VEHICLE","9.97","-716.80","-716.4","0.00","0","","2.49","0","0","0","1","",""
"r2v_airborne_s71","r2v_airborne","71","PASS","56.57","-719.21","-575.65","13.93","12.74","0","ROBOT","-721.70","2.56","76.4","-715.71","-545.32","1.58","-1.2","0","VEHICLE","VEHICLE","9.97","-721.70","-721.3","0.00","0","","2.49","0","0","0","1","",""
"r2v_airborne_s72","r2v_airborne","72","INFO large_drop","328.41","-704.07","-354.7","13.93","12.74","0","ROBOT","-706.56","2.22","290.68","-701.22","-378.41","15.22","-2.69","0","VEHICLE","VEHICLE","9.97","-724.48","-706.14","17.92","0","","2.49","0","0","0","1","",""
"r2v_airborne_s73","r2v_airborne","73","PASS","229.77","-707.05","-438.4","13.93","12.74","0","ROBOT","-724.48","0.19","228.95","-723.28","-393.44","14.99","0.31","1","VEHICLE","VEHICLE","9.97","-724.48","-724.12","0.00","0","","0.28","0","1","0","1","",""
"r2v_airborne_s74","r2v_airborne","74","PASS","226.84","-704.23","-341.09","13.93","12.74","0","ROBOT","-706.72","0.33","228.89","-700.39","-347.67","0.83","-0.51","0","VEHICLE","VEHICLE","9.97","-706.72","-706.33","0.00","0","","2.49","0","1","0","1","",""
"r2v_airborne_s75","r2v_airborne","75","PASS","58.62","-719.21","-535.91","13.93","12.74","0","ROBOT","-721.70","2.56","76.27","-715.69","-563.94","0.13","-1.05","0","VEHICLE","VEHICLE","9.97","-721.70","-721.3","0.00","0","","2.49","0","0","0","1","",""
"r2v_airborne_s76","r2v_airborne","76","INFO large_drop","302.72","-704.06","-427.83","13.93","12.74","0","ROBOT","-706.56","0.20","266.84","-709.9","-430.8","17.21","-10.45","0","VEHICLE","VEHICLE","9.97","-724.48","-709.9","17.92","0","","2.48","1","1","0","1","",""
"r2v_airborne_s77","r2v_airborne","77","PASS","140.04","-703.79","-325.76","13.93","12.74","0","ROBOT","-706.13","0.43","140.58","-700.94","-353.26","0.54","-2.05","0","VEHICLE","VEHICLE","9.97","-706.35","-705.69","0.22","0","","2.77","0","1","0","1","",""
"r2v_airborne_s78","r2v_airborne","78","PASS","307.57","-704.05","-456.33","13.93","12.74","0","ROBOT","-706.54","0.00","262.98","-701.33","-455.51","15.18","-2.9","0","VEHICLE","VEHICLE","9.97","-706.54","-706.14","0.00","0","","2.49","0","1","0","1","",""
"r2v_airborne_s79","r2v_airborne","79","PASS","137.39","-704.05","-458.24","13.93","12.74","0","ROBOT","-706.54","0.00","181.99","-701.33","-458.24","15.18","-2.9","0","VEHICLE","VEHICLE","9.97","-706.54","-706.14","0.00","0","","2.49","0","1","0","1","",""
"r2v_airborne_s8","r2v_airborne","8","PASS","330.36","-721.99","-463.33","14.18","12.74","0","ROBOT","-724.48","19.20","329.71","-718.1","-458.94","0.13","-0.41","0","VEHICLE","VEHICLE","9.97","-724.48","-724.13","0.00","0","","2.49","1","0","0","1","",""
"r2v_airborne_s80","r2v_airborne","80","PASS","341.55","-721.99","-434.56","13.93","12.74","0","ROBOT","-724.48","19.20","335.79","-721.47","-397.87","14.66","-3.98","0","VEHICLE","VEHICLE","9.97","-724.41","-724.45","-0.07","0","","2.49","0","0","0","1","",""
"r2v_airborne_s81","r2v_airborne","81","PASS","248.46","-721.99","-491.08","0.11","12.74","0","ROBOT","-724.48","19.20","236.45","-719.04","-470.4","15.18","-2.55","0","VEHICLE","VEHICLE","9.97","-724.48","-724.08","0.00","0","","2.49","0","0","0","1","",""
"r2v_airborne_s82","r2v_airborne","82","PASS","111.52","-704.07","-385.28","0.57","12.74","0","ROBOT","-706.56","4.97","111.52","-700.23","-385.28","0","-0.5","0","VEHICLE","VEHICLE","9.97","-706.56","-706.16","0.00","0","","2.49","0","0","0","1","",""
"r2v_airborne_s83","r2v_airborne","83","PASS","85.7","-724.55","-411.16","5.71","12.74","0","ROBOT","-726.92","0.12","84.1","-717.86","-418.31","3.65","-0.51","0","VEHICLE","VEHICLE","4.97","-726.92","-726.32","0.00","0","","2.49","0","1","0","1","",""
"r2v_airborne_s9","r2v_airborne","9","PASS","352.47","-721.99","-350.42","13.93","12.74","0","ROBOT","-724.48","19.20","347.79","-724.54","-352.66","0.01","0","0","VEHICLE","VEHICLE","2.22","-724.48","-724.54","0.00","0","","2.49","0","0","0","1","",""
"r2v_rapid_s0","r2v_rapid","0","PASS","107.53","-726.4","-475.57","0.8","0","1","ROBOT","-726.40","1.28","140.14","-723.32","-451.84","2.2","0","1","ROBOT","ROBOT","7.62","-723.32","-727.07","-3.08","0","","0","0","0","0","6","",""
"r2v_rapid_s1","r2v_rapid","1","INFO large_drop","116.49","-716.8","-652.79","0.8","0","1","ROBOT","-716.80","26.88","38.54","-721.7","-605.47","14","0","1","ROBOT","ROBOT","7.62","-721.70","-722.32","4.90","0","","0","0","0","0","6","",""
"r2v_rapid_s10","r2v_rapid","10","PASS","336.87","-706.56","-430.84","0.8","0","1","ROBOT","-706.56","2.56","338.65","-706.54","-456.08","14","0","1","ROBOT","ROBOT","7.62","-706.54","-707.27","-0.02","0","","0","0","0","0","6","",""
"r2v_rapid_s11","r2v_rapid","11","PASS","108.81","-706.56","-411.64","0.8","0","1","ROBOT","-706.56","5.12","106.21","-706.56","-407.73","14","0","1","ROBOT","ROBOT","7.62","-706.56","-717.49","0.00","0","","0","0","0","0","6","",""
"r2v_rapid_s12","r2v_rapid","12","PASS","116.49","-726.4","-475.57","0.8","0","1","ROBOT","-726.40","1.28","160.39","-724.45","-407.66","1.25","0","1","ROBOT","ROBOT","7.62","-724.45","-727.07","-1.95","0","","0","0","0","0","6","",""
"r2v_rapid_s13","r2v_rapid","13","PASS","107.53","-726.4","-467.89","0.8","0","1","ROBOT","-726.40","1.28","114.68","-726.4","-462.94","14","0","1","ROBOT","ROBOT","7.62","-726.40","-727.07","0.00","0","","0","0","0","0","6","",""
"r2v_rapid_s14","r2v_rapid","14","PASS","142.72","-706.56","-304.13","0.8","0","1","ROBOT","-706.56","37.12","223.94","-705.69","-292.14","2.24","0","1","ROBOT","ROBOT","7.62","-705.69","-707.34","-0.87","0","","0","0","0","0","6","",""
"r2v_rapid_s15","r2v_rapid","15","FAIL fell_through","367.99","-721.39","-477.44","0.8","0","1","ROBOT","-721.39","3.09","358.19","-722.57","-488.29","14","0","1","ROBOT","ROBOT","7.62","-722.57","-725.01","1.19","9.73","633","0","0","0","0","6","633","-724.77"
"r2v_rapid_s16","r2v_rapid","16","INFO large_drop","379.97","-706.17","-326.88","0.8","0","1","ROBOT","-706.17","0.15","367.29","-709.41","-416.06","5.01","0","1","ROBOT","ROBOT","7.62","-709.41","-714.55","3.24","0","","0","0","1","0","6","",""
"r2v_rapid_s17","r2v_rapid","17","INFO large_drop","40.41","-721.7","-509.53","0.8","0","1","ROBOT","-721.70","0.41","122.34","-726.4","-450.94","0.65","0","1","ROBOT","ROBOT","7.62","-726.40","-727.01","4.70","0","","0","0","1","0","6","",""
"r2v_rapid_s18","r2v_rapid","18","PASS","265.2","-724.48","-502.78","0.8","0","1","ROBOT","-724.48","0.10","200.46","-720.83","-561.35","0.72","0","1","ROBOT","ROBOT","7.62","-720.83","-726.48","-3.65","0","","0","0","1","0","6","",""
"r2v_rapid_s19","r2v_rapid","19","INFO large_drop","220.92","-706.72","-302.09","0.8","0","1","ROBOT","-706.72","0.00","303.54","-724.4","-333.76","0","0","1","ROBOT","ROBOT","7.62","-724.40","-724.91","17.68","0","","0","0","1","0","6","",""
"r2v_rapid_s2","r2v_rapid","2","PASS","40.57","-721.7","-600.15","0.8","0","1","ROBOT","-721.70","0.41","1.52","-721.7","-508.32","0.31","0","1","ROBOT","ROBOT","7.62","-721.70","-722.37","0.00","0","","0","0","1","0","6","",""
"r2v_rapid_s20","r2v_rapid","20","PASS","99.85","-706.56","-415.48","0.8","0","1","ROBOT","-706.56","5.12","105.06","-706.56","-409.29","14","0","1","ROBOT","ROBOT","7.62","-706.56","-717.43","0.00","0","","0","0","0","0","6","",""
"r2v_rapid_s21","r2v_rapid","21","PASS","393.97","-724.48","-338.65","0.8","0","1","ROBOT","-724.48","0.90","383.85","-724.48","-344.34","14","0","1","ROBOT","ROBOT","7.62","-724.48","-725.15","0.00","0","","0","0","0","0","6","",""
"r2v_rapid_s22","r2v_rapid","22","PASS","142.72","-706.56","-295.17","0.8","0","1","ROBOT","-706.56","37.12","188.47","-705.25","-282.36","1.25","0","1","ROBOT","ROBOT","7.62","-705.25","-716.98","-1.31","0","","0","0","0","0","6","",""
"r2v_rapid_s23","r2v_rapid","23","PASS","30.33","-721.7","-589.91","0.8","0","1","ROBOT","-721.70","0.41","0.44","-721.7","-507.25","1.25","0","1","ROBOT","ROBOT","7.62","-721.70","-722.37","0.00","0","","0","0","1","0","6","",""
"r2v_rapid_s24","r2v_rapid","24","PASS","111.37","-726.4","-461.49","0.8","0","1","ROBOT","-726.40","1.28","110.41","-726.4","-459.51","14","0","1","ROBOT","ROBOT","7.62","-726.40","-727.15","0.00","0","","0","0","0","0","6","",""
"r2v_rapid_s25","r2v_rapid","25","INFO large_drop","135.04","-706.56","-304.13","0.8","0","1","ROBOT","-706.56","37.12","188.99","-715.17","-322.79","14","0","1","ROBOT","ROBOT","7.62","-715.17","-724.12","8.61","0","","0","0","0","0","6","",""
"r2v_rapid_s26","r2v_rapid","26","PASS","99.85","-706.56","-423.16","0.8","0","1","ROBOT","-706.56","1.48","117.75","-699.57","-403.44","0.23","0","1","ROBOT","ROBOT","7.62","-699.57","-717.42","-6.99","0","","0","0","0","0","6","",""
"r2v_rapid_s27","r2v_rapid","27","PASS","362.87","-721.65","-486.39","0.8","0","1","ROBOT","-721.65","2.83","344.37","-716.56","-495.92","0","0","1","ROBOT","ROBOT","4.83","-716.56","-725.07","-5.09","0","","0","0","0","0","6","",""
"r2v_rapid_s28","r2v_rapid","28","INFO large_drop","147.84","-706.56","-299.01","0.8","0","1","ROBOT","-706.56","37.12","187.31","-715.86","-324.87","14","0","1","ROBOT","ROBOT","7.62","-715.86","-724.23","9.30","0","","0","0","0","0","6","",""
"r2v_rapid_s29","r2v_rapid","29","PASS","355.19","-724.04","-477.43","0.8","0","1","ROBOT","-724.04","0.44","335.56","-724.48","-481.82","1.92","0","1","ROBOT","ROBOT","4.5","-724.48","-725.18","0.44","0","","0","0","1","0","6","",""
"r2v_rapid_s3","r2v_rapid","3","PASS","329.19","-706.56","-421.88","0.8","0","1","ROBOT","-706.56","2.08","343.97","-706.54","-463.12","1.1","0","1","ROBOT","ROBOT","7.62","-706.54","-707.84","-0.02","0","","0","0","0","0","6","",""
"r2v_rapid_s30","r2v_rapid","30","PASS","30.17","-721.7","-509.53","0.8","0","1","ROBOT","-721.70","2.56","99.24","-706.54","-462.06","0.72","0","1","ROBOT","ROBOT","7.62","-706.54","-722.55","-15.16","0","","0","0","0","0","6","",""
"r2v_rapid_s31","r2v_rapid","31","PASS","20.09","-721.7","-600.15","0.8","0","1","ROBOT","-721.70","2.56","36.12","-721.7","-568.23","0.65","0","1","ROBOT","ROBOT","7.62","-721.70","-722.3","0.00","0","","0","0","0","0","6","",""
"r2v_rapid_s32","r2v_rapid","32","PASS","106.25","-716.8","-642.55","0.8","0","1","ROBOT","-716.80","26.88","110.85","-711.41","-631.58","0.21","0","1","ROBOT","ROBOT","7.62","-711.40","-717","-5.40","0","","0","0","0","0","6","",""
"r2v_rapid_s33","r2v_rapid","33","INFO large_drop","226.04","-706.72","-316.17","0.8","0","1","ROBOT","-706.72","0.00","294.39","-724.4","-332.91","1.1","0","1","ROBOT","ROBOT","7.62","-724.40","-725.04","17.68","0","","0","0","1","0","6","",""
"r2v_rapid_s34","r2v_rapid","34","PASS","253.43","-724.48","-501.87","0.8","0","1","ROBOT","-724.48","0.19","230.46","-724.48","-518.92","0","0","1","ROBOT","ROBOT","7.62","-724.48","-725.14","0.00","0","","0","0","1","0","6","",""
"r2v_rapid_s35","r2v_rapid","35","FAIL fell_through","386.37","-706.32","-319.2","0.8","0","1","ROBOT","-706.32","0.03","382.57","-692.88","-340.23","2.21","0","1","ROBOT","ROBOT","6.29","-692.88","-706.32","-13.44","2.62","345","0","0","1","0","6","345","-704.84"
"r2v_rapid_s36","r2v_rapid","36","PASS","252.53","-724.48","-510.02","0.8","0","1","ROBOT","-724.48","0.10","200.17","-716.8","-579.89","0.72","0","1","ROBOT","ROBOT","7.62","-716.80","-726.64","-7.68","0","","0","0","1","0","6","",""
"r2v_rapid_s37","r2v_rapid","37","PASS","106.25","-716.8","-652.79","0.8","0","1","ROBOT","-716.80","26.88","111.5","-710.14","-632.22","0.29","0","1","ROBOT","ROBOT","3.01","-710.14","-717.11","-6.66","0","","0","0","0","0","6","",""
"r2v_rapid_s38","r2v_rapid","38","PASS","381.63","-724.48","-338.2","0.8","0","1","ROBOT","-724.48","19.20","383.07","-724.48","-344.74","10.54","0","1","ROBOT","ROBOT","7.62","-724.48","-725.12","0.00","0","","0","0","0","0","6","",""
"r2v_rapid_s39","r2v_rapid","39","PASS","30.33","-721.7","-610.39","0.8","0","1","ROBOT","-721.70","2.56","36.09","-721.7","-568.18","0.65","0","1","ROBOT","ROBOT","7.62","-721.70","-722.37","0.00","0","","0","0","0","0","6","",""
"r2v_rapid_s4","r2v_rapid","4","PASS","106.25","-716.8","-660.47","0.8","0","1","ROBOT","-716.80","26.88","110.68","-711.47","-631.4","0.29","0","1","ROBOT","ROBOT","7.62","-711.47","-717.47","-5.33","0","","0","0","0","0","6","",""
"r2v_rapid_s40","r2v_rapid","40","INFO large_drop","229.88","-706.72","-302.09","0.8","0","1","ROBOT","-706.72","0.00","317.86","-724.48","-327.42","0.49","0","1","ROBOT","ROBOT","7.62","-724.48","-725.08","17.76","0","","0","0","1","0","6","",""
"r2v_rapid_s41","r2v_rapid","41","PASS","116.49","-726.4","-467.89","0.8","0","1","ROBOT","-726.40","1.28","140.05","-724.92","-452.65","3.12","-0.49","0","ROBOT","ROBOT","7.62","-726.40","-727.06","0.00","0","","0","0","0","0","6","",""
"r2v_rapid_s42","r2v_rapid","42","PASS","329.19","-706.56","-430.84","0.8","0","1","ROBOT","-706.56","2.56","331.41","-706.54","-450.76","14","0","1","ROBOT","ROBOT","7.62","-706.54","-707.25","-0.02","0","","0","0","0","0","6","",""
"r2v_rapid_s43","r2v_rapid","43","PASS","30.33","-721.7","-600.15","0.8","0","1","ROBOT","-721.70","2.56","1.4","-721.7","-508.2","0.32","0","1","ROBOT","ROBOT","7.62","-721.70","-722.37","0.00","0","","0","0","0","0","6","",""
"r2v_rapid_s44","r2v_rapid","44","PASS","336.87","-706.56","-421.88","0.8","0","1","ROBOT","-706.56","2.08","339.49","-706.54","-456.21","14","0","1","ROBOT","ROBOT","7.62","-706.54","-707.27","-0.02","0","","0","0","0","0","6","",""
"r2v_rapid_s45","r2v_rapid","45","PASS","322.79","-706.56","-427","0.8","0","1","ROBOT","-706.56","2.08","337.38","-706.54","-455.54","14","0","1","ROBOT","ROBOT","7.62","-706.54","-707.26","-0.02","0","","0","0","0","0","6","",""
"r2v_rapid_s46","r2v_rapid","46","PASS","386.37","-706.29","-333.15","0.8","0","1","ROBOT","-706.29","0.03","366.82","-702.73","-430.39","1.26","0","1","ROBOT","ROBOT","7.62","-702.73","-707.24","-3.56","0","","0","0","1","0","6","",""
"r2v_rapid_s47","r2v_rapid","47","PASS","258.86","-724.48","-496.44","0.8","0","1","ROBOT","-724.48","0.10","200.33","-718.93","-567.05","0.72","0","1","ROBOT","ROBOT","7.62","-718.93","-726.9","-5.55","0","","0","0","1","0","6","",""
"r2v_rapid_s48","r2v_rapid","48","INFO large_drop","220.92","-706.72","-309.77","0.8","0","1","ROBOT","-706.72","0.00","317.86","-724.48","-327.42","0.43","0","1","ROBOT","ROBOT","7.62","-724.48","-725.08","17.76","0","","0","0","1","0","6","",""
"r2v_rapid_s49","r2v_rapid","49","INFO large_drop","135.04","-706.56","-295.17","0.8","0","1","ROBOT","-706.56","37.12","198.71","-710.4","-290.69","0.41","0","1","ROBOT","ROBOT","7.62","-710.40","-717.55","3.84","0","","0","0","0","0","6","",""
"r2v_rapid_s5","r2v_rapid","5","PASS","98.57","-716.8","-652.79","0.8","0","1","ROBOT","-716.80","26.88","110.24","-711.47","-630.96","1.26","0","1","ROBOT","ROBOT","7.62","-711.47","-716.8","-5.33","0","","0","0","0","0","6","",""
"r2v_rapid_s50","r2v_rapid","50","PASS","19.93","-721.7","-509.53","0.8","0","1","ROBOT","-721.70","2.56","54.08","-721.7","-517.11","14","0","1","ROBOT","ROBOT","7.62","-721.70","-722.37","0.00","0","","0","0","0","0","6","",""
"r2v_rapid_s51","r2v_rapid","51","PASS","108.81","-706.56","-419.32","0.8","0","1","ROBOT","-706.56","2.64","99.44","-706.56","-408.62","14","0","1","ROBOT","ROBOT","7.62","-706.56","-717.48","0.00","0","","0","0","0","0","6","",""
"r2v_rapid_s52","r2v_rapid","52","PASS","374.01","-706.39","-333.15","0.8","0","1","ROBOT","-706.39","0.04","362.14","-706.56","-431.23","1.45","0","1","ROBOT","ROBOT","7.62","-706.56","-707.23","0.17","0","","0","0","1","0","6","",""
"r2v_rapid_s53","r2v_rapid","53","PASS","108.81","-706.56","-427","0.8","0","1","ROBOT","-706.56","5.12","100.45","-706.56","-409.35","14","0","1","ROBOT","ROBOT","7.62","-706.56","-717.47","0.00","0","","0","0","0","0","6","",""
"r2v_rapid_s54","r2v_rapid","54","INFO large_drop","229.88","-706.72","-309.77","0.8","0","1","ROBOT","-706.72","0.00","325.81","-724.48","-327.65","1.34","0","1","ROBOT","ROBOT","7.62","-724.48","-725.08","17.76","0","","0","0","1","0","6","",""
"r2v_rapid_s55","r2v_rapid","55","PASS","372.73","-706.34","-325.6","0.8","0","1","ROBOT","-706.34","0.22","362.45","-706.05","-358.04","0.47","0","1","ROBOT","ROBOT","7.23","-706.05","-706.54","-0.29","0","","0","0","1","0","6","",""
"r2v_rapid_s56","r2v_rapid","56","PASS","389.11","-724.09","-327.63","0.8","0","1","ROBOT","-724.09","0.39","385.66","-724.48","-340.39","14","0","1","ROBOT","ROBOT","7.62","-724.48","-725.14","0.39","0","","0","0","1","0","6","",""
"r2v_rapid_s57","r2v_rapid","57","PASS","398.89","-723.94","-331.33","0.8","0","1","ROBOT","-723.94","0.54","382.56","-724.48","-345.03","1.25","0","1","ROBOT","ROBOT","7.62","-724.48","-725.15","0.54","0","","0","0","0","0","6","",""
"r2v_rapid_s58","r2v_rapid","58","PASS","30.17","-721.7","-519.77","0.8","0","1","ROBOT","-721.70","0.41","99.14","-706.54","-448.66","0.72","0","1","ROBOT","ROBOT","7.62","-706.54","-722.37","-15.16","0","","0","0","1","0","6","",""
"r2v_rapid_s59","r2v_rapid","59","PASS","259.77","-724.48","-508.21","0.8","0","1","ROBOT","-724.48","0.10","228.6","-724.48","-518.94","0","0","1","ROBOT","ROBOT","7.62","-724.48","-725.15","0.00","0","","0","0","1","0","6","",""
"r2v_rapid_s6","r2v_rapid","6","PASS","374.39","-720.01","-486.4","0.8","0","1","ROBOT","-720.01","3.82","344.97","-716.55","-495.5","1.1","0","1","ROBOT","ROBOT","3.94","-716.55","-725.1","-3.46","0","","0","0","0","0","6","",""
"r2v_rapid_s60","r2v_rapid","60","PASS","363.51","-724.48","-341.77","0.8","0","1","ROBOT","-724.48","19.20","382.44","-717.08","-344.86","0","0","1","ROBOT","ROBOT","2.95","-717.08","-725.05","-7.40","0","","0","0","0","0","6","",""
"r2v_rapid_s61","r2v_rapid","61","PASS","321.27","-724.48","-340.48","0.8","0","1","ROBOT","-724.48","19.20","335.77","-724.48","-426.93","14","0","1","ROBOT","ROBOT","7.62","-724.48","-725.15","0.00","0","","0","0","0","0","6","",""
"r2v_rapid_s62","r2v_rapid","62","PASS","96","-714.24","-290.57","0.8","0","1","ROBOT","-714.24","29.44","102.86","-714.24","-283.06","2.04","0","1","ROBOT","ROBOT","7.62","-714.24","-719.39","0.00","0","","0","0","0","0","6","",""
"r2v_rapid_s63","r2v_rapid","63","PASS","189.44","-716.8","-601.59","0.8","0","1","ROBOT","-716.80","5.12","175.52","-716.8","-600.42","14.1","0","1","ROBOT","ROBOT","7.62","-716.80","-717.17","0.00","0","","0","0","0","0","6","",""
"r2v_rapid_s64","r2v_rapid","64","PASS","107.53","-716.8","-607.99","0.8","0","1","ROBOT","-716.80","26.88","95.37","-716.75","-563.89","14.01","0","1","ROBOT","ROBOT","7.62","-716.75","-717.39","-0.05","0","","0","0","0","0","6","",""
"r2v_rapid_s65","r2v_rapid","65","PASS","107.53","-726.4","-471.04","0.8","0","1","ROBOT","-726.40","1.28","123.71","-726.4","-464.09","14","0","1","ROBOT","ROBOT","7.62","-726.40","-727.07","0.00","0","","0","0","0","0","6","",""
"r2v_rapid_s66","r2v_rapid","66","PASS","181.76","-710.4","-293.13","0.8","0","1","ROBOT","-710.40","15.36","199.64","-710.4","-297.99","14.01","0","1","ROBOT","ROBOT","7.62","-710.40","-719.86","0.00","0","","0","0","0","0","6","",""
"r2v_rapid_s67","r2v_rapid","67","PASS","258.56","-724.48","-357.13","0.8","0","1","ROBOT","-724.48","0.10","324.72","-724.48","-348.84","14","0","1","ROBOT","ROBOT","7.62","-724.48","-725.12","0.00","0","","0","0","1","0","6","",""
"r2v_rapid_s68","r2v_rapid","68","PASS","96.01","-706.56","-419.84","0.8","0","1","ROBOT","-706.56","5.12","90.51","-706.56","-418.81","1.1","0","1","ROBOT","ROBOT","7.62","-706.56","-715.87","0.00","0","","0","0","0","0","6","",""
"r2v_rapid_s69","r2v_rapid","69","INFO large_drop","108.81","-716.8","-651.51","0.8","0","1","ROBOT","-716.80","26.88","31.12","-721.7","-604.83","14","0","1","ROBOT","ROBOT","7.62","-721.70","-722.32","4.90","0","","0","0","0","0","6","",""
"r2v_rapid_s7","r2v_rapid","7","PASS","30.17","-721.7","-499.29","0.8","0","1","ROBOT","-721.70","2.56","31.23","-721.7","-490.92","1.1","0","1","ROBOT","ROBOT","7.62","-721.70","-722.31","0.00","0","","0","0","0","0","6","",""
"r2v_rapid_s70","r2v_rapid","70","PASS","101.13","-716.8","-556.8","0.8","0","1","ROBOT","-716.80","0.00","99.33","-716.74","-546.59","1.09","0","1","ROBOT","ROBOT","7.62","-716.74","-717.92","-0.05","0","","0","0","1","0","6","",""
"r2v_rapid_s71","r2v_rapid","71","PASS","32.01","-721.7","-599.03","0.8","0","1","ROBOT","-721.70","0.41","1.04","-721.7","-507.81","0.26","0","1","ROBOT","ROBOT","7.62","-721.70","-722.37","0.00","0","","0","0","1","0","6","",""
"r2v_rapid_s72","r2v_rapid","72","INFO large_drop","357.11","-706.56","-336.65","0.8","0","1","ROBOT","-706.56","2.56","368.38","-712.67","-409.54","15.24","0","1","ROBOT","ROBOT","7.62","-712.67","-712.67","6.11","0","","0","0","0","0","6","",""
"r2v_rapid_s73","r2v_rapid","73","INFO large_drop","230.4","-706.52","-472.31","0.8","0","1","ROBOT","-706.52","1.28","177.31","-726.4","-466.7","14","0","1","ROBOT","ROBOT","7.62","-726.40","-726.93","19.88","0","","0","0","0","0","6","",""
"r2v_rapid_s74","r2v_rapid","74","INFO large_drop","225.28","-706.72","-307.21","0.8","0","1","ROBOT","-706.72","0.00","324.34","-724.48","-327.11","1.3","0","1","ROBOT","ROBOT","7.62","-724.48","-725.08","17.76","0","","0","0","1","0","6","",""
"r2v_rapid_s75","r2v_rapid","75","PASS","34.57","-721.7","-512.01","0.8","0","1","ROBOT","-721.70","2.56","116.64","-710.84","-489.76","0","0","1","ROBOT","ROBOT","7.62","-710.86","-722.37","-10.84","0","","0","0","0","0","6","",""
"r2v_rapid_s76","r2v_rapid","76","PASS","336.63","-706.56","-427.52","0.8","0","1","ROBOT","-706.56","2.19","336.65","-706.51","-448.58","14","0","1","ROBOT","ROBOT","7.62","-706.51","-707.23","-0.05","0","","0","0","0","0","6","",""
"r2v_rapid_s77","r2v_rapid","77","PASS","139.52","-706.56","-291.85","0.8","0","1","ROBOT","-706.56","37.12","155.17","-698.91","-324.26","0","0","1","ROBOT","ROBOT","6.53","-698.91","-707.05","-7.65","0","","0","0","0","0","6","",""
"r2v_rapid_s78","r2v_rapid","78","PASS","341.48","-706.54","-456.96","0.8","0","1","ROBOT","-706.54","0.00","343.84","-706.54","-463.96","14","0","1","ROBOT","ROBOT","7.62","-706.54","-707.05","0.00","0","","0","0","1","0","6","",""
"r2v_rapid_s79","r2v_rapid","79","PASS","103.48","-706.54","-458.24","0.8","0","1","ROBOT","-706.54","0.00","117.75","-697.07","-449.04","0.27","0","1","ROBOT","ROBOT","7.62","-697.06","-707.21","-9.48","0","","0","0","1","0","6","",""
"r2v_rapid_s8","r2v_rapid","8","PASS","353.91","-723.5","-487.67","0.8","0","1","ROBOT","-723.50","0.98","337.41","-724.48","-481.85","14","0","1","ROBOT","ROBOT","6.55","-724.48","-725.08","0.98","0","","0","0","0","0","6","",""
"r2v_rapid_s80","r2v_rapid","80","PASS","341.76","-724.48","-468.47","0.8","0","1","ROBOT","-724.48","19.20","265.8","-724.48","-483.62","14","0","1","ROBOT","ROBOT","7.62","-724.48","-725.15","0.00","0","","0","0","0","0","6","",""
"r2v_rapid_s81","r2v_rapid","81","PASS","266.23","-724.48","-509.43","0.8","0","1","ROBOT","-724.48","0.10","228.6","-724.48","-518.96","0","0","1","ROBOT","ROBOT","7.62","-724.48","-725.16","0.00","0","","0","0","1","0","6","",""
"r2v_rapid_s82","r2v_rapid","82","INFO large_drop","90.89","-706.56","-385.28","0.8","0","1","ROBOT","-706.56","4.39","126.02","-727.04","-359.95","0.39","0","1","ROBOT","ROBOT","7.29","-727.04","-727.6","20.48","0","","0","0","0","0","6","",""
"r2v_rapid_s83","r2v_rapid","83","PASS","110.9","-727.04","-410.88","0.8","0","1","ROBOT","-727.04","15.36","144.82","-716.8","-428.84","14","0","1","ROBOT","ROBOT","7.62","-716.80","-727.6","-10.24","0","","0","0","0","0","6","",""
"r2v_rapid_s9","r2v_rapid","9","PASS","377.59","-724.24","-327.64","0.8","0","1","ROBOT","-724.24","0.24","405.96","-723.52","-321.36","1.12","0","1","ROBOT","ROBOT","7.62","-723.52","-725.14","-0.72","0","","0","0","1","0","6","",""
"r2v_stationary_s0","r2v_stationary","0","PASS","107.51","-726.4","-475.57","0","0","1","ROBOT","-726.40","1.28","107.51","-725.16","-475.57","0","0","1","VEHICLE","VEHICLE","9.97","-726.40","-725.62","0.00","0","","0","0","0","0","1","",""
"r2v_stationary_s1","r2v_stationary","1","PASS","116.48","-716.8","-652.8","0","0","1","ROBOT","-716.80","26.88","116.48","-715.56","-652.8","0","0","1","VEHICLE","VEHICLE","9.97","-716.80","-716.02","0.00","0","","0","0","0","0","1","",""
"r2v_stationary_s10","r2v_stationary","10","PASS","336.88","-706.56","-430.84","0","0","1","ROBOT","-706.56","2.56","336.88","-705.32","-430.84","0","0","1","VEHICLE","VEHICLE","9.97","-706.56","-705.78","0.00","0","","0","0","0","0","1","",""
"r2v_stationary_s11","r2v_stationary","11","PASS","108.8","-706.56","-411.64","0","0","1","ROBOT","-706.56","5.12","108.8","-705.32","-411.64","0","0","1","VEHICLE","VEHICLE","9.97","-706.56","-705.78","0.00","0","","0","0","0","0","1","",""
"r2v_stationary_s12","r2v_stationary","12","PASS","116.47","-726.4","-475.57","0","0","1","ROBOT","-726.40","1.28","116.47","-725.16","-475.57","0","0","1","VEHICLE","VEHICLE","9.97","-726.40","-725.62","0.00","0","","0","0","0","0","1","",""
"r2v_stationary_s13","r2v_stationary","13","PASS","107.51","-726.4","-467.89","0","0","1","ROBOT","-726.40","1.28","107.51","-725.16","-467.89","0","0","1","VEHICLE","VEHICLE","8.16","-726.40","-725.62","0.00","0","","0","0","0","0","1","",""
"r2v_stationary_s14","r2v_stationary","14","PASS","142.72","-706.56","-304.12","0","0","1","ROBOT","-706.56","37.12","142.72","-705.32","-304.12","0","0","1","VEHICLE","VEHICLE","9.97","-706.56","-705.78","0.00","0","","0","0","0","0","1","",""
"r2v_stationary_s15","r2v_stationary","15","PASS","368","-721.38","-477.44","0","0","1","ROBOT","-721.38","3.10","367.84","-720.14","-477.31","0.06","-0.01","1","VEHICLE","VEHICLE","9.97","-721.43","-720.6","0.04","0","","0","0","0","0","1","",""
"r2v_stationary_s16","r2v_stationary","16","PASS","379.98","-706.17","-326.87","0","0","1","ROBOT","-706.17","0.15","380.03","-705","-326.86","0.01","0","1","VEHICLE","VEHICLE","9.97","-706.17","-705.39","0.00","0","","0","0","1","0","1","",""
"r2v_stationary_s17","r2v_stationary","17","PASS","40.4","-721.7","-509.52","0","0","1","ROBOT","-721.70","0.41","40.4","-720.46","-509.52","0","0","1","VEHICLE","VEHICLE","9.97","-721.70","-720.92","0.00","0","","0","0","1","0","1","",""
"r2v_stationary_s18","r2v_stationary","18","PASS","265.21","-724.48","-502.79","0","0","1","ROBOT","-724.48","0.10","265.21","-723.24","-502.79","0","0","1","VEHICLE","VEHICLE","9.97","-724.48","-723.7","0.00","0","","0","0","1","0","1","",""
"r2v_stationary_s19","r2v_stationary","19","PASS","220.92","-706.72","-302.08","0","0","1","ROBOT","-706.72","0.00","220.92","-705.48","-302.08","0","0","1","VEHICLE","VEHICLE","9.97","-706.72","-705.94","0.00","0","","0","0","1","0","1","",""
"r2v_stationary_s2","r2v_stationary","2","PASS","40.56","-721.7","-600.16","0","0","1","ROBOT","-721.70","0.41","40.56","-720.46","-600.16","0","0","1","VEHICLE","VEHICLE","9.97","-721.70","-720.92","0.00","0","","0","0","1","0","1","",""
"r2v_stationary_s20","r2v_stationary","20","PASS","99.84","-706.56","-415.48","0","0","1","ROBOT","-706.56","5.12","99.84","-705.32","-415.48","0","0","1","VEHICLE","VEHICLE","9.97","-706.56","-705.78","0.00","0","","0","0","0","0","1","",""
"r2v_stationary_s21","r2v_stationary","21","PASS","393.99","-724.48","-338.65","0","0","1","ROBOT","-724.48","0.90","393.99","-723.24","-338.65","0","0","1","VEHICLE","VEHICLE","9.97","-724.48","-723.7","0.00","0","","0","0","0","0","1","",""
"r2v_stationary_s22","r2v_stationary","22","PASS","142.72","-706.56","-295.16","0","0","1","ROBOT","-706.56","37.12","142.72","-705.32","-295.16","0","0","1","VEHICLE","VEHICLE","9.97","-706.56","-705.78","0.00","0","","0","0","0","0","1","",""
"r2v_stationary_s23","r2v_stationary","23","PASS","30.32","-721.7","-589.92","0","0","1","ROBOT","-721.70","0.41","30.32","-720.46","-589.92","0","0","1","VEHICLE","VEHICLE","9.97","-721.70","-720.92","0.00","0","","0","0","1","0","1","",""
"r2v_stationary_s24","r2v_stationary","24","PASS","111.35","-726.4","-461.49","0","0","1","ROBOT","-726.40","1.28","111.35","-725.16","-461.49","0","0","1","VEHICLE","VEHICLE","9.97","-726.40","-725.62","0.00","0","","0","0","0","0","1","",""
"r2v_stationary_s25","r2v_stationary","25","PASS","135.04","-706.56","-304.12","0","0","1","ROBOT","-706.56","37.12","135.04","-705.32","-304.12","0","0","1","VEHICLE","VEHICLE","9.97","-706.56","-705.78","0.00","0","","0","0","0","0","1","",""
"r2v_stationary_s26","r2v_stationary","26","PASS","99.84","-706.56","-423.16","0","0","1","ROBOT","-706.56","1.48","99.84","-705.32","-423.16","0","0","1","VEHICLE","VEHICLE","9.97","-706.56","-705.78","0.00","0","","0","0","0","0","1","",""
"r2v_stationary_s27","r2v_stationary","27","PASS","362.88","-721.65","-486.4","0","0","1","ROBOT","-721.65","2.83","362.67","-720.4","-486.41","0.06","-0.01","1","VEHICLE","VEHICLE","9.97","-721.69","-720.86","0.04","0","","0","0","0","0","1","",""
"r2v_stationary_s28","r2v_stationary","28","PASS","147.84","-706.56","-299","0","0","1","ROBOT","-706.56","37.12","147.93","-705.45","-299","0.03","-0.01","1","VEHICLE","VEHICLE","9.97","-706.56","-705.78","0.00","0","","0","0","0","0","1","",""
"r2v_stationary_s29","r2v_stationary","29","PASS","355.2","-724.03","-477.44","0","0","1","ROBOT","-724.03","0.45","354.83","-722.82","-477.27","0.12","-0.03","1","VEHICLE","VEHICLE","9.97","-724.24","-723.25","0.21","0","","0","0","1","0","1","",""
"r2v_stationary_s3","r2v_stationary","3","PASS","329.2","-706.56","-421.88","0","0","1","ROBOT","-706.56","2.08","329.2","-705.32","-421.88","0","0","1","VEHICLE","VEHICLE","9.97","-706.56","-705.78","0.00","0","","0","0","0","0","1","",""
"r2v_stationary_s30","r2v_stationary","30","PASS","30.16","-721.7","-509.52","0","0","1","ROBOT","-721.70","2.56","30.16","-720.46","-509.52","0","0","1","VEHICLE","VEHICLE","9.97","-721.70","-720.92","0.00","0","","0","0","0","0","1","",""
"r2v_stationary_s31","r2v_stationary","31","PASS","20.08","-721.7","-600.16","0","0","1","ROBOT","-721.70","2.56","20.08","-720.46","-600.16","0","0","1","VEHICLE","VEHICLE","5.91","-721.70","-720.92","0.00","0","","0","0","0","0","1","",""
"r2v_stationary_s32","r2v_stationary","32","PASS","106.24","-716.8","-642.56","0","0","1","ROBOT","-716.80","26.88","106.24","-715.56","-642.56","0","0","1","VEHICLE","VEHICLE","9.97","-716.80","-716.02","0.00","0","","0","0","0","0","1","",""
"r2v_stationary_s33","r2v_stationary","33","PASS","226.04","-706.72","-316.16","0","0","1","ROBOT","-706.72","0.00","226.04","-705.48","-316.16","0","0","1","VEHICLE","VEHICLE","9.97","-706.72","-705.94","0.00","0","","0","0","1","0","1","",""
"r2v_stationary_s34","r2v_stationary","34","PASS","253.44","-724.48","-501.88","0","0","1","ROBOT","-724.48","0.19","253.44","-723.24","-501.88","0","0","1","VEHICLE","VEHICLE","9.97","-724.48","-723.7","0.00","0","","0","0","1","0","1","",""
"r2v_stationary_s35","r2v_stationary","35","PASS","386.38","-706.32","-319.19","0","0","1","ROBOT","-706.32","0.03","386.38","-705.08","-319.19","0","0","1","VEHICLE","VEHICLE","6.6","-706.32","-705.54","0.00","0","","0","0","1","0","1","",""
"r2v_stationary_s36","r2v_stationary","36","PASS","252.54","-724.48","-510.03","0","0","1","ROBOT","-724.48","0.10","252.54","-723.24","-510.03","0","0","1","VEHICLE","VEHICLE","9.97","-724.48","-723.7","0.00","0","","0","0","1","0","1","",""
"r2v_stationary_s37","r2v_stationary","37","PASS","106.24","-716.8","-652.8","0","0","1","ROBOT","-716.80","26.88","106.24","-715.56","-652.8","0","0","1","VEHICLE","VEHICLE","9.97","-716.80","-716.02","0.00","0","","0","0","0","0","1","",""
"r2v_stationary_s38","r2v_stationary","38","PASS","381.64","-724.48","-338.2","0","0","1","ROBOT","-724.48","19.20","381.64","-723.24","-338.2","0","0","1","VEHICLE","VEHICLE","9.97","-724.48","-723.7","0.00","0","","0","0","0","0","1","",""
"r2v_stationary_s39","r2v_stationary","39","PASS","30.32","-721.7","-610.4","0","0","1","ROBOT","-721.70","2.56","30.32","-720.46","-610.4","0","0","1","VEHICLE","VEHICLE","5.91","-721.70","-720.92","0.00","0","","0","0","0","0","1","",""
"r2v_stationary_s4","r2v_stationary","4","PASS","106.24","-716.8","-660.48","0","0","1","ROBOT","-716.80","26.88","106.24","-715.56","-660.48","0","0","1","VEHICLE","VEHICLE","7.35","-716.80","-716.02","0.00","0","","0","0","0","0","1","",""
"r2v_stationary_s40","r2v_stationary","40","PASS","229.88","-706.72","-302.08","0","0","1","ROBOT","-706.72","0.00","229.88","-705.48","-302.08","0","0","1","VEHICLE","VEHICLE","9.97","-706.72","-705.94","0.00","0","","0","0","1","0","1","",""
"r2v_stationary_s41","r2v_stationary","41","PASS","116.47","-726.4","-467.89","0","0","1","ROBOT","-726.40","1.28","116.47","-725.16","-467.89","0","0","1","VEHICLE","VEHICLE","9.97","-726.40","-725.62","0.00","0","","0","0","0","0","1","",""
"r2v_stationary_s42","r2v_stationary","42","PASS","329.2","-706.56","-430.84","0","0","1","ROBOT","-706.56","2.56","329.2","-705.32","-430.84","0","0","1","VEHICLE","VEHICLE","9.97","-706.56","-705.78","0.00","0","","0","0","0","0","1","",""
"r2v_stationary_s43","r2v_stationary","43","PASS","30.32","-721.7","-600.16","0","0","1","ROBOT","-721.70","2.56","30.32","-720.46","-600.16","0","0","1","VEHICLE","VEHICLE","9.97","-721.70","-720.92","0.00","0","","0","0","0","0","1","",""
"r2v_stationary_s44","r2v_stationary","44","PASS","336.88","-706.56","-421.88","0","0","1","ROBOT","-706.56","2.08","336.88","-705.32","-421.88","0","0","1","VEHICLE","VEHICLE","9.97","-706.56","-705.78","0.00","0","","0","0","0","0","1","",""
"r2v_stationary_s45","r2v_stationary","45","PASS","322.8","-706.56","-427","0","0","1","ROBOT","-706.56","2.08","322.8","-705.32","-427","0","0","1","VEHICLE","VEHICLE","9.97","-706.56","-705.78","0.00","0","","0","0","0","0","1","",""
"r2v_stationary_s46","r2v_stationary","46","PASS","386.38","-706.29","-333.15","0","0","1","ROBOT","-706.29","0.03","386.38","-705.05","-333.18","0.01","0","1","VEHICLE","VEHICLE","9.97","-706.29","-705.51","0.00","0","","0","0","1","0","1","",""
"r2v_stationary_s47","r2v_stationary","47","PASS","258.87","-724.48","-496.45","0","0","1","ROBOT","-724.48","0.10","258.87","-723.24","-496.45","0","0","1","VEHICLE","VEHICLE","9.97","-724.48","-723.7","0.00","0","","0","0","1","0","1","",""
"r2v_stationary_s48","r2v_stationary","48","PASS","220.92","-706.72","-309.76","0","0","1","ROBOT","-706.72","0.00","220.92","-705.48","-309.76","0","0","1","VEHICLE","VEHICLE","9.97","-706.72","-705.94","0.00","0","","0","0","1","0","1","",""
"r2v_stationary_s49","r2v_stationary","49","PASS","135.04","-706.56","-295.16","0","0","1","ROBOT","-706.56","37.12","135.04","-705.32","-295.16","0","0","1","VEHICLE","VEHICLE","9.97","-706.56","-705.78","0.00","0","","0","0","0","0","1","",""
"r2v_stationary_s5","r2v_stationary","5","PASS","98.56","-716.8","-652.8","0","0","1","ROBOT","-716.80","26.88","98.56","-715.56","-652.8","0","0","1","VEHICLE","VEHICLE","7.35","-716.80","-716.02","0.00","0","","0","0","0","0","1","",""
"r2v_stationary_s50","r2v_stationary","50","PASS","19.92","-721.7","-509.52","0","0","1","ROBOT","-721.70","2.56","19.92","-720.46","-509.52","0","0","1","VEHICLE","VEHICLE","5.6","-721.70","-720.92","0.00","0","","0","0","0","0","1","",""
"r2v_stationary_s51","r2v_stationary","51","PASS","108.8","-706.56","-419.32","0","0","1","ROBOT","-706.56","2.64","108.8","-705.32","-419.32","0","0","1","VEHICLE","VEHICLE","9.97","-706.56","-705.78","0.00","0","","0","0","0","0","1","",""
"r2v_stationary_s52","r2v_stationary","52","PASS","374.02","-706.39","-333.15","0","0","1","ROBOT","-706.39","0.04","374","-705.15","-333.14","0.01","0","1","VEHICLE","VEHICLE","9.97","-706.39","-705.6","0.00","0","","0","0","1","0","1","",""
"r2v_stationary_s53","r2v_stationary","53","PASS","108.8","-706.56","-427","0","0","1","ROBOT","-706.56","5.12","108.8","-705.32","-427","0","0","1","VEHICLE","VEHICLE","9.97","-706.56","-705.78","0.00","0","","0","0","0","0","1","",""
"r2v_stationary_s54","r2v_stationary","54","PASS","229.88","-706.72","-309.76","0","0","1","ROBOT","-706.72","0.00","229.88","-705.48","-309.76","0","0","1","VEHICLE","VEHICLE","9.97","-706.72","-705.94","0.00","0","","0","0","1","0","1","",""
"r2v_stationary_s55","r2v_stationary","55","PASS","372.74","-706.34","-325.59","0","0","1","ROBOT","-706.34","0.22","372.71","-705.1","-325.61","0.01","0","1","VEHICLE","VEHICLE","9.97","-706.34","-705.56","0.00","0","","0","0","1","0","1","",""
"r2v_stationary_s56","r2v_stationary","56","PASS","389.12","-724.09","-327.63","0","0","1","ROBOT","-724.08","0.40","389.03","-722.9","-327.71","0.04","-0.01","1","VEHICLE","VEHICLE","9.97","-724.10","-723.3","0.02","0","","0","0","1","0","1","",""
"r2v_stationary_s57","r2v_stationary","57","PASS","398.91","-723.94","-331.33","0","0","1","ROBOT","-723.94","0.54","398.91","-722.74","-331.42","0.03","0","1","VEHICLE","VEHICLE","9.97","-723.95","-723.16","0.01","0","","0","0","0","0","1","",""
"r2v_stationary_s58","r2v_stationary","58","PASS","30.16","-721.7","-519.76","0","0","1","ROBOT","-721.70","0.41","30.16","-720.46","-519.76","0","0","1","VEHICLE","VEHICLE","9.97","-721.70","-720.92","0.00","0","","0","0","1","0","1","",""
"r2v_stationary_s59","r2v_stationary","59","PASS","259.78","-724.48","-508.22","0","0","1","ROBOT","-724.48","0.10","259.78","-723.24","-508.22","0","0","1","VEHICLE","VEHICLE","9.97","-724.48","-723.7","0.00","0","","0","0","1","0","1","",""
"r2v_stationary_s6","r2v_stationary","6","PASS","374.4","-720.01","-486.4","0","0","1","ROBOT","-720.01","3.82","374.37","-718.78","-486.41","0.01","0","1","VEHICLE","VEHICLE","8.56","-720.01","-719.22","0.00","0","","0","0","0","0","1","",""
"r2v_stationary_s60","r2v_stationary","60","PASS","363.52","-724.48","-341.76","0","0","1","ROBOT","-724.48","19.20","363.52","-723.24","-341.76","0","0","1","VEHICLE","VEHICLE","9.97","-724.48","-723.7","0.00","0","","0","0","0","0","1","",""
"r2v_stationary_s61","r2v_stationary","61","PASS","321.28","-724.48","-340.48","0","0","1","ROBOT","-724.48","19.20","321.28","-723.24","-340.48","0","0","1","VEHICLE","VEHICLE","9.97","-724.48","-723.7","0.00","0","","0","0","0","0","1","",""
"r2v_stationary_s62","r2v_stationary","62","PASS","96","-714.24","-290.56","0","0","1","ROBOT","-714.24","29.44","96","-713","-290.56","0","0","1","VEHICLE","VEHICLE","9.97","-714.24","-713.46","0.00","0","","0","0","0","0","1","",""
"r2v_stationary_s63","r2v_stationary","63","PASS","189.44","-716.8","-601.6","0","0","1","ROBOT","-716.80","5.12","189.44","-715.56","-601.6","0","0","1","VEHICLE","VEHICLE","9.97","-716.80","-716.02","0.00","0","","0","0","0","0","1","",""
"r2v_stationary_s64","r2v_stationary","64","PASS","107.52","-716.8","-608","0","0","1","ROBOT","-716.80","26.88","107.52","-715.56","-608","0","0","1","VEHICLE","VEHICLE","5.33","-716.80","-716.02","0.00","0","","0","0","0","0","1","",""
"r2v_stationary_s65","r2v_stationary","65","PASS","107.52","-726.4","-471.04","0","0","1","ROBOT","-726.40","1.28","107.52","-725.16","-471.04","0","0","1","VEHICLE","VEHICLE","8.98","-726.40","-725.62","0.00","0","","0","0","0","0","1","",""
"r2v_stationary_s66","r2v_stationary","66","PASS","181.76","-710.4","-293.12","0","0","1","ROBOT","-710.40","15.36","181.76","-709.16","-293.12","0","0","1","VEHICLE","VEHICLE","9.97","-710.40","-709.62","0.00","0","","0","0","0","0","1","",""
"r2v_stationary_s67","r2v_stationary","67","PASS","258.56","-724.48","-357.12","0","0","1","ROBOT","-724.48","0.10","258.56","-723.24","-357.12","0","0","1","VEHICLE","VEHICLE","9.97","-724.48","-723.7","0.00","0","","0","0","1","0","1","",""
"r2v_stationary_s68","r2v_stationary","68","PASS","96","-706.56","-419.84","0","0","1","ROBOT","-706.56","5.12","96","-705.32","-419.84","0","0","1","VEHICLE","VEHICLE","7.49","-706.56","-705.78","0.00","0","","0","0","0","0","1","",""
"r2v_stationary_s69","r2v_stationary","69","PASS","108.8","-716.8","-651.52","0","0","1","ROBOT","-716.80","26.88","108.8","-715.56","-651.52","0","0","1","VEHICLE","VEHICLE","9.97","-716.80","-716.02","0.00","0","","0","0","0","0","1","",""
"r2v_stationary_s7","r2v_stationary","7","PASS","30.16","-721.7","-499.28","0","0","1","ROBOT","-721.70","2.56","30.16","-720.46","-499.28","0","0","1","VEHICLE","VEHICLE","5.6","-721.70","-720.92","0.00","0","","0","0","0","0","1","",""
"r2v_stationary_s70","r2v_stationary","70","PASS","101.12","-716.8","-556.8","0","0","1","ROBOT","-716.80","0.00","100.95","-715.31","-556.6","0.07","0","1","VEHICLE","VEHICLE","6.88","-716.80","-716.01","0.00","0","","0","0","1","0","1","",""
"r2v_stationary_s71","r2v_stationary","71","PASS","32","-721.7","-599.04","0","0","1","ROBOT","-721.70","0.41","32","-720.46","-599.04","0","0","1","VEHICLE","VEHICLE","9.97","-721.70","-720.92","0.00","0","","0","0","1","0","1","",""
"r2v_stationary_s72","r2v_stationary","72","PASS","357.12","-706.56","-336.64","0","0","1","ROBOT","-706.56","2.56","357.12","-705.32","-336.64","0","0","1","VEHICLE","VEHICLE","9.97","-706.56","-705.78","0.00","0","","0","0","0","0","1","",""
"r2v_stationary_s73","r2v_stationary","73","PASS","230.4","-706.52","-472.32","0","0","1","ROBOT","-706.52","1.28","230.4","-705.28","-472.32","0","0","1","VEHICLE","VEHICLE","8.12","-706.52","-705.74","0.00","0","","0","0","0","0","1","",""
"r2v_stationary_s74","r2v_stationary","74","PASS","225.28","-706.72","-307.2","0","0","1","ROBOT","-706.72","0.00","225.28","-705.48","-307.2","0","0","1","VEHICLE","VEHICLE","9.97","-706.72","-705.94","0.00","0","","0","0","1","0","1","",""
"r2v_stationary_s75","r2v_stationary","75","PASS","34.56","-721.7","-512","0","0","1","ROBOT","-721.70","2.56","34.56","-720.46","-512","0","0","1","VEHICLE","VEHICLE","9.97","-721.70","-720.92","0.00","0","","0","0","0","0","1","",""
"r2v_stationary_s76","r2v_stationary","76","PASS","336.64","-706.56","-427.52","0","0","1","ROBOT","-706.56","2.19","336.64","-705.32","-427.52","0","0","1","VEHICLE","VEHICLE","9.97","-706.56","-705.78","0.00","0","","0","0","0","0","1","",""
"r2v_stationary_s77","r2v_stationary","77","PASS","139.52","-706.56","-291.84","0","0","1","ROBOT","-706.56","37.12","139.52","-705.32","-291.84","0","0","1","VEHICLE","VEHICLE","7.31","-706.56","-705.78","0.00","0","","0","0","0","0","1","",""
"r2v_stationary_s78","r2v_stationary","78","PASS","341.49","-706.54","-456.96","0","0","1","ROBOT","-706.54","0.00","341.49","-705.3","-456.96","0","0","1","VEHICLE","VEHICLE","4.62","-706.54","-705.75","0.00","0","","0","0","1","0","1","",""
"r2v_stationary_s79","r2v_stationary","79","PASS","103.47","-706.54","-458.24","0","0","1","ROBOT","-706.54","0.00","103.47","-705.3","-458.24","0","0","1","VEHICLE","VEHICLE","5.3","-706.54","-705.75","0.00","0","","0","0","1","0","1","",""
"r2v_stationary_s8","r2v_stationary","8","PASS","353.92","-723.5","-487.68","0","0","1","ROBOT","-723.50","0.98","353.59","-722.38","-487.76","0.1","-0.03","1","VEHICLE","VEHICLE","7.74","-723.66","-722.72","0.16","0","","0","0","0","0","1","",""
"r2v_stationary_s80","r2v_stationary","80","PASS","341.76","-724.48","-468.48","0","0","1","ROBOT","-724.48","19.20","341.76","-723.24","-468.48","0","0","1","VEHICLE","VEHICLE","9.97","-724.48","-723.7","0.00","0","","0","0","0","0","1","",""
"r2v_stationary_s81","r2v_stationary","81","PASS","266.24","-724.48","-509.44","0","0","1","ROBOT","-724.48","0.10","266.24","-723.24","-509.44","0","0","1","VEHICLE","VEHICLE","9.97","-724.48","-723.7","0.00","0","","0","0","1","0","1","",""
"r2v_stationary_s82","r2v_stationary","82","PASS","90.88","-706.56","-385.28","0","0","1","ROBOT","-706.56","4.40","90.88","-705.32","-385.28","0","0","1","VEHICLE","VEHICLE","7.98","-706.56","-705.78","0.00","0","","0","0","0","0","1","",""
"r2v_stationary_s83","r2v_stationary","83","PASS","110.91","-727.04","-410.88","0","0","1","ROBOT","-727.04","15.36","110.91","-725.8","-410.88","0","0","1","VEHICLE","VEHICLE","9.97","-727.04","-726.26","0.00","0","","0","0","0","0","1","",""
"r2v_stationary_s9","r2v_stationary","9","PASS","377.6","-724.24","-327.63","0","0","1","ROBOT","-724.24","0.24","377.59","-723","-327.88","0.07","-0.01","1","VEHICLE","VEHICLE","9.97","-724.31","-723.45","0.08","0","","0","0","1","0","1","",""
"r2v_walk_s0","r2v_walk","0","PASS","127.44","-726.4","-475.57","14","0","1","ROBOT","-726.40","1.28","147.46","-724.8","-472.64","10.38","1.32","1","VEHICLE","VEHICLE","9.97","-726.40","-725.62","0.00","0","","0","0","0","0","1","",""
"r2v_walk_s1","r2v_walk","1","PASS","130.57","-716.8","-638.71","14","0","1","ROBOT","-716.80","26.88","146.14","-715.56","-607.78","15","0.37","1","VEHICLE","VEHICLE","9.97","-716.70","-716.02","-0.10","0","","0","0","0","0","1","",""
"r2v_walk_s10","r2v_walk","10","PASS","316.95","-706.54","-430.84","14","0","1","ROBOT","-706.54","0.02","303.67","-705.33","-430.84","0","0","1","VEHICLE","VEHICLE","9.97","-706.51","-705.75","-0.02","0","","0.02","0","1","0","1","",""
"r2v_walk_s11","r2v_walk","11","INFO large_drop","128.73","-713.32","-411.64","14","0","1","ROBOT","-713.33","5.12","150.86","-715.56","-415","0.07","-0.04","1","VEHICLE","VEHICLE","9.97","-716.80","-716.04","3.47","0","","-3.38","0","0","0","1","",""
"r2v_walk_s12","r2v_walk","12","PASS","136.4","-726.4","-475.57","14","0","1","ROBOT","-726.40","1.28","156.14","-724.26","-472.42","14.99","0.15","1","VEHICLE","VEHICLE","9.97","-724.86","-725.62","-1.54","0","","0","0","0","0","1","",""
"r2v_walk_s13","r2v_walk","13","PASS","127.44","-726.4","-467.89","14","0","1","ROBOT","-726.40","1.28","172.49","-725.16","-467.89","15","0","1","VEHICLE","VEHICLE","9.97","-726.40","-725.62","0.00","0","","0","0","0","0","1","",""
"r2v_walk_s14","r2v_walk","14","PASS","142.72","-706.14","-324.05","14","0","1","ROBOT","-706.14","0.42","143.01","-705.24","-351.91","0.38","0","1","VEHICLE","VEHICLE","9.97","-706.27","-705.35","0.14","0","","0.42","0","1","0","1","",""
"r2v_walk_s15","r2v_walk","15","PASS","348.07","-724.48","-477.44","14","0","1","ROBOT","-724.48","19.20","334.61","-723.24","-478.89","0.03","0","1","VEHICLE","VEHICLE","9.97","-724.48","-723.7","0.00","0","","-0.28","0","0","0","1","",""
"r2v_walk_s16","r2v_walk","16","PASS","361.37","-706.56","-333.99","14","0","1","ROBOT","-706.56","2.56","319.29","-705.27","-350.07","15","0.11","1","VEHICLE","VEHICLE","9.97","-706.51","-705.78","-0.05","0","","0","0","0","0","1","",""
"r2v_walk_s17","r2v_walk","17","PASS","54.49","-721.7","-523.61","14","0","1","ROBOT","-721.70","2.56","76.38","-720.46","-555.46","10.65","0","1","VEHICLE","VEHICLE","9.97","-721.70","-720.92","0.00","0","","0","0","0","0","1","",""
"r2v_walk_s18","r2v_walk","18","PASS","251.12","-724.48","-488.7","14","0","1","ROBOT","-724.48","19.20","224.67","-722.99","-463.13","10.61","0.3","1","VEHICLE","VEHICLE","9.97","-724.48","-723.7","0.00","0","","0","0","0","0","1","",""
"r2v_walk_s19","r2v_walk","19","PASS","221.03","-706.72","-321.99","14.06","0","1","ROBOT","-706.72","0.00","221.32","-705.49","-346.84","0","0","1","VEHICLE","VEHICLE","9.97","-706.72","-705.94","0.00","0","","0","0","1","0","1","",""
"r2v_walk_s2","r2v_walk","2","PASS","54.65","-721.7","-586.07","14","0","1","ROBOT","-721.70","2.56","76.4","-720.48","-554.22","10.71","0.04","1","VEHICLE","VEHICLE","9.97","-721.70","-720.92","0.00","0","","0","0","0","0","1","",""
"r2v_walk_s20","r2v_walk","20","INFO large_drop","119.77","-708.84","-415.48","14","0","1","ROBOT","-708.84","5.12","149.68","-715.54","-415.8","0.14","-0.06","1","VEHICLE","VEHICLE","9.97","-716.80","-716.47","7.95","0","","-2.28","0","0","0","1","",""
"r2v_walk_s21","r2v_walk","21","PASS","374.06","-724.48","-338.65","14","0","1","ROBOT","-724.48","19.20","329.01","-723.24","-338.65","15","0","1","VEHICLE","VEHICLE","9.97","-724.48","-723.7","0.00","0","","0","0","0","0","1","",""
"r2v_walk_s22","r2v_walk","22","PASS","142.72","-706.56","-315.09","14","0","1","ROBOT","-706.56","37.12","142.8","-705.21","-351.76","0.6","-0.17","1","VEHICLE","VEHICLE","9.97","-706.24","-705.78","-0.32","0","","0","0","0","0","1","",""
"r2v_walk_s23","r2v_walk","23","PASS","44.41","-721.7","-575.83","14","0","1","ROBOT","-721.70","2.56","74.62","-720.46","-547.47","10.79","0","1","VEHICLE","VEHICLE","9.97","-721.70","-720.92","0.00","0","","0","0","0","0","1","",""
"r2v_walk_s24","r2v_walk","24","PASS","131.28","-726.4","-461.49","14","0","1","ROBOT","-726.40","1.28","176.33","-725.16","-461.49","15","0","1","VEHICLE","VEHICLE","9.97","-726.40","-725.62","0.00","0","","0","0","0","0","1","",""
"r2v_walk_s25","r2v_walk","25","PASS","135.04","-706.56","-324.05","14","0","1","ROBOT","-706.56","0.12","138.03","-705.38","-353.04","0.4","-0.11","1","VEHICLE","VEHICLE","9.97","-706.45","-705.78","-0.11","0","","0","0","1","0","1","",""
"r2v_walk_s26","r2v_walk","26","PASS","119.76","-707.1","-423.16","13.95","-3.43","0","ROBOT","-724.76","2.39","150.85","-715.9","-425.66","0.3","0.57","1","VEHICLE","VEHICLE","9.97","-716.80","-717.53","-7.96","0","","-0.54","0","0","0","1","",""
"r2v_walk_s27","r2v_walk","27","PASS","345.31","-724.48","-477.01","14","0","1","ROBOT","-724.48","19.20","329.19","-723.24","-459.15","0.1","0","1","VEHICLE","VEHICLE","9.97","-724.48","-723.7","0.00","0","","0","0","0","0","1","",""
"r2v_walk_s28","r2v_walk","28","INFO large_drop","147.84","-706.52","-318.93","14","0","1","ROBOT","-706.52","0.04","147.89","-705.09","-363.9","14.99","0.15","1","VEHICLE","VEHICLE","9.97","-724.27","-705.74","17.75","0","","0.04","0","1","0","1","",""
"r2v_walk_s29","r2v_walk","29","PASS","341.11","-724.48","-463.35","14","0","1","ROBOT","-724.48","19.20","312.1","-723.24","-431.24","15","0.01","1","VEHICLE","VEHICLE","9.97","-724.48","-723.7","0.00","0","","0","0","0","0","1","",""
"r2v_walk_s3","r2v_walk","3","PASS","309.27","-706.54","-421.88","14","0","1","ROBOT","-706.54","0.02","303.67","-705.33","-421.88","0","0","1","VEHICLE","VEHICLE","9.97","-706.51","-705.75","-0.02","0","","0","1","1","0","1","",""
"r2v_walk_s30","r2v_walk","30","PASS","44.25","-721.7","-523.61","14","0","1","ROBOT","-721.70","2.56","74.84","-720.46","-555.46","11.34","0","1","VEHICLE","VEHICLE","9.97","-721.70","-720.92","0.00","0","","0","0","0","0","1","",""
"r2v_walk_s31","r2v_walk","31","PASS","34.17","-721.7","-586.07","14","0","1","ROBOT","-721.70","0.41","65.12","-720.48","-557.72","15","0.05","1","VEHICLE","VEHICLE","9.97","-721.70","-720.92","0.00","0","","0","0","1","0","1","",""
"r2v_walk_s32","r2v_walk","32","PASS","120.33","-716.8","-628.47","14","0","1","ROBOT","-716.80","26.88","152.17","-715.46","-598.06","11.73","-0.15","1","VEHICLE","VEHICLE","9.97","-716.70","-716.02","-0.10","0","","0","0","0","0","1","",""
"r2v_walk_s33","r2v_walk","33","PASS","226.04","-706.72","-336.09","14","0","1","ROBOT","-706.72","0.16","226.04","-705.49","-346.84","0","0","1","VEHICLE","VEHICLE","9.97","-706.72","-705.94","0.00","0","","0","0","1","0","1","",""
"r2v_walk_s34","r2v_walk","34","PASS","242.92","-724.48","-492.94","9.18","0","1","ROBOT","-724.48","19.20","213.27","-723.24","-465.43","0","0.13","1","VEHICLE","VEHICLE","9.97","-724.48","-723.7","0.00","0","","0","0","0","0","1","",""
"r2v_walk_s35","r2v_walk","35","PASS","372.29","-706.48","-333.28","14","0","1","ROBOT","-706.48","0.07","340.03","-705.32","-364.3","15","0.01","1","VEHICLE","VEHICLE","9.97","-706.56","-705.69","0.08","0","","-0.21","0","1","0","1","",""
"r2v_walk_s36","r2v_walk","36","PASS","238.44","-724.48","-495.94","14","0","1","ROBOT","-724.48","19.20","212.48","-722.9","-465.77","0.34","0.84","1","VEHICLE","VEHICLE","9.97","-724.48","-723.7","0.00","0","","0","0","0","0","1","",""
"r2v_walk_s37","r2v_walk","37","PASS","120.33","-716.8","-638.71","14","0","1","ROBOT","-716.80","26.88","146.2","-715.6","-607.95","15","0.39","1","VEHICLE","VEHICLE","9.97","-716.70","-716.02","-0.10","0","","0","0","0","0","1","",""
"r2v_walk_s38","r2v_walk","38","PASS","361.71","-724.48","-338.2","14","0","1","ROBOT","-724.48","19.20","316.67","-723.24","-338.2","15","0","1","VEHICLE","VEHICLE","9.97","-724.48","-723.7","0.00","0","","0","0","0","0","1","",""
"r2v_walk_s39","r2v_walk","39","PASS","44.41","-721.7","-596.31","14","0","1","ROBOT","-721.70","0.41","74.91","-720.46","-564.46","11.52","0","1","VEHICLE","VEHICLE","9.97","-721.70","-720.92","0.00","0","","0","0","1","0","1","",""
"r2v_walk_s4","r2v_walk","4","PASS","120.33","-716.8","-646.39","14","0","1","ROBOT","-716.80","26.88","140.02","-715.54","-616.08","9.93","-0.32","1","VEHICLE","VEHICLE","9.97","-716.70","-716.02","-0.10","0","","0","0","0","0","1","",""
"r2v_walk_s40","r2v_walk","40","PASS","229.88","-706.72","-322.01","14","0","1","ROBOT","-706.72","0.00","229.88","-705.49","-346.84","0","0","1","VEHICLE","VEHICLE","9.97","-706.72","-705.94","0.00","0","","0","0","1","0","1","",""
"r2v_walk_s41","r2v_walk","41","PASS","136.4","-726.4","-467.89","14","0","1","ROBOT","-726.40","1.28","181.45","-725.16","-467.89","15","0","1","VEHICLE","VEHICLE","9.97","-726.40","-725.62","0.00","0","","0","0","0","0","1","",""
"r2v_walk_s42","r2v_walk","42","PASS","309.27","-706.54","-430.84","14","0","1","ROBOT","-706.54","0.02","303.67","-705.33","-430.84","0","0","1","VEHICLE","VEHICLE","9.97","-706.51","-705.75","-0.02","0","","0","1","1","0","1","",""
"r2v_walk_s43","r2v_walk","43","PASS","44.41","-721.7","-586.07","14","0","1","ROBOT","-721.70","2.56","74.91","-720.46","-554.22","11.52","0","1","VEHICLE","VEHICLE","9.97","-721.70","-720.92","0.00","0","","0","0","0","0","1","",""
"r2v_walk_s44","r2v_walk","44","PASS","316.95","-706.54","-421.88","14","0","1","ROBOT","-706.54","0.02","303.67","-705.33","-421.88","0","0","1","VEHICLE","VEHICLE","9.97","-706.51","-705.75","-0.02","0","","0.02","0","1","0","1","",""
"r2v_walk_s45","r2v_walk","45","PASS","302.87","-706.56","-427","14","0","1","ROBOT","-706.56","0.13","302.87","-705.35","-427","0","0","1","VEHICLE","VEHICLE","9.97","-706.56","-705.78","0.00","0","","-0.02","1","1","0","1","",""
"r2v_walk_s46","r2v_walk","46","PASS","366.45","-706.56","-333.15","14","0","1","ROBOT","-706.56","2.56","321.44","-705.32","-333.19","15","0.15","1","VEHICLE","VEHICLE","9.97","-706.51","-705.78","-0.05","0","","-0.11","0","0","0","1","",""
"r2v_walk_s47","r2v_walk","47","PASS","248.43","-724.48","-483.52","14.5","0","1","ROBOT","-724.48","19.20","217.61","-723.22","-462.54","10.58","-0.4","1","VEHICLE","VEHICLE","9.97","-724.48","-723.7","0.00","0","","0","0","0","0","1","",""
"r2v_walk_s48","r2v_walk","48","PASS","221.06","-706.72","-329.67","14","0","1","ROBOT","-706.72","0.44","221.06","-705.49","-346.84","0","0","1","VEHICLE","VEHICLE","9.97","-706.72","-705.94","0.00","0","","0","0","1","0","1","",""
"r2v_walk_s49","r2v_walk","49","PASS","135.04","-706.56","-315.09","14","0","1","ROBOT","-706.56","37.12","137.39","-705.26","-352.89","2.44","-0.29","1","VEHICLE","VEHICLE","9.97","-706.47","-705.78","-0.09","0","","0","0","0","0","1","",""
"r2v_walk_s5","r2v_walk","5","PASS","112.65","-716.8","-638.71","14","0","1","ROBOT","-716.80","26.88","144.5","-715.55","-606.86","14.99","0.33","1","VEHICLE","VEHICLE","9.97","-716.70","-716.02","-0.10","0","","0","0","0","0","1","",""
"r2v_walk_s50","r2v_walk","50","PASS","34.01","-721.7","-523.61","14","0","1","ROBOT","-721.70","0.41","65.01","-720.49","-551.84","15","0.04","1","VEHICLE","VEHICLE","9.97","-721.70","-720.92","0.00","0","","0","0","1","0","1","",""
"r2v_walk_s51","r2v_walk","51","INFO large_drop","128.73","-712.78","-419.32","14","0","1","ROBOT","-712.78","0.55","149.87","-715.56","-418.01","0","-0.02","1","VEHICLE","VEHICLE","9.97","-716.80","-715.91","4.02","0","","-3.38","0","0","0","1","",""
"r2v_walk_s52","r2v_walk","52","PASS","354.09","-706.56","-333.15","14","0","1","ROBOT","-706.56","2.56","309.08","-705.3","-333.18","15","-0.01","1","VEHICLE","VEHICLE","9.97","-706.54","-705.78","-0.02","0","","0","0","0","0","1","",""
"r2v_walk_s53","r2v_walk","53","PASS","128.61","-714.46","-427","13.67","-21.07","0","ROBOT","-720.33","22.07","149.95","-715.62","-426.29","0.07","0.28","1","VEHICLE","VEHICLE","9.97","-716.80","-718.56","-3.53","0","","-6.87","0","0","0","1","",""
"r2v_walk_s54","r2v_walk","54","PASS","229.88","-706.72","-329.69","14","0","1","ROBOT","-706.72","0.16","229.88","-705.49","-346.84","0","0","1","VEHICLE","VEHICLE","9.97","-706.72","-705.94","0.00","0","","0","0","1","0","1","",""
"r2v_walk_s55","r2v_walk","55","PASS","358.65","-706.56","-339.68","14","0","1","ROBOT","-706.56","2.56","326.8","-705.32","-371.54","15","0","1","VEHICLE","VEHICLE","9.97","-706.56","-705.78","0.00","0","","0","0","0","0","1","",""
"r2v_walk_s56","r2v_walk","56","PASS","369.19","-724.48","-327.63","14","0","1","ROBOT","-724.48","19.20","328.26","-723.26","-331.4","15","0.08","1","VEHICLE","VEHICLE","9.97","-724.48","-723.7","0.00","0","","-0.1","0","0","0","1","",""
"r2v_walk_s57","r2v_walk","57","PASS","378.98","-724.48","-331.33","14","0","1","ROBOT","-724.48","19.20","333.93","-723.28","-331.33","15","0.08","1","VEHICLE","VEHICLE","9.97","-724.48","-723.7","0.00","0","","0","0","0","0","1","",""
"r2v_walk_s58","r2v_walk","58","PASS","44.25","-721.7","-533.85","14","0","1","ROBOT","-721.70","2.56","74.62","-720.46","-562.1","10.79","0","1","VEHICLE","VEHICLE","9.97","-721.70","-720.92","0.00","0","","0","0","0","0","1","",""
"r2v_walk_s59","r2v_walk","59","PASS","245.69","-724.48","-494.13","14","0","1","ROBOT","-724.48","19.20","216.56","-723.24","-469.06","15","0","1","VEHICLE","VEHICLE","9.97","-724.48","-723.7","0.00","0","","0","0","0","0","1","",""
"r2v_walk_s6","r2v_walk","6","PASS","354.47","-723.29","-486.4","14","0","1","ROBOT","-723.29","1.19","334.69","-723.23","-479.29","0.04","-0.02","1","VEHICLE","VEHICLE","9.97","-724.48","-723.4","1.19","0","","-1.32","0","0","0","1","",""
"r2v_walk_s60","r2v_walk","60","PASS","356.06","-724.48","-354.1","1.22","0","1","ROBOT","-724.48","19.20","356.06","-723.24","-354.1","0.19","0","1","VEHICLE","VEHICLE","9.97","-724.48","-723.7","0.00","0","","0","0","0","0","1","",""
"r2v_walk_s61","r2v_walk","61","PASS","301.36","-724.4","-341.15","14","0","1","ROBOT","-724.40","0.08","262.33","-714.04","-341.75","9.08","2.49","1","VEHICLE","VEHICLE","9.97","-716.06","-723.62","-8.34","0","","0","0","1","0","1","",""
"r2v_walk_s62","r2v_walk","62","INFO large_drop","95.94","-714.24","-310.49","14","0","1","ROBOT","-714.24","29.44","95.81","-725.7","-353.46","14.27","-4.98","1","VEHICLE","VEHICLE","9.97","-727.04","-725.7","12.80","0","","0","0","0","0","1","",""
"r2v_walk_s63","r2v_walk","63","INFO large_drop","190.05","-716.8","-581.68","14","0","1","ROBOT","-716.80","5.12","191.38","-725.65","-538.09","14.98","0.87","1","VEHICLE","VEHICLE","9.97","-726.40","-725.73","9.60","0","","0","0","0","0","1","",""
"r2v_walk_s64","r2v_walk","64","PASS","120.21","-716.8","-592.63","14","0","1","ROBOT","-716.80","26.88","145.03","-715.56","-559.62","7.55","0","1","VEHICLE","VEHICLE","9.97","-716.80","-716.02","0.00","0","","0","0","0","0","1","",""
"r2v_walk_s65","r2v_walk","65","PASS","127.45","-726.4","-471.04","14","0","1","ROBOT","-726.40","1.28","172.46","-725.12","-471.1","15.04","-0.38","1","VEHICLE","VEHICLE","9.97","-726.40","-725.62","0.00","0","","0","0","0","0","1","",""
"r2v_walk_s66","r2v_walk","66","INFO large_drop","181.45","-711.92","-313.04","14","0","1","ROBOT","-711.92","13.84","180.79","-723.77","-356.46","15","0.63","1","VEHICLE","VEHICLE","9.97","-724.48","-723.81","12.56","0","","-1.52","0","0","0","1","",""
"r2v_walk_s67","r2v_walk","67","PASS","259.54","-724.48","-377.02","14","0","1","ROBOT","-724.48","0.10","268.85","-722.2","-394.19","14.18","-0.43","1","VEHICLE","VEHICLE","9.97","-723.94","-723.7","-0.54","0","","0","0","1","0","1","",""
"r2v_walk_s68","r2v_walk","68","INFO large_drop","115.93","-706.09","-419.84","14","0","1","ROBOT","-706.09","0.29","149.57","-715.42","-417.79","0.12","-0.3","1","VEHICLE","VEHICLE","9.97","-716.80","-716.16","10.71","0","","0.47","0","1","0","1","",""
"r2v_walk_s69","r2v_walk","69","PASS","123.32","-716.8","-637.87","14","0","1","ROBOT","-716.80","26.88","144.78","-715.68","-608.63","15.02","0.6","1","VEHICLE","VEHICLE","9.97","-716.70","-716.02","-0.10","0","","0","0","0","0","1","",""
"r2v_walk_s7","r2v_walk","7","PASS","44.25","-721.7","-513.37","14","0","1","ROBOT","-721.70","0.41","74.84","-720.46","-545.22","11.34","0","1","VEHICLE","VEHICLE","9.97","-721.70","-720.92","0.00","0","","0","0","1","0","1","",""
"r2v_walk_s70","r2v_walk","70","INFO large_drop","121.05","-716.8","-556.8","14","0","1","ROBOT","-716.80","26.88","161.3","-720.42","-550.97","14.66","-6.66","1","VEHICLE","VEHICLE","9.97","-721.92","-720.42","5.12","0","","0","0","0","0","1","",""
"r2v_walk_s71","r2v_walk","71","PASS","46.43","-721.7","-585.3","14","0","1","ROBOT","-721.70","2.56","75.53","-720.46","-554.24","10.53","0","1","VEHICLE","VEHICLE","9.97","-721.70","-720.92","0.00","0","","0","0","0","0","1","",""
"r2v_walk_s72","r2v_walk","72","PASS","340.25","-706.56","-347.25","14","0","1","ROBOT","-706.56","2.18","302.12","-705.3","-371.23","15","-0.01","1","VEHICLE","VEHICLE","9.97","-706.56","-705.78","0.00","0","","0","0","0","0","1","",""
"r2v_walk_s73","r2v_walk","73","INFO large_drop","230.03","-706.54","-452.4","14","0","1","ROBOT","-706.54","0.00","229.24","-723.22","-412.87","15","-0.01","1","VEHICLE","VEHICLE","9.97","-724.48","-724.18","17.94","0","","0","0","1","0","1","",""
"r2v_walk_s74","r2v_walk","74","PASS","226.2","-706.72","-327.11","14","0","1","ROBOT","-706.72","0.00","228.27","-705.49","-347.44","0.69","0","1","VEHICLE","VEHICLE","9.97","-706.72","-705.94","0.00","0","","0","0","1","0","1","",""
"r2v_walk_s75","r2v_walk","75","PASS","48.69","-721.7","-526.05","14","0","1","ROBOT","-721.70","2.56","75.83","-720.46","-557.8","10.87","0","1","VEHICLE","VEHICLE","9.97","-721.70","-720.92","0.00","0","","0","0","0","0","1","",""
"r2v_walk_s76","r2v_walk","76","PASS","316.71","-706.54","-427.7","14","0","1","ROBOT","-706.54","0.02","303.67","-705.33","-428.11","0.14","0","1","VEHICLE","VEHICLE","9.97","-706.51","-705.75","-0.02","0","","0.02","0","1","0","1","",""
"r2v_walk_s77","r2v_walk","77","PASS","139.83","-706.56","-311.76","14","0","1","ROBOT","-706.56","37.12","140.47","-705.14","-351.73","0.12","-0.46","1","VEHICLE","VEHICLE","9.97","-706.19","-705.78","-0.37","0","","0","0","0","0","1","",""
"r2v_walk_s78","r2v_walk","78","PASS","321.57","-706.54","-456.59","14","0","1","ROBOT","-706.54","0.00","276.52","-705.3","-455.76","15","0","1","VEHICLE","VEHICLE","9.97","-706.54","-705.75","0.00","0","","0","0","1","0","1","",""
"r2v_walk_s79","r2v_walk","79","PASS","123.4","-706.54","-458.24","14","0","1","ROBOT","-706.54","0.00","168.44","-705.3","-458.24","15","0","1","VEHICLE","VEHICLE","9.97","-706.54","-705.75","0.00","0","","0","0","1","0","1","",""
"r2v_walk_s8","r2v_walk","8","PASS","339.83","-724.48","-473.59","14","0","1","ROBOT","-724.48","19.20","329.55","-723.24","-459.03","0.33","0","1","VEHICLE","VEHICLE","9.97","-724.48","-723.7","0.00","0","","0","0","0","0","1","",""
"r2v_walk_s80","r2v_walk","80","PASS","341.64","-724.48","-448.55","14","0","1","ROBOT","-724.48","19.20","338.24","-723.19","-412.27","15.03","-0.23","1","VEHICLE","VEHICLE","9.97","-724.48","-723.7","0.00","0","","0","0","0","0","1","",""
"r2v_walk_s81","r2v_walk","81","PASS","252.28","-724.48","-495.22","14","0","1","ROBOT","-724.48","0.08","234.87","-723.24","-468.38","15","0","1","VEHICLE","VEHICLE","9.97","-724.48","-723.7","0.00","0","","0","0","1","0","1","",""
"r2v_walk_s82","r2v_walk","82","PASS","110.81","-706.56","-385.28","14","0","1","ROBOT","-706.56","4.97","110.81","-705.32","-385.28","0","0","1","VEHICLE","VEHICLE","9.97","-706.56","-705.78","0.00","0","","0","1","0","0","1","",""
"r2v_walk_s83","r2v_walk","83","PASS","90.98","-727.04","-410.82","14","0","1","ROBOT","-727.04","15.36","82.99","-725.66","-414.61","0.09","-0.01","1","VEHICLE","VEHICLE","9.97","-726.92","-726.26","-0.12","0","","0","0","0","0","1","",""
"r2v_walk_s9","r2v_walk","9","PASS","362.84","-724.48","-341.02","14","0","1","ROBOT","-724.48","19.20","348.58","-723.22","-353.43","0.03","-0.01","1","VEHICLE","VEHICLE","9.97","-724.48","-723.7","0.00","0","","0","0","0","0","1","",""
"v2r_airborne_s0","v2r_airborne","0","PASS","143.3","-723.83","-474.43","3.64","10.69","1","VEHICLE","-726.40","1.28","151.55","-720.21","-473.34","13.96","-2.94","0","ROBOT","ROBOT","7.62","-722.75","-725.42","-3.65","0","","2.57","0","0","0","1","",""
"v2r_airborne_s1","v2r_airborne","1","PASS","136.81","-716.37","-621.82","15.75","-4.39","0","VEHICLE","-716.70","0.09","160.73","-712.54","-591.37","12.14","-7.35","0","ROBOT","ROBOT","7.62","-716.80","-717.46","0.10","0","","-0.25","0","1","0","1","",""
"v2r_airborne_s10","v2r_airborne","10","INFO large_drop","303.55","-703.83","-430.84","3.11","10.72","1","VEHICLE","-706.51","0.05","270.05","-720.32","-430.83","13.6","-7.35","0","ROBOT","ROBOT","7.62","-724.48","-724.48","17.97","0","","2.33","0","1","0","1","",""
"v2r_airborne_s11","v2r_airborne","11","PASS","146.08","-714.94","-411.64","26.81","9.73","0","VEHICLE","-716.80","25.60","151.58","-712.64","-412.59","0.14","-7.35","0","ROBOT","ROBOT","7.62","-716.80","-717.08","0.00","0","","0.28","1","0","0","1","",""
"v2r_airborne_s12","v2r_airborne","12","PASS","143.86","-725.77","-473.67","2.65","-3.42","0","VEHICLE","-726.40","1.28","150.69","-722.24","-472.61","12","-7.35","0","ROBOT","ROBOT","7.62","-725.16","-727.12","-1.24","0","","0.02","0","0","0","1","",""
"v2r_airborne_s13","v2r_airborne","13","PASS","154.6","-724.36","-467.89","33","10.77","0","VEHICLE","-726.40","1.28","195.89","-722.24","-467.89","0","-7.35","0","ROBOT","ROBOT","7.62","-726.40","-726.62","0.00","0","","2.04","0","0","0","1","",""
"v2r_airborne_s14","v2r_airborne","14","PASS","142.72","-704.12","-351.21","33","9.16","0","VEHICLE","-706.18","0.31","142.73","-702.79","-361.13","13.97","-2.45","0","ROBOT","ROBOT","7.62","-704.65","-706.77","-1.53","0","","1.95","1","1","0","1","",""
"v2r_airborne_s15","v2r_airborne","15","PASS","335.94","-722.23","-478.01","2.56","9.86","1","VEHICLE","-724.48","19.20","334.67","-720.32","-478.5","0.09","-7.35","0","ROBOT","ROBOT","7.62","-724.48","-724.73","0.00","0","","2.25","0","0","0","1","",""
"v2r_airborne_s16","v2r_airborne","16","INFO large_drop","335.99","-704.52","-343.69","33","10.77","0","VEHICLE","-706.56","1.67","290.96","-703.02","-360.9","12","-7.35","0","ROBOT","ROBOT","7.62","-724.43","-707.18","17.87","0","","2.04","0","0","0","1","",""
"v2r_airborne_s17","v2r_airborne","17","PASS","73.7","-719.66","-542.82","33","10.77","0","VEHICLE","-721.70","2.56","76.77","-717.54","-565.44","0","-7.35","0","ROBOT","ROBOT","7.62","-721.70","-721.92","0.00","0","","2.04","0","0","0","1","",""
"v2r_airborne_s18","v2r_airborne","18","PASS","249.22","-724.48","-475.18","14.74","0","1","VEHICLE","-724.48","19.20","239.52","-720.32","-462.83","4.12","-7.35","0","ROBOT","ROBOT","7.62","-724.48","-725.26","0.00","0","","-0.95","0","0","0","1","",""
"v2r_airborne_s19","v2r_airborne","19","PASS","224.26","-704.72","-341.17","24.87","10.56","0","VEHICLE","-706.72","0.33","224.61","-702.56","-348.23","0","-7.35","0","ROBOT","ROBOT","7.62","-706.72","-706.95","0.00","0","","1.22","1","1","0","1","",""
"v2r_airborne_s2","v2r_airborne","2","PASS","73.86","-719.66","-566.86","33","10.77","0","VEHICLE","-721.70","2.56","76.79","-717.54","-543.73","0","-7.35","0","ROBOT","ROBOT","7.62","-721.70","-721.92","0.00","0","","2.04","0","0","0","1","",""
"v2r_airborne_s20","v2r_airborne","20","INFO large_drop","143.42","-715.15","-415.48","31.71","8.46","0","VEHICLE","-716.80","25.60","211.25","-720.32","-410.43","12.37","-7.35","0","ROBOT","ROBOT","7.62","-724.48","-724.48","7.68","0","","-3.01","0","0","0","1","",""
"v2r_airborne_s21","v2r_airborne","21","PASS","346.9","-722.44","-338.65","33","10.77","0","VEHICLE","-724.48","19.20","269.96","-718.79","-338.65","15.6","0","1","ROBOT","ROBOT","7.62","-718.79","-724.7","-5.69","0","","2.04","0","0","0","1","",""
"v2r_airborne_s22","v2r_airborne","22","PASS","142.72","-704.37","-342.25","33","8.84","0","VEHICLE","-705.83","0.80","142.72","-703.36","-361.25","13.97","-2.45","0","ROBOT","ROBOT","7.62","-704.64","-706.76","-1.18","0","","1.55","1","0","0","1","",""
"v2r_airborne_s23","v2r_airborne","23","PASS","59.01","-719.04","-567.2","10.25","10.7","1","VEHICLE","-721.70","2.56","76.63","-717.54","-543.66","0","-7.35","0","ROBOT","ROBOT","7.62","-721.70","-721.9","0.00","0","","2.66","0","0","0","1","",""
"v2r_airborne_s24","v2r_airborne","24","PASS","158.44","-724.36","-461.49","33","10.77","0","VEHICLE","-726.40","1.28","195.48","-722.24","-461.49","0","-7.35","0","ROBOT","ROBOT","7.62","-724.08","-726.62","-2.32","0","","2.04","0","0","0","1","",""
"v2r_airborne_s25","v2r_airborne","25","PASS","135.04","-704.12","-351.21","33","10.44","0","VEHICLE","-706.41","0.15","135.67","-702.4","-353.63","0.16","-7.35","0","ROBOT","ROBOT","7.62","-706.56","-706.78","0.15","0","","2.08","1","1","0","1","",""
"v2r_airborne_s26","v2r_airborne","26","PASS","142.92","-714.98","-423.16","30.5","9.44","0","VEHICLE","-716.80","25.60","152.25","-712.64","-425.08","0","-7.35","0","ROBOT","ROBOT","7.62","-716.80","-717.09","0.00","0","","-2.17","0","0","0","1","",""
"v2r_airborne_s27","v2r_airborne","27","PASS","333.56","-722.3","-468.63","11.27","9.51","1","VEHICLE","-724.48","19.20","329.25","-720.32","-459.72","0.49","-7.35","0","ROBOT","ROBOT","7.62","-724.48","-724.74","0.00","0","","2.18","0","0","0","1","",""
"v2r_airborne_s28","v2r_airborne","28","INFO large_drop","147.84","-704.1","-346.09","33","10.77","0","VEHICLE","-706.15","0.38","147.84","-721.08","-394.55","0","-7.35","0","ROBOT","ROBOT","7.62","-725.24","-725.24","19.10","0","","1.78","0","1","0","1","",""
"v2r_airborne_s29","v2r_airborne","29","PASS","327.13","-722.22","-445.82","22.87","10.45","1","VEHICLE","-724.48","19.20","302.53","-720.06","-399.77","14","0","1","ROBOT","ROBOT","7.62","-720.06","-724.71","-4.42","0","","2.26","0","0","0","1","",""
"v2r_airborne_s3","v2r_airborne","3","PASS","303.74","-706.13","-421.88","0","-4.45","0","VEHICLE","-706.51","0.04","293.64","-702.4","-421.88","12","-7.35","0","ROBOT","ROBOT","7.62","-706.69","-707.27","0.17","0","","-0.28","0","1","0","1","",""
"v2r_airborne_s30","v2r_airborne","30","PASS","63.46","-719.66","-542.82","33","10.77","0","VEHICLE","-721.70","2.56","76.57","-717.54","-565.5","0","-7.35","0","ROBOT","ROBOT","7.62","-721.70","-721.92","0.00","0","","2.04","0","0","0","1","",""
"v2r_airborne_s31","v2r_airborne","31","PASS","53.38","-719.66","-566.86","33","10.77","0","VEHICLE","-721.70","2.56","76.66","-717.54","-543.73","0","-7.35","0","ROBOT","ROBOT","7.62","-721.70","-721.92","0.00","0","","2.04","0","0","0","1","",""
"v2r_airborne_s32","v2r_airborne","32","PASS","139.54","-714.86","-609.26","33","9.8","0","VEHICLE","-716.80","26.88","186.89","-712.64","-577.62","13.6","-7.35","0","ROBOT","ROBOT","7.62","-716.80","-717.06","0.00","0","","1.84","0","0","0","1","",""
"v2r_airborne_s33","v2r_airborne","33","PASS","226.04","-703.92","-346.84","0","10.49","0","VEHICLE","-706.72","0.44","226.04","-702.56","-348.22","0","-7.35","0","ROBOT","ROBOT","7.62","-706.72","-706.92","0.00","0","","2.41","0","1","0","1","",""
"v2r_airborne_s34","v2r_airborne","34","PASS","231.65","-722.45","-488.63","22.71","10.75","0","VEHICLE","-724.48","0.00","209.82","-717.35","-463.49","0","-7.35","0","ROBOT","ROBOT","7.62","-720.59","-724.7","-3.89","0","","2.03","0","1","0","1","",""
"v2r_airborne_s35","v2r_airborne","35","PASS","353","-703.66","-346.2","19.18","10.35","0","VEHICLE","-706.56","2.56","314.87","-702.4","-374.89","13.6","-7.35","0","ROBOT","ROBOT","7.62","-706.54","-706.76","-0.02","0","","2.47","0","0","0","1","",""
"v2r_airborne_s36","v2r_airborne","36","PASS","219.24","-722.44","-476.73","33","10.77","0","VEHICLE","-724.48","0.10","209.57","-716.96","-463.55","0","-7.35","0","ROBOT","ROBOT","7.62","-720.11","-723.05","-4.37","0","","2.04","0","1","0","1","",""
"v2r_airborne_s37","v2r_airborne","37","PASS","137.95","-714.75","-620.02","14.96","11.06","1","VEHICLE","-716.70","0.09","157.96","-712.54","-593.44","12.14","-7.35","0","ROBOT","ROBOT","4.98","-716.80","-717.01","0.10","0","","2.05","0","1","0","1","",""
"v2r_airborne_s38","v2r_airborne","38","PASS","334.55","-722.44","-338.2","33","10.77","0","VEHICLE","-724.48","19.20","257.63","-714.37","-338.2","15.59","0","1","ROBOT","ROBOT","7.62","-714.37","-724.63","-10.11","0","","2.04","0","0","0","1","",""
"v2r_airborne_s39","v2r_airborne","39","PASS","63.62","-719.66","-577.1","33","10.77","0","VEHICLE","-721.70","2.56","76.65","-717.54","-543.69","0","-7.35","0","ROBOT","ROBOT","7.62","-721.70","-721.92","0.00","0","","2.04","0","0","0","1","",""
"v2r_airborne_s4","v2r_airborne","4","PASS","138.29","-714.75","-627.18","23.3","11.04","1","VEHICLE","-716.80","26.88","156.92","-712.54","-594.05","12.11","-7.35","0","ROBOT","ROBOT","3.98","-716.80","-717.01","0.00","0","","2.05","0","0","0","1","",""
"v2r_airborne_s40","v2r_airborne","40","PASS","229.88","-704.67","-346.84","0.03","11.09","1","VEHICLE","-706.72","0.44","229.88","-702.56","-348.22","0","-7.35","0","ROBOT","ROBOT","7.62","-706.72","-706.93","0.00","0","","2.05","0","1","0","1","",""
"v2r_airborne_s41","v2r_airborne","41","PASS","163.56","-724.36","-467.89","33","10.77","0","VEHICLE","-726.40","17.28","195.89","-722.24","-467.89","0","-7.35","0","ROBOT","ROBOT","7.62","-726.40","-726.62","0.00","0","","2.04","0","0","0","1","",""
"v2r_airborne_s42","v2r_airborne","42","PASS","303.74","-706.13","-430.84","0","-4.45","0","VEHICLE","-706.51","0.04","293.64","-702.4","-430.84","12","-7.35","0","ROBOT","ROBOT","3.36","-706.66","-707.27","0.15","0","","-0.28","0","1","0","1","",""
"v2r_airborne_s43","v2r_airborne","43","PASS","63.62","-719.66","-566.86","33","10.77","0","VEHICLE","-721.70","2.56","76.56","-717.54","-543.66","0","-7.35","0","ROBOT","ROBOT","7.62","-721.70","-721.92","0.00","0","","2.04","0","0","0","1","",""
"v2r_airborne_s44","v2r_airborne","44","INFO large_drop","303.55","-703.83","-421.88","3.11","10.72","1","VEHICLE","-706.51","0.05","263.48","-720.32","-421.88","13.6","-7.35","0","ROBOT","ROBOT","7.62","-724.48","-724.48","17.97","0","","2.33","0","1","0","1","",""
"v2r_airborne_s45","v2r_airborne","45","PASS","303.73","-704.4","-427","0.26","9.44","1","VEHICLE","-706.51","0.05","293.99","-702.2","-427","12","-7.35","0","ROBOT","ROBOT","7.62","-706.59","-706.64","0.08","0","","1.19","0","1","0","1","",""
"v2r_airborne_s46","v2r_airborne","46","PASS","339.52","-704.07","-333.15","32.9","10.77","0","VEHICLE","-706.56","0.01","301.75","-702.4","-333.15","0","-7.35","0","ROBOT","ROBOT","7.62","-706.56","-706.74","0.00","0","","2.47","0","1","0","1","",""
"v2r_airborne_s47","v2r_airborne","47","PASS","243.99","-722.45","-470.56","23.27","10.75","0","VEHICLE","-724.48","19.20","210.63","-720.32","-462.3","0","-7.35","0","ROBOT","ROBOT","7.62","-722.13","-724.7","-2.35","0","","2.03","0","0","0","1","",""
"v2r_airborne_s48","v2r_airborne","48","PASS","222.69","-704.69","-346.23","26.62","10.76","0","VEHICLE","-706.72","0.44","222.69","-702.56","-348.22","0","-7.35","0","ROBOT","ROBOT","7.62","-706.72","-706.94","0.00","0","","2.03","1","1","0","1","",""
"v2r_airborne_s49","v2r_airborne","49","PASS","135.04","-704.21","-342.25","33","10.77","0","VEHICLE","-706.07","0.74","135.72","-702.4","-353.6","0.16","-7.35","0","ROBOT","ROBOT","7.62","-706.56","-706.77","0.49","0","","2.26","1","0","0","1","",""
"v2r_airborne_s5","v2r_airborne","5","PASS","131.86","-714.76","-619.5","33","10.77","0","VEHICLE","-716.70","0.09","173.9","-712.64","-576.46","0.36","-7.35","0","ROBOT","ROBOT","7.62","-716.80","-716.95","0.10","0","","2.04","0","1","0","1","",""
"v2r_airborne_s50","v2r_airborne","50","PASS","53.22","-719.66","-542.82","33","10.77","0","VEHICLE","-721.70","2.56","76.66","-717.54","-565.42","0.83","-7.35","0","ROBOT","ROBOT","7.62","-721.70","-721.92","0.00","0","","2.04","0","0","0","1","",""
"v2r_airborne_s51","v2r_airborne","51","INFO large_drop","126.85","-711.49","-418.87","13.33","-3.97","0","VEHICLE","-712.38","5.12","150.48","-712.64","-417.9","1.13","-7.35","0","ROBOT","ROBOT","7.62","-716.80","-717.16","4.41","0","","-3.64","0","0","0","1","",""
"v2r_airborne_s52","v2r_airborne","52","PASS","327.04","-704.52","-333.15","32.76","10.76","0","VEHICLE","-706.56","2.56","301.75","-702.4","-333.15","0","-7.35","0","ROBOT","ROBOT","7.62","-706.56","-706.78","0.00","0","","1.7","0","0","0","1","",""
"v2r_airborne_s53","v2r_airborne","53","PASS","147.95","-714.79","-427","27.57","10.62","0","VEHICLE","-716.80","25.60","152.16","-712.64","-426.27","0","-7.35","0","ROBOT","ROBOT","7.62","-716.80","-717.03","0.00","0","","1.81","1","0","0","1","",""
"v2r_airborne_s54","v2r_airborne","54","PASS","229.88","-704.24","-346.84","0","10.56","1","VEHICLE","-706.72","0.44","229.88","-702.56","-348.22","0","-7.35","0","ROBOT","ROBOT","7.62","-706.72","-706.93","0.00","0","","2.48","0","1","0","1","",""
"v2r_airborne_s55","v2r_airborne","55","INFO large_drop","339.44","-704.52","-358.89","33","10.77","0","VEHICLE","-706.56","0.72","284.68","-717.98","-413.66","16.94","-25.48","0","ROBOT","ROBOT","7.62","-724.48","-717.98","17.92","0","","2.04","0","0","0","1","",""
"v2r_airborne_s56","v2r_airborne","56","PASS","346.41","-722.07","-331.44","20.21","10.3","1","VEHICLE","-724.48","19.20","304.81","-720.32","-340.7","13.6","-7.35","0","ROBOT","ROBOT","7.62","-724.40","-724.7","-0.08","0","","2.41","0","0","0","1","",""
"v2r_airborne_s57","v2r_airborne","57","PASS","351.82","-722.44","-331.33","33","10.77","0","VEHICLE","-724.48","19.20","288.39","-720.24","-334.63","13.6","-7.35","0","ROBOT","ROBOT","7.62","-724.48","-724.7","0.00","0","","2.04","0","0","0","1","",""
"v2r_airborne_s58","v2r_airborne","58","PASS","58.98","-719.06","-542.75","10.29","10.69","1","VEHICLE","-721.70","2.56","76.63","-717.54","-565.48","0","-7.35","0","ROBOT","ROBOT","7.62","-721.70","-721.9","0.00","0","","2.64","0","0","0","1","",""
"v2r_airborne_s59","v2r_airborne","59","PASS","236.57","-724.48","-493.92","13.49","0","1","VEHICLE","-724.48","19.20","209.22","-719.44","-464.67","10.04","0","1","ROBOT","ROBOT","7.62","-719.45","-725.26","-5.03","0","","-0.96","0","0","0","1","",""
"v2r_airborne_s6","v2r_airborne","6","PASS","341.15","-722.1","-483.55","12.18","10.3","1","VEHICLE","-724.48","19.20","332.96","-720.32","-479.34","0","-7.35","0","ROBOT","ROBOT","7.62","-724.48","-724.71","0.00","0","","2.38","0","0","0","1","",""
"v2r_airborne_s60","v2r_airborne","60","PASS","353.61","-721.94","-350.27","1","10.65","1","VEHICLE","-724.48","19.20","354.37","-720.32","-350.95","0.2","-7.35","0","ROBOT","ROBOT","7.62","-724.48","-724.69","0.00","0","","2.54","0","0","0","1","",""
"v2r_airborne_s61","v2r_airborne","61","PASS","277.28","-719.92","-338.45","20.84","12.88","1","VEHICLE","-721.41","0.63","228.05","-703.49","-331.7","13.6","-7.35","0","ROBOT","ROBOT","7.62","-706.72","-720.5","-14.68","0","","4.56","0","0","0","1","",""
"v2r_airborne_s62","v2r_airborne","62","INFO large_drop","95.86","-718.88","-335.81","25.1","-13.26","0","VEHICLE","-720.57","23.11","95.68","-722.88","-393.32","13.6","-7.35","0","ROBOT","ROBOT","7.62","-727.04","-727.35","6.47","0","","-4.22","0","0","0","1","",""
"v2r_airborne_s63","v2r_airborne","63","INFO large_drop","190.83","-721.44","-556.38","25.1","-13.26","0","VEHICLE","-722.49","3.91","192.59","-722.24","-498.96","13.6","-7.35","0","ROBOT","ROBOT","7.62","-726.40","-726.87","3.91","0","","-4.22","0","0","0","1","",""
"v2r_airborne_s64","v2r_airborne","64","INFO large_drop","137.51","-714.76","-571.69","33","10.77","0","VEHICLE","-716.80","26.88","161.64","-717.76","-527.92","13.6","-7.35","0","ROBOT","ROBOT","7.62","-721.92","-721.92","5.12","0","","2.04","0","0","0","1","",""
"v2r_airborne_s65","v2r_airborne","65","PASS","154.61","-724.36","-471.04","33","10.77","0","VEHICLE","-726.40","1.28","195.89","-722.24","-471.04","0","-7.35","0","ROBOT","ROBOT","7.62","-726.40","-726.62","0.00","0","","2.04","0","0","0","1","",""
"v2r_airborne_s66","v2r_airborne","66","INFO large_drop","181.12","-718.16","-335.11","21.86","-9.75","0","VEHICLE","-719.28","6.48","180.32","-720.32","-387.09","13.6","-7.35","0","ROBOT","ROBOT","7.62","-724.48","-724.78","5.20","0","","-2.52","0","0","0","1","",""
"v2r_airborne_s67","v2r_airborne","67","PASS","267.95","-723.38","-387.21","10.21","-2.95","0","VEHICLE","-724.13","0.35","270.95","-720.32","-428.33","13.6","-7.35","0","ROBOT","ROBOT","7.62","-724.48","-724.81","0.35","0","","0.21","0","1","0","1","",""
"v2r_airborne_s68","v2r_airborne","68","INFO large_drop","117.62","-703.76","-419.51","18.92","10.8","0","VEHICLE","-707.23","0.54","149.85","-712.64","-418.94","0.22","-7.35","0","ROBOT","ROBOT","7.62","-716.80","-716.8","9.57","0","","1.79","0","0","0","1","",""
"v2r_airborne_s69","v2r_airborne","69","PASS","138.24","-714.58","-619.97","18.19","9.7","1","VEHICLE","-716.70","0.09","163.37","-712.55","-591.77","13.39","-7.35","0","ROBOT","ROBOT","7.62","-716.80","-717.05","0.10","0","","2.22","0","1","0","1","",""
"v2r_airborne_s7","v2r_airborne","7","PASS","63.46","-719.66","-532.58","33","10.77","0","VEHICLE","-721.70","2.56","76.67","-717.54","-565.47","0","-7.35","0","ROBOT","ROBOT","7.62","-721.70","-721.92","0.00","0","","2.04","0","0","0","1","",""
"v2r_airborne_s70","v2r_airborne","70","INFO large_drop","145.82","-714.69","-554.42","23.22","11.28","1","VEHICLE","-716.80","26.88","186.78","-717.76","-539.99","13.6","-7.35","0","ROBOT","ROBOT","7.62","-726.40","-721.93","9.60","0","","2.11","0","0","0","1","",""
"v2r_airborne_s71","v2r_airborne","71","PASS","66.11","-719.66","-566.57","33","10.77","0","VEHICLE","-721.70","2.56","76.62","-717.54","-543.68","0","-7.35","0","ROBOT","ROBOT","7.62","-721.70","-721.92","0.00","0","","2.04","0","0","0","1","",""
"v2r_airborne_s72","v2r_airborne","72","INFO large_drop","317.26","-704.49","-361.71","33","10.77","0","VEHICLE","-706.54","0.02","265.29","-716.45","-394.85","14","0","1","ROBOT","ROBOT","7.62","-716.45","-724.28","9.92","0","","2.07","0","1","0","1","",""
"v2r_airborne_s73","v2r_airborne","73","PASS","229.58","-713.65","-427.59","24.42","-16.49","0","VEHICLE","-724.48","0.21","228.53","-720.27","-371.04","13.6","-7.35","0","ROBOT","ROBOT","7.62","-724.45","-724.96","-0.03","0","","-5.78","0","1","0","1","",""
"v2r_airborne_s74","v2r_airborne","74","PASS","227.4","-704.44","-346.88","1.33","10","1","VEHICLE","-706.72","0.44","227.65","-702.56","-348.22","0.04","-7.35","0","ROBOT","ROBOT","7.62","-706.72","-706.96","0.00","0","","2.28","0","1","0","1","",""
"v2r_airborne_s75","v2r_airborne","75","PASS","67.96","-719.66","-545.2","33","10.77","0","VEHICLE","-721.70","2.56","76.78","-717.54","-565.43","0","-7.35","0","ROBOT","ROBOT","7.62","-721.70","-721.92","0.00","0","","2.04","0","0","0","1","",""
"v2r_airborne_s76","v2r_airborne","76","INFO large_drop","303.63","-703.83","-427.94","2","10.72","1","VEHICLE","-706.51","0.05","269.28","-720.32","-428.23","13.6","-7.35","0","ROBOT","ROBOT","7.62","-724.48","-724.48","17.97","0","","2.33","0","1","0","1","",""
"v2r_airborne_s77","v2r_airborne","77","PASS","140.24","-704.14","-338.93","33","10.12","0","VEHICLE","-705.97","0.43","140.57","-701.81","-356.1","0.04","0","1","ROBOT","ROBOT","7.62","-701.80","-706.69","-4.17","0","","2.01","1","1","0","1","",""
"v2r_airborne_s78","v2r_airborne","78","PASS","294.41","-704.5","-456.09","33","10.77","0","VEHICLE","-706.54","0.00","217.44","-702.38","-454.68","16.57","-7.35","0","ROBOT","ROBOT","7.62","-706.54","-706.76","0.00","0","","2.04","0","1","0","1","",""
"v2r_airborne_s79","v2r_airborne","79","PASS","150.56","-704.5","-458.24","33","10.77","0","VEHICLE","-706.54","0.00","227.54","-702.38","-458.24","16.57","-7.35","0","ROBOT","ROBOT","7.62","-706.54","-706.76","0.00","0","","2.04","0","1","0","1","",""
"v2r_airborne_s8","v2r_airborne","8","PASS","329.71","-721.82","-459.46","0.12","10.74","1","VEHICLE","-724.48","19.20","328.85","-720.32","-457.71","0","-7.35","0","ROBOT","ROBOT","7.62","-724.48","-724.68","0.00","0","","2.66","0","0","0","1","",""
"v2r_airborne_s80","v2r_airborne","80","PASS","339.2","-721.74","-434.82","6.7","10.77","1","VEHICLE","-724.48","19.20","338.12","-720.32","-395.29","13.6","-7.35","0","ROBOT","ROBOT","7.62","-724.39","-724.68","-0.09","0","","2.39","0","0","0","1","",""
"v2r_airborne_s81","v2r_airborne","81","PASS","250.04","-724.3","-488.76","5.15","-5.36","0","VEHICLE","-724.48","19.20","231.29","-720.32","-464.53","3.29","-7.35","0","ROBOT","ROBOT","7.62","-724.48","-725.26","0.00","0","","-0.57","0","0","0","1","",""
"v2r_airborne_s82","v2r_airborne","82","PASS","109.99","-704.48","-385.28","0.2","9.3","1","VEHICLE","-706.56","5.12","111.64","-702.4","-385.28","0","-7.35","0","ROBOT","ROBOT","7.62","-706.56","-706.84","0.00","0","","1.12","0","0","0","1","",""
"v2r_airborne_s83","v2r_airborne","83","PASS","84.06","-727.04","-415.05","10.17","0","1","VEHICLE","-727.04","16.64","81.91","-722.76","-415.3","0","-7.35","0","ROBOT","ROBOT","7.62","-726.92","-727.82","-0.12","0","","-0.81","1","0","0","1","",""
"v2r_airborne_s9","v2r_airborne","9","PASS","348.65","-722.11","-353.43","0.39","10.27","1","VEHICLE","-724.48","19.20","347.35","-720.32","-354.48","0","-7.35","0","ROBOT","ROBOT","4.75","-724.48","-724.71","0.00","0","","2.37","0","0","0","1","",""
"v2r_boost_left_s0","v2r_boost_left","0","PASS","161.87","-726.4","-465.76","22.45","0","1","VEHICLE","-726.40","17.28","186.25","-724.48","-431.88","11.72","0","1","ROBOT","ROBOT","7.62","-724.48","-727.18","-1.92","0","","0","0","0","0","1","",""
"v2r_boost_left_s1","v2r_boost_left","1","PASS","148.51","-715.97","-599.12","8.77","1.4","1","VEHICLE","-716.70","0.09","131.01","-716.8","-593.73","14","0","1","ROBOT","ROBOT","7.62","-716.80","-717.34","0.10","0","","0.74","1","1","0","1","",""
"v2r_boost_left_s10","v2r_boost_left","10","PASS","301.57","-705.69","-437","10.56","0.99","1","VEHICLE","-706.56","0.62","310.32","-705.93","-464.32","10.66","0","1","ROBOT","ROBOT","7.62","-705.93","-707.19","-0.63","0","","0.57","0","0","0","1","",""
"v2r_boost_left_s11","v2r_boost_left","11","PASS","150.16","-716.07","-413.99","0.72","1.4","1","VEHICLE","-716.80","25.60","147.17","-716.8","-406.88","11.37","0","1","ROBOT","ROBOT","7.62","-716.80","-717.43","0.00","0","","0.56","0","0","0","1","",""
"v2r_boost_left_s12","v2r_boost_left","12","PASS","169.45","-726.4","-462.64","24.61","0","1","VEHICLE","-726.40","17.28","192.64","-724.48","-427.39","14","0","1","ROBOT","ROBOT","7.62","-724.48","-727.18","-1.92","0","","0","0","0","0","1","",""
"v2r_boost_left_s13","v2r_boost_left","13","PASS","193.25","-725.97","-467.89","0.01","1.07","1","VEHICLE","-726.40","3.77","195.82","-726.4","-466.28","2.2","0","1","ROBOT","ROBOT","7.62","-726.40","-727.08","0.00","0","","0.43","0","0","0","1","",""
"v2r_boost_left_s14","v2r_boost_left","14","INFO large_drop","145.21","-705.55","-353.36","7.74","-0.91","0","VEHICLE","-706.50","0.03","183.29","-724.48","-356.27","14.06","0","1","ROBOT","ROBOT","7.62","-724.48","-724.48","17.98","0","","0.37","0","1","0","1","",""
"v2r_boost_left_s15","v2r_boost_left","15","PASS","334.45","-723.91","-479.15","1.31","1.44","1","VEHICLE","-724.48","19.20","336.51","-724.48","-487.3","0","0","1","ROBOT","ROBOT","4.63","-724.48","-725.12","0.00","0","","-0.33","0","0","0","1","",""
"v2r_boost_left_s16","v2r_boost_left","16","INFO large_drop","296.69","-706.35","-358.71","29.4","0","1","VEHICLE","-706.35","4.62","288.73","-724.48","-391.91","14","0","1","ROBOT","ROBOT","7.62","-724.48","-724.48","18.13","0","","0.19","0","0","0","1","",""
"v2r_boost_left_s17","v2r_boost_left","17","PASS","76.33","-721.32","-564.19","0.17","0.72","1","VEHICLE","-721.70","2.56","76.87","-721.7","-550.04","14.02","0","1","ROBOT","ROBOT","7.62","-721.70","-722.39","0.00","0","","0.38","0","0","0","1","",""
"v2r_boost_left_s18","v2r_boost_left","18","PASS","220.85","-724.05","-463.35","23.47","1.07","1","VEHICLE","-724.48","0.10","209.21","-719.44","-478.91","14","0","1","ROBOT","ROBOT","7.62","-719.43","-725.16","-5.05","0","","0.43","1","1","0","1","",""
"v2r_boost_left_s19","v2r_boost_left","19","INFO large_drop","235.39","-706.8","-344.84","9.05","-0.69","1","VEHICLE","-706.82","0.49","263.57","-716.5","-333.77","14","0","1","ROBOT","ROBOT","7.62","-716.50","-716.5","9.68","0","","-1.02","1","1","0","1","",""
"v2r_boost_left_s2","v2r_boost_left","2","PASS","75.88","-720.95","-544.79","3.88","-1.64","0","VEHICLE","-721.70","2.56","48.45","-721.7","-527.12","14","0","1","ROBOT","ROBOT","7.62","-721.70","-722.39","0.00","0","","0.4","0","0","0","1","",""
"v2r_boost_left_s20","v2r_boost_left","20","PASS","150.02","-716.18","-417.36","0.53","1.44","1","VEHICLE","-716.80","25.60","147.8","-716.8","-407.25","3.96","0","1","ROBOT","ROBOT","7.62","-716.80","-717.44","0.00","0","","-0.12","0","0","0","1","",""
"v2r_boost_left_s21","v2r_boost_left","21","PASS","304.82","-724.4","-338.65","29.43","0","1","VEHICLE","-724.40","0.08","256.45","-724.48","-359.03","14.42","0","1","ROBOT","ROBOT","7.62","-724.48","-725.18","0.08","0","","0.08","0","1","0","1","",""
"v2r_boost_left_s22","v2r_boost_left","22","INFO large_drop","143.87","-705.76","-352.14","2.88","1.22","1","VEHICLE","-706.34","0.16","181.1","-724.48","-359.5","14.26","0","1","ROBOT","ROBOT","7.62","-724.48","-724.48","18.14","0","","-0.37","0","1","0","1","",""
"v2r_boost_left_s23","v2r_boost_left","23","PASS","72.27","-721.7","-550.23","22.76","0","1","VEHICLE","-721.70","2.13","54.4","-721.7","-521.72","14","0","1","ROBOT","ROBOT","7.62","-721.70","-722.48","0.00","0","","0","0","0","0","1","",""
"v2r_boost_left_s24","v2r_boost_left","24","PASS","191.34","-725.72","-461.47","0.38","1.45","1","VEHICLE","-726.40","3.77","195.31","-724.48","-434.18","14","0","1","ROBOT","ROBOT","7.62","-724.48","-727.03","-1.92","0","","0.68","0","0","0","1","",""
"v2r_boost_left_s25","v2r_boost_left","25","INFO large_drop","137.89","-705.51","-352.6","5.53","0.71","0","VEHICLE","-706.41","0.11","177.07","-724.48","-351.04","14.8","0","1","ROBOT","ROBOT","7.62","-724.48","-724.48","18.07","0","","0.58","0","1","0","1","",""
"v2r_boost_left_s26","v2r_boost_left","26","PASS","150.43","-716.23","-426.65","0.84","1.45","1","VEHICLE","-716.80","25.60","145.96","-716.8","-405.89","14","0","1","ROBOT","ROBOT","7.62","-716.80","-717.44","0.00","0","","-0.17","0","0","0","1","",""
"v2r_boost_left_s27","v2r_boost_left","27","PASS","329.68","-723.9","-459.05","0.01","1.43","1","VEHICLE","-724.48","19.20","330.13","-724.48","-463.16","14","0","1","ROBOT","ROBOT","7.62","-724.48","-725.12","0.00","0","","0.58","0","0","0","1","",""
"v2r_boost_left_s28","v2r_boost_left","28","PASS","147.84","-714.22","-387.75","28.62","-17.46","0","VEHICLE","-725.39","1.28","147.88","-725.24","-394.46","0.5","0","1","ROBOT","ROBOT","7.62","-725.24","-725.74","-0.15","0","","-6.25","1","0","0","1","",""
"v2r_boost_left_s29","v2r_boost_left","29","PASS","307.76","-724.48","-424.08","23.12","0","1","VEHICLE","-724.48","19.20","266.7","-724.48","-429.9","14","0","1","ROBOT","ROBOT","7.62","-724.48","-725.26","0.00","0","","0","0","0","0","1","",""
"v2r_boost_left_s3","v2r_boost_left","3","PASS","301.23","-706.42","-430.06","8.68","-5.17","0","VEHICLE","-706.56","0.72","319.05","-706.43","-462.99","14","0","1","ROBOT","ROBOT","7.62","-706.54","-707.34","-0.02","0","","-0.52","0","0","0","1","",""
"v2r_boost_left_s30","v2r_boost_left","30","PASS","74.52","-721.7","-564.44","0.12","0","1","VEHICLE","-721.70","2.56","76.84","-721.7","-550.83","14.09","0","1","ROBOT","ROBOT","7.62","-721.70","-722.48","0.00","0","","-0.84","0","0","0","1","",""
"v2r_boost_left_s31","v2r_boost_left","31","PASS","68.35","-721.7","-560.57","18.04","0","1","VEHICLE","-721.70","2.56","56.52","-721.7","-527.96","14","0","1","ROBOT","ROBOT","7.62","-721.70","-722.48","0.00","0","","0","0","0","0","1","",""
"v2r_boost_left_s32","v2r_boost_left","32","PASS","166.89","-716.8","-596.28","16.49","0","1","VEHICLE","-716.80","10.88","177.83","-716.8","-575.62","0.57","0","1","ROBOT","ROBOT","7.62","-716.80","-717.58","0.00","0","","-0.86","0","0","0","1","",""
"v2r_boost_left_s33","v2r_boost_left","33","INFO large_drop","229.89","-706.03","-348.44","0.04","1.25","1","VEHICLE","-706.72","0.44","244.97","-709.84","-333.39","14","0","1","ROBOT","ROBOT","7.62","-709.84","-709.84","3.11","0","","0","0","1","0","1","",""
"v2r_boost_left_s34","v2r_boost_left","34","PASS","213.08","-723.92","-479.72","6.84","-3.76","0","VEHICLE","-724.48","0.19","209.78","-720.7","-502.04","13.89","-6.86","0","ROBOT","ROBOT","7.62","-724.48","-725.22","0.00","0","","-0.07","1","1","0","1","",""
"v2r_boost_left_s35","v2r_boost_left","35","PASS","334.74","-706.56","-371.72","25.36","0","1","VEHICLE","-706.56","2.08","339.64","-700.71","-396.27","0.29","0","1","ROBOT","ROBOT","7.62","-700.71","-707.34","-5.85","0","","0","1","0","0","1","",""
"v2r_boost_left_s36","v2r_boost_left","36","PASS","213.93","-723.83","-465.35","0","1.43","1","VEHICLE","-724.48","0.23","209.13","-719.27","-483.42","14","0","1","ROBOT","ROBOT","7.62","-719.28","-725.12","-5.20","0","","-0.04","0","1","0","1","",""
"v2r_boost_left_s37","v2r_boost_left","37","PASS","140.68","-716.8","-599.63","20.42","0","1","VEHICLE","-716.80","26.88","124.94","-716.79","-562.53","14","0","1","ROBOT","ROBOT","7.62","-716.79","-717.58","-0.01","0","","0","0","0","0","1","",""
"v2r_boost_left_s38","v2r_boost_left","38","PASS","292.47","-724.4","-338.2","29.43","0","1","VEHICLE","-724.40","0.08","249.49","-711.13","-345.4","0.5","0","1","ROBOT","ROBOT","7.62","-711.13","-725.24","-13.27","0","","0","0","1","0","1","",""
"v2r_boost_left_s39","v2r_boost_left","39","PASS","76.15","-721.33","-549.55","16.94","0.97","1","VEHICLE","-721.70","2.56","55.47","-721.7","-527.41","14","0","1","ROBOT","ROBOT","7.62","-721.70","-722.39","0.00","0","","-0.47","0","0","0","1","",""
"v2r_boost_left_s4","v2r_boost_left","4","PASS","144.39","-716.7","-601.12","22.33","0","1","VEHICLE","-716.70","0.09","131.04","-716.8","-590.63","14","0","1","ROBOT","ROBOT","7.62","-716.80","-717.48","0.10","0","","0.1","1","1","0","1","",""
"v2r_boost_left_s40","v2r_boost_left","40","INFO large_drop","230.6","-705.95","-347.55","0.03","0.27","1","VEHICLE","-706.72","0.44","245.99","-710.2","-335.62","14","0","1","ROBOT","ROBOT","7.62","-710.20","-710.2","3.48","0","","0.2","0","1","0","1","",""
"v2r_boost_left_s41","v2r_boost_left","41","PASS","193.41","-725.56","-467.83","2.26","1.29","1","VEHICLE","-726.40","3.63","195.09","-726.4","-465.38","1.2","0","1","ROBOT","ROBOT","7.62","-726.40","-727.02","0.00","0","","0.84","0","0","0","1","",""
"v2r_boost_left_s42","v2r_boost_left","42","PASS","300.21","-706.31","-439.86","10.56","-4.83","0","VEHICLE","-706.56","0.72","310.68","-705.28","-464.61","13.89","0","1","ROBOT","ROBOT","7.62","-705.27","-707.33","-1.29","0","","-0.4","0","0","0","1","",""
"v2r_boost_left_s43","v2r_boost_left","43","PASS","74.55","-720.6","-544.85","2.84","0.37","1","VEHICLE","-721.70","2.56","51.14","-721.7","-519.87","14","0","1","ROBOT","ROBOT","7.62","-721.70","-722.32","0.00","0","","0.26","0","0","0","1","",""
"v2r_boost_left_s44","v2r_boost_left","44","PASS","301.7","-705.69","-427.49","8.68","0.65","0","VEHICLE","-706.56","2.18","317.27","-706.54","-461.2","14","0","1","ROBOT","ROBOT","7.62","-706.54","-707.19","-0.02","0","","0.57","0","0","0","1","",""
"v2r_boost_left_s45","v2r_boost_left","45","PASS","300.74","-706.56","-439.06","14.57","0","1","VEHICLE","-706.56","0.72","317.13","-706.12","-465.24","14","0","1","ROBOT","ROBOT","7.62","-706.12","-707.34","-0.44","0","","-0.87","0","0","0","1","",""
"v2r_boost_left_s46","v2r_boost_left","46","PASS","303.79","-705.99","-333.16","0.09","1.33","1","VEHICLE","-706.51","0.04","301.43","-706.56","-354.98","14","0","1","ROBOT","ROBOT","7.62","-706.56","-707.22","0.05","0","","0.55","0","1","0","1","",""
"v2r_boost_left_s47","v2r_boost_left","47","PASS","215.32","-723.75","-463.31","1.48","1.42","1","VEHICLE","-724.48","0.13","209.22","-719.46","-481.83","14","0","1","ROBOT","ROBOT","7.62","-719.45","-725.11","-5.03","0","","0.73","0","1","0","1","",""
"v2r_boost_left_s48","v2r_boost_left","48","INFO large_drop","238.84","-706.98","-345.2","13.02","-1.94","0","VEHICLE","-707.32","0.30","279.76","-722.29","-341.12","14.17","0","1","ROBOT","ROBOT","7.62","-722.29","-722.29","14.97","0","","-0.26","0","1","0","1","",""
"v2r_boost_left_s49","v2r_boost_left","49","INFO large_drop","136.37","-705.96","-352.09","3.15","1.32","1","VEHICLE","-706.43","0.11","172.42","-715.84","-352.51","13.81","-23.03","0","ROBOT","ROBOT","7.62","-724.48","-715.84","18.05","0","","-0.49","0","1","0","1","",""
"v2r_boost_left_s5","v2r_boost_left","5","PASS","161.58","-716.8","-589.78","29.4","0","1","VEHICLE","-716.80","26.88","169.66","-716.8","-575.88","14","0","1","ROBOT","ROBOT","7.62","-716.80","-717.58","0.00","0","","-0.1","0","0","0","1","",""
"v2r_boost_left_s50","v2r_boost_left","50","PASS","72.59","-721.7","-545.48","19.11","0","1","VEHICLE","-721.70","2.56","75.77","-721.7","-543.62","0.43","0","1","ROBOT","ROBOT","7.62","-721.70","-722.48","0.00","0","","0","1","0","0","1","",""
"v2r_boost_left_s51","v2r_boost_left","51","PASS","142.81","-716.41","-406.85","2.15","0.86","1","VEHICLE","-716.80","25.60","143.34","-716.8","-405.37","2.14","0","1","ROBOT","ROBOT","7.62","-716.80","-717.49","0.00","0","","0.25","0","0","0","1","",""
"v2r_boost_left_s52","v2r_boost_left","52","PASS","303.37","-705.64","-333.43","1.12","-0.72","1","VEHICLE","-706.51","0.05","303.88","-706.51","-358.56","14","0","1","ROBOT","ROBOT","7.62","-706.51","-707.22","0.00","0","","0.41","0","1","0","1","",""
"v2r_boost_left_s53","v2r_boost_left","53","PASS","149.85","-715.97","-422.77","4.78","1.25","1","VEHICLE","-716.80","25.60","147.15","-716.8","-406.78","12.41","0","1","ROBOT","ROBOT","7.62","-716.80","-717.42","0.00","0","","0.83","0","0","0","1","",""
"v2r_boost_left_s54","v2r_boost_left","54","INFO large_drop","230.6","-705.78","-347.55","0.03","0.67","1","VEHICLE","-706.72","0.44","248.27","-710.7","-332.07","3.8","0","1","ROBOT","ROBOT","7.62","-710.70","-710.88","3.98","0","","0.11","0","1","0","1","",""
"v2r_boost_left_s55","v2r_boost_left","55","PASS","323.36","-701.83","-383.08","0.07","0","1","VEHICLE","-701.96","4.60","341.39","-703.35","-407.01","2.63","0","1","ROBOT","ROBOT","7.62","-703.36","-703.35","1.39","0","","1.82","0","0","0","1","",""
"v2r_boost_left_s56","v2r_boost_left","56","PASS","319.05","-724.48","-344.46","24.8","0","1","VEHICLE","-724.48","19.20","294.64","-724.4","-353.28","1.22","0","1","ROBOT","ROBOT","7.62","-724.40","-725.26","-0.08","0","","0","0","0","0","1","",""
"v2r_boost_left_s57","v2r_boost_left","57","PASS","312.97","-723.92","-334.51","20.41","1.41","1","VEHICLE","-724.48","19.20","292.18","-724.4","-353.57","0.46","0","1","ROBOT","ROBOT","7.62","-724.40","-725.06","-0.08","0","","0.56","0","0","0","1","",""
"v2r_boost_left_s58","v2r_boost_left","58","PASS","74.14","-720.84","-549.31","6.89","1.24","1","VEHICLE","-721.70","2.56","75.93","-721.7","-543.58","1.48","0","1","ROBOT","ROBOT","7.62","-721.70","-722.32","0.00","0","","0.86","1","0","0","1","",""
"v2r_boost_left_s59","v2r_boost_left","59","PASS","214.57","-723.71","-483.16","8.47","1.37","1","VEHICLE","-724.48","0.18","209.06","-719.42","-501.55","13.91","-5.88","0","ROBOT","ROBOT","7.62","-724.48","-725.11","0.00","0","","0.77","1","1","0","1","",""
"v2r_boost_left_s6","v2r_boost_left","6","PASS","335.06","-724.24","-479.88","0","-5.05","0","VEHICLE","-724.48","19.20","336.5","-724.48","-487.25","0","0","1","ROBOT","ROBOT","7.62","-724.48","-725.25","0.00","0","","-0.46","0","0","0","1","",""
"v2r_boost_left_s60","v2r_boost_left","60","PASS","361.77","-724.15","-353.66","9.49","0","1","VEHICLE","-724.48","19.20","381.01","-724.48","-341.12","14","0","1","ROBOT","ROBOT","7.62","-724.48","-725.19","0.00","0","","-0.58","1","0","0","1","",""
"v2r_boost_left_s61","v2r_boost_left","61","INFO large_drop","262.67","-715.53","-343.97","8.5","-1.92","0","VEHICLE","-715.86","0.30","263.69","-724.48","-379.01","14","0","1","ROBOT","ROBOT","7.62","-724.48","-724.61","8.62","0","","0.68","0","1","0","1","",""
"v2r_boost_left_s62","v2r_boost_left","62","PASS","95.74","-727.04","-374.31","27.37","0","1","VEHICLE","-727.04","16.64","116.91","-727.04","-415.3","14","0","1","ROBOT","ROBOT","7.62","-727.04","-727.82","0.00","0","","0","0","0","0","1","",""
"v2r_boost_left_s63","v2r_boost_left","63","PASS","192.03","-726.4","-517.3","27.91","0","1","VEHICLE","-726.40","2.34","172.14","-726.4","-474.27","14","0","1","ROBOT","ROBOT","7.62","-726.40","-727.18","0.00","0","","0","0","0","0","1","",""
"v2r_boost_left_s64","v2r_boost_left","64","PASS","145.08","-718.1","-544.69","16.32","-9.21","0","VEHICLE","-721.92","21.76","129.22","-723.26","-510.53","14","0","1","ROBOT","ROBOT","7.62","-723.26","-723.26","1.34","0","","-2.27","0","0","0","1","",""
"v2r_boost_left_s65","v2r_boost_left","65","PASS","193.25","-725.97","-471.04","0.06","1.07","1","VEHICLE","-726.40","3.77","196.3","-726.4","-466.6","0.67","0","1","ROBOT","ROBOT","7.62","-726.40","-727.08","0.00","0","","0.43","0","0","0","1","",""
"v2r_boost_left_s66","v2r_boost_left","66","PASS","180.59","-724.48","-369.56","25.86","0","1","VEHICLE","-724.48","1.28","200.61","-724.48","-412.8","14","0","1","ROBOT","ROBOT","7.62","-724.48","-725.26","0.00","0","","0","0","0","0","1","",""
"v2r_boost_left_s67","v2r_boost_left","67","PASS","283.03","-724.48","-409.82","24.58","0","1","VEHICLE","-724.48","19.20","305.32","-724.41","-425.57","14","0","1","ROBOT","ROBOT","7.62","-724.41","-725.26","-0.07","0","","0","0","0","0","1","",""
"v2r_boost_left_s68","v2r_boost_left","68","PASS","134.05","-715.33","-410.47","12.93","-3.48","0","VEHICLE","-715.98","5.12","142.71","-716.8","-404.88","1.86","0","1","ROBOT","ROBOT","7.62","-716.80","-717.46","0.81","0","","-2.92","0","0","0","1","",""
"v2r_boost_left_s69","v2r_boost_left","69","PASS","146.22","-716.08","-599.21","8.05","1.59","1","VEHICLE","-716.70","0.09","130.04","-716.8","-592.04","14","0","1","ROBOT","ROBOT","7.62","-716.80","-717.35","0.10","0","","0.72","1","1","0","1","",""
"v2r_boost_left_s7","v2r_boost_left","7","PASS","76.27","-721.7","-560.03","16.37","0","1","VEHICLE","-721.70","2.56","76.87","-721.7","-550.69","14.08","0","1","ROBOT","ROBOT","7.62","-721.70","-722.48","0.00","0","","-0.84","1","0","0","1","",""
"v2r_boost_left_s70","v2r_boost_left","70","INFO large_drop","167.67","-721.92","-540.93","21.17","0","1","VEHICLE","-721.92","21.76","183.08","-726.4","-506.62","14","0","1","ROBOT","ROBOT","7.62","-726.40","-726.4","4.48","0","","-0.06","0","0","0","1","",""
"v2r_boost_left_s71","v2r_boost_left","71","PASS","75.43","-721.24","-545.06","2.99","0.96","1","VEHICLE","-721.70","2.56","52.42","-721.7","-525.06","14","0","1","ROBOT","ROBOT","7.62","-721.70","-722.38","0.00","0","","-0.51","0","0","0","1","",""
"v2r_boost_left_s72","v2r_boost_left","72","PASS","281.75","-709.21","-384.04","29.01","-11","0","VEHICLE","-724.48","19.20","276.41","-724.48","-418.87","14","0","1","ROBOT","ROBOT","7.62","-724.48","-724.48","0.00","0","","-3.13","0","0","0","1","",""
"v2r_boost_left_s73","v2r_boost_left","73","PASS","228.86","-724.48","-388.94","27.9","0","1","VEHICLE","-724.48","0.28","227.88","-724.45","-364.63","1.27","0","1","ROBOT","ROBOT","4.51","-724.45","-725.26","-0.03","0","","0","0","1","0","1","",""
"v2r_boost_left_s74","v2r_boost_left","74","INFO large_drop","229.89","-706.15","-348.01","0.69","1.47","1","VEHICLE","-706.72","0.44","245.43","-710","-334.28","14","0","1","ROBOT","ROBOT","7.62","-710.00","-710","3.28","0","","-0.3","0","1","0","1","",""
"v2r_boost_left_s75","v2r_boost_left","75","PASS","75.39","-721.18","-564.23","0.01","1.41","1","VEHICLE","-721.70","2.56","76.88","-721.7","-547.3","14","0","1","ROBOT","ROBOT","7.62","-721.70","-722.36","0.00","0","","-0.33","0","0","0","1","",""
"v2r_boost_left_s76","v2r_boost_left","76","PASS","302.15","-706.11","-434.18","8.65","1.31","1","VEHICLE","-706.56","0.62","307.5","-706.34","-464.86","4.75","0","1","ROBOT","ROBOT","7.62","-706.34","-707.23","-0.22","0","","-0.44","0","0","0","1","",""
"v2r_boost_left_s77","v2r_boost_left","77","INFO large_drop","141.62","-705.4","-352.41","2.76","0.35","1","VEHICLE","-706.25","0.25","178.69","-724.48","-356.37","14.57","0","1","ROBOT","ROBOT","7.62","-724.48","-724.48","18.23","0","","-0.12","0","1","0","1","",""
"v2r_boost_left_s78","v2r_boost_left","78","PASS","252.34","-706.54","-455.32","29.43","0","1","VEHICLE","-706.54","0.00","207.73","-706.51","-466.37","0.56","0","1","ROBOT","ROBOT","7.62","-706.51","-707.32","-0.02","0","","0","0","1","0","1","",""
"v2r_boost_left_s79","v2r_boost_left","79","PASS","192.64","-706.54","-458.24","29.43","0","1","VEHICLE","-706.54","0.00","212.47","-706.54","-447.6","0.5","0","1","ROBOT","ROBOT","7.62","-706.54","-707.32","0.00","0","","0","1","1","0","1","",""
"v2r_boost_left_s8","v2r_boost_left","8","PASS","329.7","-724.03","-458.94","0.07","1.32","1","VEHICLE","-724.48","19.20","330.5","-724.48","-464.26","14","0","1","ROBOT","ROBOT","7.62","-724.48","-725.15","0.00","0","","-0.46","0","0","0","1","",""
"v2r_boost_left_s80","v2r_boost_left","80","PASS","328.76","-724.48","-413.96","23.36","0","1","VEHICLE","-724.48","19.20","305.7","-724.4","-385.68","2.06","0","1","ROBOT","ROBOT","7.62","-724.40","-725.26","-0.08","0","","0","0","0","0","1","",""
"v2r_boost_left_s81","v2r_boost_left","81","PASS","239.83","-724.48","-476.36","19.56","0","1","VEHICLE","-724.48","19.20","208.98","-718.99","-483.06","14","0","1","ROBOT","ROBOT","7.62","-718.99","-725.26","-5.49","0","","0","0","0","0","1","",""
"v2r_boost_left_s82","v2r_boost_left","82","PASS","113.16","-706.19","-371.14","4.07","0.86","1","VEHICLE","-706.56","4.97","108.08","-706.56","-361.25","14","0","1","ROBOT","ROBOT","6.81","-706.56","-707.25","0.00","0","","-0.56","0","0","0","1","",""
"v2r_boost_left_s83","v2r_boost_left","83","PASS","83.85","-726.66","-416.05","2.54","1.02","1","VEHICLE","-727.04","16.64","98.55","-727.04","-423.79","14","0","1","ROBOT","ROBOT","7.62","-727.04","-727.72","0.00","0","","-0.62","0","0","0","1","",""
"v2r_boost_left_s9","v2r_boost_left","9","PASS","348.6","-724.18","-353.42","0","0.32","1","VEHICLE","-724.48","19.20","365.53","-724.48","-354.94","13.14","0","1","ROBOT","ROBOT","7.62","-724.48","-725.19","0.00","0","","-0.48","0","0","0","1","",""
"v2r_boost_long_s0","v2r_boost_long","0","PASS","172.95","-725.85","-471.63","15.05","-3.69","0","VEHICLE","-726.40","17.28","195.27","-726.4","-471.63","0","0","1","ROBOT","ROBOT","7.62","-726.40","-727.14","0.00","0","","-0.04","0","0","0","1","",""
"v2r_boost_long_s1","v2r_boost_long","1","PASS","156.55","-716.49","-596.39","12.87","-5.16","0","VEHICLE","-716.80","26.88","188.16","-717.73","-570.65","14","0","1","ROBOT","ROBOT","7.62","-717.73","-717.73","0.93","0","","-0.52","0","0","0","1","",""
"v2r_boost_long_s10","v2r_boost_long","10","PASS","303.74","-705.81","-430.84","0","1.27","1","VEHICLE","-706.51","0.04","302.08","-706.56","-430.84","0","0","1","ROBOT","ROBOT","7.62","-706.56","-707.19","0.05","0","","0.32","0","1","0","1","",""
"v2r_boost_long_s11","v2r_boost_long","11","PASS","150.79","-716.34","-415.95","0.08","1.33","1","VEHICLE","-716.80","25.60","151.03","-716.8","-416.94","0.35","0","1","ROBOT","ROBOT","7.62","-716.80","-717.47","0.00","0","","-0.49","0","0","0","1","",""
"v2r_boost_long_s12","v2r_boost_long","12","PASS","173.41","-726.4","-470.69","24.57","0","1","VEHICLE","-726.40","17.28","195.84","-726.4","-470.69","0","0","1","ROBOT","ROBOT","7.62","-726.40","-727.18","0.00","0","","0","0","0","0","1","",""
"v2r_boost_long_s13","v2r_boost_long","13","PASS","193.36","-725.87","-467.89","0","1.42","1","VEHICLE","-726.40","3.67","195.27","-726.4","-467.89","0","0","1","ROBOT","ROBOT","7.62","-726.40","-727.06","0.00","0","","-0.36","0","0","0","1","",""
"v2r_boost_long_s14","v2r_boost_long","14","PASS","143.4","-705.82","-352.02","0.53","-3.72","0","VEHICLE","-706.30","0.19","143.4","-706.43","-353.23","0","0","1","ROBOT","ROBOT","7.62","-706.43","-707.09","0.13","0","","-0.1","0","1","0","1","",""
"v2r_boost_long_s15","v2r_boost_long","15","PASS","334.58","-723.72","-478.81","0.14","1.31","1","VEHICLE","-724.48","19.20","333.05","-724.48","-479.63","0","0","1","ROBOT","ROBOT","7.62","-724.48","-725.11","0.00","0","","0.34","0","0","0","1","",""
"v2r_boost_long_s16","v2r_boost_long","16","PASS","269.17","-713.93","-369.23","29.47","-17.14","0","VEHICLE","-724.48","0.22","239.63","-724.48","-383.33","14","0","1","ROBOT","ROBOT","7.62","-724.48","-724.99","0.00","0","","-6.1","0","1","0","1","",""
"v2r_boost_long_s17","v2r_boost_long","17","PASS","76.12","-721.13","-563.86","0.05","1.45","1","VEHICLE","-721.70","2.56","76.12","-721.7","-565.41","0","0","1","ROBOT","ROBOT","7.62","-721.70","-722.34","0.00","0","","-0.26","0","0","0","1","",""
"v2r_boost_long_s18","v2r_boost_long","18","PASS","216.7","-724.48","-462.59","14.29","0","1","VEHICLE","-724.48","0.10","212.81","-724.47","-462.31","0","0","1","ROBOT","ROBOT","7.62","-724.47","-725.26","-0.01","0","","-0.91","1","1","0","1","",""
"v2r_boost_long_s19","v2r_boost_long","19","PASS","224.73","-705.93","-346.97","0.1","1.24","1","VEHICLE","-706.72","0.44","224.73","-706.72","-348.22","0","0","1","ROBOT","ROBOT","7.62","-706.72","-707.36","0.00","0","","0.6","0","1","0","1","",""
"v2r_boost_long_s2","v2r_boost_long","2","PASS","76.22","-721.2","-545.22","0.03","1.4","1","VEHICLE","-721.70","2.56","76.22","-721.7","-543.79","0","0","1","ROBOT","ROBOT","7.62","-721.70","-722.36","0.00","0","","-0.42","0","0","0","1","",""
"v2r_boost_long_s20","v2r_boost_long","20","PASS","149.95","-716.06","-417.81","0.16","1.34","1","VEHICLE","-716.80","25.60","151.13","-716.8","-417.54","0","0","1","ROBOT","ROBOT","7.62","-716.80","-717.43","0.00","0","","0.28","0","0","0","1","",""
"v2r_boost_long_s21","v2r_boost_long","21","PASS","275.18","-720.66","-338.65","29.79","0","1","VEHICLE","-720.65","0.63","229.69","-706.72","-338.65","14","0","1","ROBOT","ROBOT","7.62","-706.72","-721.26","-13.93","0","","3.79","1","0","0","1","",""
"v2r_boost_long_s22","v2r_boost_long","22","PASS","143.22","-705.54","-351.99","0.54","1.1","1","VEHICLE","-706.29","0.21","143.22","-706.42","-353.23","0","0","1","ROBOT","ROBOT","7.62","-706.42","-707.03","0.13","0","","0.36","0","1","0","1","",""
"v2r_boost_long_s23","v2r_boost_long","23","PASS","75.51","-720.84","-545.18","0.54","-2.46","0","VEHICLE","-721.70","2.56","75.55","-721.7","-543.55","0","0","1","ROBOT","ROBOT","7.62","-721.70","-722.39","0.00","0","","-0.03","0","0","0","1","",""
"v2r_boost_long_s24","v2r_boost_long","24","PASS","191.44","-725.62","-461.49","0","1.28","1","VEHICLE","-726.40","3.67","193.35","-726.4","-461.49","0","0","1","ROBOT","ROBOT","7.62","-726.40","-727.03","0.00","0","","0.51","0","0","0","1","",""
"v2r_boost_long_s25","v2r_boost_long","25","PASS","135.24","-705.6","-351.63","0.15","-2.11","0","VEHICLE","-706.44","0.12","135.27","-706.56","-353.21","0","0","1","ROBOT","ROBOT","7.62","-706.56","-707.22","0.12","0","","0.34","0","1","0","1","",""
"v2r_boost_long_s26","v2r_boost_long","26","PASS","150.6","-716.23","-427.06","0.06","1.44","1","VEHICLE","-716.80","25.60","150.85","-716.8","-426.07","0.35","0","1","ROBOT","ROBOT","7.62","-716.80","-717.44","0.00","0","","-0.24","0","0","0","1","",""
"v2r_boost_long_s27","v2r_boost_long","27","PASS","330.58","-724.19","-457.04","0.14","-4.73","0","VEHICLE","-724.48","19.20","329.53","-724.48","-456.99","0","0","1","ROBOT","ROBOT","7.62","-724.48","-725.25","0.00","0","","-0.36","0","0","0","1","",""
"v2r_boost_long_s28","v2r_boost_long","28","PASS","147.84","-725.11","-393.18","0","-4.29","0","VEHICLE","-725.26","0.02","147.84","-725.24","-394.53","0","0","1","ROBOT","ROBOT","7.62","-725.24","-726.04","-0.02","0","","-0.18","0","1","0","1","",""
"v2r_boost_long_s29","v2r_boost_long","29","PASS","305.83","-723.83","-414.65","0.57","-3.75","0","VEHICLE","-724.40","0.03","304.1","-724.4","-412.9","0","0","1","ROBOT","ROBOT","7.62","-724.40","-725.14","0.00","0","","-0.06","0","1","0","1","",""
"v2r_boost_long_s3","v2r_boost_long","3","PASS","303.74","-705.84","-421.88","0","-2.53","0","VEHICLE","-706.51","0.04","302.08","-706.56","-421.88","0","0","1","ROBOT","ROBOT","7.62","-706.56","-707.25","0.05","0","","0.21","0","1","0","1","",""
"v2r_boost_long_s30","v2r_boost_long","30","PASS","74.53","-721.33","-564.49","0.01","1.04","1","VEHICLE","-721.70","2.56","75.53","-721.7","-565.62","0","0","1","ROBOT","ROBOT","7.62","-721.70","-722.39","0.00","0","","-0.53","0","0","0","1","",""
"v2r_boost_long_s31","v2r_boost_long","31","PASS","75.59","-720.81","-548.7","12.69","0.07","1","VEHICLE","-721.70","2.56","76.25","-721.7","-543.8","0","0","1","ROBOT","ROBOT","7.62","-721.70","-722.34","0.00","0","","0.26","1","0","0","1","",""
"v2r_boost_long_s32","v2r_boost_long","32","INFO large_drop","183.22","-716.8","-583.27","24.39","0","1","VEHICLE","-716.80","5.12","201.87","-725.74","-535.9","15.12","0","1","ROBOT","ROBOT","7.62","-725.74","-726","8.94","0","","0","0","0","0","1","",""
"v2r_boost_long_s33","v2r_boost_long","33","PASS","226.04","-705.91","-346.84","0","1.2","1","VEHICLE","-706.72","0.44","226.04","-706.72","-348.22","0","0","1","ROBOT","ROBOT","7.62","-706.72","-707.36","0.00","0","","0.71","0","1","0","1","",""
"v2r_boost_long_s34","v2r_boost_long","34","PASS","213.6","-723.66","-465.16","0","0.28","0","VEHICLE","-724.48","0.24","212.23","-724.48","-463.74","0","0","1","ROBOT","ROBOT","7.62","-724.48","-725.12","0.00","0","","0.5","0","1","0","1","",""
"v2r_boost_long_s35","v2r_boost_long","35","INFO large_drop","307.46","-706.54","-387.05","28.65","0","1","VEHICLE","-706.54","0.02","279.55","-724.48","-426.3","14","0","1","ROBOT","ROBOT","7.62","-724.48","-724.48","17.94","0","","0","0","1","0","1","",""
"v2r_boost_long_s36","v2r_boost_long","36","PASS","213.56","-723.6","-465.12","0","-0.21","0","VEHICLE","-724.48","0.24","212.23","-724.48","-463.74","0","0","1","ROBOT","ROBOT","7.62","-724.48","-725.14","0.00","0","","0.55","0","1","0","1","",""
"v2r_boost_long_s37","v2r_boost_long","37","PASS","157.4","-716.3","-596.64","13.91","-4.35","0","VEHICLE","-716.80","26.88","190.05","-718.04","-569.73","14","0","1","ROBOT","ROBOT","7.62","-718.04","-718.04","1.24","0","","-0.25","0","0","0","1","",""
"v2r_boost_long_s38","v2r_boost_long","38","PASS","264.04","-716.48","-338.2","0","0.21","1","VEHICLE","-716.67","0.63","229.68","-706.72","-338.2","14","0","1","ROBOT","ROBOT","7.62","-706.72","-717.34","-9.95","0","","4.9","0","0","0","1","",""
"v2r_boost_long_s39","v2r_boost_long","39","PASS","76.13","-720.81","-545.31","0.13","-1.48","0","VEHICLE","-721.70","2.56","76.13","-721.7","-543.76","0","0","1","ROBOT","ROBOT","7.62","-721.70","-722.38","0.00","0","","0.42","0","0","0","1","",""
"v2r_boost_long_s4","v2r_boost_long","4","PASS","161.99","-716.14","-596.96","14.57","-3.2","0","VEHICLE","-716.80","26.88","196.92","-716.97","-572.92","14","0","1","ROBOT","ROBOT","7.62","-716.97","-717.52","0.17","0","","0.02","0","0","0","1","",""
"v2r_boost_long_s40","v2r_boost_long","40","PASS","229.88","-706.45","-346.84","0","-4.73","0","VEHICLE","-706.72","0.44","229.88","-706.72","-348.22","0","0","1","ROBOT","ROBOT","7.62","-706.72","-707.49","0.00","0","","-0.37","0","1","0","1","",""
"v2r_boost_long_s41","v2r_boost_long","41","PASS","193.36","-725.5","-467.89","0","0.44","0","VEHICLE","-726.40","3.67","195.27","-726.4","-467.89","0","0","1","ROBOT","ROBOT","7.62","-726.40","-727.04","0.00","0","","0.58","0","0","0","1","",""
"v2r_boost_long_s42","v2r_boost_long","42","PASS","303.74","-705.84","-430.84","0","-2.53","0","VEHICLE","-706.51","0.04","302.08","-706.56","-430.84","0","0","1","ROBOT","ROBOT","7.62","-706.56","-707.26","0.05","0","","0.21","0","1","0","1","",""
"v2r_boost_long_s43","v2r_boost_long","43","PASS","74.58","-721.33","-544.85","0.01","1.04","1","VEHICLE","-721.70","2.56","75.57","-721.7","-543.55","0","0","1","ROBOT","ROBOT","7.62","-721.70","-722.39","0.00","0","","-0.53","0","0","0","1","",""
"v2r_boost_long_s44","v2r_boost_long","44","PASS","303.74","-705.81","-421.88","0","1.27","1","VEHICLE","-706.51","0.04","302.08","-706.56","-421.88","0","0","1","ROBOT","ROBOT","7.62","-706.56","-707.19","0.05","0","","0.32","0","1","0","1","",""
"v2r_boost_long_s45","v2r_boost_long","45","PASS","303.74","-706.18","-427","0","0.77","1","VEHICLE","-706.51","0.04","302.08","-706.56","-427","0","0","1","ROBOT","ROBOT","7.62","-706.56","-707.25","0.05","0","","-0.47","0","1","0","1","",""
"v2r_boost_long_s46","v2r_boost_long","46","PASS","303.74","-705.86","-333.15","0","1.35","1","VEHICLE","-706.51","0.04","302.08","-706.56","-333.15","0","0","1","ROBOT","ROBOT","7.62","-706.56","-707.19","0.05","0","","0.01","0","1","0","1","",""
"v2r_boost_long_s47","v2r_boost_long","47","PASS","215.23","-723.7","-462.64","0.21","1.35","1","VEHICLE","-724.48","0.13","212.81","-724.48","-462.64","0","0","1","ROBOT","ROBOT","7.62","-724.48","-725.11","0.00","0","","0.78","0","1","0","1","",""
"v2r_boost_long_s48","v2r_boost_long","48","PASS","222.69","-706.01","-346.84","0","-2.47","0","VEHICLE","-706.72","0.44","222.69","-706.72","-348.22","0","0","1","ROBOT","ROBOT","7.62","-706.72","-707.42","0.00","0","","0.24","0","1","0","1","",""
"v2r_boost_long_s49","v2r_boost_long","49","PASS","135.19","-705.71","-351.61","0.15","1.52","1","VEHICLE","-706.44","0.12","135.23","-706.56","-353.21","0.03","0","1","ROBOT","ROBOT","7.62","-706.56","-707.18","0.12","0","","0.09","0","1","0","1","",""
"v2r_boost_long_s5","v2r_boost_long","5","PASS","171.22","-715.92","-578.23","2.54","1.22","1","VEHICLE","-716.80","26.88","173.37","-716.8","-576.6","0","0","1","ROBOT","ROBOT","7.62","-716.80","-717.42","0.00","0","","0.88","0","0","0","1","",""
"v2r_boost_long_s50","v2r_boost_long","50","PASS","75.59","-720.81","-561.03","12.69","-0.01","1","VEHICLE","-721.70","2.56","76.14","-721.7","-565.4","0","0","1","ROBOT","ROBOT","7.62","-721.70","-722.34","0.00","0","","0.28","1","0","0","1","",""
"v2r_boost_long_s51","v2r_boost_long","51","PASS","150.46","-716.8","-411.89","1.56","0","1","VEHICLE","-716.80","25.60","150.64","-716.8","-412.91","0.35","0","1","ROBOT","ROBOT","7.62","-716.80","-717.58","0.00","0","","-0.96","0","0","0","1","",""
"v2r_boost_long_s52","v2r_boost_long","52","PASS","303.74","-706.12","-333.15","0","-4.15","0","VEHICLE","-706.51","0.04","302.08","-706.56","-333.15","0","0","1","ROBOT","ROBOT","7.62","-706.56","-707.26","0.05","0","","-0.19","0","1","0","1","",""
"v2r_boost_long_s53","v2r_boost_long","53","PASS","150.04","-715.93","-424.66","0.26","-0.85","0","VEHICLE","-716.80","25.60","151.06","-716.8","-424.85","0","0","1","ROBOT","ROBOT","7.62","-716.80","-717.47","0.00","0","","0.5","0","0","0","1","",""
"v2r_boost_long_s54","v2r_boost_long","54","PASS","229.88","-706.23","-346.84","0","1.4","1","VEHICLE","-706.72","0.44","229.88","-706.72","-348.22","0","0","1","ROBOT","ROBOT","7.62","-706.72","-707.38","0.00","0","","-0.38","0","1","0","1","",""
"v2r_boost_long_s55","v2r_boost_long","55","INFO large_drop","318.14","-702.99","-388.11","13.74","-7.12","0","VEHICLE","-706.54","0.02","288.36","-708.58","-417.12","13.85","-9.8","0","ROBOT","ROBOT","7.62","-724.48","-708.58","17.94","0","","-1.14","0","1","0","1","",""
"v2r_boost_long_s56","v2r_boost_long","56","PASS","291.52","-724.4","-338.55","27.85","0","1","VEHICLE","-724.40","0.08","228.78","-706.72","-338.55","14","0","1","ROBOT","ROBOT","7.62","-706.72","-725.24","-17.68","0","","0","0","1","0","1","",""
"v2r_boost_long_s57","v2r_boost_long","57","PASS","297.44","-724.4","-343.38","19.21","0","1","VEHICLE","-724.40","0.08","272.11","-724.48","-346.74","0","0","1","ROBOT","ROBOT","7.62","-724.48","-725.18","0.08","0","","-0.65","0","1","0","1","",""
"v2r_boost_long_s58","v2r_boost_long","58","PASS","75.26","-720.83","-564.31","0.92","-2.25","0","VEHICLE","-721.70","2.56","75.72","-721.7","-565.55","0","0","1","ROBOT","ROBOT","7.62","-721.70","-722.39","0.00","0","","-0.02","0","0","0","1","",""
"v2r_boost_long_s59","v2r_boost_long","59","PASS","213.76","-724.09","-465.54","0","1.13","1","VEHICLE","-724.48","0.25","212.23","-724.48","-463.64","0","0","1","ROBOT","ROBOT","7.62","-724.48","-725.16","0.00","0","","-0.57","0","1","0","1","",""
"v2r_boost_long_s6","v2r_boost_long","6","PASS","332.05","-724.48","-470.75","1.45","0","1","VEHICLE","-724.48","19.20","331.97","-724.48","-470.54","0","0","1","ROBOT","ROBOT","7.62","-724.48","-725.26","0.00","0","","0","0","0","0","1","",""
"v2r_boost_long_s60","v2r_boost_long","60","PASS","355.29","-723.61","-352.53","0.99","-0.85","0","VEHICLE","-724.48","19.20","354.33","-724.48","-354.2","0","0","1","ROBOT","ROBOT","7.62","-724.48","-725.15","0.00","0","","0.5","0","0","0","1","",""
"v2r_boost_long_s61","v2r_boost_long","61","PASS","264.08","-716.04","-336.25","0.03","-3.92","0","VEHICLE","-716.68","0.63","229.71","-706.72","-337.44","14","0","1","ROBOT","ROBOT","7.62","-706.72","-717.32","-9.96","0","","-0.03","0","0","0","1","",""
"v2r_boost_long_s62","v2r_boost_long","62","PASS","95.66","-727.04","-402.65","29.02","0","1","VEHICLE","-727.04","15.36","94.44","-727.04","-438.82","0","0","1","ROBOT","ROBOT","7.62","-727.04","-727.82","0.00","0","","0","0","0","0","1","",""
"v2r_boost_long_s63","v2r_boost_long","63","PASS","192.91","-726.4","-488.63","29.23","0","1","VEHICLE","-726.40","4.09","194.92","-724.48","-423.19","14","0","1","ROBOT","ROBOT","7.62","-724.48","-727.18","-1.92","0","","0","0","0","0","1","",""
"v2r_boost_long_s64","v2r_boost_long","64","INFO large_drop","151.58","-721.92","-528.56","21.42","0","1","VEHICLE","-721.92","21.76","186.69","-726.4","-496","14","0","1","ROBOT","ROBOT","7.62","-726.40","-726.4","4.48","0","","0","0","0","0","1","",""
"v2r_boost_long_s65","v2r_boost_long","65","PASS","193.36","-725.87","-471.04","0","1.42","1","VEHICLE","-726.40","3.67","195.27","-726.4","-471.04","0","0","1","ROBOT","ROBOT","7.62","-726.40","-727.06","0.00","0","","-0.36","0","0","0","1","",""
"v2r_boost_long_s66","v2r_boost_long","66","PASS","180.17","-724.48","-396.95","28.46","0","1","VEHICLE","-724.48","1.28","179.58","-722.7","-431.89","14","0","1","ROBOT","ROBOT","7.62","-722.70","-725.26","-1.78","0","","0","0","0","0","1","",""
"v2r_boost_long_s67","v2r_boost_long","67","PASS","272.57","-724.01","-436.02","18.37","1.23","1","VEHICLE","-724.48","19.20","262.85","-724.48","-478.31","14","0","1","ROBOT","ROBOT","7.62","-724.48","-725.15","0.00","0","","0.47","0","0","0","1","",""
"v2r_boost_long_s68","v2r_boost_long","68","PASS","149.61","-716.05","-417.43","5.43","1.4","1","VEHICLE","-716.80","25.60","151.08","-716.8","-417.26","0","0","1","ROBOT","ROBOT","7.62","-716.80","-717.43","0.00","0","","0.75","1","0","0","1","",""
"v2r_boost_long_s69","v2r_boost_long","69","PASS","163.58","-716.8","-594.35","16.76","0","1","VEHICLE","-716.80","26.88","197.49","-719.44","-565.52","14","0","1","ROBOT","ROBOT","7.62","-719.44","-719.44","2.64","0","","-0.92","0","0","0","1","",""
"v2r_boost_long_s7","v2r_boost_long","7","PASS","76.16","-720.92","-563.83","0.13","-2.45","0","VEHICLE","-721.70","2.56","76.16","-721.7","-565.39","0","0","1","ROBOT","ROBOT","7.62","-721.70","-722.4","0.00","0","","0.24","0","0","0","1","",""
"v2r_boost_long_s70","v2r_boost_long","70","PASS","191.04","-723.49","-542.4","24.3","-8.41","0","VEHICLE","-726.40","17.28","200.59","-726.4","-542.33","0","0","1","ROBOT","ROBOT","7.62","-726.40","-727.04","0.00","0","","-1.89","1","0","0","1","",""
"v2r_boost_long_s71","v2r_boost_long","71","PASS","75.5","-721.13","-545.04","0.04","1.44","1","VEHICLE","-721.70","2.56","75.5","-721.7","-543.53","0","0","1","ROBOT","ROBOT","7.62","-721.70","-722.34","0.00","0","","-0.25","0","0","0","1","",""
"v2r_boost_long_s72","v2r_boost_long","72","INFO large_drop","257.11","-715.87","-399.54","29.35","-1.94","0","VEHICLE","-717.38","6.65","200.75","-724.48","-434.99","14","0","1","ROBOT","ROBOT","7.62","-724.48","-724.81","7.10","0","","1.69","0","0","0","1","",""
"v2r_boost_long_s73","v2r_boost_long","73","PASS","228.43","-723.96","-365.63","0","1.29","1","VEHICLE","-724.45","0.03","228.4","-724.46","-364.24","0","0","1","ROBOT","ROBOT","6.28","-724.46","-725.12","0.01","0","","0.34","0","1","0","1","",""
"v2r_boost_long_s74","v2r_boost_long","74","PASS","229.93","-706.4","-347.93","0.12","0","1","VEHICLE","-706.72","0.44","230.22","-706.72","-348.22","0.09","0","1","ROBOT","ROBOT","7.62","-706.72","-707.44","0.00","0","","-0.53","0","1","0","1","",""
"v2r_boost_long_s75","v2r_boost_long","75","PASS","75.22","-721.01","-564.12","0.07","1.39","1","VEHICLE","-721.70","2.56","75.81","-721.7","-565.52","0","0","1","ROBOT","ROBOT","7.62","-721.70","-722.33","0.00","0","","0.1","0","0","0","1","",""
"v2r_boost_long_s76","v2r_boost_long","76","PASS","303.55","-705.81","-428.43","0.19","1.27","1","VEHICLE","-706.51","0.05","302.08","-706.56","-428.5","0.02","0","1","ROBOT","ROBOT","7.62","-706.56","-707.19","0.05","0","","0.32","0","1","0","1","",""
"v2r_boost_long_s77","v2r_boost_long","77","PASS","141.06","-705.58","-351.85","0.33","1.25","1","VEHICLE","-706.18","0.32","141.17","-706.32","-353.25","0.03","0","1","ROBOT","ROBOT","7.62","-706.32","-706.94","0.14","0","","-0.05","0","1","0","1","",""
"v2r_boost_long_s78","v2r_boost_long","78","PASS","222.7","-706.54","-454.77","29.79","0","1","VEHICLE","-706.54","0.00","156.06","-706.54","-453.54","14","0","1","ROBOT","ROBOT","7.62","-706.54","-707.32","0.00","0","","0","0","1","0","1","",""
"v2r_boost_long_s79","v2r_boost_long","79","PASS","222.28","-706.54","-458.24","29.79","0","1","VEHICLE","-706.54","0.00","288.93","-706.54","-458.24","14","0","1","ROBOT","ROBOT","7.62","-706.54","-707.32","0.00","0","","0","0","1","0","1","",""
"v2r_boost_long_s8","v2r_boost_long","8","PASS","329.73","-723.82","-459.06","0.16","1.41","1","VEHICLE","-724.48","19.20","329.1","-724.48","-457.74","0","0","1","ROBOT","ROBOT","7.62","-724.48","-725.12","0.00","0","","0.04","0","0","0","1","",""
"v2r_boost_long_s80","v2r_boost_long","80","PASS","336.65","-724.48","-386.85","27.45","0","1","VEHICLE","-724.48","19.20","334.96","-724.48","-367.95","0.57","0","1","ROBOT","ROBOT","7.62","-724.48","-725.26","0.00","0","","-0.06","0","0","0","1","",""
"v2r_boost_long_s81","v2r_boost_long","81","PASS","227.9","-723.7","-464.32","15.61","1.52","1","VEHICLE","-724.48","0.27","212.81","-724.48","-462.48","0","0","1","ROBOT","ROBOT","7.62","-724.48","-725.1","0.00","0","","0.78","0","1","0","1","",""
"v2r_boost_long_s82","v2r_boost_long","82","PASS","109.98","-706.24","-385.28","0","0.68","1","VEHICLE","-706.56","5.12","111.42","-706.56","-385.28","0","0","1","ROBOT","ROBOT","7.62","-706.56","-707.26","0.00","0","","-0.5","0","0","0","1","",""
"v2r_boost_long_s83","v2r_boost_long","83","PASS","83.3","-726.69","-415.6","0","0.89","1","VEHICLE","-727.04","16.64","81.91","-726.92","-415.59","0","0","1","ROBOT","ROBOT","7.62","-726.92","-727.73","-0.12","0","","-0.6","0","0","0","1","",""
"v2r_boost_long_s9","v2r_boost_long","9","PASS","348.5","-724.05","-353.53","0.01","1.21","1","VEHICLE","-724.48","19.20","347.38","-724.48","-354.34","0","0","1","ROBOT","ROBOT","4.29","-724.48","-725.15","0.00","0","","-0.47","0","0","0","1","",""
"v2r_boost_s0","v2r_boost","0","PASS","143.31","-725.6","-474.42","3.69","1.35","1","VEHICLE","-726.40","1.28","144.71","-726.4","-473.72","0.23","0","1","ROBOT","ROBOT","7.62","-726.40","-727.03","0.00","0","","0.8","0","0","0","1","",""
"v2r_boost_s1","v2r_boost","1","PASS","136.81","-716.37","-621.82","15.75","-4.39","0","VEHICLE","-716.70","0.09","160.75","-716.8","-589.27","14","0","1","ROBOT","ROBOT","7.62","-716.80","-717.46","0.10","0","","-0.25","0","1","0","1","",""
"v2r_boost_s10","v2r_boost","10","PASS","303.74","-705.62","-430.84","0","1.08","1","VEHICLE","-706.51","0.04","302.08","-706.56","-430.84","0","0","1","ROBOT","ROBOT","7.62","-706.56","-707.18","0.05","0","","0.54","0","1","0","1","",""
"v2r_boost_s11","v2r_boost","11","PASS","144.9","-716.8","-411.64","20.44","0","1","VEHICLE","-716.80","25.60","150.29","-716.8","-412.64","0.35","0","1","ROBOT","ROBOT","7.62","-716.80","-717.58","0.00","0","","-1.58","1","0","0","1","",""
"v2r_boost_s12","v2r_boost","12","PASS","143.86","-725.77","-473.67","2.65","-3.42","0","VEHICLE","-726.40","1.28","144.8","-726.4","-472.95","0.23","0","1","ROBOT","ROBOT","7.62","-726.40","-727.12","0.00","0","","0.02","0","0","0","1","",""
"v2r_boost_s13","v2r_boost","13","PASS","153.65","-726.4","-467.89","27.45","0","1","VEHICLE","-726.40","1.28","195.27","-726.4","-467.89","0","0","1","ROBOT","ROBOT","7.62","-726.40","-727.18","0.00","0","","0","0","0","0","1","",""
"v2r_boost_s14","v2r_boost","14","PASS","142.72","-706.13","-350.25","27.45","0","1","VEHICLE","-706.13","0.37","142.72","-706.39","-353.24","0","0","1","ROBOT","ROBOT","7.62","-706.39","-707.1","0.26","0","","-0.06","1","1","0","1","",""
"v2r_boost_s15","v2r_boost","15","PASS","335.94","-723.92","-478.01","2.57","1.41","1","VEHICLE","-724.48","19.20","334.61","-724.48","-478.69","0.22","0","1","ROBOT","ROBOT","7.62","-724.48","-725.14","0.00","0","","0.56","0","0","0","1","",""
"v2r_boost_s16","v2r_boost","16","PASS","336.89","-706.56","-343.34","27.45","0","1","VEHICLE","-706.56","1.54","298.99","-707.18","-357.83","0","0","1","ROBOT","ROBOT","7.62","-707.18","-707.34","0.62","0","","0","0","0","0","1","",""
"v2r_boost_s17","v2r_boost","17","PASS","73.02","-721.7","-542.14","27.45","0","1","VEHICLE","-721.70","2.56","76.77","-721.7","-565.19","0","0","1","ROBOT","ROBOT","7.62","-721.70","-722.48","0.00","0","","0","0","0","0","1","",""
"v2r_boost_s18","v2r_boost","18","PASS","249.22","-724.48","-475.18","14.74","0","1","VEHICLE","-724.48","19.20","242.55","-724.48","-463.71","0","0","1","ROBOT","ROBOT","7.62","-724.48","-725.26","0.00","0","","-0.95","0","0","0","1","",""
"v2r_boost_s19","v2r_boost","19","PASS","224.22","-706.72","-340.25","20.08","0","1","VEHICLE","-706.72","0.33","224.41","-706.72","-348.22","0","0","1","ROBOT","ROBOT","7.62","-706.72","-707.51","0.00","0","","-0.78","1","1","0","1","",""
"v2r_boost_s2","v2r_boost","2","PASS","73.18","-721.7","-567.54","27.45","0","1","VEHICLE","-721.70","2.56","76.77","-721.7","-543.97","0","0","1","ROBOT","ROBOT","7.62","-721.70","-722.48","0.00","0","","0","0","0","0","1","",""
"v2r_boost_s20","v2r_boost","20","PASS","141.9","-716.8","-415.48","23.15","0","1","VEHICLE","-716.80","25.60","151","-716.8","-416.46","0.35","0","1","ROBOT","ROBOT","7.62","-716.80","-717.58","0.00","0","","-4.66","1","0","0","1","",""
"v2r_boost_s21","v2r_boost","21","PASS","347.85","-724.48","-338.65","27.45","0","1","VEHICLE","-724.48","19.20","285.97","-724.48","-338.65","14","0","1","ROBOT","ROBOT","7.62","-724.48","-725.26","0.00","0","","0","0","0","0","1","",""
"v2r_boost_s22","v2r_boost","22","PASS","142.72","-705.86","-341.29","27.45","0","1","VEHICLE","-705.86","0.67","142.72","-706.39","-353.24","0","0","1","ROBOT","ROBOT","7.62","-706.39","-706.88","0.53","0","","0.06","1","0","0","1","",""
"v2r_boost_s23","v2r_boost","23","PASS","59.02","-720.82","-567.2","10.42","1.22","1","VEHICLE","-721.70","2.56","76.37","-721.7","-543.84","0","0","1","ROBOT","ROBOT","7.62","-721.70","-722.32","0.00","0","","0.88","0","0","0","1","",""
"v2r_boost_s24","v2r_boost","24","PASS","157.49","-726.4","-461.49","27.45","0","1","VEHICLE","-726.40","1.28","193.35","-726.4","-461.49","0","0","1","ROBOT","ROBOT","7.62","-726.40","-727.18","0.00","0","","0","0","0","0","1","",""
"v2r_boost_s25","v2r_boost","25","PASS","135.04","-706.22","-350.25","27.41","-0.97","0","VEHICLE","-706.31","0.25","136.03","-706.56","-353.67","0","0","1","ROBOT","ROBOT","7.62","-706.56","-707.28","0.25","0","","-0.02","1","1","0","1","",""
"v2r_boost_s26","v2r_boost","26","PASS","141.63","-716.8","-423.16","23.23","0","1","VEHICLE","-716.80","25.60","151.06","-716.8","-424.85","0","0","1","ROBOT","ROBOT","7.62","-716.80","-717.58","0.00","0","","-3.99","0","0","0","1","",""
"v2r_boost_s27","v2r_boost","27","PASS","333.56","-723.97","-468.63","11.28","1.34","1","VEHICLE","-724.48","19.20","329.27","-724.48","-459.65","1.21","0","1","ROBOT","ROBOT","7.62","-724.48","-725.14","0.00","0","","0.51","0","0","0","1","",""
"v2r_boost_s28","v2r_boost","28","INFO large_drop","147.84","-706.12","-345.13","27.45","0","1","VEHICLE","-706.12","0.40","147.84","-725.39","-388.92","14","0","1","ROBOT","ROBOT","7.62","-725.39","-725.39","19.26","0","","-0.24","0","1","0","1","",""
"v2r_boost_s29","v2r_boost","29","PASS","327.13","-723.92","-445.82","22.97","1.41","1","VEHICLE","-724.48","19.20","303.65","-724.4","-399.73","14.34","0","1","ROBOT","ROBOT","7.62","-724.40","-725.14","-0.08","0","","0.56","0","0","0","1","",""
"v2r_boost_s3","v2r_boost","3","PASS","303.74","-706.13","-421.88","0","-4.45","0","VEHICLE","-706.51","0.04","302.08","-706.56","-421.88","0","0","1","ROBOT","ROBOT","7.62","-706.56","-707.27","0.05","0","","-0.28","0","1","0","1","",""
"v2r_boost_s30","v2r_boost","30","PASS","62.78","-721.7","-542.14","27.45","0","1","VEHICLE","-721.70","2.56","76.64","-721.7","-565.24","0","0","1","ROBOT","ROBOT","7.62","-721.70","-722.48","0.00","0","","0","0","0","0","1","",""
"v2r_boost_s31","v2r_boost","31","PASS","52.7","-721.7","-567.54","27.45","0","1","VEHICLE","-721.70","2.56","76.37","-721.7","-543.84","0","0","1","ROBOT","ROBOT","7.62","-721.70","-722.48","0.00","0","","0","0","0","0","1","",""
"v2r_boost_s32","v2r_boost","32","PASS","138.86","-716.8","-609.94","27.41","0","1","VEHICLE","-716.80","26.88","179.2","-716.8","-578.54","14","0","1","ROBOT","ROBOT","7.62","-716.80","-717.58","0.00","0","","-0.1","0","0","0","1","",""
"v2r_boost_s33","v2r_boost","33","PASS","226.04","-705.76","-346.84","0","-0.19","0","VEHICLE","-706.72","0.44","226.04","-706.72","-348.22","0","0","1","ROBOT","ROBOT","7.62","-706.72","-707.37","0.00","0","","0.57","0","1","0","1","",""
"v2r_boost_s34","v2r_boost","34","PASS","232.27","-724.48","-489.18","18.59","0","1","VEHICLE","-724.48","19.20","211.06","-722.95","-463.98","0","0","1","ROBOT","ROBOT","7.62","-722.95","-725.26","-1.53","0","","0","0","0","0","1","",""
"v2r_boost_s35","v2r_boost","35","PASS","353","-705.5","-346.23","19.33","-0.23","0","VEHICLE","-706.56","2.56","315.26","-706.54","-375.39","14","0","1","ROBOT","ROBOT","7.62","-706.54","-707.19","-0.02","0","","0.63","0","0","0","1","",""
"v2r_boost_s36","v2r_boost","36","PASS","219.91","-724.48","-477.4","27.45","0","1","VEHICLE","-724.48","0.10","211.74","-724.24","-464.06","0","0","1","ROBOT","ROBOT","7.62","-724.25","-725.26","-0.23","0","","0","0","1","0","1","",""
"v2r_boost_s37","v2r_boost","37","PASS","138.03","-716.34","-620.45","12.42","0.43","1","VEHICLE","-716.70","0.09","163.49","-716.8","-590.49","14","0","1","ROBOT","ROBOT","7.62","-716.80","-717.4","0.10","0","","0.46","0","1","0","1","",""
"v2r_boost_s38","v2r_boost","38","PASS","335.51","-724.48","-338.2","27.45","0","1","VEHICLE","-724.48","19.20","273.62","-720.1","-338.2","14","0","1","ROBOT","ROBOT","7.62","-720.10","-725.26","-4.38","0","","0","0","0","0","1","",""
"v2r_boost_s39","v2r_boost","39","PASS","62.94","-721.7","-577.78","27.45","0","1","VEHICLE","-721.70","2.56","76.67","-721.7","-543.94","0","0","1","ROBOT","ROBOT","7.62","-721.70","-722.48","0.00","0","","0","0","0","0","1","",""
"v2r_boost_s4","v2r_boost","4","PASS","138.29","-716.45","-627.86","19.38","0.21","1","VEHICLE","-716.80","26.88","159.01","-716.8","-590.95","14","0","1","ROBOT","ROBOT","6.02","-716.80","-717.5","0.00","0","","0.35","0","0","0","1","",""
"v2r_boost_s40","v2r_boost","40","PASS","229.88","-706.35","-346.84","0","0.57","1","VEHICLE","-706.72","0.44","229.88","-706.72","-348.22","0","0","1","ROBOT","ROBOT","7.62","-706.72","-707.42","0.00","0","","0.37","0","1","0","1","",""
"v2r_boost_s41","v2r_boost","41","PASS","162.61","-726.4","-467.89","27.45","0","1","VEHICLE","-726.40","17.28","195.27","-726.4","-467.89","0","0","1","ROBOT","ROBOT","7.62","-726.40","-727.18","0.00","0","","0","0","0","0","1","",""
"v2r_boost_s42","v2r_boost","42","PASS","303.74","-706.13","-430.84","0","-4.45","0","VEHICLE","-706.51","0.04","302.08","-706.56","-430.84","0","0","1","ROBOT","ROBOT","7.62","-706.56","-707.27","0.05","0","","-0.28","0","1","0","1","",""
"v2r_boost_s43","v2r_boost","43","PASS","62.94","-721.7","-567.54","27.45","0","1","VEHICLE","-721.70","2.56","76.67","-721.7","-543.85","0","0","1","ROBOT","ROBOT","7.62","-721.70","-722.48","0.00","0","","0","0","0","0","1","",""
"v2r_boost_s44","v2r_boost","44","PASS","303.74","-705.62","-421.88","0","1.08","1","VEHICLE","-706.51","0.04","302.08","-706.56","-421.88","0","0","1","ROBOT","ROBOT","7.62","-706.56","-707.18","0.05","0","","0.54","0","1","0","1","",""
"v2r_boost_s45","v2r_boost","45","PASS","303.74","-706.06","-427","0","1.27","1","VEHICLE","-706.51","0.04","302.08","-706.56","-427","0","0","1","ROBOT","ROBOT","7.62","-706.56","-707.23","0.05","0","","-0.47","0","1","0","1","",""
"v2r_boost_s46","v2r_boost","46","PASS","340.48","-706.24","-333.15","27.37","-0.65","1","VEHICLE","-706.27","0.29","302.08","-706.56","-333.15","0","0","1","ROBOT","ROBOT","7.62","-706.56","-707.28","0.29","0","","0.3","0","1","0","1","",""
"v2r_boost_s47","v2r_boost","47","PASS","244.53","-724.48","-471.19","19.05","0","1","VEHICLE","-724.48","19.20","212.81","-724.48","-462.56","0","0","1","ROBOT","ROBOT","7.62","-724.48","-725.26","0.00","0","","0","0","0","0","1","",""
"v2r_boost_s48","v2r_boost","48","PASS","222.69","-706.72","-345.36","21.99","0","1","VEHICLE","-706.72","0.44","222.69","-706.72","-348.22","0","0","1","ROBOT","ROBOT","7.62","-706.72","-707.51","0.00","0","","0","1","1","0","1","",""
"v2r_boost_s49","v2r_boost","49","PASS","135.04","-706.09","-341.29","27.45","0","1","VEHICLE","-706.09","0.71","136.14","-706.56","-353.78","0","0","1","ROBOT","ROBOT","7.62","-706.56","-707.07","0.47","0","","0.38","0","0","0","1","",""
"v2r_boost_s5","v2r_boost","5","PASS","131.18","-716.7","-620.18","27.45","0","1","VEHICLE","-716.70","0.09","173.78","-716.8","-577.27","0.84","0","1","ROBOT","ROBOT","7.62","-716.80","-717.48","0.10","0","","0.1","0","1","0","1","",""
"v2r_boost_s50","v2r_boost","50","PASS","52.54","-721.7","-542.14","27.45","0","1","VEHICLE","-721.70","2.56","76.37","-721.7","-565.32","0","0","1","ROBOT","ROBOT","7.62","-721.70","-722.48","0.00","0","","0","0","0","0","1","",""
"v2r_boost_s51","v2r_boost","51","INFO large_drop","126.85","-711.49","-418.87","13.33","-3.97","0","VEHICLE","-712.38","5.12","151.09","-716.8","-417.29","0","0","1","ROBOT","ROBOT","7.62","-716.80","-717.16","4.41","0","","-3.64","0","0","0","1","",""
"v2r_boost_s52","v2r_boost","52","PASS","328","-706.56","-333.15","27.23","0","1","VEHICLE","-706.56","2.56","302.08","-706.56","-333.15","0","0","1","ROBOT","ROBOT","7.62","-706.56","-707.34","0.00","0","","-0.34","0","0","0","1","",""
"v2r_boost_s53","v2r_boost","53","PASS","147.02","-716.8","-427","22.53","0","1","VEHICLE","-716.80","25.60","150.94","-716.8","-425.92","0.35","0","1","ROBOT","ROBOT","7.62","-716.80","-717.58","0.00","0","","-0.2","1","0","0","1","",""
"v2r_boost_s54","v2r_boost","54","PASS","229.88","-705.99","-346.84","0","1.42","1","VEHICLE","-706.72","0.44","229.88","-706.72","-348.22","0","0","1","ROBOT","ROBOT","7.62","-706.72","-707.36","0.00","0","","0.73","0","1","0","1","",""
"v2r_boost_s55","v2r_boost","55","PASS","340.12","-706.56","-358.22","27.45","0","1","VEHICLE","-706.56","0.72","296.23","-706.51","-402.62","14","0","1","ROBOT","ROBOT","7.62","-706.51","-707.34","-0.05","0","","0","0","0","0","1","",""
"v2r_boost_s56","v2r_boost","56","PASS","346.41","-723.8","-331.44","20.26","1.45","1","VEHICLE","-724.48","19.20","303.79","-724.4","-342.58","14","0","1","ROBOT","ROBOT","7.62","-724.40","-725.11","-0.08","0","","0.68","0","0","0","1","",""
"v2r_boost_s57","v2r_boost","57","PASS","352.78","-724.48","-331.33","27.45","0","1","VEHICLE","-724.48","19.20","292.98","-724.4","-333.93","14","0","1","ROBOT","ROBOT","7.62","-724.40","-725.26","-0.08","0","","0","0","0","0","1","",""
"v2r_boost_s58","v2r_boost","58","PASS","58.99","-720.84","-542.75","10.44","1.25","1","VEHICLE","-721.70","2.56","76.36","-721.7","-565.32","0","0","1","ROBOT","ROBOT","7.62","-721.70","-722.32","0.00","0","","0.86","0","0","0","1","",""
"v2r_boost_s59","v2r_boost","59","PASS","236.57","-724.48","-493.92","13.49","0","1","VEHICLE","-724.48","19.20","210.94","-722.73","-464.57","10.29","0","1","ROBOT","ROBOT","7.62","-722.72","-725.26","-1.76","0","","-0.96","0","0","0","1","",""
"v2r_boost_s6","v2r_boost","6","PASS","341.15","-723.83","-483.55","12.25","1.46","1","VEHICLE","-724.48","19.20","332.88","-724.48","-480.16","0","0","1","ROBOT","ROBOT","4.66","-724.48","-725.12","0.00","0","","0.65","0","0","0","1","",""
"v2r_boost_s60","v2r_boost","60","PASS","353.61","-723.71","-350.27","1.02","1.35","1","VEHICLE","-724.48","19.20","354.7","-724.48","-351.25","0.51","0","1","ROBOT","ROBOT","7.62","-724.48","-725.11","0.00","0","","0.77","0","0","0","1","",""
"v2r_boost_s61","v2r_boost","61","PASS","277.37","-721.08","-338.49","19.46","5.38","1","VEHICLE","-721.44","0.63","230.09","-706.72","-333.05","14","0","1","ROBOT","ROBOT","7.62","-706.72","-721.78","-14.71","0","","3.4","0","0","0","1","",""
"v2r_boost_s62","v2r_boost","62","INFO large_drop","95.86","-718.88","-335.81","25.1","-13.26","0","VEHICLE","-720.57","23.11","95.68","-727.04","-393.49","14","0","1","ROBOT","ROBOT","7.62","-727.04","-727.35","6.47","0","","-4.22","0","0","0","1","",""
"v2r_boost_s63","v2r_boost","63","INFO large_drop","190.83","-721.44","-556.38","25.1","-13.26","0","VEHICLE","-722.49","3.91","192.6","-726.4","-498.8","14","0","1","ROBOT","ROBOT","7.62","-726.40","-726.87","3.91","0","","-4.22","0","0","0","1","",""
"v2r_boost_s64","v2r_boost","64","PASS","136.9","-716.8","-572.43","27.45","0","1","VEHICLE","-716.80","26.88","145.65","-716.8","-558.8","0.17","0","1","ROBOT","ROBOT","7.62","-716.80","-717.58","0.00","0","","0","0","0","0","1","",""
"v2r_boost_s65","v2r_boost","65","PASS","153.65","-726.4","-471.04","27.45","0","1","VEHICLE","-726.40","1.28","195.27","-726.4","-471.04","0","0","1","ROBOT","ROBOT","7.62","-726.40","-727.18","0.00","0","","0","0","0","0","1","",""
"v2r_boost_s66","v2r_boost","66","INFO large_drop","181.12","-718.16","-335.11","21.86","-9.75","0","VEHICLE","-719.28","6.48","180.32","-724.48","-387.26","14","0","1","ROBOT","ROBOT","7.62","-724.48","-724.78","5.20","0","","-2.52","0","0","0","1","",""
"v2r_boost_s67","v2r_boost","67","PASS","267.95","-723.38","-387.21","10.21","-2.95","0","VEHICLE","-724.13","0.35","270.96","-724.48","-428.5","14","0","1","ROBOT","ROBOT","7.62","-724.48","-724.81","0.35","0","","0.21","0","1","0","1","",""
"v2r_boost_s68","v2r_boost","68","INFO large_drop","116.77","-706.1","-419.53","13.89","-3.23","0","VEHICLE","-706.66","0.15","149.8","-716.8","-419.06","0.56","0","1","ROBOT","ROBOT","7.62","-716.80","-716.8","10.14","0","","-0.55","0","1","0","1","",""
"v2r_boost_s69","v2r_boost","69","PASS","138.24","-716.2","-619.97","18.2","1.55","1","VEHICLE","-716.70","0.09","162.53","-716.8","-588.92","14","0","1","ROBOT","ROBOT","7.62","-716.80","-717.36","0.10","0","","0.6","0","1","0","1","",""
"v2r_boost_s7","v2r_boost","7","PASS","62.78","-721.7","-531.9","27.45","0","1","VEHICLE","-721.70","2.56","76.66","-721.7","-565.21","0","0","1","ROBOT","ROBOT","7.62","-721.70","-722.48","0.00","0","","0","0","0","0","1","",""
"v2r_boost_s70","v2r_boost","70","INFO large_drop","145.33","-716.35","-554.91","19.09","1.16","1","VEHICLE","-716.80","26.88","186.01","-723.16","-542.76","13.87","-8.33","0","ROBOT","ROBOT","7.62","-726.40","-723.16","9.60","0","","0.45","0","0","0","1","",""
"v2r_boost_s71","v2r_boost","71","PASS","65.41","-721.7","-567.23","27.45","0","1","VEHICLE","-721.70","2.56","76.66","-721.7","-543.91","0","0","1","ROBOT","ROBOT","7.62","-721.70","-722.48","0.00","0","","0","0","0","0","1","",""
"v2r_boost_s72","v2r_boost","72","INFO large_drop","318.07","-706.54","-361.2","27.45","-0.32","1","VEHICLE","-706.54","0.00","276.74","-724.37","-392.3","14","0","1","ROBOT","ROBOT","7.62","-724.37","-724.48","17.83","0","","0.02","0","1","0","1","",""
"v2r_boost_s73","v2r_boost","73","PASS","229.58","-713.65","-427.59","24.42","-16.49","0","VEHICLE","-724.48","0.21","228.53","-724.45","-370.87","14","0","1","ROBOT","ROBOT","3.78","-724.45","-724.96","-0.03","0","","-5.78","0","1","0","1","",""
"v2r_boost_s74","v2r_boost","74","PASS","227.4","-706.14","-346.88","1.34","1.43","1","VEHICLE","-706.72","0.44","227.73","-706.72","-348.22","0.09","0","1","ROBOT","ROBOT","7.62","-706.72","-707.37","0.00","0","","0.58","0","1","0","1","",""
"v2r_boost_s75","v2r_boost","75","PASS","67.28","-721.7","-544.52","27.45","0","1","VEHICLE","-721.70","2.56","76.71","-721.7","-565.28","0","0","1","ROBOT","ROBOT","7.62","-721.70","-722.48","0.00","0","","0","0","0","0","1","",""
"v2r_boost_s76","v2r_boost","76","PASS","303.72","-705.62","-427.94","0.21","1.08","1","VEHICLE","-706.51","0.05","302.08","-706.56","-428","0.02","0","1","ROBOT","ROBOT","7.62","-706.56","-707.18","0.05","0","","0.54","0","1","0","1","",""
"v2r_boost_s77","v2r_boost","77","PASS","140.23","-706.02","-337.97","27.45","0","1","VEHICLE","-706.02","0.28","140.55","-706.35","-353.25","0.03","0","1","ROBOT","ROBOT","7.62","-706.35","-706.78","0.33","0","","0.13","0","1","0","1","",""
"v2r_boost_s78","v2r_boost","78","PASS","295.36","-706.54","-456.11","27.45","0","1","VEHICLE","-706.54","0.00","254.93","-706.54","-455.35","14","0","1","ROBOT","ROBOT","7.62","-706.54","-707.32","0.00","0","","0","1","1","0","1","",""
"v2r_boost_s79","v2r_boost","79","PASS","149.6","-706.54","-458.24","27.45","0","1","VEHICLE","-706.54","0.00","211.49","-706.54","-458.24","14","0","1","ROBOT","ROBOT","7.62","-706.54","-707.32","0.00","0","","0","0","1","0","1","",""
"v2r_boost_s8","v2r_boost","8","PASS","329.71","-723.6","-459.45","0.12","1.22","1","VEHICLE","-724.48","19.20","329.1","-724.48","-457.74","0","0","1","ROBOT","ROBOT","7.62","-724.48","-725.1","0.00","0","","0.88","0","0","0","1","",""
"v2r_boost_s80","v2r_boost","80","PASS","339.2","-723.54","-434.81","6.82","1.11","1","VEHICLE","-724.48","19.20","337.29","-724.4","-393.72","14","0","1","ROBOT","ROBOT","7.62","-724.40","-725.1","-0.08","0","","0.59","0","0","0","1","",""
"v2r_boost_s81","v2r_boost","81","PASS","250.04","-724.3","-488.76","5.15","-5.36","0","VEHICLE","-724.48","19.20","230.86","-724.48","-464.06","14","0","1","ROBOT","ROBOT","7.62","-724.48","-725.26","0.00","0","","-0.57","0","0","0","1","",""
"v2r_boost_s82","v2r_boost","82","PASS","109.98","-706.13","-385.28","0","1.27","1","VEHICLE","-706.56","5.12","111.42","-706.56","-385.28","0","0","1","ROBOT","ROBOT","7.62","-706.56","-707.23","0.00","0","","-0.53","0","0","0","1","",""
"v2r_boost_s83","v2r_boost","83","PASS","84.06","-727.04","-415.05","10.17","0","1","VEHICLE","-727.04","16.64","81.91","-726.92","-415.3","0","0","1","ROBOT","ROBOT","7.62","-726.92","-727.82","-0.12","0","","-0.81","1","0","0","1","",""
"v2r_boost_s9","v2r_boost","9","PASS","348.63","-723.84","-353.46","0.93","1.43","1","VEHICLE","-724.48","19.20","347.41","-724.48","-354.42","0","0","1","ROBOT","ROBOT","4.3","-724.48","-725.12","0.00","0","","0.64","0","0","0","1","",""
"v2r_boost_turn_s0","v2r_boost_turn","0","PASS","143.3","-725.6","-474.46","3.32","1.35","1","VEHICLE","-726.40","1.28","144.37","-726.4","-499.25","14","0","1","ROBOT","ROBOT","7.62","-726.40","-727.03","0.00","0","","0.8","0","0","0","1","",""
"v2r_boost_turn_s1","v2r_boost_turn","1","PASS","136.76","-716.39","-621.93","15.45","-4.43","0","VEHICLE","-716.70","0.09","140.43","-716.8","-628.6","0","0","1","ROBOT","ROBOT","2.16","-716.80","-717.46","0.10","0","","-0.27","1","1","0","1","",""
"v2r_boost_turn_s10","v2r_boost_turn","10","PASS","303.61","-705.62","-430.73","1.91","1.04","1","VEHICLE","-706.51","0.05","303.17","-706.51","-403.88","14","0","1","ROBOT","ROBOT","7.62","-706.51","-707.18","0.00","0","","0.54","0","1","0","1","",""
"v2r_boost_turn_s11","v2r_boost_turn","11","PASS","144.9","-716.8","-411.64","20.44","0","1","VEHICLE","-716.80","25.60","150.44","-716.8","-425.96","14","0","1","ROBOT","ROBOT","3.14","-716.80","-717.58","0.00","0","","-1.58","0","0","0","1","",""
"v2r_boost_turn_s12","v2r_boost_turn","12","PASS","143.91","-725.77","-474.07","2.21","-3.43","0","VEHICLE","-726.40","1.28","142.51","-726.14","-501.9","14","0","1","ROBOT","ROBOT","7.62","-726.14","-727.12","-0.26","0","","0.02","0","0","0","1","",""
"v2r_boost_turn_s13","v2r_boost_turn","13","PASS","153.65","-726.4","-467.89","27.45","0","1","VEHICLE","-726.40","1.28","195.27","-725.95","-489.34","13.83","-10.29","0","ROBOT","ROBOT","4.54","-726.40","-727.18","0.00","0","","0","0","0","0","1","",""
"v2r_boost_turn_s14","v2r_boost_turn","14","PASS","142.72","-706.13","-350.25","27.45","0","1","VEHICLE","-706.13","0.37","128.57","-706.22","-353.22","14","0","1","ROBOT","ROBOT","2.45","-706.22","-707.1","0.08","0","","-0.06","1","1","0","1","",""
"v2r_boost_turn_s15","v2r_boost_turn","15","PASS","335.94","-723.92","-478.01","2.52","1.41","1","VEHICLE","-724.48","19.20","331.04","-724.48","-452.9","14","0","1","ROBOT","ROBOT","2.25","-724.48","-725.14","0.00","0","","0.56","0","0","0","1","",""
"v2r_boost_turn_s16","v2r_boost_turn","16","PASS","336.89","-706.56","-343.34","27.45","0","1","VEHICLE","-706.56","1.54","299.56","-702.34","-338.02","14","0","1","ROBOT","ROBOT","7.62","-702.34","-707.34","-4.22","0","","0","0","0","0","1","",""
"v2r_boost_turn_s17","v2r_boost_turn","17","PASS","73.02","-721.7","-542.14","27.45","0","1","VEHICLE","-721.70","2.56","66.59","-721.7","-575.98","14","0","1","ROBOT","ROBOT","7.62","-721.70","-722.48","0.00","0","","0","0","0","0","1","",""
"v2r_boost_turn_s18","v2r_boost_turn","18","PASS","249.35","-724.48","-474.63","15.67","0","1","VEHICLE","-724.48","19.20","260.7","-724.48","-459.57","14","0","1","ROBOT","ROBOT","7.62","-724.48","-725.26","0.00","0","","-0.96","0","0","0","1","",""
"v2r_boost_turn_s19","v2r_boost_turn","19","PASS","222.83","-706.72","-340.53","19.52","0","1","VEHICLE","-706.72","0.33","187.85","-706.55","-345.45","14","0","1","ROBOT","ROBOT","7.62","-706.55","-707.51","-0.17","0","","-0.77","0","1","0","1","",""
"v2r_boost_turn_s2","v2r_boost_turn","2","PASS","73.18","-721.7","-567.54","27.45","0","1","VEHICLE","-721.70","2.56","76.66","-721.7","-559.54","11.21","0","1","ROBOT","ROBOT","7.62","-721.70","-722.48","0.00","0","","0","0","0","0","1","",""
"v2r_boost_turn_s20","v2r_boost_turn","20","PASS","141.9","-716.8","-415.48","23.15","0","1","VEHICLE","-716.80","25.60","150.48","-716.8","-429.04","14","0","1","ROBOT","ROBOT","5.01","-716.80","-717.58","0.00","0","","-4.66","0","0","0","1","",""
"v2r_boost_turn_s21","v2r_boost_turn","21","PASS","347.85","-724.48","-338.65","27.45","0","1","VEHICLE","-724.48","19.20","310.37","-724.4","-334.48","1.24","0","1","ROBOT","ROBOT","7.62","-724.40","-725.26","-0.08","0","","0","0","0","0","1","",""
"v2r_boost_turn_s22","v2r_boost_turn","22","PASS","142.72","-705.86","-341.29","27.45","0","1","VEHICLE","-705.86","0.67","128.57","-706.22","-353.22","14","0","1","ROBOT","ROBOT","2.44","-706.22","-706.88","0.35","0","","0.06","0","0","0","1","",""
"v2r_boost_turn_s23","v2r_boost_turn","23","PASS","59.09","-720.82","-567.21","11.08","1.24","1","VEHICLE","-721.70","2.56","75.32","-721.7","-565.92","0.15","0","1","ROBOT","ROBOT","7.62","-721.70","-722.32","0.00","0","","0.88","0","0","0","1","",""
"v2r_boost_turn_s24","v2r_boost_turn","24","PASS","157.49","-726.4","-461.49","27.45","0","1","VEHICLE","-726.40","1.28","196.81","-726.4","-470.14","2.21","0","1","ROBOT","ROBOT","2.54","-726.40","-727.18","0.00","0","","0","0","0","0","1","",""
"v2r_boost_turn_s25","v2r_boost_turn","25","PASS","135.04","-706.22","-350.25","27.41","-0.97","0","VEHICLE","-706.31","0.25","122.79","-706.56","-353.29","14","0","1","ROBOT","ROBOT","2.37","-706.56","-707.28","0.25","0","","-0.02","1","1","0","1","",""
"v2r_boost_turn_s26","v2r_boost_turn","26","PASS","141.63","-716.8","-423.16","23.23","0","1","VEHICLE","-716.80","25.60","150.62","-716.8","-432.99","3.15","0","1","ROBOT","ROBOT","7.62","-716.80","-717.58","0.00","0","","-3.99","0","0","0","1","",""
"v2r_boost_turn_s27","v2r_boost_turn","27","PASS","333.56","-723.97","-468.63","11.3","1.34","1","VEHICLE","-724.48","19.20","335.54","-724.48","-448.46","14","0","1","ROBOT","ROBOT","7.62","-724.48","-725.14","0.00","0","","0.51","0","0","0","1","",""
"v2r_boost_turn_s28","v2r_boost_turn","28","INFO large_drop","147.84","-706.12","-345.13","27.45","0","1","VEHICLE","-706.12","0.40","124.8","-727.04","-376.65","14","0","1","ROBOT","ROBOT","7.62","-727.04","-727.04","20.92","0","","-0.24","0","1","0","1","",""
"v2r_boost_turn_s29","v2r_boost_turn","29","PASS","327.13","-723.92","-445.82","22.95","1.41","1","VEHICLE","-724.48","19.20","329","-724.48","-398.54","14","0","1","ROBOT","ROBOT","7.62","-724.48","-725.14","0.00","0","","0.56","0","0","0","1","",""
"v2r_boost_turn_s3","v2r_boost_turn","3","PASS","303.34","-705.7","-421.43","1.31","0.05","1","VEHICLE","-706.51","0.05","304.7","-706.51","-387.74","14","0","1","ROBOT","ROBOT","7.62","-706.51","-707.21","0.00","0","","0.15","0","1","0","1","",""
"v2r_boost_turn_s30","v2r_boost_turn","30","PASS","62.78","-721.7","-542.14","27.45","0","1","VEHICLE","-721.70","2.56","66.37","-721.7","-576.37","14","0","1","ROBOT","ROBOT","7.62","-721.70","-722.48","0.00","0","","0","0","0","0","1","",""
"v2r_boost_turn_s31","v2r_boost_turn","31","PASS","52.7","-721.7","-567.54","27.45","0","1","VEHICLE","-721.70","2.56","76.12","-721.7","-565.3","9.46","0","1","ROBOT","ROBOT","7.62","-721.70","-722.48","0.00","0","","0","0","0","0","1","",""
"v2r_boost_turn_s32","v2r_boost_turn","32","PASS","138.86","-716.8","-609.94","27.41","0","1","VEHICLE","-716.80","26.88","184.99","-716.8","-597.34","14","0","1","ROBOT","ROBOT","7.62","-716.80","-717.58","0.00","0","","-0.1","0","0","0","1","",""
"v2r_boost_turn_s33","v2r_boost_turn","33","PASS","225.84","-705.76","-347.06","1.44","-0.19","0","VEHICLE","-706.72","0.44","195.36","-706.55","-346.48","14","0","1","ROBOT","ROBOT","7.62","-706.55","-707.37","-0.17","0","","0.57","0","1","0","1","",""
"v2r_boost_turn_s34","v2r_boost_turn","34","PASS","235.13","-724.48","-487.39","18.2","0","1","VEHICLE","-724.48","19.20","235.23","-724.48","-462.62","13.87","0","1","ROBOT","ROBOT","2.66","-724.48","-725.26","0.00","0","","0","0","0","0","1","",""
"v2r_boost_turn_s35","v2r_boost_turn","35","PASS","353.01","-705.53","-345.98","18.63","-0.31","0","VEHICLE","-706.56","2.56","314.9","-706.54","-340.46","14","0","1","ROBOT","ROBOT","7.62","-706.54","-707.2","-0.02","0","","0.6","0","0","0","1","",""
"v2r_boost_turn_s36","v2r_boost_turn","36","PASS","219.91","-724.48","-477.4","27.45","0","1","VEHICLE","-724.48","0.10","216.66","-724.48","-462.83","13.82","0","1","ROBOT","ROBOT","7.62","-724.48","-725.26","0.00","0","","0","0","1","0","1","",""
"v2r_boost_turn_s37","v2r_boost_turn","37","PASS","138.03","-716.34","-620.45","12.42","0.43","1","VEHICLE","-716.70","0.09","139.73","-716.7","-616.11","1.18","0","1","ROBOT","ROBOT","7.62","-716.70","-717.4","0.00","0","","0.46","0","1","0","1","",""
"v2r_boost_turn_s38","v2r_boost_turn","38","PASS","335.51","-724.48","-338.2","27.45","0","1","VEHICLE","-724.48","19.20","295.88","-724.4","-332.82","0","0","1","ROBOT","ROBOT","7.62","-724.40","-725.26","-0.08","0","","0","0","0","0","1","",""
"v2r_boost_turn_s39","v2r_boost_turn","39","PASS","62.94","-721.7","-577.78","27.45","0","1","VEHICLE","-721.70","2.56","76.53","-721.7","-562.71","11.21","0","1","ROBOT","ROBOT","7.62","-721.70","-722.48","0.00","0","","0","0","0","0","1","",""
"v2r_boost_turn_s4","v2r_boost_turn","4","PASS","138.29","-716.45","-627.86","19.38","0.21","1","VEHICLE","-716.80","26.88","140.09","-716.79","-623.32","11.93","0","1","ROBOT","ROBOT","7.62","-716.79","-717.5","-0.01","0","","0.35","0","0","0","1","",""
"v2r_boost_turn_s40","v2r_boost_turn","40","PASS","229.88","-706.35","-346.84","0","0.57","1","VEHICLE","-706.72","0.44","205.87","-706.55","-349.29","14","0","1","ROBOT","ROBOT","2.39","-706.55","-707.42","-0.17","0","","0.37","0","1","0","1","",""
"v2r_boost_turn_s41","v2r_boost_turn","41","PASS","162.61","-726.4","-467.89","27.45","0","1","VEHICLE","-726.40","17.28","196.72","-725.71","-473.55","0.5","0","1","ROBOT","ROBOT","2.64","-725.72","-727.18","-0.68","0","","0","0","0","0","1","",""
"v2r_boost_turn_s42","v2r_boost_turn","42","PASS","303.34","-705.73","-430.38","1.42","0.02","1","VEHICLE","-706.51","0.05","305.27","-706.55","-402.09","14","0","1","ROBOT","ROBOT","7.62","-706.55","-707.22","0.03","0","","0.12","0","1","0","1","",""
"v2r_boost_turn_s43","v2r_boost_turn","43","PASS","62.94","-721.7","-567.54","27.45","0","1","VEHICLE","-721.70","2.56","76.53","-721.7","-552.47","11.21","0","1","ROBOT","ROBOT","7.62","-721.70","-722.48","0.00","0","","0","0","0","0","1","",""
"v2r_boost_turn_s44","v2r_boost_turn","44","PASS","303.61","-705.61","-421.77","1.9","1.11","1","VEHICLE","-706.51","0.05","302.61","-706.56","-391.98","14","0","1","ROBOT","ROBOT","7.62","-706.56","-707.18","0.05","0","","0.55","0","1","0","1","",""
"v2r_boost_turn_s45","v2r_boost_turn","45","PASS","302.99","-705.58","-426.04","2.94","0.54","1","VEHICLE","-706.55","0.01","307.32","-706.54","-389.57","14","0","1","ROBOT","ROBOT","7.62","-706.54","-707.19","-0.01","0","","0","0","1","0","1","",""
"v2r_boost_turn_s46","v2r_boost_turn","46","PASS","340.48","-706.24","-333.15","27.37","-0.65","1","VEHICLE","-706.27","0.29","300.9","-706.56","-325.1","0.45","0","1","ROBOT","ROBOT","2.69","-706.56","-707.28","0.29","0","","0.3","0","1","0","1","",""
"v2r_boost_turn_s47","v2r_boost_turn","47","PASS","246.51","-724.48","-469.05","19.9","0","1","VEHICLE","-724.48","19.20","258.8","-724.48","-460.57","14","0","1","ROBOT","ROBOT","7.62","-724.48","-725.26","0.00","0","","0","1","0","0","1","",""
"v2r_boost_turn_s48","v2r_boost_turn","48","PASS","219.16","-706.72","-345.13","21.76","0","1","VEHICLE","-706.72","0.33","186.31","-706.55","-345.46","14","0","1","ROBOT","ROBOT","7.62","-706.55","-707.51","-0.17","0","","0","0","1","0","1","",""
"v2r_boost_turn_s49","v2r_boost_turn","49","PASS","135.04","-706.09","-341.29","27.45","0","1","VEHICLE","-706.09","0.71","118.51","-706.56","-353.27","14","0","1","ROBOT","ROBOT","2.38","-706.56","-707.07","0.47","0","","0.38","1","0","0","1","",""
"v2r_boost_turn_s5","v2r_boost_turn","5","PASS","131.18","-716.7","-620.18","27.45","0","1","VEHICLE","-716.70","0.09","175.67","-716.8","-605.9","14","0","1","ROBOT","ROBOT","7.62","-716.80","-717.48","0.10","0","","0.1","0","1","0","1","",""
"v2r_boost_turn_s50","v2r_boost_turn","50","PASS","52.54","-721.7","-542.14","27.45","0","1","VEHICLE","-721.70","2.56","60.1","-721.7","-576.84","14","0","1","ROBOT","ROBOT","7.62","-721.70","-722.48","0.00","0","","0","0","0","0","1","",""
"v2r_boost_turn_s51","v2r_boost_turn","51","PASS","126.38","-713.77","-425.05","14.29","-17.45","0","VEHICLE","-721.45","5.72","144.88","-716.8","-436.32","0","0","1","ROBOT","ROBOT","7.62","-716.80","-720.31","-4.65","0","","-6.24","0","0","0","1","",""
"v2r_boost_turn_s52","v2r_boost_turn","52","PASS","328","-706.56","-333.15","27.23","0","1","VEHICLE","-706.56","2.56","300.53","-706.06","-325.13","0.45","0","1","ROBOT","ROBOT","2.3","-706.04","-707.34","-0.52","0","","-0.34","0","0","0","1","",""
"v2r_boost_turn_s53","v2r_boost_turn","53","PASS","147.02","-716.8","-427","22.53","0","1","VEHICLE","-716.80","25.60","150.16","-716.8","-433.56","9.32","0","1","ROBOT","ROBOT","7.62","-716.80","-717.58","0.00","0","","-0.2","1","0","0","1","",""
"v2r_boost_turn_s54","v2r_boost_turn","54","PASS","229.86","-705.99","-346.86","0.48","1.42","1","VEHICLE","-706.72","0.44","202","-706.55","-347.9","14","0","1","ROBOT","ROBOT","3.54","-706.55","-707.36","-0.17","0","","0.73","0","1","0","1","",""
"v2r_boost_turn_s55","v2r_boost_turn","55","PASS","340.12","-706.56","-358.22","27.45","0","1","VEHICLE","-706.56","0.72","295.63","-706","-372.5","14","0","1","ROBOT","ROBOT","7.62","-706.00","-707.34","-0.56","0","","0","0","0","0","1","",""
"v2r_boost_turn_s56","v2r_boost_turn","56","PASS","346.41","-723.8","-331.43","20.25","1.44","1","VEHICLE","-724.48","19.20","320.46","-724.48","-327.43","1.32","0","1","ROBOT","ROBOT","7.62","-724.48","-725.11","0.00","0","","0.68","0","0","0","1","",""
"v2r_boost_turn_s57","v2r_boost_turn","57","PASS","352.78","-724.48","-331.33","27.45","0","1","VEHICLE","-724.48","19.20","316.87","-724.48","-327.46","0.11","0","1","ROBOT","ROBOT","7.62","-724.48","-725.26","0.00","0","","0","0","0","0","1","",""
"v2r_boost_turn_s58","v2r_boost_turn","58","PASS","58.94","-720.84","-542.75","9.92","1.24","1","VEHICLE","-721.70","2.56","47.66","-721.7","-575.58","14","0","1","ROBOT","ROBOT","7.62","-721.70","-722.32","0.00","0","","0.86","0","0","0","1","",""
"v2r_boost_turn_s59","v2r_boost_turn","59","PASS","237.42","-724.48","-493.59","12.92","0","1","VEHICLE","-724.48","19.20","246.36","-722.91","-462.39","13.96","0","1","ROBOT","ROBOT","2.32","-722.90","-725.26","-1.58","0","","-0.96","0","0","0","1","",""
"v2r_boost_turn_s6","v2r_boost_turn","6","PASS","341.14","-723.83","-483.54","12.35","1.46","1","VEHICLE","-724.48","19.20","332.44","-724.48","-453.34","14","0","1","ROBOT","ROBOT","6.6","-724.48","-725.12","0.00","0","","0.65","0","0","0","1","",""
"v2r_boost_turn_s60","v2r_boost_turn","60","PASS","351.11","-724.48","-348.57","5.72","0","1","VEHICLE","-724.48","19.20","332.56","-724.48","-335.36","14","0","1","ROBOT","ROBOT","7.62","-724.48","-725.26","0.00","0","","0","1","0","0","1","",""
"v2r_boost_turn_s61","v2r_boost_turn","61","PASS","277.43","-721.1","-338.47","19.08","5.26","1","VEHICLE","-721.46","0.63","254.34","-712.87","-330.9","1.12","0","1","ROBOT","ROBOT","7.62","-712.87","-721.8","-8.59","0","","3.38","0","0","0","1","",""
"v2r_boost_turn_s62","v2r_boost_turn","62","INFO large_drop","95.86","-718.88","-335.81","25.1","-13.26","0","VEHICLE","-720.57","23.11","84.5","-726.92","-372.69","13.08","0","1","ROBOT","ROBOT","3.97","-726.92","-727.35","6.35","0","","-4.22","0","0","0","1","",""
"v2r_boost_turn_s63","v2r_boost_turn","63","PASS","190.83","-721.44","-556.38","25.1","-13.26","0","VEHICLE","-722.49","3.91","213.48","-724.48","-518.5","13.49","0","1","ROBOT","ROBOT","7.62","-724.48","-726.87","1.99","0","","-4.22","0","0","0","1","",""
"v2r_boost_turn_s64","v2r_boost_turn","64","PASS","136.9","-716.8","-572.43","27.45","0","1","VEHICLE","-716.80","26.88","147.07","-716.8","-563.91","10.11","0","1","ROBOT","ROBOT","7.62","-716.80","-717.58","0.00","0","","0","0","0","0","1","",""
"v2r_boost_turn_s65","v2r_boost_turn","65","PASS","153.65","-726.4","-471.04","27.45","0","1","VEHICLE","-726.40","1.28","195.45","-726.4","-492.44","14","0","1","ROBOT","ROBOT","4.28","-726.40","-727.18","0.00","0","","0","0","0","0","1","",""
"v2r_boost_turn_s66","v2r_boost_turn","66","INFO large_drop","181.12","-718.16","-335.11","21.86","-9.75","0","VEHICLE","-719.28","6.48","158.77","-724.48","-369.22","14","0","1","ROBOT","ROBOT","7.62","-724.48","-724.78","5.20","0","","-2.52","0","0","0","1","",""
"v2r_boost_turn_s67","v2r_boost_turn","67","PASS","267.74","-723.39","-387.19","9.46","-2.98","0","VEHICLE","-724.13","0.35","266.85","-724.02","-389.03","14","0","1","ROBOT","ROBOT","7.62","-724.02","-724.82","-0.10","0","","0.19","0","1","0","1","",""
"v2r_boost_turn_s68","v2r_boost_turn","68","INFO large_drop","117.27","-706.28","-421.88","13.61","-4.19","0","VEHICLE","-706.91","0.14","135.8","-716.8","-437.97","2.47","0","1","ROBOT","ROBOT","7.62","-716.80","-720.97","9.89","0","","-0.78","0","1","0","1","",""
"v2r_boost_turn_s69","v2r_boost_turn","69","PASS","138.24","-716.2","-619.97","18.19","1.55","1","VEHICLE","-716.70","0.09","166.56","-716.8","-607.38","0.52","0","1","ROBOT","ROBOT","7.62","-716.80","-717.36","0.10","0","","0.6","0","1","0","1","",""
"v2r_boost_turn_s7","v2r_boost_turn","7","PASS","62.78","-721.7","-531.9","27.45","0","1","VEHICLE","-721.70","2.56","65.55","-721.7","-576.73","14","0","1","ROBOT","ROBOT","7.62","-721.70","-722.48","0.00","0","","0","0","0","0","1","",""
"v2r_boost_turn_s70","v2r_boost_turn","70","INFO large_drop","145.33","-716.35","-554.91","19.09","1.16","1","VEHICLE","-716.80","26.88","172.65","-721.92","-554.68","0.69","0","1","ROBOT","ROBOT","7.62","-721.92","-722.29","5.12","0","","0.45","0","0","0","1","",""
"v2r_boost_turn_s71","v2r_boost_turn","71","PASS","65.41","-721.7","-567.23","27.45","0","1","VEHICLE","-721.70","2.56","76.52","-721.7","-556.2","13.05","0","1","ROBOT","ROBOT","7.62","-721.70","-722.48","0.00","0","","0","0","0","0","1","",""
"v2r_boost_turn_s72","v2r_boost_turn","72","INFO large_drop","318.07","-706.54","-361.2","27.45","-0.32","1","VEHICLE","-706.54","0.00","274.05","-724.48","-362.34","14.01","0","1","ROBOT","ROBOT","7.62","-724.48","-724.48","17.94","0","","0.02","0","1","0","1","",""
"v2r_boost_turn_s73","v2r_boost_turn","73","PASS","229.58","-713.65","-427.59","24.42","-16.49","0","VEHICLE","-724.48","0.21","250.28","-724.46","-389.4","14","0","1","ROBOT","ROBOT","7.62","-724.46","-724.96","-0.02","0","","-5.78","0","1","0","1","",""
"v2r_boost_turn_s74","v2r_boost_turn","74","PASS","227.39","-706.14","-346.88","1.27","1.43","1","VEHICLE","-706.72","0.44","201.98","-706.55","-348.83","14","0","1","ROBOT","ROBOT","2.75","-706.55","-707.37","-0.17","0","","0.58","0","1","0","1","",""
"v2r_boost_turn_s75","v2r_boost_turn","75","PASS","67.28","-721.7","-544.52","27.45","0","1","VEHICLE","-721.70","2.56","66.34","-721.7","-576.41","14","0","1","ROBOT","ROBOT","7.62","-721.70","-722.48","0.00","0","","0","0","0","0","1","",""
"v2r_boost_turn_s76","v2r_boost_turn","76","PASS","303.63","-705.62","-427.83","1.48","1.11","1","VEHICLE","-706.51","0.05","302.18","-706.56","-398.15","14","0","1","ROBOT","ROBOT","7.62","-706.56","-707.18","0.05","0","","0.54","0","1","0","1","",""
"v2r_boost_turn_s77","v2r_boost_turn","77","PASS","140.23","-706.02","-337.97","27.45","0","1","VEHICLE","-706.02","0.28","127.12","-706.22","-353.36","14","0","1","ROBOT","ROBOT","2.34","-706.22","-706.78","0.20","0","","0.13","0","1","0","1","",""
"v2r_boost_turn_s78","v2r_boost_turn","78","INFO large_drop","295.36","-706.54","-456.11","27.45","0","1","VEHICLE","-706.54","0.00","272.96","-715.2","-427.27","13.59","-22.05","0","ROBOT","ROBOT","7.62","-724.48","-715.2","17.94","0","","0","1","1","0","1","",""
"v2r_boost_turn_s79","v2r_boost_turn","79","INFO large_drop","149.6","-706.54","-458.24","27.45","0","1","VEHICLE","-706.54","0.00","193.22","-713.91","-479.4","13.62","-20.58","0","ROBOT","ROBOT","7.62","-726.40","-713.91","19.86","0","","0","0","1","0","1","",""
"v2r_boost_turn_s8","v2r_boost_turn","8","PASS","329.64","-723.6","-459.29","1.72","1.22","1","VEHICLE","-724.48","19.20","343","-724.48","-440.91","0.59","0","1","ROBOT","ROBOT","7.62","-724.48","-725.1","0.00","0","","0.88","0","0","0","1","",""
"v2r_boost_turn_s80","v2r_boost_turn","80","PASS","339.31","-723.54","-434.87","5.92","1.09","1","VEHICLE","-724.48","19.20","342.93","-724.48","-434.48","1.81","0","1","ROBOT","ROBOT","7.62","-724.48","-725.1","0.00","0","","0.59","1","0","0","1","",""
"v2r_boost_turn_s81","v2r_boost_turn","81","PASS","249.48","-724.16","-488.19","6.44","0.51","1","VEHICLE","-724.48","19.20","268.91","-724.48","-457.46","14","0","1","ROBOT","ROBOT","7.62","-724.48","-725.18","0.00","0","","-0.43","0","0","0","1","",""
"v2r_boost_turn_s82","v2r_boost_turn","82","PASS","110.4","-706.15","-386.24","2.61","1.15","1","VEHICLE","-706.56","4.97","107.83","-706.56","-420.67","14","0","1","ROBOT","ROBOT","7.62","-706.56","-707.24","0.00","0","","-0.55","0","0","0","1","",""
"v2r_boost_turn_s83","v2r_boost_turn","83","PASS","84.33","-727.04","-414.53","8.95","0","1","VEHICLE","-727.04","16.64","85.33","-726.92","-411.98","2.73","0","1","ROBOT","ROBOT","6.41","-726.92","-727.82","-0.12","0","","-0.82","0","0","0","1","",""
"v2r_boost_turn_s9","v2r_boost_turn","9","PASS","348.65","-723.83","-353.45","0.95","1.46","1","VEHICLE","-724.48","19.20","342.58","-724.48","-343.42","14","0","1","ROBOT","ROBOT","4","-724.48","-725.12","0.00","0","","0.65","0","0","0","1","",""
"v2r_drive_s0","v2r_drive","0","PASS","133.64","-725.16","-475.57","15","-0.01","1","VEHICLE","-726.40","1.28","144.56","-726.4","-475.02","0.23","0","1","ROBOT","ROBOT","7.62","-726.40","-727.02","0.00","0","","0","0","0","0","1","",""
"v2r_drive_s1","v2r_drive","1","PASS","134.44","-715.57","-634.3","11.21","0.01","1","VEHICLE","-716.80","26.88","139.56","-716.7","-618.35","1.14","0","1","ROBOT","ROBOT","7.62","-716.70","-717.42","-0.10","0","","-0.01","0","0","0","1","",""
"v2r_drive_s10","v2r_drive","10","PASS","310.76","-705.3","-430.84","15","-0.01","1","VEHICLE","-706.54","0.02","302.08","-706.56","-430.84","0","0","1","ROBOT","ROBOT","7.62","-706.56","-707.16","0.02","0","","-0.01","1","1","0","1","",""
"v2r_drive_s11","v2r_drive","11","PASS","133","-713.92","-411.64","13.39","-7.09","1","VEHICLE","-715.46","5.12","150.24","-716.8","-412.29","0.35","0","1","ROBOT","ROBOT","7.62","-716.80","-717.43","1.34","0","","-3.71","0","0","0","1","",""
"v2r_drive_s12","v2r_drive","12","PASS","142.6","-725.16","-475.57","15","-0.01","1","VEHICLE","-726.40","1.28","144.65","-726.4","-474.87","0.23","0","1","ROBOT","ROBOT","7.62","-726.40","-727.02","0.00","0","","0","1","0","0","1","",""
"v2r_drive_s13","v2r_drive","13","PASS","133.64","-725.16","-467.89","15","-0.01","1","VEHICLE","-726.40","1.28","176.43","-726.4","-467.89","14","0","1","ROBOT","ROBOT","7.62","-726.40","-727.02","0.00","0","","0","0","0","0","1","",""
"v2r_drive_s14","v2r_drive","14","PASS","142.71","-704.59","-330.2","14.97","0.61","1","VEHICLE","-705.87","0.83","142.71","-706.39","-353.24","0","0","1","ROBOT","ROBOT","7.62","-706.39","-706.62","0.52","0","","0.54","0","0","0","1","",""
"v2r_drive_s15","v2r_drive","15","PASS","342.09","-723.4","-477.4","14.98","0.64","1","VEHICLE","-724.48","19.20","334.64","-724.48","-477.98","0.22","0","1","ROBOT","ROBOT","7.62","-724.48","-725.1","0.00","0","","0.26","0","0","0","1","",""
"v2r_drive_s16","v2r_drive","16","PASS","355.56","-705.33","-336.2","15","0.04","1","VEHICLE","-706.56","2.56","315.59","-706.51","-351.48","14","0","1","ROBOT","ROBOT","7.62","-706.51","-707.18","-0.05","0","","0.04","0","0","0","1","",""
"v2r_drive_s17","v2r_drive","17","PASS","58.87","-720.46","-527.99","15","-0.01","1","VEHICLE","-721.70","2.56","76.38","-721.7","-558.25","9.9","0","1","ROBOT","ROBOT","7.62","-721.70","-722.32","0.00","0","","0","0","0","0","1","",""
"v2r_drive_s18","v2r_drive","18","PASS","249.34","-723.24","-484.53","13.24","-0.01","1","VEHICLE","-724.48","19.20","220.3","-724.48","-462.63","9.9","0","1","ROBOT","ROBOT","7.62","-724.48","-725.1","0.00","0","","0","0","0","0","1","",""
"v2r_drive_s19","v2r_drive","19","PASS","221.14","-705.5","-328.15","15","-0.03","1","VEHICLE","-706.72","0.44","221.14","-706.72","-348.22","0","0","1","ROBOT","ROBOT","7.62","-706.72","-707.34","0.00","0","","-0.02","0","1","0","1","",""
"v2r_drive_s2","v2r_drive","2","PASS","59.03","-720.46","-581.69","15","-0.01","1","VEHICLE","-721.70","2.56","76.38","-721.7","-551.43","9.9","0","1","ROBOT","ROBOT","7.62","-721.70","-722.32","0.00","0","","0","0","0","0","1","",""
"v2r_drive_s20","v2r_drive","20","INFO large_drop","125.15","-709.26","-415.48","12.87","-8.51","1","VEHICLE","-711.53","4.82","150.86","-716.8","-415.92","0.35","0","1","ROBOT","ROBOT","7.62","-716.80","-717.06","5.26","0","","-3.46","0","0","0","1","",""
"v2r_drive_s21","v2r_drive","21","PASS","367.86","-723.24","-338.65","15","-0.01","1","VEHICLE","-724.48","19.20","325.07","-724.48","-338.65","14","0","1","ROBOT","ROBOT","7.62","-724.48","-725.1","0.00","0","","0","0","0","0","1","",""
"v2r_drive_s22","v2r_drive","22","PASS","142.72","-705.26","-321.28","14.97","0.71","1","VEHICLE","-706.38","0.18","142.72","-706.39","-353.24","0","0","1","ROBOT","ROBOT","7.62","-706.39","-706.73","0.02","0","","0.06","0","1","0","1","",""
"v2r_drive_s23","v2r_drive","23","PASS","48.79","-720.46","-571.45","15","-0.01","1","VEHICLE","-721.70","2.56","76.15","-721.7","-544.59","10.29","0","1","ROBOT","ROBOT","7.62","-721.70","-722.32","0.00","0","","0","0","0","0","1","",""
"v2r_drive_s24","v2r_drive","24","PASS","137.48","-725.16","-461.49","15","-0.01","1","VEHICLE","-726.40","1.28","180.27","-726.4","-461.49","14","0","1","ROBOT","ROBOT","7.62","-726.40","-727.02","0.00","0","","0","0","0","0","1","",""
"v2r_drive_s25","v2r_drive","25","PASS","135.03","-705.19","-330.24","14.98","0.47","1","VEHICLE","-706.37","0.19","135.23","-706.56","-353.29","0.03","0","1","ROBOT","ROBOT","7.62","-706.56","-707.09","0.19","0","","0.13","0","1","0","1","",""
"v2r_drive_s26","v2r_drive","26","PASS","125.67","-707.98","-423.06","14.05","-10.21","0","VEHICLE","-721.80","5.36","149.89","-716.8","-423.68","0.56","0","1","ROBOT","ROBOT","7.62","-716.80","-718.52","-5.00","0","","-2.81","0","0","0","1","",""
"v2r_drive_s27","v2r_drive","27","PASS","340.01","-723.32","-474.19","14.98","0.42","1","VEHICLE","-724.48","19.20","332.02","-724.48","-466.42","1.45","0","1","ROBOT","ROBOT","7.62","-724.48","-725.1","0.00","0","","0.32","0","0","0","1","",""
"v2r_drive_s28","v2r_drive","28","INFO large_drop","147.9","-704.93","-325.1","14.92","1.3","1","VEHICLE","-706.07","0.45","147.9","-709.49","-367.78","13.8","-12.74","0","ROBOT","ROBOT","7.62","-725.38","-709.49","19.31","0","","0.35","0","1","0","1","",""
"v2r_drive_s29","v2r_drive","29","PASS","336.67","-723.24","-458.93","15","0","1","VEHICLE","-724.48","19.20","308.6","-724.42","-427.58","14","0","1","ROBOT","ROBOT","7.62","-724.42","-725.1","-0.06","0","","0.01","0","0","0","1","",""
"v2r_drive_s3","v2r_drive","3","PASS","303.67","-705.3","-421.88","0","-0.11","1","VEHICLE","-706.51","0.05","302.08","-706.56","-421.88","0","0","1","ROBOT","ROBOT","7.62","-706.56","-707.18","0.05","0","","-0.01","0","1","0","1","",""
"v2r_drive_s30","v2r_drive","30","PASS","48.63","-720.46","-527.99","15","-0.01","1","VEHICLE","-721.70","2.56","76.21","-721.7","-558.25","9.9","0","1","ROBOT","ROBOT","7.62","-721.70","-722.32","0.00","0","","0","0","0","0","1","",""
"v2r_drive_s31","v2r_drive","31","PASS","38.55","-720.46","-581.69","15","-0.01","1","VEHICLE","-721.70","2.56","68.23","-721.7","-554.85","14","0","1","ROBOT","ROBOT","6.25","-721.70","-722.32","0.00","0","","0","0","0","0","1","",""
"v2r_drive_s32","v2r_drive","32","PASS","124.71","-715.56","-624.09","15","-0.01","1","VEHICLE","-716.80","26.88","154.97","-716.8","-595.05","14","0","1","ROBOT","ROBOT","2.41","-716.80","-717.32","0.00","0","","0","0","0","0","1","",""
"v2r_drive_s33","v2r_drive","33","PASS","226.04","-705.49","-342.29","15","-0.01","1","VEHICLE","-706.72","0.33","226.04","-706.72","-348.22","0","0","1","ROBOT","ROBOT","7.62","-706.72","-707.34","0.00","0","","-0.01","1","1","0","1","",""
"v2r_drive_s34","v2r_drive","34","PASS","236.17","-723.24","-488.74","15","-0.01","1","VEHICLE","-724.48","19.20","212.06","-724.48","-464","0","0","1","ROBOT","ROBOT","7.62","-724.48","-725.1","0.00","0","","0","0","0","0","1","",""
"v2r_drive_s35","v2r_drive","35","PASS","367.9","-705.19","-337.66","14.97","0.77","1","VEHICLE","-706.47","0.09","347.15","-706.56","-363.01","14","0","1","ROBOT","ROBOT","7.62","-706.56","-707.15","0.09","0","","-0.06","0","1","0","1","",""
"v2r_drive_s36","v2r_drive","36","PASS","234.06","-723.24","-491.55","15","-0.01","1","VEHICLE","-724.48","19.20","211.09","-723","-464","0","0","1","ROBOT","ROBOT","7.62","-723.01","-725.1","-1.47","0","","0","0","0","0","1","",""
"v2r_drive_s37","v2r_drive","37","PASS","124.71","-715.56","-634.33","15","-0.01","1","VEHICLE","-716.80","26.88","144.82","-716.7","-609.34","14","0","1","ROBOT","ROBOT","7.62","-716.70","-717.42","-0.10","0","","0","0","0","0","1","",""
"v2r_drive_s38","v2r_drive","38","PASS","355.52","-723.24","-338.2","15","-0.01","1","VEHICLE","-724.48","19.20","312.72","-724.48","-338.2","14","0","1","ROBOT","ROBOT","7.62","-724.48","-725.1","0.00","0","","0","0","0","0","1","",""
"v2r_drive_s39","v2r_drive","39","PASS","48.79","-720.46","-591.93","15","-0.01","1","VEHICLE","-721.70","0.41","76.26","-721.7","-561.67","10.29","0","1","ROBOT","ROBOT","7.62","-721.70","-722.32","0.00","0","","0","0","1","0","1","",""
"v2r_drive_s4","v2r_drive","4","PASS","124.71","-715.56","-642.01","15","-0.01","1","VEHICLE","-716.80","26.88","139.86","-716.7","-619.25","1.14","0","1","ROBOT","ROBOT","7.62","-716.70","-717.42","-0.10","0","","0","0","0","0","1","",""
"v2r_drive_s40","v2r_drive","40","PASS","229.88","-705.48","-328.2","15","-0.01","1","VEHICLE","-706.72","0.44","229.88","-706.72","-348.22","0","0","1","ROBOT","ROBOT","7.62","-706.72","-707.34","0.00","0","","0","0","1","0","1","",""
"v2r_drive_s41","v2r_drive","41","PASS","142.6","-725.16","-467.89","15","-0.01","1","VEHICLE","-726.40","1.28","185.39","-726.4","-467.89","14","0","1","ROBOT","ROBOT","7.62","-726.40","-727.02","0.00","0","","0","0","0","0","1","",""
"v2r_drive_s42","v2r_drive","42","PASS","303.67","-705.3","-430.84","0","-0.11","1","VEHICLE","-706.51","0.05","302.08","-706.56","-430.84","0","0","1","ROBOT","ROBOT","7.62","-706.56","-707.18","0.05","0","","-0.01","0","1","0","1","",""
"v2r_drive_s43","v2r_drive","43","PASS","48.79","-720.46","-581.69","15","-0.01","1","VEHICLE","-721.70","2.56","76.26","-721.7","-551.43","10.29","0","1","ROBOT","ROBOT","7.62","-721.70","-722.32","0.00","0","","0","0","0","0","1","",""
"v2r_drive_s44","v2r_drive","44","PASS","310.76","-705.3","-421.88","15","-0.01","1","VEHICLE","-706.54","0.02","302.08","-706.56","-421.88","0","0","1","ROBOT","ROBOT","7.62","-706.56","-707.16","0.02","0","","-0.01","0","1","0","1","",""
"v2r_drive_s45","v2r_drive","45","PASS","303.67","-705.32","-427","0","-0.04","1","VEHICLE","-706.51","0.05","302.08","-706.56","-427","0","0","1","ROBOT","ROBOT","7.62","-706.56","-707.18","0.05","0","","-0.03","0","1","0","1","",""
"v2r_drive_s46","v2r_drive","46","PASS","360.25","-705.32","-333.17","14.99","0.42","1","VEHICLE","-706.56","2.56","317.46","-706.54","-333.17","14","0","1","ROBOT","ROBOT","7.62","-706.54","-707.17","-0.02","0","","0.01","0","0","0","1","",""
"v2r_drive_s47","v2r_drive","47","PASS","243.61","-723.24","-478.01","15","-0.01","1","VEHICLE","-724.48","19.20","213.35","-724.48","-462.63","9.9","0","1","ROBOT","ROBOT","7.62","-724.48","-725.1","0.00","0","","0","0","0","0","1","",""
"v2r_drive_s48","v2r_drive","48","PASS","221.19","-705.49","-335.81","15","-0.01","1","VEHICLE","-706.72","0.16","221.19","-706.72","-348.22","0","0","1","ROBOT","ROBOT","7.62","-706.72","-707.34","0.00","0","","-0.01","0","1","0","1","",""
"v2r_drive_s49","v2r_drive","49","PASS","135.04","-705.32","-321.29","15","-0.01","1","VEHICLE","-706.56","37.12","135.3","-706.56","-353.38","0.03","0","1","ROBOT","ROBOT","7.62","-706.56","-707.18","0.00","0","","0","0","0","0","1","",""
"v2r_drive_s5","v2r_drive","5","PASS","117.03","-715.56","-634.33","15","-0.01","1","VEHICLE","-716.80","26.88","147.29","-716.7","-604.07","14","0","1","ROBOT","ROBOT","7.62","-716.70","-717.42","-0.10","0","","0","0","0","0","1","",""
"v2r_drive_s50","v2r_drive","50","PASS","38.39","-720.46","-527.99","15","-0.01","1","VEHICLE","-721.70","2.56","69.27","-721.7","-556.25","14","0","1","ROBOT","ROBOT","7.62","-721.70","-722.32","0.00","0","","0","0","0","0","1","",""
"v2r_drive_s51","v2r_drive","51","PASS","133.24","-714.02","-420.01","13.39","-7.12","1","VEHICLE","-715.03","1.92","149.82","-716.8","-418.94","0.56","0","1","ROBOT","ROBOT","7.62","-716.80","-717.24","1.77","0","","-4.3","0","0","0","1","",""
"v2r_drive_s52","v2r_drive","52","PASS","347.9","-704.93","-333.17","14.95","0.97","1","VEHICLE","-706.11","0.45","305.14","-706.55","-333.17","14","0","1","ROBOT","ROBOT","7.62","-706.55","-706.97","0.44","0","","0.32","0","1","0","1","",""
"v2r_drive_s53","v2r_drive","53","PASS","134.19","-716.01","-427.2","14.53","-17.47","1","VEHICLE","-717.54","24.86","150.81","-716.8","-426.55","0.35","0","1","ROBOT","ROBOT","7.62","-716.80","-717.82","-0.74","0","","-7.45","0","0","0","1","",""
"v2r_drive_s54","v2r_drive","54","PASS","229.88","-705.49","-335.89","15","-0.01","1","VEHICLE","-706.72","0.44","229.88","-706.72","-348.22","0","0","1","ROBOT","ROBOT","7.62","-706.72","-707.34","0.00","0","","-0.01","0","1","0","1","",""
"v2r_drive_s55","v2r_drive","55","PASS","354.26","-705.32","-344.07","15","0","1","VEHICLE","-706.56","2.56","324","-706.56","-374.33","14","0","1","ROBOT","ROBOT","7.62","-706.56","-707.18","0.00","0","","0.01","0","0","0","1","",""
"v2r_drive_s56","v2r_drive","56","PASS","362.97","-723.29","-327.69","15","0.05","1","VEHICLE","-724.48","19.20","326.99","-724.48","-330.28","14","0","1","ROBOT","ROBOT","7.62","-724.48","-725.1","0.00","0","","-0.15","0","0","0","1","",""
"v2r_drive_s57","v2r_drive","57","PASS","372.76","-723.25","-331.4","15","0.04","1","VEHICLE","-724.48","19.20","329.97","-724.48","-331.4","14","0","1","ROBOT","ROBOT","7.62","-724.48","-725.1","0.00","0","","0.04","0","0","0","1","",""
"v2r_drive_s58","v2r_drive","58","PASS","48.63","-720.46","-538.23","15","-0.01","1","VEHICLE","-721.70","2.56","76.12","-721.7","-565.41","2.63","0","1","ROBOT","ROBOT","7.62","-721.70","-722.32","0.00","0","","0","0","0","0","1","",""
"v2r_drive_s59","v2r_drive","59","PASS","242.52","-723.24","-493.38","10.91","-0.01","1","VEHICLE","-724.48","19.20","212.37","-724.48","-464.82","14","0","1","ROBOT","ROBOT","7.62","-724.48","-725.1","0.00","0","","0","0","0","0","1","",""
"v2r_drive_s6","v2r_drive","6","PASS","348.65","-723.5","-486.42","14.8","-2.88","1","VEHICLE","-724.48","1.24","337.17","-724.48","-486.11","0","0","1","ROBOT","ROBOT","2.29","-724.48","-725.17","0.00","0","","-1.77","0","0","0","1","",""
"v2r_drive_s60","v2r_drive","60","PASS","356.36","-723.26","-352.83","0.29","-0.03","1","VEHICLE","-724.48","19.20","355.52","-724.48","-354.2","0","0","1","ROBOT","ROBOT","7.62","-724.48","-725.1","0.00","0","","-0.02","0","0","0","1","",""
"v2r_drive_s61","v2r_drive","61","PASS","295.17","-723.16","-341.36","15","-0.03","1","VEHICLE","-724.40","0.08","252.4","-712.5","-342.8","14","0","1","ROBOT","ROBOT","7.62","-712.50","-725.07","-11.90","0","","-0.02","0","1","0","1","",""
"v2r_drive_s62","v2r_drive","62","INFO large_drop","95.92","-713","-316.68","15","-0.01","1","VEHICLE","-714.24","29.44","95.79","-727.04","-359.55","14","0","1","ROBOT","ROBOT","7.62","-727.04","-727.04","12.80","0","","0","0","0","0","1","",""
"v2r_drive_s63","v2r_drive","63","INFO large_drop","190.24","-715.56","-575.49","15","-0.01","1","VEHICLE","-716.80","5.12","191.56","-726.4","-532.65","14","0","1","ROBOT","ROBOT","7.62","-726.40","-726.4","9.60","0","","0","0","0","0","1","",""
"v2r_drive_s64","v2r_drive","64","PASS","124.16","-715.56","-587.86","15","-0.01","1","VEHICLE","-716.80","26.88","146.08","-716.8","-559.76","0.17","0","1","ROBOT","ROBOT","7.62","-716.80","-717.42","0.00","0","","0","0","0","0","1","",""
"v2r_drive_s65","v2r_drive","65","PASS","133.64","-725.16","-471.04","15","-0.01","1","VEHICLE","-726.40","1.28","176.44","-726.4","-471.04","14","0","1","ROBOT","ROBOT","7.62","-726.40","-727.02","0.00","0","","0","0","0","0","1","",""
"v2r_drive_s66","v2r_drive","66","INFO large_drop","181.37","-712.19","-318.79","14.03","-5.65","1","VEHICLE","-713.84","11.92","180.72","-724.48","-361.01","14","0","1","ROBOT","ROBOT","7.62","-724.48","-724.48","10.64","0","","-2.58","0","0","0","1","",""
"v2r_drive_s67","v2r_drive","67","PASS","259.84","-723.17","-383.21","14.97","0.65","1","VEHICLE","-724.28","0.20","260.26","-724.15","-385.97","0.1","0","1","ROBOT","ROBOT","7.62","-724.15","-724.78","-0.13","0","","0.07","1","1","0","1","",""
"v2r_drive_s68","v2r_drive","68","INFO large_drop","121.95","-706.02","-419.87","14.04","-6.43","0","VEHICLE","-709.39","3.59","149.72","-716.8","-419.4","0.56","0","1","ROBOT","ROBOT","7.62","-716.80","-716.8","7.41","0","","-1.1","0","0","0","1","",""
"v2r_drive_s69","v2r_drive","69","PASS","127.83","-715.56","-633.62","15","-0.01","1","VEHICLE","-716.80","26.88","139.33","-716.7","-618.83","1.04","0","1","ROBOT","ROBOT","7.62","-716.70","-717.42","-0.10","0","","0","0","0","0","1","",""
"v2r_drive_s7","v2r_drive","7","PASS","48.63","-720.46","-517.75","15","-0.01","1","VEHICLE","-721.70","0.41","76.21","-721.7","-548.01","9.9","0","1","ROBOT","ROBOT","7.62","-721.70","-722.32","0.00","0","","0","0","1","0","1","",""
"v2r_drive_s70","v2r_drive","70","INFO large_drop","127.2","-715.56","-556.73","15","0","1","VEHICLE","-716.80","26.88","166.32","-721.92","-553.05","14","0","1","ROBOT","ROBOT","7.62","-721.92","-721.92","5.12","0","","0","0","0","0","1","",""
"v2r_drive_s71","v2r_drive","71","PASS","50.92","-720.46","-581.03","15","-0.01","1","VEHICLE","-721.70","2.56","76.25","-721.7","-552.33","7.08","0","1","ROBOT","ROBOT","7.62","-721.70","-722.32","0.00","0","","0","0","0","0","1","",""
"v2r_drive_s72","v2r_drive","72","PASS","335.01","-705.32","-350.55","15","-0.01","1","VEHICLE","-706.56","2.56","298.78","-706.19","-373.33","14","0","1","ROBOT","ROBOT","7.62","-706.18","-707.18","-0.38","0","","0","0","0","0","1","",""
"v2r_drive_s73","v2r_drive","73","INFO large_drop","229.92","-705.37","-446.2","14.98","-1.19","1","VEHICLE","-706.96","1.76","229.13","-724.48","-403.16","14","0","1","ROBOT","ROBOT","7.62","-724.48","-724.54","17.52","0","","-0.07","0","0","0","1","",""
"v2r_drive_s74","v2r_drive","74","PASS","226.48","-705.49","-333.3","15","-0.01","1","VEHICLE","-706.72","0.16","227.36","-706.72","-348.22","0.09","0","1","ROBOT","ROBOT","7.62","-706.72","-707.34","0.00","0","","-0.01","0","1","0","1","",""
"v2r_drive_s75","v2r_drive","75","PASS","53.09","-720.46","-530.41","15","-0.01","1","VEHICLE","-721.70","2.56","76.36","-721.7","-560.42","9.48","0","1","ROBOT","ROBOT","7.62","-721.70","-722.32","0.00","0","","0","0","0","0","1","",""
"v2r_drive_s76","v2r_drive","76","PASS","310.52","-705.3","-427.76","15","-0.01","1","VEHICLE","-706.54","0.02","302.08","-706.56","-427.89","0.02","0","1","ROBOT","ROBOT","7.62","-706.56","-707.16","0.02","0","","-0.01","1","1","0","1","",""
"v2r_drive_s77","v2r_drive","77","PASS","139.92","-705.32","-317.96","15","-0.01","1","VEHICLE","-706.56","37.12","140.48","-706.35","-353.25","0.03","0","1","ROBOT","ROBOT","7.62","-706.35","-707.09","-0.21","0","","0","0","0","0","1","",""
"v2r_drive_s78","v2r_drive","78","PASS","315.37","-705.3","-456.48","15","-0.01","1","VEHICLE","-706.54","0.00","272.58","-706.54","-455.69","14","0","1","ROBOT","ROBOT","7.62","-706.54","-707.16","0.00","0","","0","0","1","0","1","",""
"v2r_drive_s79","v2r_drive","79","PASS","129.6","-705.3","-458.24","15","-0.01","1","VEHICLE","-706.54","0.00","172.39","-706.54","-458.24","14","0","1","ROBOT","ROBOT","7.62","-706.54","-707.16","0.00","0","","0","0","1","0","1","",""
"v2r_drive_s8","v2r_drive","8","PASS","335.41","-723.24","-469.28","15","0.01","1","VEHICLE","-724.48","19.20","328.37","-724.48","-458.04","0","0","1","ROBOT","ROBOT","7.62","-724.48","-725.1","0.00","0","","0.03","0","0","0","1","",""
"v2r_drive_s80","v2r_drive","80","PASS","341.6","-723.24","-442.36","15","-0.01","1","VEHICLE","-724.48","19.20","340.18","-724.48","-434.61","0.53","0","1","ROBOT","ROBOT","7.62","-724.48","-725.1","0.00","0","","0","0","0","0","1","",""
"v2r_drive_s81","v2r_drive","81","PASS","249.35","-723.24","-491.88","2.09","-0.01","1","VEHICLE","-724.48","19.20","249.01","-724.48","-490.34","0.28","0","1","ROBOT","ROBOT","7.62","-724.48","-725.1","0.00","0","","0","0","0","0","1","",""
"v2r_drive_s82","v2r_drive","82","PASS","110","-705.32","-385.28","0","-0.01","1","VEHICLE","-706.56","4.97","111.42","-706.56","-385.28","0","0","1","ROBOT","ROBOT","7.62","-706.56","-707.18","0.00","0","","0","0","0","0","1","",""
"v2r_drive_s83","v2r_drive","83","PASS","87.13","-725.81","-411.44","7.57","0.23","1","VEHICLE","-727.04","16.64","81.82","-726.92","-413.99","0","0","1","ROBOT","ROBOT","7.62","-726.92","-727.54","-0.12","0","","-0.01","0","0","0","1","",""
"v2r_drive_s9","v2r_drive","9","PASS","358.22","-723.24","-345.21","15","-0.01","1","VEHICLE","-724.48","19.20","347.42","-724.48","-354.48","0","0","1","ROBOT","ROBOT","4.34","-724.48","-725.1","0.00","0","","0","0","0","0","1","",""
"v2r_nitro_late_s0","v2r_nitro_late","0","PASS","150.69","-726.23","-492.26","14.15","-7.12","0","VEHICLE","-726.40","1.28","160.38","-726.4","-509.35","0.01","0","1","ROBOT","ROBOT","7.62","-726.40","-727.18","0.00","0","","-0.71","0","0","0","1","",""
"v2r_nitro_late_s1","v2r_nitro_late","1","PASS","197.84","-716.53","-570.83","9.04","-2.29","1","VEHICLE","-717.67","4.25","199.02","-717.81","-570.42","1.21","0","1","ROBOT","ROBOT","7.62","-717.81","-718.69","0.14","0","","-0.18","1","0","0","1","",""
"v2r_nitro_late_s10","v2r_nitro_late","10","PASS","293.69","-706.63","-400.93","21.38","-2.26","0","VEHICLE","-724.40","0.08","265.11","-724.48","-359.43","14","0","1","ROBOT","ROBOT","7.62","-724.48","-724.59","0.08","0","","-0.07","0","1","0","1","",""
"v2r_nitro_late_s11","v2r_nitro_late","11","PASS","151.25","-716.8","-430.78","4.33","0","1","VEHICLE","-716.80","25.60","150.92","-716.8","-432.79","0","0","1","ROBOT","ROBOT","7.62","-716.80","-717.58","0.00","0","","0","1","0","0","1","",""
"v2r_nitro_late_s12","v2r_nitro_late","12","PASS","154.33","-726.4","-498.24","22.38","0","1","VEHICLE","-726.40","1.28","165.08","-726.4","-511.79","0.18","0","1","ROBOT","ROBOT","7.62","-726.40","-727.18","0.00","0","","-0.35","0","0","0","1","",""
"v2r_nitro_late_s13","v2r_nitro_late","13","PASS","195.17","-726.11","-472.01","0","0.48","1","VEHICLE","-726.40","1.28","196.02","-726.4","-473.82","0","0","1","ROBOT","ROBOT","7.62","-726.40","-727.11","0.00","0","","-0.49","0","0","0","1","",""
"v2r_nitro_late_s14","v2r_nitro_late","14","PASS","130.53","-705.81","-352.93","23.71","0.62","1","VEHICLE","-706.21","0.04","115.86","-706.55","-353.27","14","0","1","ROBOT","ROBOT","2.58","-706.54","-707.23","0.34","0","","0.35","0","1","0","1","",""
"v2r_nitro_late_s15","v2r_nitro_late","15","PASS","329.52","-723.56","-462.12","0","0.09","1","VEHICLE","-724.48","19.20","328.96","-724.48","-457.75","1.13","0","1","ROBOT","ROBOT","3.36","-724.48","-725.12","0.00","0","","0.24","0","0","0","1","",""
"v2r_nitro_late_s16","v2r_nitro_late","16","PASS","240.77","-724.48","-387.61","22.04","0","1","VEHICLE","-724.48","19.20","228.84","-724.48","-391.23","0.66","0","1","ROBOT","ROBOT","7.62","-724.48","-725.26","0.00","0","","-0.03","0","0","0","1","",""
"v2r_nitro_late_s17","v2r_nitro_late","17","PASS","83.8","-719.06","-587.33","0.66","0.08","1","VEHICLE","-719.34","1.34","82.58","-719.7","-588.28","1.58","0","1","ROBOT","ROBOT","7.62","-719.71","-720.04","0.37","0","","0.07","0","0","0","1","",""
"v2r_nitro_late_s18","v2r_nitro_late","18","PASS","214.63","-724.16","-462.39","0","0","1","VEHICLE","-724.48","0.18","216.32","-724.48","-462.39","1.69","0","1","ROBOT","ROBOT","7.62","-724.48","-725.19","0.00","0","","-0.01","0","1","0","1","",""
"v2r_nitro_late_s19","v2r_nitro_late","19","PASS","187.03","-715.07","-362.39","15.91","-18.43","0","VEHICLE","-724.48","1.28","152.36","-725.01","-388.32","14","0","1","ROBOT","ROBOT","7.62","-725.01","-725.02","0.53","0","","-6.73","0","0","0","1","",""
"v2r_nitro_late_s2","v2r_nitro_late","2","PASS","76.23","-721.4","-545.17","0.09","0","1","VEHICLE","-721.70","2.56","76.23","-721.7","-548.05","2.49","0","1","ROBOT","ROBOT","7.62","-721.70","-722.41","0.00","0","","0.29","0","0","0","1","",""
"v2r_nitro_late_s20","v2r_nitro_late","20","PASS","149.86","-716.46","-431.52","17.07","0","1","VEHICLE","-716.80","25.60","149.02","-716.8","-434.6","0.07","0","1","ROBOT","ROBOT","7.62","-716.80","-717.51","0.00","0","","0.03","1","0","0","1","",""
"v2r_nitro_late_s21","v2r_nitro_late","21","PASS","256.97","-713.36","-335.59","28.54","8.93","1","VEHICLE","-714.13","0.63","217.9","-706.72","-308.24","15","0","1","ROBOT","ROBOT","7.62","-706.72","-714","-7.41","0","","2.82","0","0","0","1","",""
"v2r_nitro_late_s22","v2r_nitro_late","22","PASS","135.61","-705.91","-353.16","3.56","1.73","1","VEHICLE","-706.56","0.02","117.6","-704.9","-354.04","0.03","0","1","ROBOT","ROBOT","2.01","-705.02","-707.19","-1.54","0","","-0.25","0","1","0","1","",""
"v2r_nitro_late_s23","v2r_nitro_late","23","PASS","76.01","-721.36","-545.11","0","0.82","1","VEHICLE","-721.70","2.56","76.01","-721.7","-547.18","1.92","0","1","ROBOT","ROBOT","7.62","-721.70","-722.39","0.00","0","","-0.5","0","0","0","1","",""
"v2r_nitro_late_s24","v2r_nitro_late","24","PASS","195.28","-726.09","-468.92","0","0","1","VEHICLE","-726.40","1.28","196.47","-726.33","-473.56","0","0","1","ROBOT","ROBOT","4.7","-726.33","-727.11","-0.07","0","","-0.47","0","0","0","1","",""
"v2r_nitro_late_s25","v2r_nitro_late","25","PASS","130.15","-705.88","-352.65","8.23","0","1","VEHICLE","-706.21","0.04","118.92","-706.56","-353.97","0.01","0","1","ROBOT","ROBOT","2.02","-706.56","-707.09","0.35","0","","-0.37","0","1","0","1","",""
"v2r_nitro_late_s26","v2r_nitro_late","26","PASS","149.66","-715.86","-432.64","2.98","0.08","1","VEHICLE","-716.80","25.60","149.6","-716.8","-433.42","2.44","0","1","ROBOT","ROBOT","7.62","-716.80","-717.44","0.00","0","","0.22","0","0","0","1","",""
"v2r_nitro_late_s27","v2r_nitro_late","27","PASS","307.83","-724.4","-415.1","29.82","0","1","VEHICLE","-724.40","0.04","303.72","-724.4","-406.22","0","0","1","ROBOT","ROBOT","2.17","-724.40","-725.18","0.00","0","","0.08","1","1","0","1","",""
"v2r_nitro_late_s28","v2r_nitro_late","28","PASS","147.66","-724.8","-393.18","1.64","1.02","1","VEHICLE","-725.27","0.02","144.67","-725.52","-393.18","0","0","1","ROBOT","ROBOT","7.62","-725.52","-725.95","0.25","0","","-0.34","0","1","0","1","",""
"v2r_nitro_late_s29","v2r_nitro_late","29","PASS","305.51","-724.48","-370.51","23.97","0","1","VEHICLE","-724.48","19.20","298.98","-724.4","-361.74","0.35","0","1","ROBOT","ROBOT","7.62","-724.40","-725.26","-0.08","0","","-0.08","0","0","0","1","",""
"v2r_nitro_late_s3","v2r_nitro_late","3","PASS","268.88","-724.16","-387.04","24.05","0","1","VEHICLE","-724.16","0.32","248.34","-724.48","-371.29","0","0","1","ROBOT","ROBOT","7.62","-724.48","-724.94","0.32","0","","-1.92","0","1","0","1","",""
"v2r_nitro_late_s30","v2r_nitro_late","30","PASS","75.32","-721.29","-586.48","4.04","1.08","1","VEHICLE","-721.70","0.41","73.87","-721.7","-588.11","1.81","0","1","ROBOT","ROBOT","7.62","-721.70","-722.38","0.00","0","","0.41","1","1","0","1","",""
"v2r_nitro_late_s31","v2r_nitro_late","31","PASS","76.18","-721.38","-545.1","1.09","0","1","VEHICLE","-721.70","2.56","76.18","-721.7","-546.51","1.52","0","1","ROBOT","ROBOT","7.62","-721.70","-722.41","0.00","0","","-0.03","0","0","0","1","",""
"v2r_nitro_late_s32","v2r_nitro_late","32","PASS","200.71","-722.38","-556.71","13.1","0","1","VEHICLE","-722.38","4.02","200.96","-723.72","-552.69","0.67","0","1","ROBOT","ROBOT","7.62","-723.72","-724.22","1.34","0","","-2.64","0","0","0","1","",""
"v2r_nitro_late_s33","v2r_nitro_late","33","PASS","194.73","-706.65","-354.51","19.11","-4.2","0","VEHICLE","-724.48","1.28","153.52","-724.91","-378.34","14","0","1","ROBOT","ROBOT","7.62","-724.91","-724.91","0.43","0","","-0.21","0","0","1","1","",""
"v2r_nitro_late_s34","v2r_nitro_late","34","PASS","214.83","-724.14","-464.82","0.77","0","1","VEHICLE","-724.48","0.16","218.55","-724.48","-463.49","3.18","0","1","ROBOT","ROBOT","7.62","-724.48","-725.19","0.00","0","","-0.07","0","1","0","1","",""
"v2r_nitro_late_s35","v2r_nitro_late","35","PASS","282.23","-713.85","-384.67","16.49","-17.14","0","VEHICLE","-724.48","19.20","258.16","-724.2","-385.86","14","0","1","ROBOT","ROBOT","4.7","-724.20","-724.95","-0.28","0","","-6.1","0","0","0","1","",""
"v2r_nitro_late_s36","v2r_nitro_late","36","PASS","213.79","-724.16","-464.92","2.6","0","1","VEHICLE","-724.48","0.24","218.78","-724.48","-463.23","6.63","0","1","ROBOT","ROBOT","7.62","-724.48","-725.19","0.00","0","","-0.14","0","1","0","1","",""
"v2r_nitro_late_s37","v2r_nitro_late","37","PASS","197.99","-716.67","-572.43","10.74","-2.36","1","VEHICLE","-717.14","4.78","199.05","-717.54","-571.23","0.91","0","1","ROBOT","ROBOT","7.62","-717.54","-718.29","0.40","0","","-0.23","1","0","0","1","",""
"v2r_nitro_late_s38","v2r_nitro_late","38","PASS","263.14","-715.84","-336.53","2.22","1.25","1","VEHICLE","-716.35","0.63","240.95","-708.14","-330.43","1.02","0","1","ROBOT","ROBOT","7.62","-708.14","-716.8","-8.20","0","","-0.31","0","0","0","1","",""
"v2r_nitro_late_s39","v2r_nitro_late","39","PASS","76.18","-721.69","-545.1","0.03","-5.71","0","VEHICLE","-721.70","2.56","76.18","-721.7","-546.93","1.78","0","1","ROBOT","ROBOT","7.62","-721.70","-722.48","0.00","0","","-0.7","0","0","0","1","",""
"v2r_nitro_late_s4","v2r_nitro_late","4","PASS","198.92","-721.31","-558.16","13.57","-4.91","1","VEHICLE","-721.89","0.03","199.75","-723.1","-554.55","0.63","0","1","ROBOT","ROBOT","7.62","-723.10","-723.59","1.20","0","","-2.47","0","1","0","1","",""
"v2r_nitro_late_s40","v2r_nitro_late","40","INFO large_drop","205.37","-706.47","-349.98","18.92","0","1","VEHICLE","-706.47","0.05","160.93","-724.48","-361.48","14","0","1","ROBOT","ROBOT","7.62","-724.48","-724.48","18.01","0","","0.21","0","1","0","1","",""
"v2r_nitro_late_s41","v2r_nitro_late","41","PASS","195.17","-726.09","-472","0","0","1","VEHICLE","-726.40","1.28","196.02","-726.4","-473.82","0","0","1","ROBOT","ROBOT","7.62","-726.40","-727.11","0.00","0","","-0.23","0","0","0","1","",""
"v2r_nitro_late_s42","v2r_nitro_late","42","PASS","290.23","-708.09","-397.44","18.73","-7.76","0","VEHICLE","-724.48","19.20","264.72","-724.48","-358.53","14","0","1","ROBOT","ROBOT","7.62","-724.48","-724.72","0.00","0","","-1.55","0","0","0","1","",""
"v2r_nitro_late_s43","v2r_nitro_late","43","PASS","74.56","-721.38","-544.37","1.05","0","1","VEHICLE","-721.70","2.56","75.43","-721.7","-547.28","2.61","0","1","ROBOT","ROBOT","7.62","-721.70","-722.41","0.00","0","","-0.11","0","0","0","1","",""
"v2r_nitro_late_s44","v2r_nitro_late","44","PASS","274.5","-724.27","-390.3","19.87","0","1","VEHICLE","-724.27","0.21","248.91","-724.48","-370.96","0","0","1","ROBOT","ROBOT","7.62","-724.48","-725.04","0.21","0","","-8.57","0","1","0","1","",""
"v2r_nitro_late_s45","v2r_nitro_late","45","PASS","271.48","-724.19","-387.61","22.71","0","1","VEHICLE","-724.19","0.29","248.53","-724.48","-371.15","0","0","1","ROBOT","ROBOT","7.62","-724.48","-724.97","0.29","0","","-5.07","0","1","0","1","",""
"v2r_nitro_late_s46","v2r_nitro_late","46","PASS","301.58","-705.95","-325.7","0.1","0.07","1","VEHICLE","-706.56","0.08","301.58","-706.56","-324.45","0","0","1","ROBOT","ROBOT","7.62","-706.56","-707.24","0.00","0","","0.23","0","1","0","1","",""
"v2r_nitro_late_s47","v2r_nitro_late","47","PASS","214.71","-724.06","-462.39","0","1.15","1","VEHICLE","-724.48","0.17","216.98","-724.48","-462.39","2.06","0","1","ROBOT","ROBOT","7.62","-724.48","-725.16","0.00","0","","-0.41","0","1","0","1","",""
"v2r_nitro_late_s48","v2r_nitro_late","48","PASS","182.55","-723.84","-366.82","15.84","-21.83","0","VEHICLE","-724.48","1.28","148.33","-725.15","-392.69","14","0","1","ROBOT","ROBOT","7.62","-725.15","-725.26","0.67","0","","-10.26","0","0","0","1","",""
"v2r_nitro_late_s49","v2r_nitro_late","49","PASS","126.57","-705.67","-352.18","21.54","-0.09","1","VEHICLE","-706.23","0.01","103.01","-706.56","-353.78","14","0","1","ROBOT","ROBOT","7.62","-706.56","-707.21","0.33","0","","0.23","0","1","0","1","",""
"v2r_nitro_late_s5","v2r_nitro_late","5","PASS","184.72","-716.68","-575.26","21.38","-1.94","0","VEHICLE","-716.80","5.12","198.84","-716.8","-573.42","0.75","0","1","ROBOT","ROBOT","7.62","-716.81","-717.57","0.01","0","","0.12","0","0","0","1","",""
"v2r_nitro_late_s50","v2r_nitro_late","50","PASS","73.45","-721.09","-569.58","9.24","1.46","1","VEHICLE","-721.70","2.56","69.79","-721.7","-588.07","2.1","0","1","ROBOT","ROBOT","7.62","-721.70","-722.34","0.00","0","","-0.07","0","0","0","1","",""
"v2r_nitro_late_s51","v2r_nitro_late","51","PASS","149.83","-716.47","-432.44","2.3","0","1","VEHICLE","-716.80","25.60","149.32","-716.8","-433.8","3.72","0","1","ROBOT","ROBOT","7.62","-716.80","-717.51","0.00","0","","0.33","0","0","0","1","",""
"v2r_nitro_late_s52","v2r_nitro_late","52","PASS","301.58","-706.21","-326.14","0.05","0.95","1","VEHICLE","-706.56","0.08","301.58","-706.56","-324.49","0","0","1","ROBOT","ROBOT","7.26","-706.56","-707.25","0.00","0","","-0.59","0","1","0","1","",""
"v2r_nitro_late_s53","v2r_nitro_late","53","PASS","149.61","-716.08","-432.73","3.39","0.14","1","VEHICLE","-716.80","25.60","149.02","-716.8","-434.13","0","0","1","ROBOT","ROBOT","7.62","-716.80","-717.47","0.00","0","","0.26","0","0","0","1","",""
"v2r_nitro_late_s54","v2r_nitro_late","54","INFO large_drop","201.17","-706.37","-350.16","18.97","0","1","VEHICLE","-706.37","0.15","158.91","-724.48","-364.91","14","0","1","ROBOT","ROBOT","7.62","-724.48","-724.48","18.11","0","","0.31","0","1","0","1","",""
"v2r_nitro_late_s55","v2r_nitro_late","55","PASS","276.35","-716.02","-416.78","24.24","-19.08","0","VEHICLE","-724.48","19.20","235.02","-724.48","-432.75","14","0","1","ROBOT","ROBOT","3.45","-724.48","-725.04","0.00","0","","-7.03","0","0","0","1","",""
"v2r_nitro_late_s56","v2r_nitro_late","56","PASS","263.88","-716.42","-332.91","0","0.15","1","VEHICLE","-716.61","0.63","229.03","-706.72","-323.1","14","0","1","ROBOT","ROBOT","7.62","-706.72","-717.29","-9.89","0","","4.17","0","0","0","1","",""
"v2r_nitro_late_s57","v2r_nitro_late","57","PASS","263.88","-716.27","-333.2","7.18","1.21","1","VEHICLE","-716.61","0.63","238.19","-707.17","-330.39","1.02","0","1","ROBOT","ROBOT","7.62","-707.17","-717.1","-9.44","0","","2.25","1","0","0","1","",""
"v2r_nitro_late_s58","v2r_nitro_late","58","PASS","79.17","-720.45","-586.76","6.7","1.19","1","VEHICLE","-720.74","0.96","78.67","-720.89","-588.15","1.47","0","1","ROBOT","ROBOT","7.62","-720.89","-721.32","0.15","0","","1.23","1","0","0","1","",""
"v2r_nitro_late_s59","v2r_nitro_late","59","PASS","214.82","-724.03","-464.82","0.01","1.32","1","VEHICLE","-724.48","0.16","217.24","-724.48","-463.64","2.3","0","1","ROBOT","ROBOT","7.62","-724.48","-725.15","0.00","0","","-0.44","0","1","0","1","",""
"v2r_nitro_late_s6","v2r_nitro_late","6","PASS","329.79","-724.19","-458.43","0.17","0","1","VEHICLE","-724.48","19.20","329.83","-724.48","-457.43","1","0","1","ROBOT","ROBOT","5.34","-724.48","-725.2","0.00","0","","-0.46","0","0","0","1","",""
"v2r_nitro_late_s60","v2r_nitro_late","60","PASS","353.42","-724.15","-350.06","1.89","0","1","VEHICLE","-724.48","19.20","320.72","-724.48","-332.66","14","0","1","ROBOT","ROBOT","7.62","-724.48","-725.19","0.00","0","","0.04","0","0","0","1","",""
"v2r_nitro_late_s61","v2r_nitro_late","61","PASS","262.94","-715.94","-332.59","0.4","0.74","1","VEHICLE","-716.20","0.05","259.71","-714.79","-331.47","0.02","0","1","ROBOT","ROBOT","7.62","-714.79","-716.78","-1.41","0","","-0.75","0","1","0","1","",""
"v2r_nitro_late_s62","v2r_nitro_late","62","PASS","95.35","-726.86","-436.75","2.25","-5.36","0","VEHICLE","-727.04","15.36","93.25","-727.04","-440.3","4.3","0","1","ROBOT","ROBOT","2.24","-727.04","-727.82","0.00","0","","-0.57","0","0","0","1","",""
"v2r_nitro_late_s63","v2r_nitro_late","63","PASS","194.75","-724.48","-428.74","33.12","0","1","VEHICLE","-724.48","1.28","203.41","-724.48","-372.09","2.96","0","1","ROBOT","ROBOT","7.62","-724.48","-725.26","0.00","0","","0.55","0","0","0","1","",""
"v2r_nitro_late_s64","v2r_nitro_late","64","PASS","189.76","-726.4","-496.95","30.4","0","1","VEHICLE","-726.40","17.28","196.42","-726.4","-486.52","0.09","0","1","ROBOT","ROBOT","7.62","-726.40","-727.18","0.00","0","","0","0","0","0","1","",""
"v2r_nitro_late_s65","v2r_nitro_late","65","PASS","194.03","-726.06","-473.7","0","0","1","VEHICLE","-726.40","3.06","195.27","-726.4","-474.31","0","0","1","ROBOT","ROBOT","7.62","-726.40","-727.11","0.00","0","","-0.05","0","0","0","1","",""
"v2r_nitro_late_s66","v2r_nitro_late","66","INFO large_drop","179.85","-720.97","-408.14","0.22","0","1","VEHICLE","-720.90","3.58","160.06","-724.45","-432.26","0.94","0","1","ROBOT","ROBOT","7.62","-724.45","-724.61","3.55","0","","0.04","0","0","0","1","",""
"v2r_nitro_late_s67","v2r_nitro_late","67","PASS","259.54","-724.48","-495.31","32.84","0","1","VEHICLE","-724.48","0.10","251.3","-724.48","-517.09","8.13","0","1","ROBOT","ROBOT","7.62","-724.48","-725.26","0.00","0","","0","0","1","0","1","",""
"v2r_nitro_late_s68","v2r_nitro_late","68","PASS","149.54","-716.44","-432.35","13.94","-0.31","1","VEHICLE","-716.80","25.60","148.89","-716.8","-434.6","0.32","0","1","ROBOT","ROBOT","7.62","-716.80","-717.51","0.00","0","","-0.07","1","0","0","1","",""
"v2r_nitro_late_s69","v2r_nitro_late","69","PASS","200.42","-722.98","-554.29","14.53","-11.19","0","VEHICLE","-723.18","3.22","200.74","-723.87","-552.23","0.73","0","1","ROBOT","ROBOT","7.62","-723.87","-724.49","0.69","0","","-3.4","0","0","0","1","",""
"v2r_nitro_late_s7","v2r_nitro_late","7","PASS","74.56","-721.7","-582.4","22.12","0","1","VEHICLE","-721.70","2.56","73.43","-721.7","-588.11","1.88","0","1","ROBOT","ROBOT","7.62","-721.70","-722.48","0.00","0","","-0.3","1","0","0","1","",""
"v2r_nitro_late_s70","v2r_nitro_late","70","PASS","200.76","-722.9","-554.7","0","0","1","VEHICLE","-723.05","3.35","200.79","-718.48","-568.4","0","0","1","ROBOT","ROBOT","7.62","-718.48","-723.78","-4.57","0","","-0.01","0","0","0","1","",""
"v2r_nitro_late_s71","v2r_nitro_late","71","PASS","75.71","-721.37","-545.14","0.93","0","1","VEHICLE","-721.70","2.56","75.71","-721.7","-548.53","2.85","0","1","ROBOT","ROBOT","7.62","-721.70","-722.41","0.00","0","","-0.02","0","0","0","1","",""
"v2r_nitro_late_s72","v2r_nitro_late","72","PASS","206.61","-724.48","-431.3","33.04","0","1","VEHICLE","-724.48","19.20","141.34","-726.4","-456.72","14","0","1","ROBOT","ROBOT","7.62","-726.40","-726.4","1.92","0","","0","0","0","0","1","",""
"v2r_nitro_late_s73","v2r_nitro_late","73","PASS","228.64","-724.12","-365.35","0","0","1","VEHICLE","-724.45","0.03","230.35","-724.48","-363.45","0","0","1","ROBOT","ROBOT","4.01","-724.48","-725.17","0.03","0","","0.05","0","1","0","1","",""
"v2r_nitro_late_s74","v2r_nitro_late","74","INFO large_drop","206.23","-706.02","-349.24","23.28","1.08","1","VEHICLE","-706.57","0.16","164.15","-724.48","-355.31","0.05","0","1","ROBOT","ROBOT","7.62","-724.48","-724.48","17.91","0","","0.28","0","1","0","1","",""
"v2r_nitro_late_s75","v2r_nitro_late","75","PASS","73.55","-721.7","-570.89","11.01","0","1","VEHICLE","-721.70","2.56","67.75","-721.7","-588.15","2.8","0","1","ROBOT","ROBOT","7.62","-721.70","-722.48","0.00","0","","-0.77","0","0","0","1","",""
"v2r_nitro_late_s76","v2r_nitro_late","76","INFO large_drop","298.13","-706.63","-403.46","14.59","0","1","VEHICLE","-706.63","6.11","286.29","-724.48","-364.33","14","0","1","ROBOT","ROBOT","7.62","-724.48","-724.48","17.85","0","","-0.77","0","0","0","1","",""
"v2r_nitro_late_s77","v2r_nitro_late","77","PASS","127.69","-705.88","-353.06","20.42","0","1","VEHICLE","-706.22","0.02","117.73","-706.56","-353.69","0","0","1","ROBOT","ROBOT","2.32","-706.56","-707.23","0.34","0","","0.36","0","1","0","1","",""
"v2r_nitro_late_s78","v2r_nitro_late","78","PASS","162.31","-706.54","-453.66","33.21","0","1","VEHICLE","-706.54","0.00","100","-706.55","-443.31","0.24","0","1","ROBOT","ROBOT","7.62","-706.55","-707.32","0.02","0","","0","0","1","0","1","",""
"v2r_nitro_late_s79","v2r_nitro_late","79","PASS","282.68","-706.54","-458.24","33.21","0","1","VEHICLE","-706.54","0.00","344.38","-706.51","-466.64","0","0","1","ROBOT","ROBOT","7.62","-706.51","-707.32","-0.02","0","","0","0","1","0","1","",""
"v2r_nitro_late_s8","v2r_nitro_late","8","PASS","331.37","-724.48","-444.09","22.61","0","1","VEHICLE","-724.48","19.20","341.75","-723.69","-393.54","14.85","0","1","ROBOT","ROBOT","7.62","-723.67","-725.26","-0.81","0","","0","0","0","0","1","",""
"v2r_nitro_late_s80","v2r_nitro_late","80","PASS","352.11","-723.85","-366.62","11.41","1.45","1","VEHICLE","-724.48","19.20","366.01","-724.44","-363.82","0","0","1","ROBOT","ROBOT","2.1","-724.44","-725.12","-0.04","0","","0.63","0","0","0","1","",""
"v2r_nitro_late_s81","v2r_nitro_late","81","PASS","215.01","-724.48","-462.52","8.13","0","1","VEHICLE","-724.48","0.15","215.18","-724.48","-462.5","1.08","0","1","ROBOT","ROBOT","7.62","-724.48","-725.26","0.00","0","","0","1","1","0","1","",""
"v2r_nitro_late_s82","v2r_nitro_late","82","INFO large_drop","119.4","-707.85","-420.45","15.7","-2.05","0","VEHICLE","-708.12","3.59","130.44","-719.42","-437.88","0.03","0","1","ROBOT","ROBOT","7.62","-719.42","-721.66","11.30","0","","-1","0","0","0","1","",""
"v2r_nitro_late_s83","v2r_nitro_late","83","PASS","83.49","-726.9","-414.82","0.77","-5.54","0","VEHICLE","-727.04","16.64","84.89","-726.92","-412.35","0.45","0","1","ROBOT","ROBOT","6.58","-726.92","-727.82","-0.12","0","","-0.62","0","0","0","1","",""
"v2r_nitro_late_s9","v2r_nitro_late","9","PASS","348.05","-724.16","-352.05","5.36","0","1","VEHICLE","-724.48","19.20","331.74","-724.48","-334.51","14","0","1","ROBOT","ROBOT","7.62","-724.48","-725.19","0.00","0","","0.21","0","0","0","1","",""
"v2r_nitro_s0","v2r_nitro","0","PASS","143.35","-725.58","-474.39","3.94","1.32","1","VEHICLE","-726.40","1.28","144.72","-726.4","-473.67","0.23","0","1","ROBOT","ROBOT","7.62","-726.40","-727.02","0.00","0","","0.82","0","0","0","1","",""
"v2r_nitro_s1","v2r_nitro","1","PASS","138.23","-716","-620.31","6.8","0.32","1","VEHICLE","-716.70","0.09","161.2","-716.8","-592.87","14","0","1","ROBOT","ROBOT","7.62","-716.80","-717.36","0.10","0","","0.14","1","1","0","1","",""
"v2r_nitro_s10","v2r_nitro","10","PASS","303.74","-705.62","-430.84","0","1.08","1","VEHICLE","-706.51","0.04","302.08","-706.56","-430.84","0","0","1","ROBOT","ROBOT","7.62","-706.56","-707.18","0.05","0","","0.54","0","1","0","1","",""
"v2r_nitro_s11","v2r_nitro","11","PASS","145.4","-716.8","-411.64","23.11","0","1","VEHICLE","-716.80","25.60","150.32","-716.8","-412.68","0.35","0","1","ROBOT","ROBOT","7.62","-716.80","-717.58","0.00","0","","-1.58","1","0","0","1","",""
"v2r_nitro_s12","v2r_nitro","12","PASS","143.23","-725.7","-473.2","1.72","0.11","1","VEHICLE","-726.40","1.28","164.51","-726.4","-471.67","14","0","1","ROBOT","ROBOT","7.62","-726.40","-727.07","0.00","0","","0.1","0","0","0","1","",""
"v2r_nitro_s13","v2r_nitro","13","PASS","154.76","-726.4","-467.89","31.59","0","1","VEHICLE","-726.40","1.28","195.27","-726.4","-467.89","0","0","1","ROBOT","ROBOT","7.62","-726.40","-727.18","0.00","0","","0","0","0","0","1","",""
"v2r_nitro_s14","v2r_nitro","14","PASS","142.72","-706.19","-351.33","31.09","-2.89","1","VEHICLE","-706.20","0.30","142.72","-706.39","-353.24","0","0","1","ROBOT","ROBOT","7.62","-706.39","-707.14","0.20","0","","-0.12","1","1","0","1","",""
"v2r_nitro_s15","v2r_nitro","15","PASS","335.95","-723.9","-478.09","2.78","1.43","1","VEHICLE","-724.48","19.20","334.61","-724.48","-478.77","0.22","0","1","ROBOT","ROBOT","7.62","-724.48","-725.12","0.00","0","","0.58","0","0","0","1","",""
"v2r_nitro_s16","v2r_nitro","16","PASS","335.85","-706.56","-343.74","31.59","0","1","VEHICLE","-706.56","1.68","298.99","-707.18","-357.83","0","0","1","ROBOT","ROBOT","7.62","-707.18","-707.34","0.62","0","","0","0","0","0","1","",""
"v2r_nitro_s17","v2r_nitro","17","PASS","73.81","-721.7","-542.93","31.59","0","1","VEHICLE","-721.70","2.56","76.76","-721.7","-565.19","0","0","1","ROBOT","ROBOT","7.62","-721.70","-722.48","0.00","0","","0","0","0","0","1","",""
"v2r_nitro_s18","v2r_nitro","18","PASS","249.01","-724.48","-474.97","17.96","0","1","VEHICLE","-724.48","19.20","223.41","-724.48","-462.72","8.33","0","1","ROBOT","ROBOT","7.62","-724.48","-725.26","0.00","0","","-0.95","0","0","0","1","",""
"v2r_nitro_s19","v2r_nitro","19","PASS","224.22","-706.72","-340.79","22.87","0","1","VEHICLE","-706.72","0.33","224.4","-706.72","-348.22","0","0","1","ROBOT","ROBOT","7.62","-706.72","-707.51","0.00","0","","-0.78","1","1","0","1","",""
"v2r_nitro_s2","v2r_nitro","2","PASS","73.97","-721.7","-566.75","31.59","0","1","VEHICLE","-721.70","2.56","76.76","-721.7","-543.97","0","0","1","ROBOT","ROBOT","7.62","-721.70","-722.48","0.00","0","","0","0","0","0","1","",""
"v2r_nitro_s20","v2r_nitro","20","PASS","142.1","-716.8","-415.48","24.8","0","1","VEHICLE","-716.80","25.60","151.06","-716.8","-416.48","0.35","0","1","ROBOT","ROBOT","7.62","-716.80","-717.58","0.00","0","","-4.66","1","0","0","1","",""
"v2r_nitro_s21","v2r_nitro","21","PASS","346.74","-724.48","-338.65","31.59","0","1","VEHICLE","-724.48","19.20","276.15","-721","-338.65","14","0","1","ROBOT","ROBOT","7.62","-721.00","-725.26","-3.48","0","","0","0","0","0","1","",""
"v2r_nitro_s22","v2r_nitro","22","PASS","142.72","-705.82","-342.41","31.59","0","1","VEHICLE","-705.82","0.82","142.72","-706.39","-353.24","0","0","1","ROBOT","ROBOT","7.62","-706.39","-706.95","0.57","0","","0.1","1","0","0","1","",""
"v2r_nitro_s23","v2r_nitro","23","PASS","59.1","-720.82","-567.23","10.55","1.22","1","VEHICLE","-721.70","2.56","76.37","-721.7","-543.84","0","0","1","ROBOT","ROBOT","7.62","-721.70","-722.32","0.00","0","","0.88","0","0","0","1","",""
"v2r_nitro_s24","v2r_nitro","24","PASS","158.6","-726.4","-461.49","31.59","0","1","VEHICLE","-726.40","1.28","193.35","-726.4","-461.49","0","0","1","ROBOT","ROBOT","7.62","-726.40","-727.18","0.00","0","","0","0","0","0","1","",""
"v2r_nitro_s25","v2r_nitro","25","PASS","135.04","-706.34","-351.36","31.26","-2.57","0","VEHICLE","-706.42","0.14","135.85","-706.56","-353.53","0","0","1","ROBOT","ROBOT","7.62","-706.56","-707.32","0.14","0","","-0.14","1","1","0","1","",""
"v2r_nitro_s26","v2r_nitro","26","PASS","141.89","-716.8","-423.16","25.13","0","1","VEHICLE","-716.80","25.60","151.07","-716.8","-424.81","0","0","1","ROBOT","ROBOT","7.62","-716.80","-717.58","0.00","0","","-3.99","0","0","0","1","",""
"v2r_nitro_s27","v2r_nitro","27","PASS","333.55","-723.94","-468.26","12.27","1.38","1","VEHICLE","-724.48","19.20","328.82","-724.48","-457.86","0.33","0","1","ROBOT","ROBOT","7.62","-724.48","-725.14","0.00","0","","0.54","0","0","0","1","",""
"v2r_nitro_s28","v2r_nitro","28","INFO large_drop","147.84","-706.14","-346.25","31.59","-0.65","1","VEHICLE","-706.15","0.37","147.84","-725.39","-388.92","14","0","1","ROBOT","ROBOT","7.62","-725.39","-725.39","19.23","0","","-0.26","1","1","0","1","",""
"v2r_nitro_s29","v2r_nitro","29","PASS","326.91","-723.9","-445.11","24.83","1.43","1","VEHICLE","-724.48","19.20","303.72","-724.4","-398.19","0.84","0","1","ROBOT","ROBOT","7.62","-724.40","-725.12","-0.08","0","","0.58","0","0","0","1","",""
"v2r_nitro_s3","v2r_nitro","3","PASS","303.78","-705.81","-421.88","0","0.04","1","VEHICLE","-706.51","0.04","302.08","-706.56","-421.88","0","0","1","ROBOT","ROBOT","7.62","-706.56","-707.22","0.05","0","","0.05","0","1","0","1","",""
"v2r_nitro_s30","v2r_nitro","30","PASS","63.57","-721.7","-542.93","31.59","0","1","VEHICLE","-721.70","2.56","76.71","-721.7","-565.24","0","0","1","ROBOT","ROBOT","7.62","-721.70","-722.48","0.00","0","","0","0","0","0","1","",""
"v2r_nitro_s31","v2r_nitro","31","PASS","53.49","-721.7","-566.75","31.59","0","1","VEHICLE","-721.70","2.56","76.37","-721.7","-543.84","0","0","1","ROBOT","ROBOT","7.62","-721.70","-722.48","0.00","0","","0","0","0","0","1","",""
"v2r_nitro_s32","v2r_nitro","32","PASS","139.63","-716.8","-609.17","31.43","0","1","VEHICLE","-716.80","26.88","179.72","-716.8","-577.67","14","0","1","ROBOT","ROBOT","7.62","-716.80","-717.58","0.00","0","","-0.1","0","0","0","1","",""
"v2r_nitro_s33","v2r_nitro","33","PASS","226.04","-706.2","-346.84","0","0.14","1","VEHICLE","-706.72","0.44","226.04","-706.72","-348.22","0","0","1","ROBOT","ROBOT","7.62","-706.72","-707.4","0.00","0","","0.13","0","1","0","1","",""
"v2r_nitro_s34","v2r_nitro","34","PASS","230.83","-724.48","-487.74","24.06","0","1","VEHICLE","-724.48","0.08","210.56","-722","-463.81","0","0","1","ROBOT","ROBOT","7.62","-722.00","-725.26","-2.48","0","","0","0","1","0","1","",""
"v2r_nitro_s35","v2r_nitro","35","PASS","352.5","-706.18","-352.1","15","0.14","1","VEHICLE","-706.56","2.56","322.29","-702.27","-382.32","14","0","1","ROBOT","ROBOT","7.62","-702.27","-707.26","-4.29","0","","-0.02","0","0","0","1","",""
"v2r_nitro_s36","v2r_nitro","36","PASS","219.13","-724.48","-476.62","31.59","0","1","VEHICLE","-724.48","0.10","211.77","-724.27","-464.06","0","0","1","ROBOT","ROBOT","7.62","-724.27","-725.26","-0.21","0","","0","0","1","0","1","",""
"v2r_nitro_s37","v2r_nitro","37","PASS","137.88","-716.33","-619.97","14.11","0.61","1","VEHICLE","-716.70","0.09","163.52","-716.8","-590.73","14","0","1","ROBOT","ROBOT","7.62","-716.80","-717.39","0.10","0","","0.47","0","1","0","1","",""
"v2r_nitro_s38","v2r_nitro","38","PASS","334.39","-724.48","-338.2","31.59","0","1","VEHICLE","-724.48","19.20","263.81","-716.59","-338.2","14","0","1","ROBOT","ROBOT","7.62","-716.59","-725.26","-7.89","0","","0","0","0","0","1","",""
"v2r_nitro_s39","v2r_nitro","39","PASS","63.73","-721.7","-576.99","31.59","0","1","VEHICLE","-721.70","2.56","76.67","-721.7","-543.95","0","0","1","ROBOT","ROBOT","7.62","-721.70","-722.48","0.00","0","","0","0","0","0","1","",""
"v2r_nitro_s4","v2r_nitro","4","PASS","138.3","-716.43","-627.08","21.98","0.55","1","VEHICLE","-716.80","26.88","159.34","-716.8","-590.73","14","0","1","ROBOT","ROBOT","6.35","-716.80","-717.5","0.00","0","","0.37","0","0","0","1","",""
"v2r_nitro_s40","v2r_nitro","40","PASS","229.88","-706.34","-346.84","0","0.72","1","VEHICLE","-706.72","0.44","229.88","-706.72","-348.22","0","0","1","ROBOT","ROBOT","7.62","-706.72","-707.41","0.00","0","","0.38","0","1","0","1","",""
"v2r_nitro_s41","v2r_nitro","41","PASS","163.72","-726.4","-467.89","31.59","0","1","VEHICLE","-726.40","17.28","195.27","-726.4","-467.89","0","0","1","ROBOT","ROBOT","7.62","-726.40","-727.18","0.00","0","","0","0","0","0","1","",""
"v2r_nitro_s42","v2r_nitro","42","PASS","303.78","-705.81","-430.84","0","0.04","1","VEHICLE","-706.51","0.04","302.08","-706.56","-430.84","0","0","1","ROBOT","ROBOT","7.62","-706.56","-707.22","0.05","0","","0.05","0","1","0","1","",""
"v2r_nitro_s43","v2r_nitro","43","PASS","63.73","-721.7","-566.75","31.59","0","1","VEHICLE","-721.70","2.56","76.65","-721.7","-543.95","0","0","1","ROBOT","ROBOT","7.62","-721.70","-722.48","0.00","0","","0","0","0","0","1","",""
"v2r_nitro_s44","v2r_nitro","44","PASS","303.74","-705.62","-421.88","0","1.08","1","VEHICLE","-706.51","0.04","302.08","-706.56","-421.88","0","0","1","ROBOT","ROBOT","7.62","-706.56","-707.18","0.05","0","","0.54","0","1","0","1","",""
"v2r_nitro_s45","v2r_nitro","45","PASS","303.74","-706.06","-427","0","1.27","1","VEHICLE","-706.51","0.04","302.08","-706.56","-427","0","0","1","ROBOT","ROBOT","7.62","-706.56","-707.23","0.05","0","","-0.47","0","1","0","1","",""
"v2r_nitro_s46","v2r_nitro","46","PASS","339.37","-706.28","-333.15","31.33","-1.93","0","VEHICLE","-706.56","0.07","302.08","-706.56","-333.15","0","0","1","ROBOT","ROBOT","7.62","-706.56","-707.31","0.00","0","","0.26","0","1","0","1","",""
"v2r_nitro_s47","v2r_nitro","47","PASS","243.15","-724.48","-469.82","24.32","0","1","VEHICLE","-724.48","19.20","212.76","-724.39","-462.16","0","0","1","ROBOT","ROBOT","7.62","-724.39","-725.26","-0.09","0","","0","0","0","0","1","",""
"v2r_nitro_s48","v2r_nitro","48","PASS","222.69","-706.72","-346.54","25.84","0","1","VEHICLE","-706.72","0.44","222.69","-706.72","-348.22","0","0","1","ROBOT","ROBOT","7.62","-706.72","-707.51","0.00","0","","0","1","1","0","1","",""
"v2r_nitro_s49","v2r_nitro","49","PASS","135.04","-706.07","-342.41","31.59","0","1","VEHICLE","-706.07","0.74","135.69","-706.56","-353.51","0","0","1","ROBOT","ROBOT","7.62","-706.56","-707.14","0.49","0","","0.4","1","0","0","1","",""
"v2r_nitro_s5","v2r_nitro","5","PASS","131.97","-716.7","-619.39","31.59","0","1","VEHICLE","-716.70","0.09","173.56","-716.8","-576.88","0.26","0","1","ROBOT","ROBOT","7.62","-716.80","-717.48","0.10","0","","0.1","0","1","0","1","",""
"v2r_nitro_s50","v2r_nitro","50","PASS","53.33","-721.7","-542.93","31.59","0","1","VEHICLE","-721.70","2.56","76.37","-721.7","-565.32","0","0","1","ROBOT","ROBOT","7.62","-721.70","-722.48","0.00","0","","0","0","0","0","1","",""
"v2r_nitro_s51","v2r_nitro","51","INFO large_drop","127.03","-711.52","-418.87","14.23","-4.12","0","VEHICLE","-712.47","5.12","151.09","-716.8","-417.3","0","0","1","ROBOT","ROBOT","7.62","-716.80","-717.18","4.32","0","","-3.67","0","0","0","1","",""
"v2r_nitro_s52","v2r_nitro","52","PASS","327.17","-706.56","-333.15","30.75","0","1","VEHICLE","-706.56","2.56","302.08","-706.56","-333.15","0","0","1","ROBOT","ROBOT","7.62","-706.56","-707.34","0.00","0","","-0.34","0","0","0","1","",""
"v2r_nitro_s53","v2r_nitro","53","PASS","148.02","-716.8","-427","26.13","0","1","VEHICLE","-716.80","25.60","150.98","-716.8","-425.9","0.35","0","1","ROBOT","ROBOT","7.62","-716.80","-717.58","0.00","0","","-0.2","1","0","0","1","",""
"v2r_nitro_s54","v2r_nitro","54","PASS","229.88","-705.99","-346.84","0","1.42","1","VEHICLE","-706.72","0.44","229.88","-706.72","-348.22","0","0","1","ROBOT","ROBOT","7.62","-706.72","-707.36","0.00","0","","0.73","0","1","0","1","",""
"v2r_nitro_s55","v2r_nitro","55","INFO large_drop","339.33","-706.56","-359","31.59","0","1","VEHICLE","-706.56","0.72","289.32","-712.04","-409.01","13.73","-17.15","0","ROBOT","ROBOT","3.26","-724.48","-712.04","17.92","0","","0","0","0","0","1","",""
"v2r_nitro_s56","v2r_nitro","56","PASS","345.96","-723.8","-331.79","21.61","1.45","1","VEHICLE","-724.48","19.20","303.03","-724.4","-343.14","14","0","1","ROBOT","ROBOT","7.62","-724.40","-725.11","-0.08","0","","0.68","0","0","0","1","",""
"v2r_nitro_s57","v2r_nitro","57","PASS","351.66","-724.48","-331.33","31.59","0","1","VEHICLE","-724.48","19.20","288.98","-724.48","-334.05","14","0","1","ROBOT","ROBOT","7.62","-724.48","-725.26","0.00","0","","0","0","0","0","1","",""
"v2r_nitro_s58","v2r_nitro","58","PASS","59.1","-720.84","-542.7","10.63","1.25","1","VEHICLE","-721.70","2.56","76.37","-721.7","-565.32","0","0","1","ROBOT","ROBOT","7.62","-721.70","-722.32","0.00","0","","0.86","0","0","0","1","",""
"v2r_nitro_s59","v2r_nitro","59","PASS","236.39","-724.48","-493.73","16.68","0","1","VEHICLE","-724.48","19.20","210.28","-721.47","-464.66","10.45","0","1","ROBOT","ROBOT","7.62","-721.46","-725.26","-3.02","0","","-0.96","0","0","0","1","",""
"v2r_nitro_s6","v2r_nitro","6","PASS","339.69","-723.83","-483.19","15.93","1.46","1","VEHICLE","-724.48","19.20","333.07","-724.48","-479.67","0","0","1","ROBOT","ROBOT","7.62","-724.48","-725.12","0.00","0","","0.65","0","0","0","1","",""
"v2r_nitro_s60","v2r_nitro","60","PASS","353.62","-723.71","-350.27","1.05","1.35","1","VEHICLE","-724.48","19.20","354.71","-724.48","-351.26","0.51","0","1","ROBOT","ROBOT","7.62","-724.48","-725.11","0.00","0","","0.77","0","0","0","1","",""
"v2r_nitro_s61","v2r_nitro","61","PASS","277.13","-720.99","-338.42","19.9","5.39","1","VEHICLE","-721.35","0.63","229.28","-706.72","-332.81","14","0","1","ROBOT","ROBOT","7.62","-706.72","-721.69","-14.63","0","","3.49","0","0","0","1","",""
"v2r_nitro_s62","v2r_nitro","62","INFO large_drop","95.86","-718.88","-335.81","25.1","-13.26","0","VEHICLE","-720.57","23.11","95.68","-727.04","-393.49","14","0","1","ROBOT","ROBOT","7.62","-727.04","-727.35","6.47","0","","-4.22","0","0","0","1","",""
"v2r_nitro_s63","v2r_nitro","63","INFO large_drop","190.83","-721.44","-556.38","25.1","-13.26","0","VEHICLE","-722.49","3.91","192.6","-726.4","-498.8","14","0","1","ROBOT","ROBOT","7.62","-726.40","-726.87","3.91","0","","-4.22","0","0","0","1","",""
"v2r_nitro_s64","v2r_nitro","64","INFO large_drop","137.6","-716.8","-571.57","31.59","0","1","VEHICLE","-716.80","26.88","163.01","-721.92","-528.09","14","0","1","ROBOT","ROBOT","7.62","-721.92","-721.92","5.12","0","","0","0","0","0","1","",""
"v2r_nitro_s65","v2r_nitro","65","PASS","154.77","-726.4","-471.04","31.59","0","1","VEHICLE","-726.40","1.28","195.27","-726.4","-471.04","0","0","1","ROBOT","ROBOT","7.62","-726.40","-727.18","0.00","0","","0","0","0","0","1","",""
"v2r_nitro_s66","v2r_nitro","66","INFO large_drop","181.11","-718.18","-335.18","22","-9.79","0","VEHICLE","-719.30","6.46","180.31","-724.48","-387.54","14","0","1","ROBOT","ROBOT","7.62","-724.48","-724.79","5.18","0","","-2.54","0","0","0","1","",""
"v2r_nitro_s67","v2r_nitro","67","PASS","264.01","-723.25","-385.94","1.43","0.51","1","VEHICLE","-724.10","0.38","264.31","-724.11","-385.97","0.1","0","1","ROBOT","ROBOT","7.62","-724.11","-724.74","0.01","0","","0.35","0","1","0","1","",""
"v2r_nitro_s68","v2r_nitro","68","INFO large_drop","117.54","-706.16","-419.53","16.84","-3.55","0","VEHICLE","-707.19","0.54","149.85","-716.8","-418.91","0.56","0","1","ROBOT","ROBOT","7.62","-716.80","-716.8","9.61","0","","-0.61","0","0","0","1","",""
"v2r_nitro_s69","v2r_nitro","69","PASS","138.25","-716.18","-619.36","19.78","1.56","1","VEHICLE","-716.70","0.09","162.57","-716.8","-588.8","14","0","1","ROBOT","ROBOT","7.62","-716.80","-717.36","0.10","0","","0.62","0","1","0","1","",""
"v2r_nitro_s7","v2r_nitro","7","PASS","63.57","-721.7","-532.69","31.59","0","1","VEHICLE","-721.70","2.56","76.7","-721.7","-565.28","0","0","1","ROBOT","ROBOT","7.62","-721.70","-722.48","0.00","0","","0","0","0","0","1","",""
"v2r_nitro_s70","v2r_nitro","70","INFO large_drop","145.84","-716.33","-554.41","21.14","1.23","1","VEHICLE","-716.80","26.88","187.23","-724.14","-540.8","13.83","-11.27","0","ROBOT","ROBOT","7.62","-726.40","-724.14","9.60","0","","0.47","0","0","0","1","",""
"v2r_nitro_s71","v2r_nitro","71","PASS","66.22","-721.7","-566.46","31.59","0","1","VEHICLE","-721.70","2.56","76.69","-721.7","-543.94","0","0","1","ROBOT","ROBOT","7.62","-721.70","-722.48","0.00","0","","0","0","0","0","1","",""
"v2r_nitro_s72","v2r_nitro","72","INFO large_drop","317.13","-706.54","-361.79","31.59","0","1","VEHICLE","-706.54","0.02","276.75","-724.28","-396.19","14","0","1","ROBOT","ROBOT","7.62","-724.28","-724.48","17.74","0","","0.02","0","1","0","1","",""
"v2r_nitro_s73","v2r_nitro","73","PASS","229.58","-713.65","-427.59","24.42","-16.49","0","VEHICLE","-724.48","0.21","228.53","-724.45","-370.87","14","0","1","ROBOT","ROBOT","3.78","-724.45","-724.96","-0.03","0","","-5.78","0","1","0","1","",""
"v2r_nitro_s74","v2r_nitro","74","PASS","227.44","-706.14","-346.88","1.43","1.43","1","VEHICLE","-706.72","0.44","227.77","-706.72","-348.22","0.09","0","1","ROBOT","ROBOT","7.62","-706.72","-707.37","0.00","0","","0.58","0","1","0","1","",""
"v2r_nitro_s75","v2r_nitro","75","PASS","68.07","-721.7","-545.31","31.59","0","1","VEHICLE","-721.70","2.56","76.66","-721.7","-565.21","0","0","1","ROBOT","ROBOT","7.62","-721.70","-722.48","0.00","0","","0","0","0","0","1","",""
"v2r_nitro_s76","v2r_nitro","76","PASS","303.72","-705.62","-427.94","0.21","1.08","1","VEHICLE","-706.51","0.05","302.08","-706.56","-428","0.02","0","1","ROBOT","ROBOT","7.62","-706.56","-707.18","0.05","0","","0.54","0","1","0","1","",""
"v2r_nitro_s77","v2r_nitro","77","PASS","140.24","-705.96","-339.08","31.59","0","1","VEHICLE","-705.96","0.46","140.55","-706.35","-353.25","0.03","0","1","ROBOT","ROBOT","7.62","-706.35","-706.84","0.39","0","","0.19","1","1","0","1","",""
"v2r_nitro_s78","v2r_nitro","78","PASS","294.25","-706.54","-456.09","31.59","0","1","VEHICLE","-706.54","0.00","254.93","-706.54","-455.35","14","0","1","ROBOT","ROBOT","7.62","-706.54","-707.32","0.00","0","","0","1","1","0","1","",""
"v2r_nitro_s79","v2r_nitro","79","PASS","150.72","-706.54","-458.24","31.59","0","1","VEHICLE","-706.54","0.00","221.3","-706.54","-458.24","14","0","1","ROBOT","ROBOT","7.62","-706.54","-707.32","0.00","0","","0","0","1","0","1","",""
"v2r_nitro_s8","v2r_nitro","8","PASS","329.7","-723.62","-459.45","0.38","1.2","1","VEHICLE","-724.48","19.20","329.1","-724.48","-457.74","0","0","1","ROBOT","ROBOT","7.62","-724.48","-725.1","0.00","0","","0.86","0","0","0","1","",""
"v2r_nitro_s80","v2r_nitro","80","PASS","339.65","-724.01","-429.18","15","0.17","1","VEHICLE","-724.48","19.20","336.61","-724.48","-386.98","14","0","1","ROBOT","ROBOT","7.62","-724.48","-725.17","0.00","0","","0.12","0","0","0","1","",""
"v2r_nitro_s81","v2r_nitro","81","PASS","249.27","-723.67","-483.95","13.91","0.09","1","VEHICLE","-724.48","19.20","223.54","-724.48","-462.67","8","0","1","ROBOT","ROBOT","7.62","-724.48","-725.14","0.00","0","","0.07","0","0","0","1","",""
"v2r_nitro_s82","v2r_nitro","82","PASS","109.98","-706.13","-385.28","0","1.27","1","VEHICLE","-706.56","5.12","111.42","-706.56","-385.28","0","0","1","ROBOT","ROBOT","7.62","-706.56","-707.23","0.00","0","","-0.53","0","0","0","1","",""
"v2r_nitro_s83","v2r_nitro","83","PASS","83.19","-726.15","-414.34","0.02","-0.03","1","VEHICLE","-726.92","0.12","81.91","-726.92","-414.33","0","0","1","ROBOT","ROBOT","7.62","-726.92","-727.58","0.00","0","","0.1","0","1","0","1","",""
"v2r_nitro_s9","v2r_nitro","9","PASS","348.63","-723.84","-353.46","0.96","1.43","1","VEHICLE","-724.48","19.20","347.4","-724.48","-354.41","0","0","1","ROBOT","ROBOT","4.3","-724.48","-725.12","0.00","0","","0.64","0","0","0","1","",""
"v2r_rapid_s0","v2r_rapid","0","PASS","107.51","-725.62","-475.57","0","-0.32","0","VEHICLE","-726.40","1.28","153.82","-725.62","-510.64","13.91","0.12","1","ROBOT","VEHICLE","2.71","-726.40","-727.18","0.00","0","","0","0","0","0","7","",""
"v2r_rapid_s1","v2r_rapid","1","PASS","116.48","-716.02","-652.8","0","-0.32","0","VEHICLE","-716.80","26.88","138.89","-716.02","-628.62","1.1","0.11","1","ROBOT","VEHICLE","2.81","-716.80","-717.58","0.00","0","","0","0","0","0","7","",""
"v2r_rapid_s10","v2r_rapid","10","INFO large_drop","336.88","-705.78","-430.84","0","-0.32","0","VEHICLE","-706.56","2.56","295.96","-723.62","-333.86","0.72","0.11","1","ROBOT","VEHICLE","7.69","-724.40","-725.26","17.84","0","","0","0","0","0","7","",""
"v2r_rapid_s11","v2r_rapid","11","INFO large_drop","108.8","-705.78","-411.64","0","-0.32","0","VEHICLE","-706.56","5.12","118.07","-723.99","-439","15.09","0.02","1","ROBOT","VEHICLE","4.27","-725.10","-724.77","18.54","0","","0","0","0","0","7","",""
"v2r_rapid_s12","v2r_rapid","12","PASS","116.47","-725.62","-475.57","0","-0.32","0","VEHICLE","-726.40","1.28","149.13","-725.62","-510.5","13.97","0.13","1","ROBOT","VEHICLE","2.25","-726.40","-727.18","0.00","0","","0","0","0","0","7","",""
"v2r_rapid_s13","v2r_rapid","13","PASS","107.51","-725.62","-467.89","0","-0.32","0","VEHICLE","-726.40","1.28","147.51","-725.62","-510.45","0","0.14","1","ROBOT","VEHICLE","2.19","-726.40","-727.18","0.00","0","","0","0","0","0","7","",""
"v2r_rapid_s14","v2r_rapid","14","PASS","142.72","-705.78","-304.12","0","-0.32","0","VEHICLE","-706.56","37.12","85.14","-705.78","-361.29","0","0.11","1","ROBOT","VEHICLE","7.68","-706.56","-707.34","0.00","0","","0","0","0","0","7","",""
"v2r_rapid_s15","v2r_rapid","15","INFO large_drop","368","-720.61","-477.44","0","-0.32","0","VEHICLE","-721.38","3.10","341.43","-723.62","-397.28","0.64","0.11","1","ROBOT","VEHICLE","7.69","-724.41","-725.26","3.02","0","","0","0","0","0","7","",""
"v2r_rapid_s16","v2r_rapid","16","PASS","379.98","-705.39","-326.87","0","-0.32","0","VEHICLE","-706.17","0.15","314.68","-705.75","-320.05","2.42","0.11","1","ROBOT","VEHICLE","7.69","-706.54","-707.34","0.37","0","","0","0","1","0","7","",""
"v2r_rapid_s17","v2r_rapid","17","PASS","40.4","-720.92","-509.52","0","-0.32","0","VEHICLE","-721.70","0.41","-1.02","-720.92","-610.53","9.5","0.11","1","ROBOT","VEHICLE","7.7","-721.70","-722.48","0.00","0","","0","0","1","0","7","",""
"v2r_rapid_s18","v2r_rapid","18","PASS","265.21","-723.7","-502.79","0","-0.32","0","VEHICLE","-724.48","0.10","269.83","-723.7","-448.2","0.69","0.07","1","ROBOT","VEHICLE","7.7","-724.48","-725.26","0.00","0","","0","0","1","0","7","",""
"v2r_rapid_s19","v2r_rapid","19","INFO large_drop","220.92","-705.94","-302.08","0","-0.32","0","VEHICLE","-706.72","0.00","162.54","-719.99","-339.35","15.47","0.06","1","ROBOT","VEHICLE","7.69","-720.69","-725.05","13.97","0","","0","0","1","0","7","",""
"v2r_rapid_s2","v2r_rapid","2","PASS","40.56","-720.92","-600.16","0","-0.32","0","VEHICLE","-721.70","0.41","159.73","-716.02","-609.99","0.04","0.11","1","ROBOT","VEHICLE","7.67","-716.80","-722.48","-4.90","0","","0","0","1","0","7","",""
"v2r_rapid_s20","v2r_rapid","20","INFO large_drop","99.84","-705.78","-415.48","0","-0.32","0","VEHICLE","-706.56","5.12","123.34","-722.07","-439.36","14.21","0","1","ROBOT","VEHICLE","4.2","-722.97","-722.85","16.41","0","","0","0","0","0","7","",""
"v2r_rapid_s21","v2r_rapid","21","PASS","393.99","-723.7","-338.65","0","-0.32","0","VEHICLE","-724.48","0.90","354.17","-723.7","-325.14","0","0.11","1","ROBOT","VEHICLE","2.99","-724.48","-725.26","0.00","0","","0","0","0","0","7","",""
"v2r_rapid_s22","v2r_rapid","22","PASS","142.72","-705.78","-295.16","0","-0.32","0","VEHICLE","-706.56","37.12","87.25","-705.78","-337.35","0","0.11","1","ROBOT","VEHICLE","7.69","-706.56","-707.34","0.00","0","","0","0","0","0","7","",""
"v2r_rapid_s23","v2r_rapid","23","PASS","30.32","-720.92","-589.92","0","-0.32","0","VEHICLE","-721.70","0.41","67.93","-720.92","-588","2.44","0.11","1","ROBOT","VEHICLE","7.67","-721.70","-722.48","0.00","0","","0","0","1","0","7","",""
"v2r_rapid_s24","v2r_rapid","24","PASS","111.35","-725.62","-461.49","0","-0.32","0","VEHICLE","-726.40","1.28","184.07","-721.83","-555.99","0.75","0.08","1","ROBOT","VEHICLE","7.66","-722.62","-727.18","-3.78","0","","0","0","0","0","7","",""
"v2r_rapid_s25","v2r_rapid","25","PASS","135.04","-705.78","-304.12","0","-0.32","0","VEHICLE","-706.56","37.12","86.96","-705.78","-337.35","0","0.11","1","ROBOT","VEHICLE","7.69","-706.56","-707.34","0.00","0","","0","0","0","0","7","",""
"v2r_rapid_s26","v2r_rapid","26","INFO large_drop","99.84","-705.78","-423.16","0","-0.32","0","VEHICLE","-706.56","1.48","116.88","-725.29","-438.93","14.55","0.13","1","ROBOT","VEHICLE","4.37","-726.20","-726.08","19.64","0","","0","0","0","0","7","",""
"v2r_rapid_s27","v2r_rapid","27","PASS","362.88","-720.87","-486.4","0","-0.32","0","VEHICLE","-721.65","2.83","334.74","-723.7","-330","0.35","0.11","1","ROBOT","VEHICLE","7.69","-724.48","-725.26","2.83","0","","0","0","0","0","7","",""
"v2r_rapid_s28","v2r_rapid","28","INFO large_drop","147.84","-705.78","-299","0","-0.32","0","VEHICLE","-706.56","37.12","87.09","-709.03","-324.95","12.32","-13.06","0","ROBOT","VEHICLE","5.81","-716.55","-709.6","9.99","0","","0","0","0","0","7","",""
"v2r_rapid_s29","v2r_rapid","29","PASS","355.2","-723.26","-477.44","0","-0.32","0","VEHICLE","-724.03","0.45","366.11","-723.66","-364.29","0.78","0.11","1","ROBOT","VEHICLE","2.14","-724.44","-725.26","0.41","0","","0","0","1","0","7","",""
"v2r_rapid_s3","v2r_rapid","3","INFO large_drop","329.2","-705.78","-421.88","0","-0.32","0","VEHICLE","-706.56","2.08","296.27","-723.62","-333.91","2.43","0.11","1","ROBOT","VEHICLE","7.66","-724.40","-725.26","17.84","0","","0","0","0","0","7","",""
"v2r_rapid_s30","v2r_rapid","30","PASS","30.16","-720.92","-509.52","0","-0.32","0","VEHICLE","-721.70","2.56","-1.19","-720.92","-609.85","8.82","0.11","1","ROBOT","VEHICLE","7.7","-721.70","-722.48","0.00","0","","0","0","0","0","7","",""
"v2r_rapid_s31","v2r_rapid","31","PASS","20.08","-720.92","-600.16","0","-0.32","0","VEHICLE","-721.70","2.56","166.65","-716.02","-607.83","0.33","0.11","1","ROBOT","VEHICLE","7.7","-716.80","-722.48","-4.90","0","","0","0","0","0","7","",""
"v2r_rapid_s32","v2r_rapid","32","PASS","106.24","-716.02","-642.56","0","-0.32","0","VEHICLE","-716.80","26.88","138.97","-716.02","-628.64","1.08","0.11","1","ROBOT","VEHICLE","2.74","-716.80","-717.58","0.00","0","","0","0","0","0","7","",""
"v2r_rapid_s33","v2r_rapid","33","INFO large_drop","226.04","-705.94","-316.16","0","-0.32","0","VEHICLE","-706.72","0.00","162.64","-716.66","-329.6","0.51","0.05","1","ROBOT","VEHICLE","2.79","-717.44","-725.03","10.72","0","","0","0","1","0","7","",""
"v2r_rapid_s34","v2r_rapid","34","PASS","253.44","-723.7","-501.88","0","-0.32","0","VEHICLE","-724.48","0.19","340.04","-723.7","-412.41","0.57","0.11","1","ROBOT","VEHICLE","7.7","-724.48","-725.26","0.00","0","","0","0","1","0","7","",""
"v2r_rapid_s35","v2r_rapid","35","PASS","386.38","-705.54","-319.19","0","-0.32","0","VEHICLE","-706.32","0.03","301.23","-705.78","-324.46","0.14","0.1","1","ROBOT","VEHICLE","2.69","-706.56","-707.34","0.24","0","","0","0","1","0","7","",""
"v2r_rapid_s36","v2r_rapid","36","PASS","252.54","-723.7","-510.03","0","-0.32","0","VEHICLE","-724.48","0.10","269.85","-723.7","-455.02","0.76","0.07","1","ROBOT","VEHICLE","7.69","-724.48","-725.26","0.00","0","","0","0","1","0","7","",""
"v2r_rapid_s37","v2r_rapid","37","PASS","106.24","-716.02","-652.8","0","-0.32","0","VEHICLE","-716.80","26.88","137.68","-716.02","-629.53","1.13","0.11","1","ROBOT","VEHICLE","3.9","-716.80","-717.58","0.00","0","","0","0","0","0","7","",""
"v2r_rapid_s38","v2r_rapid","38","PASS","381.64","-723.7","-338.2","0","-0.32","0","VEHICLE","-724.48","19.20","363.34","-723.7","-325.92","14","0.11","1","ROBOT","VEHICLE","5.1","-724.48","-725.26","0.00","0","","0","0","0","0","7","",""
"v2r_rapid_s39","v2r_rapid","39","PASS","30.32","-720.92","-610.4","0","-0.32","0","VEHICLE","-721.70","2.56","140.04","-716.02","-628.51","0.35","0.11","1","ROBOT","VEHICLE","2.16","-716.80","-722.48","-4.90","0","","0","0","0","0","7","",""
"v2r_rapid_s4","v2r_rapid","4","PASS","106.24","-716.02","-660.48","0","-0.32","0","VEHICLE","-716.80","26.88","114.28","-716.02","-661.56","0","0.11","1","ROBOT","VEHICLE","2","-716.80","-717.58","0.00","0","","0","0","0","0","7","",""
"v2r_rapid_s40","v2r_rapid","40","INFO large_drop","229.88","-705.94","-302.08","0","-0.32","0","VEHICLE","-706.72","0.00","81.85","-726.14","-368.93","0","0.1","1","ROBOT","VEHICLE","7.7","-726.92","-727.82","20.20","0","","0","0","1","0","7","",""
"v2r_rapid_s41","v2r_rapid","41","PASS","116.47","-725.62","-467.89","0","-0.32","0","VEHICLE","-726.40","1.28","185.35","-720.39","-560.34","0.95","0.07","1","ROBOT","VEHICLE","7.66","-721.17","-727.18","-5.23","0","","0","0","0","0","7","",""
"v2r_rapid_s42","v2r_rapid","42","INFO large_drop","329.2","-705.78","-430.84","0","-0.32","0","VEHICLE","-706.56","2.56","295.34","-723.62","-332.71","0.88","0.11","1","ROBOT","VEHICLE","7.67","-724.40","-725.12","17.84","0","","0","0","0","0","7","",""
"v2r_rapid_s43","v2r_rapid","43","PASS","30.32","-720.92","-600.16","0","-0.32","0","VEHICLE","-721.70","2.56","139.91","-716.02","-628.48","0","0.11","1","ROBOT","VEHICLE","2.44","-716.80","-722.48","-4.90","0","","0","0","0","0","7","",""
"v2r_rapid_s44","v2r_rapid","44","INFO large_drop","336.88","-705.78","-421.88","0","-0.32","0","VEHICLE","-706.56","2.08","295.4","-723.62","-332.6","0","0.11","1","ROBOT","VEHICLE","7.7","-724.40","-725.26","17.84","0","","0","0","0","0","7","",""
"v2r_rapid_s45","v2r_rapid","45","INFO large_drop","322.8","-705.78","-427","0","-0.32","0","VEHICLE","-706.56","2.08","278.47","-723.7","-346.85","0.31","0.11","1","ROBOT","VEHICLE","7.67","-724.48","-725.26","17.92","0","","0","0","0","0","7","",""
"v2r_rapid_s46","v2r_rapid","46","PASS","386.38","-705.51","-333.15","0","-0.32","0","VEHICLE","-706.29","0.03","370.11","-705.27","-317.17","1.26","0.1","1","ROBOT","VEHICLE","2.33","-706.06","-707.07","-0.23","0","","0","0","1","0","7","",""
"v2r_rapid_s47","v2r_rapid","47","PASS","258.87","-723.7","-496.45","0","-0.32","0","VEHICLE","-724.48","0.10","269.85","-723.7","-452.7","0.76","0.07","1","ROBOT","VEHICLE","7.7","-724.48","-725.26","0.00","0","","0","0","1","0","7","",""
"v2r_rapid_s48","v2r_rapid","48","INFO large_drop","220.92","-705.94","-309.76","0","-0.32","0","VEHICLE","-706.72","0.00","158.73","-723.7","-362.09","0","0.1","1","ROBOT","VEHICLE","7.69","-724.48","-725.23","17.76","0","","0","0","1","0","7","",""
"v2r_rapid_s49","v2r_rapid","49","PASS","135.04","-705.78","-295.16","0","-0.32","0","VEHICLE","-706.56","37.12","87.14","-705.78","-337.35","0","0.11","1","ROBOT","VEHICLE","7.69","-706.56","-707.34","0.00","0","","0","0","0","0","7","",""
"v2r_rapid_s5","v2r_rapid","5","PASS","98.56","-716.02","-652.8","0","-0.32","0","VEHICLE","-716.80","26.88","137.2","-716.02","-629.53","7.39","0.11","1","ROBOT","VEHICLE","4.48","-716.80","-717.58","0.00","0","","0","0","0","0","7","",""
"v2r_rapid_s50","v2r_rapid","50","PASS","19.92","-720.92","-509.52","0","-0.32","0","VEHICLE","-721.70","2.56","-0.06","-720.92","-612.15","15.68","0.11","1","ROBOT","VEHICLE","7.7","-721.70","-722.48","0.00","0","","0","0","0","0","7","",""
"v2r_rapid_s51","v2r_rapid","51","INFO large_drop","108.8","-705.78","-419.32","0","-0.32","0","VEHICLE","-706.56","2.64","116.89","-725.16","-438.95","14.46","0.13","1","ROBOT","VEHICLE","4.05","-726.03","-725.95","19.47","0","","0","0","0","0","7","",""
"v2r_rapid_s52","v2r_rapid","52","PASS","374.02","-705.61","-333.15","0","-0.32","0","VEHICLE","-706.39","0.04","321.68","-705.78","-319.27","0","0.11","1","ROBOT","VEHICLE","5.5","-706.56","-707.33","0.17","0","","0","0","1","0","7","",""
"v2r_rapid_s53","v2r_rapid","53","INFO large_drop","108.8","-705.78","-427","0","-0.32","0","VEHICLE","-706.56","5.12","115.68","-725.9","-438.93","14.18","0.07","1","ROBOT","VEHICLE","2.51","-726.69","-726.68","20.13","0","","0","0","0","0","7","",""
"v2r_rapid_s54","v2r_rapid","54","INFO large_drop","229.88","-705.94","-309.76","0","-0.32","0","VEHICLE","-706.72","0.00","162.37","-716.88","-330.25","3.92","0.05","1","ROBOT","VEHICLE","7.68","-717.66","-725.14","10.94","0","","0","0","1","0","7","",""
"v2r_rapid_s55","v2r_rapid","55","PASS","372.74","-705.56","-325.59","0","-0.32","0","VEHICLE","-706.34","0.22","300.84","-705.78","-325.27","0.37","0.1","1","ROBOT","VEHICLE","2.72","-706.56","-707.34","0.22","0","","0","0","1","0","7","",""
"v2r_rapid_s56","v2r_rapid","56","PASS","389.12","-723.31","-327.63","0","-0.32","0","VEHICLE","-724.08","0.40","367.85","-723.7","-321.04","0.08","0.11","1","ROBOT","VEHICLE","7.67","-724.48","-725.26","0.40","0","","0","0","1","0","7","",""
"v2r_rapid_s57","v2r_rapid","57","PASS","398.91","-723.17","-331.33","0","-0.32","0","VEHICLE","-723.94","0.54","368.42","-723.7","-319.88","0","0.11","1","ROBOT","VEHICLE","5.88","-724.48","-725.26","0.54","0","","0","0","0","0","7","",""
"v2r_rapid_s58","v2r_rapid","58","PASS","30.16","-720.92","-519.76","0","-0.32","0","VEHICLE","-721.70","0.41","8.41","-720.92","-619.55","9.91","0.11","1","ROBOT","VEHICLE","7.7","-721.70","-722.48","0.00","0","","0","0","1","0","7","",""
"v2r_rapid_s59","v2r_rapid","59","PASS","259.78","-723.7","-508.22","0","-0.32","0","VEHICLE","-724.48","0.10","340.04","-723.7","-411.46","0.6","0.11","1","ROBOT","VEHICLE","7.7","-724.48","-725.26","0.00","0","","0","0","1","0","7","",""
"v2r_rapid_s6","v2r_rapid","6","INFO large_drop","374.4","-719.23","-486.4","0","-0.32","0","VEHICLE","-720.01","3.82","342.81","-723.7","-435.24","0","0.11","1","ROBOT","VEHICLE","7.67","-724.48","-725.26","4.47","0","","0","0","0","0","7","",""
"v2r_rapid_s60","v2r_rapid","60","PASS","363.52","-723.7","-341.76","0","-0.32","0","VEHICLE","-724.48","19.20","353.03","-723.7","-325.63","0.5","0.11","1","ROBOT","VEHICLE","7.7","-724.48","-725.26","0.00","0","","0","0","0","0","7","",""
"v2r_rapid_s61","v2r_rapid","61","PASS","321.28","-723.7","-340.48","0","-0.32","0","VEHICLE","-724.48","19.20","275.88","-719.8","-330.64","0","-0.01","1","ROBOT","VEHICLE","3.55","-720.58","-725.26","-3.90","0","","0","0","0","0","7","",""
"v2r_rapid_s62","v2r_rapid","62","PASS","96","-713.46","-290.56","0","-0.32","0","VEHICLE","-714.24","29.44","87.98","-713.46","-311.38","13.11","0.11","1","ROBOT","VEHICLE","5.14","-714.24","-719","0.00","0","","0","0","0","0","7","",""
"v2r_rapid_s63","v2r_rapid","63","INFO large_drop","189.44","-716.02","-601.6","0","-0.32","0","VEHICLE","-716.80","5.12","201.96","-721.41","-554.57","0","0","1","ROBOT","VEHICLE","7.67","-721.93","-726.59","5.13","0","","0","0","0","0","7","",""
"v2r_rapid_s64","v2r_rapid","64","PASS","107.52","-716.02","-608","0","-0.32","0","VEHICLE","-716.80","26.88","200.49","-716.02","-605.93","0.05","0.11","1","ROBOT","VEHICLE","2.2","-716.80","-717.58","0.00","0","","0","0","0","0","7","",""
"v2r_rapid_s65","v2r_rapid","65","PASS","107.52","-725.62","-471.04","0","-0.32","0","VEHICLE","-726.40","1.28","147.54","-725.62","-510.46","0","0.05","1","ROBOT","VEHICLE","7.7","-726.40","-727.18","0.00","0","","0","0","0","0","7","",""
"v2r_rapid_s66","v2r_rapid","66","INFO large_drop","181.76","-709.62","-293.12","0","-0.32","0","VEHICLE","-710.40","15.36","125.11","-726.26","-359.91","0","0.12","1","ROBOT","VEHICLE","7.66","-727.04","-727.75","16.64","0","","0","0","0","0","7","",""
"v2r_rapid_s67","v2r_rapid","67","PASS","258.56","-723.7","-357.12","0","-0.32","0","VEHICLE","-724.48","0.10","161.21","-723.66","-425.95","2.38","0.11","1","ROBOT","VEHICLE","7.7","-724.45","-725.26","-0.03","0","","0","0","1","0","7","",""
"v2r_rapid_s68","v2r_rapid","68","INFO large_drop","96","-705.78","-419.84","0","-0.32","0","VEHICLE","-706.56","5.12","122.87","-722.31","-439.35","13.95","0.01","1","ROBOT","VEHICLE","3.16","-723.20","-723.09","16.64","0","","0","0","0","0","7","",""
"v2r_rapid_s69","v2r_rapid","69","PASS","108.8","-716.02","-651.52","0","-0.32","0","VEHICLE","-716.80","26.88","135.17","-716.02","-631.88","14","0.11","1","ROBOT","VEHICLE","6.27","-716.80","-717.58","0.00","0","","0","0","0","0","7","",""
"v2r_rapid_s7","v2r_rapid","7","PASS","30.16","-720.92","-499.28","0","-0.32","0","VEHICLE","-721.70","2.56","7.08","-720.92","-617.57","4.91","0.11","1","ROBOT","VEHICLE","7.7","-721.70","-722.48","0.00","0","","0","0","0","0","7","",""
"v2r_rapid_s70","v2r_rapid","70","PASS","101.12","-716.02","-556.8","0","-0.32","0","VEHICLE","-716.80","0.00","108.08","-716.02","-612.81","0.76","0.11","1","ROBOT","VEHICLE","7.7","-716.80","-717.58","0.00","0","","0","0","1","0","7","",""
"v2r_rapid_s71","v2r_rapid","71","PASS","32","-720.92","-599.04","0","-0.32","0","VEHICLE","-721.70","0.41","152.13","-715.92","-610.61","0.65","0.1","1","ROBOT","VEHICLE","7.68","-716.70","-722.48","-5.00","0","","0","0","1","0","7","",""
"v2r_rapid_s72","v2r_rapid","72","PASS","357.12","-705.78","-336.64","0","-0.32","0","VEHICLE","-706.56","2.56","301.9","-705.78","-324.71","0.74","0.11","1","ROBOT","VEHICLE","3.05","-706.56","-707.34","0.00","0","","0","0","0","0","7","",""
"v2r_rapid_s73","v2r_rapid","73","INFO large_drop","230.4","-705.74","-472.32","0","-0.32","0","VEHICLE","-706.52","1.28","255.38","-723.49","-405.24","3.08","0.1","1","ROBOT","VEHICLE","7.69","-724.27","-724.96","17.75","0","","0","0","0","0","7","",""
"v2r_rapid_s74","v2r_rapid","74","INFO large_drop","225.28","-705.94","-307.2","0","-0.32","0","VEHICLE","-706.72","0.00","81.33","-726.14","-369.54","0","0.1","1","ROBOT","VEHICLE","3.41","-726.92","-727.55","20.20","0","","0","0","1","0","7","",""
"v2r_rapid_s75","v2r_rapid","75","PASS","34.56","-720.92","-512","0","-0.32","0","VEHICLE","-721.70","2.56","-3.84","-720.92","-606.73","0","0.11","1","ROBOT","VEHICLE","7.7","-721.70","-722.48","0.00","0","","0","0","0","0","7","",""
"v2r_rapid_s76","v2r_rapid","76","INFO large_drop","336.64","-705.78","-427.52","0","-0.32","0","VEHICLE","-706.56","2.19","300.66","-723.62","-333.97","10.56","0.11","1","ROBOT","VEHICLE","7.7","-724.40","-725.26","17.84","0","","0","0","0","0","7","",""
"v2r_rapid_s77","v2r_rapid","77","PASS","139.52","-705.78","-291.84","0","-0.32","0","VEHICLE","-706.56","37.12","87.2","-705.78","-337.35","0","0.01","1","ROBOT","VEHICLE","7.66","-706.56","-707.34","0.00","0","","0","0","0","0","7","",""
"v2r_rapid_s78","v2r_rapid","78","PASS","341.49","-705.76","-456.96","0","-0.32","0","VEHICLE","-706.54","0.00","321.05","-705.73","-410.58","0.52","0.12","1","ROBOT","VEHICLE","7.7","-706.51","-708","-0.02","0","","0","0","1","0","7","",""
"v2r_rapid_s79","v2r_rapid","79","INFO large_drop","103.47","-705.76","-458.24","0","-0.32","0","VEHICLE","-706.54","0.00","147.32","-725.62","-510","0","0.11","1","ROBOT","VEHICLE","7.67","-726.40","-727.04","19.86","0","","0","0","1","0","7","",""
"v2r_rapid_s8","v2r_rapid","8","PASS","353.92","-722.72","-487.68","0","-0.32","0","VEHICLE","-723.50","0.98","366.06","-723.65","-363.98","0.58","0.11","1","ROBOT","VEHICLE","2.03","-724.44","-725.26","0.94","0","","0","0","0","0","7","",""
"v2r_rapid_s80","v2r_rapid","80","PASS","341.76","-723.7","-468.48","0","-0.32","0","VEHICLE","-724.48","19.20","344.25","-723.7","-450.16","0.19","0","1","ROBOT","VEHICLE","3.56","-724.48","-725.26","0.00","0","","0","0","0","0","7","",""
"v2r_rapid_s81","v2r_rapid","81","PASS","266.24","-723.7","-509.44","0","-0.32","0","VEHICLE","-724.48","0.10","269.96","-723.7","-443.28","0.45","0.07","1","ROBOT","VEHICLE","7.7","-724.48","-725.26","0.00","0","","0","0","1","0","7","",""
"v2r_rapid_s82","v2r_rapid","82","INFO large_drop","90.88","-705.78","-385.28","0","-0.32","0","VEHICLE","-706.56","4.40","100.95","-725.62","-448.21","0.76","0.11","1","ROBOT","VEHICLE","7.69","-726.40","-727.78","19.84","0","","0","0","0","0","7","",""
"v2r_rapid_s83","v2r_rapid","83","PASS","110.91","-726.26","-410.88","0","-0.32","0","VEHICLE","-727.04","15.36","114.23","-726.14","-396.7","0.65","0.1","1","ROBOT","VEHICLE","7.69","-726.92","-727.82","-0.12","0","","0","0","0","0","7","",""
"v2r_rapid_s9","v2r_rapid","9","PASS","377.6","-723.46","-327.63","0","-0.32","0","VEHICLE","-724.24","0.24","280","-721.26","-331.9","1.34","0.06","1","ROBOT","VEHICLE","7.69","-722.05","-725.26","-2.18","0","","0","0","1","0","7","",""
"v2r_stationary_s0","v2r_stationary","0","PASS","107.51","-725.17","-475.57","0","0.11","1","VEHICLE","-726.40","1.28","107.51","-726.4","-475.57","0","0","1","ROBOT","ROBOT","7.62","-726.40","-727.02","0.00","0","","0.15","0","0","0","1","",""
"v2r_stationary_s1","v2r_stationary","1","PASS","116.48","-715.57","-652.8","0","0.11","1","VEHICLE","-716.80","26.88","116.48","-716.8","-652.8","0","0","1","ROBOT","ROBOT","7.62","-716.80","-717.42","0.00","0","","0.15","0","0","0","1","",""
"v2r_stationary_s10","v2r_stationary","10","PASS","336.88","-705.33","-430.84","0","0.11","1","VEHICLE","-706.56","2.56","336.88","-706.56","-430.84","0","0","1","ROBOT","ROBOT","7.62","-706.56","-707.18","0.00","0","","0.15","0","0","0","1","",""
"v2r_stationary_s11","v2r_stationary","11","PASS","108.8","-705.33","-411.64","0","0.11","1","VEHICLE","-706.56","5.12","108.8","-706.56","-411.64","0","0","1","ROBOT","ROBOT","7.62","-706.56","-707.18","0.00","0","","0.15","0","0","0","1","",""
"v2r_stationary_s12","v2r_stationary","12","PASS","116.47","-725.17","-475.57","0","0.11","1","VEHICLE","-726.40","1.28","116.47","-726.4","-475.57","0","0","1","ROBOT","ROBOT","7.62","-726.40","-727.02","0.00","0","","0.15","0","0","0","1","",""
"v2r_stationary_s13","v2r_stationary","13","PASS","107.51","-725.17","-467.89","0","0.11","1","VEHICLE","-726.40","1.28","107.51","-726.4","-467.89","0","0","1","ROBOT","ROBOT","7.62","-726.40","-727.02","0.00","0","","0.15","0","0","0","1","",""
"v2r_stationary_s14","v2r_stationary","14","PASS","142.72","-705.33","-304.12","0","0.11","1","VEHICLE","-706.56","37.12","142.72","-706.56","-304.12","0","0","1","ROBOT","ROBOT","7.62","-706.56","-707.18","0.00","0","","0.15","0","0","0","1","",""
"v2r_stationary_s15","v2r_stationary","15","PASS","367.94","-720.14","-477.39","0.08","0.11","1","VEHICLE","-721.40","3.08","367.92","-721.4","-477.37","0","0","1","ROBOT","ROBOT","7.62","-721.41","-722.01","0.01","0","","0.15","0","0","0","1","",""
"v2r_stationary_s16","v2r_stationary","16","PASS","380","-705.01","-326.87","0.02","0.09","1","VEHICLE","-706.17","0.15","380","-706.17","-326.87","0","0","1","ROBOT","ROBOT","7.62","-706.17","-706.79","0.00","0","","0.12","0","1","0","1","",""
"v2r_stationary_s17","v2r_stationary","17","PASS","40.4","-720.47","-509.52","0","0.11","1","VEHICLE","-721.70","0.41","40.4","-721.7","-509.52","0","0","1","ROBOT","ROBOT","7.62","-721.70","-722.32","0.00","0","","0.15","0","1","0","1","",""
"v2r_stationary_s18","v2r_stationary","18","PASS","265.21","-723.25","-502.79","0","0.11","1","VEHICLE","-724.48","0.10","265.21","-724.48","-502.79","0","0","1","ROBOT","ROBOT","7.62","-724.48","-725.1","0.00","0","","0.15","0","1","0","1","",""
"v2r_stationary_s19","v2r_stationary","19","PASS","220.92","-705.49","-302.08","0","0.11","1","VEHICLE","-706.72","0.00","220.92","-706.72","-302.08","0","0","1","ROBOT","ROBOT","7.62","-706.72","-707.34","0.00","0","","0.15","0","1","0","1","",""
"v2r_stationary_s2","v2r_stationary","2","PASS","40.56","-720.47","-600.16","0","0.11","1","VEHICLE","-721.70","0.41","40.56","-721.7","-600.16","0","0","1","ROBOT","ROBOT","7.62","-721.70","-722.32","0.00","0","","0.15","0","1","0","1","",""
"v2r_stationary_s20","v2r_stationary","20","PASS","99.84","-705.33","-415.48","0","0.11","1","VEHICLE","-706.56","5.12","99.84","-706.56","-415.48","0","0","1","ROBOT","ROBOT","7.62","-706.56","-707.18","0.00","0","","0.15","0","0","0","1","",""
"v2r_stationary_s21","v2r_stationary","21","PASS","393.99","-723.25","-338.65","0","0.11","1","VEHICLE","-724.48","0.90","393.99","-724.48","-338.65","0","0","1","ROBOT","ROBOT","7.62","-724.48","-725.1","0.00","0","","0.15","0","0","0","1","",""
"v2r_stationary_s22","v2r_stationary","22","PASS","142.72","-705.33","-295.16","0","0.11","1","VEHICLE","-706.56","37.12","142.72","-706.56","-295.16","0","0","1","ROBOT","ROBOT","7.62","-706.56","-707.18","0.00","0","","0.15","0","0","0","1","",""
"v2r_stationary_s23","v2r_stationary","23","PASS","30.32","-720.47","-589.92","0","0.11","1","VEHICLE","-721.70","0.41","30.32","-721.7","-589.92","0","0","1","ROBOT","ROBOT","7.62","-721.70","-722.32","0.00","0","","0.15","0","1","0","1","",""
"v2r_stationary_s24","v2r_stationary","24","PASS","111.35","-725.17","-461.49","0","0.11","1","VEHICLE","-726.40","1.28","111.35","-726.4","-461.49","0","0","1","ROBOT","ROBOT","7.62","-726.40","-727.02","0.00","0","","0.15","0","0","0","1","",""
"v2r_stationary_s25","v2r_stationary","25","PASS","135.04","-705.33","-304.12","0","0.11","1","VEHICLE","-706.56","37.12","135.04","-706.56","-304.12","0","0","1","ROBOT","ROBOT","7.62","-706.56","-707.18","0.00","0","","0.15","0","0","0","1","",""
"v2r_stationary_s26","v2r_stationary","26","PASS","99.84","-705.33","-423.16","0","0.11","1","VEHICLE","-706.56","1.48","99.84","-706.56","-423.16","0","0","1","ROBOT","ROBOT","7.62","-706.56","-707.18","0.00","0","","0.15","0","0","0","1","",""
"v2r_stationary_s27","v2r_stationary","27","PASS","362.8","-720.41","-486.4","0.08","0.11","1","VEHICLE","-721.66","2.82","362.78","-721.67","-486.4","0","0","1","ROBOT","ROBOT","7.62","-721.67","-722.28","0.00","0","","0.14","0","0","0","1","",""
"v2r_stationary_s28","v2r_stationary","28","PASS","147.87","-705.45","-299","0.03","0.09","1","VEHICLE","-706.56","37.12","147.88","-706.56","-299","0","0","1","ROBOT","ROBOT","7.62","-706.56","-707.19","0.00","0","","0.11","0","0","0","1","",""
"v2r_stationary_s29","v2r_stationary","29","PASS","355.07","-722.81","-477.38","0.18","0.13","1","VEHICLE","-724.10","0.38","355.02","-724.13","-477.35","0","0","1","ROBOT","ROBOT","7.62","-724.13","-724.74","0.03","0","","0.12","0","1","0","1","",""
"v2r_stationary_s3","v2r_stationary","3","PASS","329.2","-705.33","-421.88","0","0.11","1","VEHICLE","-706.56","2.08","329.2","-706.56","-421.88","0","0","1","ROBOT","ROBOT","7.62","-706.56","-707.18","0.00","0","","0.15","0","0","0","1","",""
"v2r_stationary_s30","v2r_stationary","30","PASS","30.16","-720.47","-509.52","0","0.11","1","VEHICLE","-721.70","2.56","30.16","-721.7","-509.52","0","0","1","ROBOT","ROBOT","7.62","-721.70","-722.32","0.00","0","","0.15","0","0","0","1","",""
"v2r_stationary_s31","v2r_stationary","31","PASS","20.08","-720.47","-600.16","0","0.11","1","VEHICLE","-721.70","2.56","20.08","-721.7","-600.16","0","0","1","ROBOT","ROBOT","6.95","-721.70","-722.32","0.00","0","","0.15","0","0","0","1","",""
"v2r_stationary_s32","v2r_stationary","32","PASS","106.24","-715.57","-642.56","0","0.11","1","VEHICLE","-716.80","26.88","106.24","-716.8","-642.56","0","0","1","ROBOT","ROBOT","7.62","-716.80","-717.42","0.00","0","","0.15","0","0","0","1","",""
"v2r_stationary_s33","v2r_stationary","33","PASS","226.04","-705.49","-316.16","0","0.11","1","VEHICLE","-706.72","0.00","226.04","-706.72","-316.16","0","0","1","ROBOT","ROBOT","7.62","-706.72","-707.34","0.00","0","","0.15","0","1","0","1","",""
"v2r_stationary_s34","v2r_stationary","34","PASS","253.44","-723.25","-501.88","0","0.11","1","VEHICLE","-724.48","0.19","253.44","-724.48","-501.88","0","0","1","ROBOT","ROBOT","7.62","-724.48","-725.1","0.00","0","","0.15","0","1","0","1","",""
"v2r_stationary_s35","v2r_stationary","35","PASS","386.38","-705.09","-319.19","0","0.11","1","VEHICLE","-706.32","0.03","386.38","-706.32","-319.19","0","0","1","ROBOT","ROBOT","5.87","-706.32","-706.94","0.00","0","","0.15","0","1","0","1","",""
"v2r_stationary_s36","v2r_stationary","36","PASS","252.54","-723.25","-510.03","0","0.11","1","VEHICLE","-724.48","0.10","252.54","-724.48","-510.03","0","0","1","ROBOT","ROBOT","7.62","-724.48","-725.1","0.00","0","","0.15","0","1","0","1","",""
"v2r_stationary_s37","v2r_stationary","37","PASS","106.24","-715.57","-652.8","0","0.11","1","VEHICLE","-716.80","26.88","106.24","-716.8","-652.8","0","0","1","ROBOT","ROBOT","7.62","-716.80","-717.42","0.00","0","","0.15","0","0","0","1","",""
"v2r_stationary_s38","v2r_stationary","38","PASS","381.64","-723.25","-338.2","0","0.11","1","VEHICLE","-724.48","19.20","381.64","-724.48","-338.2","0","0","1","ROBOT","ROBOT","7.62","-724.48","-725.1","0.00","0","","0.15","0","0","0","1","",""
"v2r_stationary_s39","v2r_stationary","39","PASS","30.32","-720.47","-610.4","0","0.11","1","VEHICLE","-721.70","2.56","30.32","-721.7","-610.4","0","0","1","ROBOT","ROBOT","6.95","-721.70","-722.32","0.00","0","","0.15","0","0","0","1","",""
"v2r_stationary_s4","v2r_stationary","4","PASS","106.24","-715.57","-660.48","0","0.11","1","VEHICLE","-716.80","26.88","106.24","-716.8","-660.48","0","0","1","ROBOT","ROBOT","7.62","-716.80","-717.42","0.00","0","","0.15","0","0","0","1","",""
"v2r_stationary_s40","v2r_stationary","40","PASS","229.88","-705.49","-302.08","0","0.11","1","VEHICLE","-706.72","0.00","229.88","-706.72","-302.08","0","0","1","ROBOT","ROBOT","7.62","-706.72","-707.34","0.00","0","","0.15","0","1","0","1","",""
"v2r_stationary_s41","v2r_stationary","41","PASS","116.47","-725.17","-467.89","0","0.11","1","VEHICLE","-726.40","1.28","116.47","-726.4","-467.89","0","0","1","ROBOT","ROBOT","7.62","-726.40","-727.02","0.00","0","","0.15","0","0","0","1","",""
"v2r_stationary_s42","v2r_stationary","42","PASS","329.2","-705.33","-430.84","0","0.11","1","VEHICLE","-706.56","2.56","329.2","-706.56","-430.84","0","0","1","ROBOT","ROBOT","7.62","-706.56","-707.18","0.00","0","","0.15","0","0","0","1","",""
"v2r_stationary_s43","v2r_stationary","43","PASS","30.32","-720.47","-600.16","0","0.11","1","VEHICLE","-721.70","2.56","30.32","-721.7","-600.16","0","0","1","ROBOT","ROBOT","7.62","-721.70","-722.32","0.00","0","","0.15","0","0","0","1","",""
"v2r_stationary_s44","v2r_stationary","44","PASS","336.88","-705.33","-421.88","0","0.11","1","VEHICLE","-706.56","2.08","336.88","-706.56","-421.88","0","0","1","ROBOT","ROBOT","7.62","-706.56","-707.18","0.00","0","","0.15","0","0","0","1","",""
"v2r_stationary_s45","v2r_stationary","45","PASS","322.8","-705.33","-427","0","0.11","1","VEHICLE","-706.56","2.08","322.8","-706.56","-427","0","0","1","ROBOT","ROBOT","7.62","-706.56","-707.18","0.00","0","","0.15","0","0","0","1","",""
"v2r_stationary_s46","v2r_stationary","46","PASS","386.38","-705.06","-333.17","0.01","0.11","1","VEHICLE","-706.29","0.03","386.38","-706.29","-333.17","0","0","1","ROBOT","ROBOT","7.62","-706.29","-706.91","0.00","0","","0.15","0","1","0","1","",""
"v2r_stationary_s47","v2r_stationary","47","PASS","258.87","-723.25","-496.45","0","0.11","1","VEHICLE","-724.48","0.10","258.87","-724.48","-496.45","0","0","1","ROBOT","ROBOT","7.62","-724.48","-725.1","0.00","0","","0.15","0","1","0","1","",""
"v2r_stationary_s48","v2r_stationary","48","PASS","220.92","-705.49","-309.76","0","0.11","1","VEHICLE","-706.72","0.00","220.92","-706.72","-309.76","0","0","1","ROBOT","ROBOT","7.62","-706.72","-707.34","0.00","0","","0.15","0","1","0","1","",""
"v2r_stationary_s49","v2r_stationary","49","PASS","135.04","-705.33","-295.16","0","0.11","1","VEHICLE","-706.56","37.12","135.04","-706.56","-295.16","0","0","1","ROBOT","ROBOT","7.62","-706.56","-707.18","0.00","0","","0.15","0","0","0","1","",""
"v2r_stationary_s5","v2r_stationary","5","PASS","98.56","-715.57","-652.8","0","0.11","1","VEHICLE","-716.80","26.88","98.56","-716.8","-652.8","0","0","1","ROBOT","ROBOT","7.62","-716.80","-717.42","0.00","0","","0.15","0","0","0","1","",""
"v2r_stationary_s50","v2r_stationary","50","PASS","19.92","-720.47","-509.52","0","0.11","1","VEHICLE","-721.70","2.56","19.92","-721.7","-509.52","0","0","1","ROBOT","ROBOT","6.59","-721.70","-722.32","0.00","0","","0.15","0","0","0","1","",""
"v2r_stationary_s51","v2r_stationary","51","PASS","108.8","-705.33","-419.32","0","0.11","1","VEHICLE","-706.56","2.64","108.8","-706.56","-419.32","0","0","1","ROBOT","ROBOT","7.62","-706.56","-707.18","0.00","0","","0.15","0","0","0","1","",""
"v2r_stationary_s52","v2r_stationary","52","PASS","374.01","-705.16","-333.15","0.01","0.1","1","VEHICLE","-706.39","0.04","374.01","-706.39","-333.15","0","0","1","ROBOT","ROBOT","7.62","-706.39","-707.01","0.00","0","","0.14","0","1","0","1","",""
"v2r_stationary_s53","v2r_stationary","53","PASS","108.8","-705.33","-427","0","0.11","1","VEHICLE","-706.56","5.12","108.8","-706.56","-427","0","0","1","ROBOT","ROBOT","7.62","-706.56","-707.18","0.00","0","","0.15","0","0","0","1","",""
"v2r_stationary_s54","v2r_stationary","54","PASS","229.88","-705.49","-309.76","0","0.11","1","VEHICLE","-706.72","0.00","229.88","-706.72","-309.76","0","0","1","ROBOT","ROBOT","7.62","-706.72","-707.34","0.00","0","","0.15","0","1","0","1","",""
"v2r_stationary_s55","v2r_stationary","55","PASS","372.73","-705.11","-325.6","0.01","0.1","1","VEHICLE","-706.34","0.22","372.73","-706.34","-325.6","0","0","1","ROBOT","ROBOT","7.62","-706.34","-706.96","0.00","0","","0.14","0","1","0","1","",""
"v2r_stationary_s56","v2r_stationary","56","PASS","389.09","-722.91","-327.66","0.05","0.1","1","VEHICLE","-724.09","0.39","389.08","-724.09","-327.67","0","0","1","ROBOT","ROBOT","7.62","-724.09","-724.71","0.00","0","","0.12","0","1","0","1","",""
"v2r_stationary_s57","v2r_stationary","57","PASS","398.91","-722.75","-331.37","0.03","0.1","1","VEHICLE","-723.95","0.53","398.91","-723.95","-331.38","0","0","1","ROBOT","ROBOT","7.62","-723.95","-724.57","0.00","0","","0.13","0","0","0","1","",""
"v2r_stationary_s58","v2r_stationary","58","PASS","30.16","-720.47","-519.76","0","0.11","1","VEHICLE","-721.70","0.41","30.16","-721.7","-519.76","0","0","1","ROBOT","ROBOT","7.62","-721.70","-722.32","0.00","0","","0.15","0","1","0","1","",""
"v2r_stationary_s59","v2r_stationary","59","PASS","259.78","-723.25","-508.22","0","0.11","1","VEHICLE","-724.48","0.10","259.78","-724.48","-508.22","0","0","1","ROBOT","ROBOT","7.62","-724.48","-725.1","0.00","0","","0.15","0","1","0","1","",""
"v2r_stationary_s6","v2r_stationary","6","PASS","374.39","-718.79","-486.4","0.01","0.1","1","VEHICLE","-720.01","3.82","374.38","-720.01","-486.4","0","0","1","ROBOT","ROBOT","7.62","-720.01","-720.63","0.00","0","","0.14","0","0","0","1","",""
"v2r_stationary_s60","v2r_stationary","60","PASS","363.52","-723.25","-341.76","0","0.11","1","VEHICLE","-724.48","19.20","363.52","-724.48","-341.76","0","0","1","ROBOT","ROBOT","7.62","-724.48","-725.1","0.00","0","","0.15","0","0","0","1","",""
"v2r_stationary_s61","v2r_stationary","61","PASS","321.28","-723.25","-340.48","0","0.11","1","VEHICLE","-724.48","19.20","321.28","-724.48","-340.48","0","0","1","ROBOT","ROBOT","7.62","-724.48","-725.1","0.00","0","","0.15","0","0","0","1","",""
"v2r_stationary_s62","v2r_stationary","62","PASS","96","-713.01","-290.56","0","0.11","1","VEHICLE","-714.24","29.44","96","-714.24","-290.56","0","0","1","ROBOT","ROBOT","7.62","-714.24","-714.86","0.00","0","","0.15","0","0","0","1","",""
"v2r_stationary_s63","v2r_stationary","63","PASS","189.44","-715.57","-601.6","0","0.11","1","VEHICLE","-716.80","5.12","189.44","-716.8","-601.6","0","0","1","ROBOT","ROBOT","7.62","-716.80","-717.42","0.00","0","","0.15","0","0","0","1","",""
"v2r_stationary_s64","v2r_stationary","64","PASS","107.52","-715.57","-608","0","0.11","1","VEHICLE","-716.80","26.88","107.52","-716.8","-608","0","0","1","ROBOT","ROBOT","5.51","-716.80","-717.42","0.00","0","","0.15","0","0","0","1","",""
"v2r_stationary_s65","v2r_stationary","65","PASS","107.52","-725.17","-471.04","0","0.11","1","VEHICLE","-726.40","1.28","107.52","-726.4","-471.04","0","0","1","ROBOT","ROBOT","7.62","-726.40","-727.02","0.00","0","","0.15","0","0","0","1","",""
"v2r_stationary_s66","v2r_stationary","66","PASS","181.76","-709.17","-293.12","0","0.11","1","VEHICLE","-710.40","15.36","181.76","-710.4","-293.12","0","0","1","ROBOT","ROBOT","7.62","-710.40","-711.02","0.00","0","","0.15","0","0","0","1","",""
"v2r_stationary_s67","v2r_stationary","67","PASS","258.56","-723.25","-357.12","0","0.11","1","VEHICLE","-724.48","0.10","258.56","-724.48","-357.12","0","0","1","ROBOT","ROBOT","7.62","-724.48","-725.1","0.00","0","","0.15","0","1","0","1","",""
"v2r_stationary_s68","v2r_stationary","68","PASS","96","-705.33","-419.84","0","0.11","1","VEHICLE","-706.56","5.12","96","-706.56","-419.84","0","0","1","ROBOT","ROBOT","7.62","-706.56","-707.18","0.00","0","","0.15","0","0","0","1","",""
"v2r_stationary_s69","v2r_stationary","69","PASS","108.8","-715.57","-651.52","0","0.11","1","VEHICLE","-716.80","26.88","108.8","-716.8","-651.52","0","0","1","ROBOT","ROBOT","7.62","-716.80","-717.42","0.00","0","","0.15","0","0","0","1","",""
"v2r_stationary_s7","v2r_stationary","7","PASS","30.16","-720.47","-499.28","0","0.11","1","VEHICLE","-721.70","2.56","30.16","-721.7","-499.28","0","0","1","ROBOT","ROBOT","6.59","-721.70","-722.32","0.00","0","","0.15","0","0","0","1","",""
"v2r_stationary_s70","v2r_stationary","70","PASS","101.05","-715.33","-556.71","0.1","0.16","1","VEHICLE","-716.80","0.00","101.03","-716.8","-556.69","0","0","1","ROBOT","ROBOT","5.58","-716.80","-717.4","0.00","0","","0.23","0","1","0","1","",""
"v2r_stationary_s71","v2r_stationary","71","PASS","32","-720.47","-599.04","0","0.11","1","VEHICLE","-721.70","0.41","32","-721.7","-599.04","0","0","1","ROBOT","ROBOT","7.62","-721.70","-722.32","0.00","0","","0.15","0","1","0","1","",""
"v2r_stationary_s72","v2r_stationary","72","PASS","357.12","-705.33","-336.64","0","0.11","1","VEHICLE","-706.56","2.56","357.12","-706.56","-336.64","0","0","1","ROBOT","ROBOT","7.62","-706.56","-707.18","0.00","0","","0.15","0","0","0","1","",""
"v2r_stationary_s73","v2r_stationary","73","PASS","230.4","-705.29","-472.32","0","0.11","1","VEHICLE","-706.52","1.28","230.4","-706.52","-472.32","0","0","1","ROBOT","ROBOT","7.62","-706.52","-707.14","0.00","0","","0.15","0","0","0","1","",""
"v2r_stationary_s74","v2r_stationary","74","PASS","225.28","-705.49","-307.2","0","0.11","1","VEHICLE","-706.72","0.00","225.28","-706.72","-307.2","0","0","1","ROBOT","ROBOT","7.62","-706.72","-707.34","0.00","0","","0.15","0","1","0","1","",""
"v2r_stationary_s75","v2r_stationary","75","PASS","34.56","-720.47","-512","0","0.11","1","VEHICLE","-721.70","2.56","34.56","-721.7","-512","0","0","1","ROBOT","ROBOT","7.62","-721.70","-722.32","0.00","0","","0.15","0","0","0","1","",""
"v2r_stationary_s76","v2r_stationary","76","PASS","336.64","-705.33","-427.52","0","0.11","1","VEHICLE","-706.56","2.19","336.64","-706.56","-427.52","0","0","1","ROBOT","ROBOT","7.62","-706.56","-707.18","0.00","0","","0.15","0","0","0","1","",""
"v2r_stationary_s77","v2r_stationary","77","PASS","139.52","-705.33","-291.84","0","0.11","1","VEHICLE","-706.56","37.12","139.52","-706.56","-291.84","0","0","1","ROBOT","ROBOT","7.62","-706.56","-707.18","0.00","0","","0.15","0","0","0","1","",""
"v2r_stationary_s78","v2r_stationary","78","PASS","341.49","-705.31","-456.96","0","0.11","1","VEHICLE","-706.54","0.00","341.49","-706.54","-456.96","0","0","1","ROBOT","ROBOT","4.99","-706.54","-707.16","0.00","0","","0.14","0","1","0","1","",""
"v2r_stationary_s79","v2r_stationary","79","PASS","103.47","-705.31","-458.24","0","0.11","1","VEHICLE","-706.54","0.00","103.47","-706.54","-458.24","0","0","1","ROBOT","ROBOT","5.69","-706.54","-707.16","0.00","0","","0.14","0","1","0","1","",""
"v2r_stationary_s8","v2r_stationary","8","PASS","353.8","-722.35","-487.72","0.13","0.1","1","VEHICLE","-723.56","0.92","353.76","-723.58","-487.72","0","0","1","ROBOT","ROBOT","5.89","-723.58","-724.2","0.02","0","","0.12","0","0","0","1","",""
"v2r_stationary_s80","v2r_stationary","80","PASS","341.76","-723.25","-468.48","0","0.11","1","VEHICLE","-724.48","19.20","341.76","-724.48","-468.48","0","0","1","ROBOT","ROBOT","7.62","-724.48","-725.1","0.00","0","","0.15","0","0","0","1","",""
"v2r_stationary_s81","v2r_stationary","81","PASS","266.24","-723.25","-509.44","0","0.11","1","VEHICLE","-724.48","0.10","266.24","-724.48","-509.44","0","0","1","ROBOT","ROBOT","7.62","-724.48","-725.1","0.00","0","","0.15","0","1","0","1","",""
"v2r_stationary_s82","v2r_stationary","82","PASS","90.88","-705.33","-385.28","0","0.11","1","VEHICLE","-706.56","4.40","90.88","-706.56","-385.28","0","0","1","ROBOT","ROBOT","7.62","-706.56","-707.18","0.00","0","","0.15","0","0","0","1","",""
"v2r_stationary_s83","v2r_stationary","83","PASS","110.91","-725.81","-410.88","0","0.11","1","VEHICLE","-727.04","15.36","110.91","-727.04","-410.88","0","0","1","ROBOT","ROBOT","7.62","-727.04","-727.66","0.00","0","","0.15","0","0","0","1","",""
"v2r_stationary_s9","v2r_stationary","9","PASS","377.6","-723.01","-327.72","0.1","0.1","1","VEHICLE","-724.26","0.22","377.6","-724.27","-327.75","0","0","1","ROBOT","ROBOT","7.62","-724.27","-724.88","0.01","0","","0.13","0","1","0","1","",""
