L 11.6740 0 1.341 F:/Transformers Rebuild/ExtractedAssets/VerticalSlice/../content/WL_GUN_ION_BLASTER/GUN_ION_BLASTER_HEAD.wav
L 11.6741 1 0.755 F:/Transformers Rebuild/ExtractedAssets/VerticalSlice/../content/WL_GUN_NEUTRON_RIFLE/GUN_ASSAULTRIFLE_NRG_DISTANT.wav
L 11.6741 2 0.483 F:/Transformers Rebuild/ExtractedAssets/VerticalSlice/../content/WL_GUN_NEUTRON_RIFLE/MTL_SHELL_SLUG_DROP_CONCRT_01.wav
L 11.6742 3 0.867 F:/Transformers Rebuild/ExtractedAssets/VerticalSlice/../content/WL_GUN_NEUTRON_RIFLE/MTL_SHELL_SLUG_DROP_CONCRT_02.wav
L 11.6742 4 0.501 F:/Transformers Rebuild/ExtractedAssets/VerticalSlice/../content/WL_GUN_NEUTRON_RIFLE/MTL_SHELL_SLUG_DROP_CONCRT_03.wav
L 11.6742 5 0.483 F:/Transformers Rebuild/ExtractedAssets/VerticalSlice/../content/WL_GUN_NEUTRON_RIFLE/MTL_SHELL_SLUG_DROP_CONCRT_04.wav
L 11.6743 6 2.355 F:/Transformers Rebuild/ExtractedAssets/VerticalSlice/../content/WL_GUN_HANDCANNON/GUN_HANDCANNON_SHOOT_LR_01.wav
L 11.6743 7 0.483 F:/Transformers Rebuild/ExtractedAssets/VerticalSlice/../content/WL_GUN_NEUTRON_RIFLE/MTL_SHELL_SLUG_DROP_CONCRT_01.wav
L 11.6743 8 0.867 F:/Transformers Rebuild/ExtractedAssets/VerticalSlice/../content/WL_GUN_NEUTRON_RIFLE/MTL_SHELL_SLUG_DROP_CONCRT_02.wav
L 11.6744 9 0.501 F:/Transformers Rebuild/ExtractedAssets/VerticalSlice/../content/WL_GUN_NEUTRON_RIFLE/MTL_SHELL_SLUG_DROP_CONCRT_03.wav
L 11.6744 10 0.483 F:/Transformers Rebuild/ExtractedAssets/VerticalSlice/../content/WL_GUN_NEUTRON_RIFLE/MTL_SHELL_SLUG_DROP_CONCRT_04.wav
L 11.6744 11 1.341 F:/Transformers Rebuild/ExtractedAssets/VerticalSlice/../content/WL_GUN_ION_BLASTER/GUN_ION_BLASTER_HEAD.wav
L 11.6744 12 0.755 F:/Transformers Rebuild/ExtractedAssets/VerticalSlice/../content/WL_GUN_NEUTRON_RIFLE/GUN_ASSAULTRIFLE_NRG_DISTANT.wav
L 11.6745 13 0.483 F:/Transformers Rebuild/ExtractedAssets/VerticalSlice/../content/WL_GUN_NEUTRON_RIFLE/MTL_SHELL_SLUG_DROP_CONCRT_01.wav
L 11.6745 14 0.867 F:/Transformers Rebuild/ExtractedAssets/VerticalSlice/../content/WL_GUN_NEUTRON_RIFLE/MTL_SHELL_SLUG_DROP_CONCRT_02.wav
L 11.6745 15 0.501 F:/Transformers Rebuild/ExtractedAssets/VerticalSlice/../content/WL_GUN_NEUTRON_RIFLE/MTL_SHELL_SLUG_DROP_CONCRT_03.wav
L 11.6745 16 0.483 F:/Transformers Rebuild/ExtractedAssets/VerticalSlice/../content/WL_GUN_NEUTRON_RIFLE/MTL_SHELL_SLUG_DROP_CONCRT_04.wav
L 11.6746 17 2.355 F:/Transformers Rebuild/ExtractedAssets/VerticalSlice/../content/WL_GUN_HANDCANNON/GUN_HANDCANNON_SHOOT_LR_01.wav
L 11.6746 18 0.413 F:/Transformers Rebuild/ExtractedAssets/VerticalSlice/../content/WL_GUN_FOLEY/LOW_AMMO_WARNING_01.wav
L 11.6746 19 1.621 F:/Transformers Rebuild/ExtractedAssets/VerticalSlice/../content/WL_GUN_ION_BLASTER/GUN_ION_BLASTER_TAIL.wav
L 11.6747 20 0.560 F:/Transformers Rebuild/ExtractedAssets/VerticalSlice/../content/WL_GUN_FOLEY/RELOAD_SERVO_MECH_05.wav
L 11.6747 21 0.509 F:/Transformers Rebuild/ExtractedAssets/VerticalSlice/../content/WL_GUN_FOLEY/GUN_DW2_REDEEM_RELOAD_START.wav
L 11.6747 22 0.563 F:/Transformers Rebuild/ExtractedAssets/VerticalSlice/../content/WL_GUN_FOLEY/RELOAD_AIR_RELEASE_THUMP.wav
L 11.6748 23 0.520 F:/Transformers Rebuild/ExtractedAssets/VerticalSlice/../content/WL_FOLY_BOT/SERVO_IDLE_FOLY_01.wav
L 11.6748 24 0.749 F:/Transformers Rebuild/ExtractedAssets/VerticalSlice/../content/WL_FOLY_BOT/SERVO_IDLE_FOLY_04.wav
L 11.6748 25 0.541 F:/Transformers Rebuild/ExtractedAssets/VerticalSlice/../content/WL_GUN_FOLEY/GUN_RIFLE_CLIP_RELOAD.wav
L 11.6748 26 0.784 F:/Transformers Rebuild/ExtractedAssets/VerticalSlice/../content/WL_GUN_ION_BLASTER/TRANS_ION_UNEQUIP_SERVOS.wav
L 11.6749 27 0.912 F:/Transformers Rebuild/ExtractedAssets/VerticalSlice/../content/WL_GUN_PULSE_RIFLE/GUN_FOLEY_MG_SERVO_MTL_SYNTH_02.wav
L 11.6749 28 0.224 F:/Transformers Rebuild/ExtractedAssets/VerticalSlice/../content/WL_GUN_FOLEY/RELOAD_BOLT_07.wav
L 11.6749 29 0.224 F:/Transformers Rebuild/ExtractedAssets/VerticalSlice/../content/WL_GUN_FOLEY/RELOAD_BOLT_07.wav
L 11.6750 30 0.224 F:/Transformers Rebuild/ExtractedAssets/VerticalSlice/../content/WL_GUN_FOLEY/RELOAD_BOLT_07.wav
L 11.6750 31 1.043 F:/Transformers Rebuild/ExtractedAssets/VerticalSlice/../content/WL_GUN_FOLEY/RELOAD_FLANGE_02.wav
L 11.6752 32 1.093 F:/Transformers Rebuild/ExtractedAssets/VerticalSlice/../content/WL_GUN_FOLEY/RELOAD_SYNTH_BUBBLE.wav
L 11.6753 33 0.400 F:/Transformers Rebuild/ExtractedAssets/VerticalSlice/../content/WL_GUN_FOLEY/RELOAD_MTL_SCRAPE_03.wav
L 11.6753 34 0.224 F:/Transformers Rebuild/ExtractedAssets/VerticalSlice/../content/WL_GUN_FOLEY/RELOAD_BOLT_07.wav
L 11.6754 35 0.784 F:/Transformers Rebuild/ExtractedAssets/VerticalSlice/../content/WL_GUN_ION_BLASTER/TRANS_ION_UNEQUIP_SERVOS.wav
L 11.6754 36 0.243 F:/Transformers Rebuild/ExtractedAssets/VerticalSlice/../content/WL_GUN_FOLEY/GUNf_MVMNT_03.wav
L 11.6754 37 0.461 F:/Transformers Rebuild/ExtractedAssets/VerticalSlice/../content/WL_GUN_FOLEY/GUNf_MVMNT_01.wav
L 11.6755 38 0.707 F:/Transformers Rebuild/ExtractedAssets/VerticalSlice/../content/WL_GUN_ION_BLASTER/TRANS_ION_EQUIP_SERVOS.wav
L 11.6755 39 0.784 F:/Transformers Rebuild/ExtractedAssets/VerticalSlice/../content/WL_GUN_ION_BLASTER/TRANS_ION_UNEQUIP_SERVOS.wav
L 11.6755 40 0.584 F:/Transformers Rebuild/ExtractedAssets/VerticalSlice/../content/WL_GUN_FOLEY/GUN_RIFLE_BOLT_ACTION.wav
L 11.6756 41 0.931 F:/Transformers Rebuild/ExtractedAssets/VerticalSlice/../content/WL_ELEC/ELEC_SPARKBLAST_FLANGE_01.wav
L 11.6756 42 0.875 F:/Transformers Rebuild/ExtractedAssets/VerticalSlice/../content/WL_ELEC/ELEC_SPARKBLAST_FLANGE_02.wav
L 11.6756 43 1.259 F:/Transformers Rebuild/ExtractedAssets/VerticalSlice/../content/WL_ELEC/ELEC_SPARKBLAST_FLANGE_03.wav
L 11.6756 44 1.357 F:/Transformers Rebuild/ExtractedAssets/VerticalSlice/../content/WL_ELEC/ELEC_SPARKBLAST_FLANGE_04.wav
L 11.6757 45 0.416 F:/Transformers Rebuild/ExtractedAssets/VerticalSlice/../content/WL_WPN_BULLET_IMPT/MTL_BULLET_IMPT_SHEET_01.wav
L 11.6757 46 0.355 F:/Transformers Rebuild/ExtractedAssets/VerticalSlice/../content/WL_WPN_BULLET_IMPT/MTL_BULLET_IMPT_SHEET_02.wav
L 11.6757 47 0.469 F:/Transformers Rebuild/ExtractedAssets/VerticalSlice/../content/WL_WPN_BULLET_IMPT/MTL_BULLET_IMPT_SHEET_03.wav
L 11.6758 48 0.352 F:/Transformers Rebuild/ExtractedAssets/VerticalSlice/../content/WL_WPN_BULLET_IMPT/MTL_BULLET_IMPT_SHEET_04.wav
L 11.6758 49 0.616 F:/Transformers Rebuild/ExtractedAssets/VerticalSlice/../content/WL_WPN_BULLET_IMPT/MTL_BULLET_IMPT_SHEET_05.wav
L 11.6758 50 0.400 F:/Transformers Rebuild/ExtractedAssets/VerticalSlice/../content/WL_WPN_BULLET_IMPT/MTL_BULLET_IMPT_SHEET_06.wav
L 11.6759 51 1.141 F:/Transformers Rebuild/ExtractedAssets/VerticalSlice/../content/WL_MTL_MELEE_IMPT/MTL_MELEE_IMPT_01.wav
L 11.6759 52 1.024 F:/Transformers Rebuild/ExtractedAssets/VerticalSlice/../content/WL_MTL_MELEE_IMPT/MTL_MELEE_IMPT_02.wav
L 11.6759 53 1.160 F:/Transformers Rebuild/ExtractedAssets/VerticalSlice/../content/WL_MTL_MELEE_IMPT/MTL_MELEE_IMPT_03.wav
L 11.6760 54 1.077 F:/Transformers Rebuild/ExtractedAssets/VerticalSlice/../content/WL_MTL_MELEE_IMPT/MTL_MELEE_IMPT_04.wav
L 11.6760 55 0.307 F:/Transformers Rebuild/ExtractedAssets/VerticalSlice/../content/WL_FS_BOT/SRVO_BOT_FOLY_FS_FILTSWEEP_01.wav
L 11.6760 56 0.259 F:/Transformers Rebuild/ExtractedAssets/VerticalSlice/../content/WL_FS_BOT/SRVO_BOT_FOLY_FS_FILTSWEEP_02.wav
L 11.6760 57 0.288 F:/Transformers Rebuild/ExtractedAssets/VerticalSlice/../content/WL_FS_BOT/SRVO_BOT_FOLY_FS_FILTSWEEP_03.wav
L 11.6761 58 0.293 F:/Transformers Rebuild/ExtractedAssets/VerticalSlice/../content/WL_FS_BOT/SRVO_BOT_FOLY_FS_FILTSWEEP_04.wav
L 11.6761 59 0.365 F:/Transformers Rebuild/ExtractedAssets/VerticalSlice/../content/WL_FS_BOT/SRVO_BOT_FOLY_FS_FILTSWEEP_05.wav
L 11.6761 60 0.280 F:/Transformers Rebuild/ExtractedAssets/VerticalSlice/../content/WL_FS_BOT/SRVO_BOT_FOLY_FS_FILTSWEEP_06.wav
L 11.6762 61 0.821 F:/Transformers Rebuild/ExtractedAssets/VerticalSlice/../content/WL_GUN_FOLEY/DRY_FIRE_ELECTRICITY.wav
L 11.6762 62 0.699 F:/Transformers Rebuild/ExtractedAssets/VerticalSlice/../content/WL_GUN_FOLEY/DRY_FIRE_PLASMA.wav
L 11.6762 63 0.444 F:/Transformers Rebuild/ExtractedAssets/VerticalSlice/../content/WL_ELEC/ELEC_EMP_INTERFERENCE_03.wav
L 11.6763 64 0.537 F:/Transformers Rebuild/ExtractedAssets/VerticalSlice/../content/WL_ELEC/ELEC_EMP_INTERFERENCE_04.wav
L 11.6764 65 0.453 F:/Transformers Rebuild/ExtractedAssets/VerticalSlice/../content/WL_ELEC/ELEC_EMP_INTERFERENCE_05.wav
L 11.6764 66 0.224 F:/Transformers Rebuild/ExtractedAssets/VerticalSlice/../content/WL_GUN_FOLEY/RELOAD_BOLT_07.wav
L 11.6764 67 0.413 F:/Transformers Rebuild/ExtractedAssets/VerticalSlice/../content/WL_GUN_FOLEY/LOW_AMMO_WARNING_01.wav
L 11.6765 68 1.339 F:/Transformers Rebuild/ExtractedAssets/VerticalSlice/../content/WL_TRUCK/SYNTH_ENGINE_ACCEL.wav
L 11.6765 69 1.387 F:/Transformers Rebuild/ExtractedAssets/VerticalSlice/../content/WL_WHSH_JET/WHSH_BOOST_FLARE_LR_03.wav
L 11.6765 70 0.429 F:/Transformers Rebuild/ExtractedAssets/VerticalSlice/../content/WL_TRUCK/SYNTH_AIR_RELEASE_04.wav
L 11.6766 71 0.696 F:/Transformers Rebuild/ExtractedAssets/VerticalSlice/../content/WL_TRUCK/SYNTH_AIR_RELEASE_08.wav
L 11.6766 72 3.381 F:/Transformers Rebuild/ExtractedAssets/VerticalSlice/../content/WL_TRUCK/AUTO_OPTIMUS_BOOST_START_LR.wav
L 11.6766 73 2.587 F:/Transformers Rebuild/ExtractedAssets/VerticalSlice/../content/WL_TRUCK/SYNTH_ENERGY_MOD_PAN_LP.wav
L 11.6766 74 3.403 F:/Transformers Rebuild/ExtractedAssets/VerticalSlice/../content/WL_TRUCK/MECH_OPTIMUS_TIRE_NOISE_02_LP.wav
L 11.6767 75 2.773 F:/Transformers Rebuild/ExtractedAssets/VerticalSlice/../content/WL_PLANE/JET_TURBO_WHINE_LP.wav
L 11.6767 76 3.083 F:/Transformers Rebuild/ExtractedAssets/VerticalSlice/../content/WL_TRUCK/AUTO_OPTIMUS_ENGINE_BOOST_LR_LP.wav
L 11.6767 77 3.917 F:/Transformers Rebuild/ExtractedAssets/VerticalSlice/../content/WL_TRUCK/AUTO_OPTIMUS_ENGINE_MID_LR_LP.wav
L 11.6768 78 1.093 F:/Transformers Rebuild/ExtractedAssets/VerticalSlice/../content/WL_WHSH_JET/WHSH_BOOST_FINISH_01_LR.wav
L 11.6768 79 0.635 F:/Transformers Rebuild/ExtractedAssets/VerticalSlice/../content/WL_WHSH_JET/WHSH_BOOST_FINISH_01_LSRS.wav
L 11.6768 80 0.880 F:/Transformers Rebuild/ExtractedAssets/VerticalSlice/../content/WL_TRUCK/SYNTH_AIR_RELEASE_02.wav
L 11.6769 81 0.632 F:/Transformers Rebuild/ExtractedAssets/VerticalSlice/../content/WL_TRUCK/SYNTH_AIR_RELEASE_07.wav
L 11.6769 82 1.811 F:/Transformers Rebuild/ExtractedAssets/VerticalSlice/../content/WL_TRUCK/AUTO_OPTIMUS_BOOST_END_LR.wav
L 11.6769 83 1.352 F:/Transformers Rebuild/ExtractedAssets/VerticalSlice/../content/WL_TRUCK/AUTO_BOOST_PEELOUT_TRUCK.wav
L 11.6770 84 1.339 F:/Transformers Rebuild/ExtractedAssets/VerticalSlice/../content/WL_TRUCK/SYNTH_ENGINE_ACCEL.wav
L 11.6770 85 1.387 F:/Transformers Rebuild/ExtractedAssets/VerticalSlice/../content/WL_WHSH_JET/WHSH_BOOST_FLARE_LR_03.wav
L 11.6770 86 0.429 F:/Transformers Rebuild/ExtractedAssets/VerticalSlice/../content/WL_TRUCK/SYNTH_AIR_RELEASE_04.wav
L 11.6770 87 0.696 F:/Transformers Rebuild/ExtractedAssets/VerticalSlice/../content/WL_TRUCK/SYNTH_AIR_RELEASE_08.wav
L 11.6771 88 3.381 F:/Transformers Rebuild/ExtractedAssets/VerticalSlice/../content/WL_TRUCK/AUTO_OPTIMUS_BOOST_START_LR.wav
L 11.6771 89 0.632 F:/Transformers Rebuild/ExtractedAssets/VerticalSlice/../content/WL_TRUCK/SYNTH_AIR_RELEASE_07.wav
L 11.6771 90 0.845 F:/Transformers Rebuild/ExtractedAssets/VerticalSlice/../content/WL_TRUCK/MECH_TRANS_RAM_ACTIVATE.wav
L 11.6771 91 1.387 F:/Transformers Rebuild/ExtractedAssets/VerticalSlice/../content/WL_WHSH_JET/WHSH_BOOST_FLARE_LR_03.wav
L 11.6772 92 0.696 F:/Transformers Rebuild/ExtractedAssets/VerticalSlice/../content/WL_TRUCK/SYNTH_AIR_RELEASE_08.wav
L 11.6772 93 3.381 F:/Transformers Rebuild/ExtractedAssets/VerticalSlice/../content/WL_TRUCK/AUTO_OPTIMUS_BOOST_START_LR.wav
L 11.6772 94 0.845 F:/Transformers Rebuild/ExtractedAssets/VerticalSlice/../content/WL_TRUCK/MECH_TRANS_RAM_ACTIVATE.wav
L 11.6772 95 1.811 F:/Transformers Rebuild/ExtractedAssets/VerticalSlice/../content/WL_TRUCK/AUTO_OPTIMUS_BOOST_END_LR.wav
L 11.6773 96 1.229 F:/Transformers Rebuild/ExtractedAssets/VerticalSlice/../content/WL_MECH/MECH_ORB_ARM_04.wav
L 11.6773 97 1.437 F:/Transformers Rebuild/ExtractedAssets/VerticalSlice/../content/WL_TRUCK/MECH_IMPT_VEHICLE_RAM_01.wav
L 11.6774 98 1.547 F:/Transformers Rebuild/ExtractedAssets/VerticalSlice/../content/WL_TRUCK/MECH_IMPT_VEHICLE_RAM_02.wav
L 11.6774 99 1.400 F:/Transformers Rebuild/ExtractedAssets/VerticalSlice/../content/WL_TRUCK/MECH_IMPT_VEHICLE_RAM_03.wav
L 11.6775 100 2.587 F:/Transformers Rebuild/ExtractedAssets/VerticalSlice/../content/WL_TRUCK/SYNTH_ENERGY_MOD_PAN_LP.wav
L 11.6775 101 3.917 F:/Transformers Rebuild/ExtractedAssets/VerticalSlice/../content/WL_TRUCK/AUTO_OPTIMUS_ENGINE_MID_LR_LP.wav
L 11.6775 102 2.587 F:/Transformers Rebuild/ExtractedAssets/VerticalSlice/../content/WL_TRUCK/SYNTH_ENERGY_MOD_PAN_LP.wav
L 11.6775 103 2.667 F:/Transformers Rebuild/ExtractedAssets/VerticalSlice/../content/WL_TRUCK/AUTO_OPTIMUS_IDLE_LR_LP.wav
L 11.6776 104 3.917 F:/Transformers Rebuild/ExtractedAssets/VerticalSlice/../content/WL_TRUCK/AUTO_OPTIMUS_ENGINE_MID_LR_LP.wav
L 11.6776 105 0.429 F:/Transformers Rebuild/ExtractedAssets/VerticalSlice/../content/WL_TRUCK/SYNTH_AIR_RELEASE_04.wav
L 11.6776 106 1.056 F:/Transformers Rebuild/ExtractedAssets/VerticalSlice/../content/WL_TANK/TANK_JUMP_LR.wav
L 11.6776 107 2.373 F:/Transformers Rebuild/ExtractedAssets/VerticalSlice/../content/WL_TRUCK/AUTO_OPTIMUS_JUMP_LR.wav
L 11.6777 108 2.587 F:/Transformers Rebuild/ExtractedAssets/VerticalSlice/../content/WL_TRUCK/SYNTH_ENERGY_MOD_PAN_LP.wav
L 11.6777 109 2.667 F:/Transformers Rebuild/ExtractedAssets/VerticalSlice/../content/WL_TRUCK/AUTO_OPTIMUS_IDLE_LR_LP.wav
L 11.6777 110 1.016 F:/Transformers Rebuild/ExtractedAssets/VerticalSlice/../content/WL_TANK/MECH_TANK_LAND_LIGHT_01.wav
L 11.6778 111 0.947 F:/Transformers Rebuild/ExtractedAssets/VerticalSlice/../content/WL_TANK/MECH_TANK_LAND_LIGHT_02.wav
L 11.6778 112 0.923 F:/Transformers Rebuild/ExtractedAssets/VerticalSlice/../content/WL_TANK/MECH_TANK_LAND_LIGHT_03.wav
L 11.6778 113 1.789 F:/Transformers Rebuild/ExtractedAssets/VerticalSlice/../content/WL_TANK/MECH_TANK_LAND_HARD_01.wav
L 11.6778 114 1.477 F:/Transformers Rebuild/ExtractedAssets/VerticalSlice/../content/WL_TANK/MECH_TANK_LAND_HARD_02.wav
L 11.6779 115 1.400 F:/Transformers Rebuild/ExtractedAssets/VerticalSlice/../content/WL_TANK/MECH_TANK_LAND_HARD_03.wav
L 11.6779 116 1.088 F:/Transformers Rebuild/ExtractedAssets/VerticalSlice/../content/WL_TRUCK/MECH_TRUCK_LAND_HEAVY_01.wav
L 11.6779 117 1.037 F:/Transformers Rebuild/ExtractedAssets/VerticalSlice/../content/WL_TRUCK/MECH_TRUCK_LAND_HEAVY_02.wav
L 11.6780 118 0.984 F:/Transformers Rebuild/ExtractedAssets/VerticalSlice/../content/WL_TRUCK/MECH_TRUCK_LAND_HEAVY_03.wav
L 11.6780 119 1.451 F:/Transformers Rebuild/ExtractedAssets/VerticalSlice/../content/WL_TRUCK/AIR_SEMI_RELEASE_09.wav
L 11.6780 120 1.547 F:/Transformers Rebuild/ExtractedAssets/VerticalSlice/../content/WL_TRUCK/MECH_TRUCK_BOTTOM_OUT_01.wav
L 11.6781 121 1.603 F:/Transformers Rebuild/ExtractedAssets/VerticalSlice/../content/WL_TRUCK/MECH_TRUCK_BOTTOM_OUT_02.wav
L 11.6781 122 1.661 F:/Transformers Rebuild/ExtractedAssets/VerticalSlice/../content/WL_TRUCK/MECH_TRUCK_BOTTOM_OUT_03.wav
L 11.6781 123 1.229 F:/Transformers Rebuild/ExtractedAssets/VerticalSlice/../content/WL_AUTO/AUTO_BOOST_PEELOUT_CAR.wav
L 11.6784 124 3.493 F:/Transformers Rebuild/ExtractedAssets/VerticalSlice/../content/WL_EVENT_IACON/EVENT_IACON_BRIDGE_TRANSFORM_GEARS.wav
L 11.6784 125 0.563 F:/Transformers Rebuild/ExtractedAssets/VerticalSlice/../content/WL_GUN_FOLEY/RELOAD_AIR_RELEASE_THUMP.wav
H 11.7611 370.229 -719.284 -337.569
V 11.7638 4096 72 1 0 363.514 -723.007 -341.764 50.00 350.00
V 11.7638 4097 69 1 0 363.514 -723.007 -341.764 50.00 350.00
U 11.7638 4096 363.514 -723.007 -341.764 0.160 0.867
U 11.7648 4096 363.514 -723.007 -341.764 0.160 0.867
U 11.7659 4096 363.514 -723.007 -341.764 0.160 0.867
U 11.7669 4096 363.514 -723.007 -341.764 0.160 0.867
H 12.0836 370.210 -719.267 -337.676
U 12.0848 4096 363.514 -723.007 -341.764 0.160 0.867
U 12.0858 4096 363.514 -723.007 -341.764 0.160 0.867
U 12.0868 4096 363.514 -723.007 -341.764 0.160 0.867
U 12.0878 4096 363.514 -723.007 -341.764 0.160 0.867
V 12.0888 4098 68 1 0 363.514 -723.007 -341.764 50.00 350.00
U 12.0889 4096 363.514 -723.007 -341.764 0.160 0.867
U 12.0899 4096 363.514 -723.007 -341.764 0.160 0.867
U 12.0909 4096 363.514 -723.007 -341.764 0.160 0.867
U 12.0919 4096 363.514 -723.007 -341.764 0.160 0.867
H 12.0996 369.411 -719.128 -337.373
H 12.1054 369.394 -719.111 -337.357
U 12.1066 4096 363.514 -723.007 -341.764 0.160 0.867
H 12.1116 369.313 -719.111 -337.399
H 12.1174 369.284 -719.093 -337.364
U 12.1186 4096 363.514 -723.007 -341.764 0.160 0.867
H 12.1236 369.174 -719.076 -337.385
H 12.1286 369.131 -719.041 -337.340
H 12.1345 369.098 -719.024 -337.303
V 12.1357 4099 70 1 0 363.514 -723.007 -341.764 50.00 350.00
U 12.1357 4096 363.514 -723.007 -341.764 0.160 0.867
H 12.1406 368.969 -718.990 -337.317
H 12.1458 368.924 -718.955 -337.273
H 12.1512 368.877 -718.920 -337.227
U 12.1525 4096 363.514 -723.007 -341.764 0.160 0.867
H 12.1580 368.729 -718.886 -337.233
H 12.1631 368.674 -718.851 -337.179
H 12.1762 368.614 -718.817 -337.121
U 12.1776 4096 363.514 -723.007 -341.764 0.160 0.867
H 12.1825 368.349 -718.697 -337.043
H 12.1875 368.251 -718.645 -336.957
U 12.1887 4096 363.514 -723.007 -341.764 0.160 0.867
H 12.1944 368.061 -718.594 -336.957
H 12.1992 367.946 -718.526 -336.867
H 12.2042 367.867 -718.491 -336.804
U 12.2054 4096 363.514 -723.007 -341.764 0.160 0.867
H 12.2126 367.697 -718.457 -336.834
H 12.2176 367.570 -718.389 -336.744
U 12.2188 4096 363.514 -723.007 -341.764 0.160 0.867
H 12.2235 367.381 -718.355 -336.771
H 12.2286 367.302 -718.321 -336.716
H 12.2335 367.233 -718.288 -336.671
H 12.2386 367.176 -718.254 -336.637
U 12.2399 4096 363.514 -723.007 -341.764 0.160 0.867
H 12.2450 367.007 -718.220 -336.696
H 12.2498 366.941 -718.186 -336.656
H 12.2545 366.879 -718.136 -336.628
U 12.2557 4096 363.514 -723.007 -341.764 0.160 0.867
H 12.2616 366.705 -718.102 -336.694
H 12.2664 366.650 -718.052 -336.672
H 12.2712 366.617 -718.018 -336.662
U 12.2726 4096 363.514 -723.007 -341.764 0.160 0.867
H 12.2775 366.466 -717.985 -336.755
H 12.2821 366.449 -717.935 -336.763
H 12.2866 366.436 -717.935 -336.754
V 12.2879 4100 71 1 0 363.514 -723.007 -341.764 50.00 350.00
U 12.2879 4096 363.514 -723.007 -341.764 0.160 0.867
H 12.2934 366.307 -717.901 -336.873
H 12.2979 366.291 -717.851 -336.882
H 12.3025 366.288 -717.835 -336.887
U 12.3037 4096 363.514 -723.007 -341.764 0.160 0.867
H 12.3086 366.159 -717.818 -337.008
H 12.3132 366.171 -717.785 -337.031
H 12.3176 366.181 -717.768 -337.046
U 12.3188 4096 363.514 -723.007 -341.764 0.160 0.867
H 12.3258 366.044 -717.735 -337.178
H 12.3305 366.058 -717.686 -337.211
H 12.3351 366.069 -717.669 -337.226
V 12.3362 4101 75 1 1 361.477 -723.007 -343.372 50.00 350.00
V 12.3362 4102 74 1 1 361.477 -723.007 -343.372 50.00 350.00
V 12.3362 4103 73 1 1 361.477 -723.007 -343.372 50.00 350.00
U 12.3362 4096 363.514 -723.007 -341.764 0.160 0.867
U 12.3362 4101 361.477 -723.007 -343.372 0.020 0.705
U 12.3362 4102 361.477 -723.007 -343.372 0.132 0.944
U 12.3362 4103 361.477 -723.007 -343.372 0.018 0.958
H 12.3410 365.942 -717.636 -337.374
H 12.3456 365.948 -717.587 -337.402
H 12.3502 365.954 -717.554 -337.423
H 12.3551 365.939 -717.489 -337.444
V 12.3564 4104 76 1 1 361.340 -723.007 -343.506 50.00 350.00
V 12.3564 4105 77 1 1 361.340 -723.007 -343.506 50.00 350.00
U 12.3564 4096 363.514 -723.007 -341.764 0.160 0.867
U 12.3564 4101 361.340 -723.007 -343.506 0.023 0.711
U 12.3564 4102 361.340 -723.007 -343.506 0.139 0.950
U 12.3564 4103 361.340 -723.007 -343.506 0.018 0.962
U 12.3564 4104 361.340 -723.007 -343.506 0.007 1.107
U 12.3564 4105 361.340 -723.007 -343.506 0.007 1.107
H 12.3612 365.788 -717.424 -337.600
H 12.3658 365.743 -717.326 -337.617
H 12.3707 365.726 -717.262 -337.640
U 12.3720 4096 363.514 -723.007 -341.764 0.160 0.867
U 12.3720 4101 361.200 -723.007 -343.645 0.027 0.717
U 12.3720 4102 361.200 -723.007 -343.645 0.145 0.956
U 12.3720 4103 361.200 -723.007 -343.645 0.019 0.967
U 12.3720 4104 361.200 -723.007 -343.645 0.010 1.135
U 12.3720 4105 361.200 -723.007 -343.645 0.010 1.135
H 12.3763 365.532 -717.149 -337.802
H 12.3806 365.461 -717.022 -337.824
H 12.3850 365.412 -716.943 -337.836
U 12.3862 4096 363.514 -723.007 -341.764 0.160 0.867
U 12.3862 4101 361.056 -723.007 -343.791 0.030 0.722
U 12.3862 4102 361.056 -723.007 -343.791 0.152 0.962
U 12.3862 4103 361.056 -723.007 -343.791 0.020 0.971
U 12.3862 4104 361.056 -723.007 -343.791 0.013 1.165
U 12.3863 4105 361.056 -723.007 -343.791 0.013 1.165
H 12.3908 365.220 -716.864 -337.995
H 12.3949 365.153 -716.755 -338.017
H 12.3990 365.085 -716.661 -338.030
H 12.4029 365.053 -716.600 -338.048
U 12.4041 4096 363.514 -723.007 -341.764 0.160 0.867
U 12.4041 4101 360.909 -723.008 -343.942 0.033 0.728
U 12.4041 4102 360.909 -723.008 -343.942 0.159 0.968
U 12.4041 4103 360.909 -723.008 -343.942 0.020 0.976
U 12.4042 4104 360.909 -723.008 -343.942 0.016 1.195
U 12.4042 4105 360.909 -723.008 -343.942 0.016 1.195
H 12.4079 364.859 -716.538 -338.210
H 12.4124 364.804 -716.477 -338.214
H 12.4162 364.754 -716.401 -338.234
H 12.4200 364.677 -716.326 -338.237
U 12.4212 4096 363.514 -723.007 -341.764 0.160 0.867
U 12.4212 4101 360.759 -723.007 -344.100 0.036 0.734
U 12.4212 4102 360.759 -723.007 -344.100 0.165 0.974
U 12.4212 4103 360.759 -723.007 -344.100 0.021 0.980
U 12.4212 4104 360.759 -723.007 -344.100 0.019 1.226
U 12.4212 4105 360.759 -723.007 -344.100 0.019 1.226
H 12.4259 364.497 -716.281 -338.409
H 12.4295 364.396 -716.191 -338.410
H 12.4332 364.341 -716.147 -338.409
H 12.4372 364.269 -716.088 -338.409
U 12.4384 4096 363.514 -723.007 -341.764 0.160 0.867
U 12.4384 4101 360.607 -723.007 -344.264 0.040 0.740
U 12.4384 4102 360.607 -723.007 -344.264 0.172 0.980
U 12.4384 4103 360.607 -723.007 -344.264 0.021 0.985
U 12.4384 4104 360.607 -723.007 -344.264 0.021 1.257
U 12.4384 4105 360.607 -723.007 -344.264 0.021 1.257
H 12.4420 364.037 -716.044 -338.559
H 12.4459 363.955 -715.985 -338.556
H 12.4499 363.876 -715.942 -338.545
H 12.4535 363.767 -715.884 -338.530
U 12.4549 4096 363.514 -723.007 -341.764 0.160 0.867
U 12.4549 4101 360.452 -723.007 -344.436 0.043 0.745
U 12.4549 4102 360.452 -723.007 -344.436 0.178 0.986
U 12.4549 4103 360.452 -723.007 -344.436 0.022 0.989
U 12.4549 4104 360.452 -723.007 -344.436 0.024 1.287
U 12.4549 4105 360.452 -723.007 -344.436 0.024 1.287
H 12.4592 363.520 -715.841 -338.685
H 12.4639 363.373 -715.769 -338.667
H 12.4678 363.271 -715.727 -338.651
U 12.4690 4096 363.514 -723.007 -341.764 0.160 0.867
U 12.4690 4101 360.296 -723.007 -344.613 0.046 0.751
U 12.4690 4102 360.296 -723.007 -344.613 0.184 0.992
U 12.4690 4103 360.296 -723.007 -344.613 0.022 0.993
U 12.4690 4104 360.296 -723.007 -344.613 0.027 1.317
U 12.4690 4105 360.296 -723.007 -344.613 0.027 1.317
H 12.4726 363.015 -715.698 -338.804
H 12.4766 362.888 -715.656 -338.781
H 12.4802 362.776 -715.628 -338.756
H 12.4838 362.636 -715.600 -338.721
U 12.4849 4096 363.514 -723.007 -341.764 0.160 0.867
U 12.4849 4101 360.139 -723.007 -344.798 0.048 0.756
U 12.4849 4102 360.139 -723.007 -344.798 0.190 0.997
U 12.4849 4103 360.139 -723.007 -344.798 0.023 0.997
U 12.4849 4104 360.139 -723.007 -344.798 0.029 1.347
U 12.4849 4105 360.139 -723.007 -344.798 0.029 1.347
H 12.4895 362.391 -715.572 -338.895
H 12.4932 362.218 -715.545 -338.855
H 12.4968 362.078 -715.517 -338.831
H 12.5007 361.993 -715.503 -338.815
V 12.5018 4106 83 1 0 362.647 -723.007 -342.363 50.00 350.00
U 12.5018 4096 363.514 -723.007 -341.764 0.160 0.867
U 12.5018 4101 359.982 -723.007 -344.990 0.050 0.761
U 12.5018 4102 359.982 -723.007 -344.990 0.195 1.002
U 12.5018 4103 359.982 -723.007 -344.990 0.023 1.002
U 12.5018 4104 359.982 -723.007 -344.990 0.032 1.366
U 12.5018 4105 359.982 -723.007 -344.990 0.032 1.366
H 12.5053 361.713 -715.490 -338.981
H 12.5088 361.539 -715.476 -338.945
H 12.5127 361.456 -715.476 -338.924
H 12.5162 361.291 -715.462 -338.898
H 12.5197 361.208 -715.462 -338.881
U 12.5208 4096 363.514 -723.007 -341.764 0.160 0.867
U 12.5208 4101 359.826 -723.007 -345.188 0.050 0.765
U 12.5208 4102 359.826 -723.007 -345.188 0.200 1.007
U 12.5208 4103 359.826 -723.007 -345.188 0.023 1.008
U 12.5208 4104 359.826 -723.007 -345.188 0.035 1.369
U 12.5208 4105 359.826 -723.007 -345.188 0.035 1.369
H 12.5252 360.982 -715.462 -339.066
H 12.5290 360.810 -715.462 -339.036
H 12.5325 360.728 -715.476 -339.012
H 12.5365 360.618 -715.489 -338.986
U 12.5376 4096 363.514 -723.007 -341.764 0.160 0.867
U 12.5376 4101 359.671 -723.007 -345.394 0.051 0.770
U 12.5376 4102 359.671 -723.007 -345.394 0.205 1.012
U 12.5376 4103 359.671 -723.007 -345.394 0.024 1.013
U 12.5376 4104 359.671 -723.007 -345.394 0.037 1.372
U 12.5376 4105 359.671 -723.007 -345.394 0.037 1.372
H 12.5411 360.367 -715.503 -339.169
H 12.5446 360.247 -715.545 -339.124
H 12.5484 360.190 -715.559 -339.108
H 12.5518 360.120 -715.586 -339.081
U 12.5529 4096 363.514 -723.007 -341.764 0.160 0.867
U 12.5529 4101 359.517 -723.007 -345.606 0.051 0.774
U 12.5529 4102 359.517 -723.007 -345.606 0.210 1.016
U 12.5529 4103 359.517 -723.007 -345.606 0.024 1.018
U 12.5530 4104 359.517 -723.007 -345.606 0.040 1.375
U 12.5530 4105 359.517 -723.007 -345.606 0.040 1.375
H 12.5571 359.909 -715.614 -339.268
H 12.5608 359.857 -715.642 -339.244
H 12.5642 359.800 -715.670 -339.220
H 12.5675 359.769 -715.684 -339.208
U 12.5686 4096 363.514 -723.007 -341.764 0.160 0.867
U 12.5686 4101 359.365 -723.007 -345.825 0.051 0.778
U 12.5686 4102 359.365 -723.007 -345.825 0.214 1.020
U 12.5686 4103 359.365 -723.007 -345.825 0.024 1.023
U 12.5686 4104 359.365 -723.007 -345.825 0.043 1.377
U 12.5686 4105 359.365 -723.007 -345.825 0.043 1.377
H 12.5724 359.586 -715.713 -339.404
H 12.5758 359.546 -715.727 -339.393
H 12.5792 359.543 -715.741 -339.382
H 12.5830 359.512 -715.741 -339.381
H 12.5864 359.510 -715.755 -339.371
U 12.5875 4096 363.514 -723.007 -341.764 0.160 0.867
U 12.5875 4101 359.216 -723.007 -346.050 0.051 0.781
U 12.5875 4102 359.216 -723.007 -346.050 0.218 1.024
U 12.5875 4103 359.216 -723.007 -346.050 0.024 1.027
U 12.5875 4104 359.216 -723.007 -346.050 0.046 1.379
U 12.5875 4105 359.216 -723.007 -346.050 0.046 1.379
H 12.5916 359.343 -715.755 -339.596
H 12.5955 359.346 -715.755 -339.596
H 12.5988 359.330 -715.741 -339.606
H 12.6022 359.326 -715.727 -339.616
U 12.6034 4096 363.514 -723.007 -341.764 0.160 0.867
U 12.6034 4101 359.070 -723.007 -346.282 0.051 0.785
U 12.6034 4102 359.070 -723.007 -346.282 0.221 1.027
U 12.6034 4103 359.070 -723.007 -346.282 0.024 1.031
U 12.6034 4104 359.070 -723.007 -346.282 0.048 1.382
U 12.6034 4105 359.070 -723.007 -346.282 0.048 1.382
H 12.6070 359.163 -715.698 -339.868
H 12.6104 359.150 -715.670 -339.889
H 12.6137 359.132 -715.642 -339.910
H 12.6176 359.128 -715.600 -339.942
U 12.6187 4096 363.514 -723.007 -341.764 0.160 0.867
U 12.6187 4101 358.927 -723.008 -346.519 0.051 0.788
U 12.6187 4102 358.927 -723.008 -346.519 0.225 1.030
U 12.6187 4103 358.927 -723.008 -346.519 0.024 1.035
U 12.6188 4104 358.927 -723.008 -346.519 0.051 1.384
U 12.6188 4105 358.927 -723.008 -346.519 0.051 1.384
H 12.6228 358.956 -715.545 -340.223
H 12.6264 358.917 -715.435 -340.311
H 12.6300 358.901 -715.353 -340.378
H 12.6334 358.872 -715.299 -340.423
H 12.6368 358.830 -715.219 -340.493
U 12.6379 4096 363.514 -723.007 -341.764 0.160 0.867
U 12.6379 4101 358.788 -723.007 -346.763 0.052 0.791
U 12.6379 4102 358.788 -723.007 -346.763 0.228 1.034
U 12.6379 4103 358.788 -723.007 -346.763 0.024 1.039
U 12.6379 4104 358.788 -723.007 -346.763 0.054 1.386
U 12.6379 4105 358.788 -723.007 -346.763 0.054 1.386
H 12.6417 358.676 -715.153 -340.795
H 12.6452 358.662 -716.255 -342.175
H 12.6487 358.633 -716.232 -342.251
H 12.6529 358.613 -716.213 -342.311
U 12.6540 4096 363.514 -723.007 -341.764 0.160 0.867
U 12.6540 4101 358.653 -723.007 -347.012 0.052 0.794
U 12.6540 4102 358.653 -723.007 -347.012 0.231 1.037
U 12.6540 4103 358.653 -723.007 -347.012 0.024 1.043
U 12.6540 4104 358.653 -723.007 -347.012 0.056 1.388
U 12.6540 4105 358.653 -723.007 -347.012 0.056 1.388
H 12.6580 358.448 -716.124 -342.567
H 12.6615 358.415 -716.100 -342.642
H 12.6652 358.394 -716.094 -342.657
H 12.6686 358.402 -716.095 -342.657
U 12.6696 4096 363.514 -723.007 -341.764 0.160 0.867
U 12.6697 4101 358.521 -723.007 -347.267 0.052 0.797
U 12.6697 4102 358.521 -723.007 -347.267 0.235 1.040
U 12.6697 4103 358.521 -723.007 -347.267 0.024 1.047
U 12.6697 4104 358.521 -723.007 -347.267 0.059 1.390
U 12.6697 4105 358.521 -723.007 -347.267 0.059 1.390
H 12.6730 358.274 -716.027 -342.845
H 12.6767 358.284 -716.028 -342.845
H 12.6801 358.292 -716.029 -342.845
H 12.6835 358.300 -716.030 -342.846
H 12.6872 358.307 -716.030 -342.846
U 12.6883 4096 363.514 -723.007 -341.764 0.160 0.867
U 12.6883 4101 358.393 -723.007 -347.529 0.052 0.801
U 12.6883 4102 358.393 -723.007 -347.529 0.238 1.044
U 12.6883 4103 358.393 -723.007 -347.529 0.024 1.051
U 12.6883 4104 358.393 -723.007 -347.529 0.062 1.392
U 12.6883 4105 358.393 -723.007 -347.529 0.062 1.392
H 12.6923 358.185 -715.962 -343.039
H 12.6957 358.196 -715.963 -343.040
H 12.6994 358.204 -715.964 -343.040
H 12.7028 358.212 -715.965 -343.040
U 12.7038 4096 363.514 -723.007 -341.764 0.160 0.867
U 12.7038 4101 358.269 -723.007 -347.796 0.052 0.804
U 12.7038 4102 358.269 -723.007 -347.796 0.242 1.048
U 12.7038 4103 358.269 -723.007 -347.796 0.024 1.056
U 12.7038 4104 358.269 -723.007 -347.796 0.064 1.394
U 12.7038 4105 358.269 -723.007 -347.796 0.064 1.394
H 12.7072 358.093 -715.897 -343.240
H 12.7108 358.103 -715.898 -343.241
H 12.7142 358.111 -715.899 -343.241
H 12.7176 358.119 -715.900 -343.242
U 12.7187 4096 363.514 -723.007 -341.764 0.160 0.867
U 12.7187 4101 358.148 -723.007 -348.069 0.052 0.808
U 12.7187 4102 358.148 -723.007 -348.069 0.246 1.051
U 12.7187 4103 358.148 -723.007 -348.069 0.024 1.060
U 12.7187 4104 358.148 -723.007 -348.069 0.067 1.396
U 12.7187 4105 358.148 -723.007 -348.069 0.067 1.396
H 12.7231 358.004 -715.831 -343.446
H 12.7266 358.017 -715.832 -343.447
H 12.7300 358.025 -715.833 -343.448
H 12.7337 358.033 -715.834 -343.448
U 12.7347 4096 363.514 -723.007 -341.764 0.160 0.867
U 12.7347 4101 358.031 -723.007 -348.348 0.053 0.812
U 12.7347 4102 358.031 -723.007 -348.348 0.250 1.056
U 12.7347 4103 358.031 -723.007 -348.348 0.025 1.065
U 12.7347 4104 358.031 -723.007 -348.348 0.070 1.399
U 12.7347 4105 358.031 -723.007 -348.348 0.070 1.399
H 12.7387 357.922 -715.764 -343.658
H 12.7423 357.934 -715.765 -343.659
H 12.7459 357.943 -715.766 -343.659
H 12.7493 357.951 -715.767 -343.660
H 12.7528 357.959 -715.768 -343.660
U 12.7539 4096 363.514 -723.007 -341.764 0.160 0.867
U 12.7539 4101 357.918 -723.007 -348.633 0.053 0.816
U 12.7539 4102 357.918 -723.007 -348.633 0.251 1.060
U 12.7539 4103 357.918 -723.007 -348.633 0.025 1.070
U 12.7539 4104 357.918 -723.007 -348.633 0.073 1.401
U 12.7539 4105 357.918 -723.007 -348.633 0.073 1.401
H 12.7582 357.852 -715.697 -343.875
H 12.7616 357.865 -715.699 -343.876
H 12.7650 357.874 -715.699 -343.877
H 12.7689 357.881 -715.700 -343.878
U 12.7699 4096 363.514 -723.007 -341.764 0.160 0.867
U 12.7699 4101 357.807 -723.007 -348.924 0.053 0.821
U 12.7699 4102 357.807 -723.007 -348.924 0.251 1.064
U 12.7699 4103 357.807 -723.007 -348.924 0.025 1.076
U 12.7699 4104 357.807 -723.007 -348.924 0.075 1.404
U 12.7699 4105 357.807 -723.007 -348.924 0.075 1.404
H 12.7740 357.780 -715.631 -344.100
H 12.7773 357.792 -715.632 -344.101
H 12.7809 357.800 -715.633 -344.102
H 12.7843 357.809 -715.634 -344.102
U 12.7854 4096 363.514 -723.007 -341.764 0.160 0.867
U 12.7854 4101 357.700 -723.008 -349.221 0.053 0.825
U 12.7854 4102 357.700 -723.008 -349.221 0.251 1.069
U 12.7854 4103 357.700 -723.008 -349.221 0.025 1.081
U 12.7854 4104 357.700 -723.008 -349.221 0.078 1.407
U 12.7854 4105 357.700 -723.008 -349.221 0.078 1.407
H 12.7894 357.710 -715.544 -344.310
H 12.7931 357.723 -715.544 -344.311
H 12.7965 357.732 -715.545 -344.311
H 12.8000 357.740 -715.545 -344.312
H 12.8037 357.749 -715.545 -344.312
U 12.8047 4096 363.514 -723.007 -341.764 0.160 0.867
U 12.8048 4101 357.596 -723.007 -349.525 0.053 0.830
U 12.8048 4102 357.596 -723.007 -349.525 0.251 1.074
U 12.8048 4103 357.596 -723.007 -349.525 0.025 1.087
U 12.8048 4104 357.596 -723.007 -349.525 0.081 1.410
U 12.8048 4105 357.596 -723.007 -349.525 0.081 1.410
H 12.8088 357.655 -715.441 -344.512
H 12.8122 357.667 -715.441 -344.512
H 12.8158 357.676 -715.442 -344.513
H 12.8192 357.685 -715.442 -344.513
U 12.8203 4096 363.514 -723.007 -341.764 0.160 0.867
U 12.8203 4101 357.495 -723.007 -349.834 0.054 0.835
U 12.8203 4102 357.495 -723.007 -349.834 0.251 1.079
U 12.8203 4103 357.495 -723.007 -349.834 0.025 1.093
U 12.8203 4104 357.495 -723.007 -349.834 0.083 1.413
U 12.8203 4105 357.495 -723.007 -349.834 0.083 1.413
H 12.8243 357.594 -715.340 -344.722
H 12.8280 357.608 -715.340 -344.723
H 12.8314 357.617 -715.341 -344.723
H 12.8347 357.625 -715.341 -344.724
U 12.8357 4096 363.514 -723.007 -341.764 0.160 0.867
U 12.8358 4101 357.396 -723.007 -350.150 0.054 0.840
U 12.8358 4102 357.396 -723.007 -350.150 0.251 1.084
U 12.8358 4103 357.396 -723.007 -350.150 0.025 1.099
U 12.8358 4104 357.396 -723.007 -350.150 0.086 1.416
U 12.8358 4105 357.396 -723.007 -350.150 0.086 1.416
H 12.8400 357.539 -715.240 -344.940
H 12.8433 357.552 -715.241 -344.941
H 12.8468 357.561 -715.241 -344.941
H 12.8504 357.570 -715.242 -344.942
U 12.8515 4096 363.514 -723.007 -341.764 0.160 0.867
U 12.8515 4101 357.301 -723.008 -350.473 0.054 0.846
U 12.8515 4102 357.301 -723.008 -350.473 0.251 1.090
U 12.8515 4103 357.301 -723.008 -350.473 0.025 1.106
U 12.8515 4104 357.301 -723.008 -350.473 0.089 1.419
U 12.8515 4105 357.301 -723.008 -350.473 0.089 1.419
H 12.8554 357.487 -715.161 -345.185
H 12.8588 357.500 -715.161 -345.185
H 12.8626 357.509 -715.162 -345.186
H 12.8660 357.519 -715.162 -345.187
H 12.8694 357.528 -715.162 -345.187
U 12.8705 4096 363.514 -723.007 -341.764 0.160 0.867
U 12.8705 4101 357.208 -723.007 -350.802 0.054 0.851
U 12.8705 4102 357.208 -723.007 -350.802 0.251 1.095
U 12.8705 4103 357.208 -723.007 -350.802 0.025 1.112
U 12.8705 4104 357.208 -723.007 -350.802 0.091 1.422
U 12.8705 4105 357.208 -723.007 -350.802 0.091 1.422
H 12.8749 357.447 -715.093 -345.448
H 12.8784 357.462 -715.093 -345.449
H 12.8819 357.471 -715.093 -345.449
H 12.8858 357.481 -715.093 -345.450
U 12.8869 4096 363.514 -723.007 -341.764 0.160 0.867
U 12.8869 4101 357.118 -723.007 -351.137 0.054 0.857
U 12.8869 4102 357.118 -723.007 -351.137 0.251 1.101
U 12.8869 4103 357.118 -723.007 -351.137 0.026 1.119
U 12.8869 4104 357.118 -723.007 -351.137 0.094 1.426
U 12.8869 4105 357.118 -723.007 -351.137 0.094 1.426
H 12.8909 357.387 -715.357 -346.048
H 12.8943 357.400 -715.357 -346.048
H 12.8979 357.408 -715.357 -346.049
H 12.9013 357.418 -715.357 -346.049
U 12.9023 4096 363.514 -723.007 -341.764 0.160 0.867
U 12.9023 4101 357.030 -723.007 -351.479 0.055 0.863
U 12.9023 4102 357.030 -723.007 -351.479 0.251 1.107
U 12.9023 4103 357.030 -723.007 -351.479 0.026 1.126
U 12.9023 4104 357.030 -723.007 -351.479 0.097 1.429
U 12.9023 4105 357.030 -723.007 -351.479 0.097 1.429
H 12.9063 357.343 -715.288 -346.323
H 12.9101 357.356 -715.288 -346.324
H 12.9136 357.365 -715.287 -346.324
H 12.9170 357.374 -715.287 -346.325
U 12.9181 4096 363.514 -723.007 -341.764 0.160 0.867
U 12.9181 4101 356.944 -723.008 -351.827 0.055 0.869
U 12.9181 4102 356.944 -723.008 -351.827 0.251 1.113
U 12.9181 4103 356.944 -723.008 -351.827 0.026 1.134
U 12.9181 4104 356.944 -723.008 -351.827 0.100 1.433
U 12.9181 4105 356.944 -723.008 -351.827 0.100 1.433
H 12.9225 357.302 -715.216 -346.603
H 12.9262 357.317 -715.216 -346.604
H 12.9297 357.326 -715.216 -346.604
H 12.9334 357.336 -715.216 -346.605
H 12.9368 357.345 -715.215 -346.605
U 12.9378 4096 363.514 -723.007 -341.764 0.160 0.867
U 12.9378 4101 356.861 -723.007 -352.182 0.055 0.875
U 12.9378 4102 356.861 -723.007 -352.182 0.251 1.120
U 12.9378 4103 356.861 -723.007 -352.182 0.026 1.141
U 12.9378 4104 356.861 -723.007 -352.182 0.102 1.437
U 12.9378 4105 356.861 -723.007 -352.182 0.102 1.437
H 12.9418 357.276 -715.142 -346.888
H 12.9455 357.290 -715.142 -346.889
H 12.9488 357.299 -715.142 -346.890
H 12.9522 357.308 -715.141 -346.890
U 12.9532 4096 363.514 -723.007 -341.764 0.160 0.867
U 12.9532 4101 356.779 -723.007 -352.544 0.055 0.881
U 12.9532 4102 356.779 -723.007 -352.544 0.251 1.126
U 12.9532 4103 356.779 -723.007 -352.544 0.026 1.149
U 12.9532 4104 356.779 -723.007 -352.544 0.105 1.440
U 12.9532 4105 356.779 -723.007 -352.544 0.105 1.440
H 12.9575 357.242 -715.067 -347.179
H 12.9612 357.256 -715.066 -347.180
H 12.9646 357.266 -715.066 -347.180
H 12.9682 357.275 -715.066 -347.181
V 12.9692 4107 85 1 0 356.698 -723.008 -352.913 50.00 350.00
V 12.9692 4108 86 1 0 356.698 -723.008 -352.913 50.00 350.00
V 12.9692 4109 88 1 0 356.698 -723.008 -352.913 50.00 350.00
V 12.9692 4110 96 1 0 356.698 -723.008 -352.913 50.00 350.00
U 12.9693 4096 363.514 -723.007 -341.764 0.160 0.867
U 12.9693 4101 356.698 -723.008 -352.913 0.056 0.888
U 12.9693 4102 356.698 -723.008 -352.913 0.251 1.133
U 12.9693 4103 356.698 -723.008 -352.913 0.026 1.158
U 12.9693 4104 356.698 -723.008 -352.913 0.108 1.445
U 12.9693 4105 356.698 -723.008 -352.913 0.108 1.445
U 12.9693 4109 356.698 -723.008 -352.913 0.411 1.139
U 12.9693 4110 356.698 -723.008 -352.913 0.178 0.796
H 12.9733 357.227 -714.808 -347.295
H 12.9767 357.242 -714.808 -347.297
H 12.9804 357.251 -714.808 -347.298
H 12.9837 357.262 -714.808 -347.299
U 12.9847 4096 363.514 -723.007 -341.764 0.160 0.867
U 12.9847 4101 356.616 -723.008 -353.288 0.056 0.896
U 12.9847 4102 356.616 -723.008 -353.288 0.251 1.141
U 12.9847 4103 356.616 -723.008 -353.288 0.026 1.166
U 12.9847 4104 356.616 -723.008 -353.288 0.110 1.449
U 12.9847 4105 356.616 -723.008 -353.288 0.110 1.449
U 12.9847 4109 356.698 -723.008 -352.913 0.411 1.139
U 12.9847 4110 356.698 -723.008 -352.913 0.178 0.800
H 12.9888 357.140 -715.301 -348.163
H 12.9924 357.153 -715.301 -348.164
H 12.9957 357.162 -715.301 -348.165
H 12.9989 357.170 -715.301 -348.166
H 13.0028 357.179 -715.301 -348.167
U 13.0038 4096 363.514 -723.007 -341.764 0.160 0.867
U 13.0038 4101 356.535 -723.007 -353.671 0.056 0.903
U 13.0038 4102 356.535 -723.007 -353.671 0.251 1.148
U 13.0038 4103 356.535 -723.007 -353.671 0.027 1.175
U 13.0038 4104 356.535 -723.007 -353.671 0.113 1.453
U 13.0038 4105 356.535 -723.007 -353.671 0.113 1.453
U 13.0038 4109 356.698 -723.008 -352.913 0.411 1.139
U 13.0038 4110 356.698 -723.008 -352.913 0.178 0.804
H 13.0078 357.116 -715.221 -348.471
H 13.0114 357.129 -715.221 -348.473
H 13.0152 357.138 -715.220 -348.474
H 13.0186 357.148 -715.220 -348.475
U 13.0197 4096 363.514 -723.007 -341.764 0.160 0.867
U 13.0197 4101 356.453 -723.007 -354.060 0.057 0.910
U 13.0197 4102 356.453 -723.007 -354.060 0.251 1.156
U 13.0197 4103 356.453 -723.007 -354.060 0.027 1.184
U 13.0197 4104 356.453 -723.007 -354.060 0.116 1.457
U 13.0197 4105 356.453 -723.007 -354.060 0.116 1.457
U 13.0197 4109 356.698 -723.008 -352.913 0.411 1.139
U 13.0197 4110 356.698 -723.008 -352.913 0.178 0.808
H 13.0237 357.085 -715.139 -348.785
H 13.0276 357.099 -715.139 -348.786
H 13.0310 357.109 -715.139 -348.787
H 13.0345 357.118 -715.139 -348.789
U 13.0356 4096 363.514 -723.007 -341.764 0.160 0.867
U 13.0356 4101 356.371 -723.008 -354.457 0.057 0.918
U 13.0356 4102 356.371 -723.008 -354.457 0.251 1.163
U 13.0356 4103 356.371 -723.008 -354.457 0.027 1.193
U 13.0356 4104 356.371 -723.008 -354.457 0.118 1.461
U 13.0356 4105 356.371 -723.008 -354.457 0.118 1.461
U 13.0356 4109 356.698 -723.008 -352.913 0.411 1.139
U 13.0356 4110 356.698 -723.008 -352.913 0.178 0.812
H 13.0399 357.056 -715.056 -349.104
H 13.0433 357.070 -715.056 -349.106
H 13.0468 357.079 -715.056 -349.107
H 13.0504 357.089 -715.056 -349.108
V 13.0516 4111 90 1 0 356.698 -723.008 -352.913 50.00 350.00
U 13.0516 4096 363.514 -723.007 -341.764 0.160 0.867
U 13.0516 4101 356.289 -723.007 -354.860 0.057 0.925
U 13.0516 4102 356.289 -723.007 -354.860 0.251 1.171
U 13.0516 4103 356.289 -723.007 -354.860 0.027 1.202
U 13.0516 4104 356.289 -723.007 -354.860 0.121 1.466
U 13.0516 4105 356.289 -723.007 -354.860 0.121 1.466
U 13.0516 4109 356.698 -723.008 -352.913 0.411 1.139
U 13.0516 4110 356.698 -723.008 -352.913 0.178 0.816
H 13.0556 357.049 -714.808 -349.269
H 13.0591 357.064 -714.808 -349.271
H 13.0628 357.074 -714.808 -349.273
H 13.0663 357.084 -714.808 -349.274
H 13.0697 357.094 -714.808 -349.276
U 13.0708 4096 363.514 -723.007 -341.764 0.160 0.867
U 13.0708 4101 356.207 -723.007 -355.270 0.057 0.933
U 13.0708 4102 356.207 -723.007 -355.270 0.251 1.178
U 13.0708 4103 356.207 -723.007 -355.270 0.027 1.212
U 13.0709 4104 356.207 -723.007 -355.270 0.124 1.470
U 13.0709 4105 356.207 -723.007 -355.270 0.124 1.470
U 13.0709 4109 356.698 -723.008 -352.913 0.411 1.139
U 13.0709 4110 356.698 -723.008 -352.913 0.178 0.820
H 13.0750 357.021 -714.808 -349.687
H 13.0784 357.035 -714.808 -349.689
H 13.0819 357.045 -714.808 -349.691
H 13.0856 357.055 -714.808 -349.692
U 13.0867 4096 363.514 -723.007 -341.764 0.160 0.867
U 13.0867 4101 356.123 -722.974 -355.688 0.058 0.941
U 13.0867 4102 356.123 -722.974 -355.688 0.251 1.186
U 13.0867 4103 356.123 -722.974 -355.688 0.027 1.221
U 13.0867 4104 356.123 -722.974 -355.688 0.127 1.474
U 13.0867 4105 356.123 -722.974 -355.688 0.127 1.474
U 13.0867 4109 356.698 -723.008 -352.913 0.411 1.139
U 13.0867 4110 356.698 -723.008 -352.913 0.178 0.824
H 13.0905 356.981 -714.775 -350.111
H 13.0940 356.995 -714.775 -350.113
H 13.0980 357.005 -714.775 -350.115
H 13.1015 357.016 -714.775 -350.117
V 13.1026 4112 84 1 0 356.698 -723.008 -352.913 50.00 350.00
U 13.1026 4096 363.514 -723.007 -341.764 0.160 0.867
U 13.1026 4101 356.039 -723.007 -356.112 0.058 0.949
U 13.1026 4102 356.039 -723.007 -356.112 0.251 1.194
U 13.1026 4103 356.039 -723.007 -356.112 0.028 1.230
U 13.1026 4104 356.039 -723.007 -356.112 0.129 1.479
U 13.1026 4105 356.039 -723.007 -356.112 0.129 1.479
U 13.1026 4109 356.698 -723.008 -352.913 0.411 1.139
U 13.1026 4110 356.698 -723.008 -352.913 0.178 0.828
H 13.1064 356.942 -714.808 -350.542
H 13.1101 356.955 -714.808 -350.544
H 13.1136 356.966 -714.808 -350.546
H 13.1171 356.975 -714.808 -350.548
U 13.1181 4096 363.514 -723.007 -341.764 0.160 0.867
U 13.1181 4101 355.954 -723.008 -356.543 0.058 0.957
U 13.1181 4102 355.954 -723.008 -356.543 0.251 1.202
U 13.1181 4103 355.954 -723.008 -356.543 0.028 1.240
U 13.1181 4104 355.954 -723.008 -356.543 0.132 1.483
U 13.1182 4105 355.954 -723.008 -356.543 0.132 1.483
U 13.1182 4109 356.698 -723.008 -352.913 0.411 1.139
U 13.1182 4110 356.698 -723.008 -352.913 0.178 0.832
H 13.1224 356.900 -714.808 -350.980
H 13.1259 356.915 -714.808 -350.983
H 13.1293 356.924 -714.808 -350.985
H 13.1331 356.934 -714.808 -350.986
H 13.1365 356.944 -714.808 -350.988
U 13.1376 4096 363.514 -723.007 -341.764 0.160 0.867
U 13.1376 4101 355.954 -723.008 -356.543 0.000 0.566
U 13.1376 4102 355.954 -723.008 -356.543 0.000 0.792
U 13.1376 4103 355.954 -723.008 -356.543 0.000 0.841
U 13.1376 4104 355.954 -723.008 -356.543 0.000 0.794
U 13.1376 4105 355.954 -723.008 -356.543 0.000 0.794
U 13.1376 4109 356.698 -723.008 -352.913 0.411 1.139
U 13.1376 4110 356.698 -723.008 -352.913 0.178 0.836
H 13.1410 356.954 -714.808 -350.990
H 13.1447 356.966 -714.808 -350.992
H 13.1481 356.977 -714.808 -350.994
H 13.1515 356.986 -714.808 -350.996
U 13.1526 4096 363.514 -723.007 -341.764 0.160 0.867
U 13.1526 4101 355.953 -723.007 -356.549 0.000 0.570
U 13.1526 4102 355.953 -723.007 -356.549 0.000 0.798
U 13.1526 4103 355.953 -723.007 -356.549 0.001 0.845
U 13.1526 4104 355.953 -723.007 -356.549 0.000 0.798
U 13.1526 4105 355.953 -723.007 -356.549 0.000 0.798
U 13.1526 4109 356.698 -723.008 -352.913 0.411 1.139
U 13.1526 4110 356.698 -723.008 -352.913 0.178 0.840
H 13.1563 356.994 -714.808 -351.004
H 13.1598 357.008 -714.808 -351.007
H 13.1633 357.017 -714.808 -351.009
H 13.1670 357.027 -714.808 -351.011
U 13.1680 4096 363.514 -723.007 -341.764 0.160 0.867
U 13.1680 4101 355.950 -723.007 -356.563 0.000 0.575
U 13.1680 4102 355.950 -723.007 -356.563 0.000 0.803
U 13.1680 4103 355.950 -723.007 -356.563 0.001 0.849
U 13.1680 4104 355.950 -723.007 -356.563 0.000 0.803
U 13.1680 4105 355.950 -723.007 -356.563 0.000 0.803
U 13.1680 4109 356.698 -723.008 -352.913 0.411 1.139
U 13.1680 4110 356.698 -723.008 -352.913 0.178 0.844
H 13.1715 357.034 -714.808 -351.026
H 13.1749 357.047 -714.808 -351.029
H 13.1786 357.056 -714.808 -351.031
H 13.1820 357.067 -714.808 -351.033
H 13.1855 357.076 -714.808 -351.035
U 13.1866 4096 363.514 -723.007 -341.764 0.160 0.867
U 13.1866 4101 355.946 -723.007 -356.584 0.001 0.580
U 13.1866 4102 355.946 -723.007 -356.584 0.000 0.808
U 13.1866 4103 355.946 -723.007 -356.584 0.002 0.853
U 13.1866 4104 355.946 -723.007 -356.584 0.000 0.808
U 13.1866 4105 355.946 -723.007 -356.584 0.000 0.808
U 13.1866 4109 356.698 -723.008 -352.913 0.411 1.139
U 13.1866 4110 356.698 -723.008 -352.913 0.178 0.848
H 13.1903 357.082 -714.808 -351.057
H 13.1937 357.095 -714.808 -351.060
H 13.1972 357.104 -714.808 -351.062
H 13.2010 357.114 -714.808 -351.064
U 13.2021 4096 363.514 -723.007 -341.764 0.160 0.867
U 13.2021 4101 355.940 -723.007 -356.611 0.001 0.585
U 13.2021 4102 355.940 -723.007 -356.611 0.000 0.813
U 13.2021 4103 355.940 -723.007 -356.611 0.003 0.858
U 13.2021 4104 355.940 -723.007 -356.611 0.000 0.813
U 13.2021 4105 355.940 -723.007 -356.611 0.000 0.813
U 13.2021 4109 356.698 -723.008 -352.913 0.411 1.139
U 13.2021 4110 356.698 -723.008 -352.913 0.178 0.852
H 13.2057 357.119 -714.808 -351.093
H 13.2093 357.132 -714.808 -351.096
H 13.2133 357.142 -714.808 -351.098
H 13.2170 357.153 -714.808 -351.100
U 13.2183 4096 363.514 -723.007 -341.764 0.160 0.867
U 13.2183 4101 355.933 -723.007 -356.645 0.001 0.589
U 13.2183 4102 355.933 -723.007 -356.645 0.000 0.819
U 13.2183 4103 355.933 -723.007 -356.645 0.004 0.862
U 13.2183 4104 355.933 -723.007 -356.645 0.004 0.818
U 13.2183 4105 355.933 -723.007 -356.645 0.004 0.818
U 13.2183 4109 356.698 -723.008 -352.913 0.411 1.139
U 13.2183 4110 356.698 -723.008 -352.913 0.178 0.856
H 13.2219 357.156 -714.808 -351.137
H 13.2259 357.170 -714.808 -351.140
H 13.2296 357.181 -714.808 -351.142
H 13.2332 357.191 -714.808 -351.145
H 13.2373 357.201 -714.808 -351.147
U 13.2385 4096 363.514 -723.007 -341.764 0.160 0.867
U 13.2385 4101 355.925 -723.007 -356.686 0.001 0.594
U 13.2385 4102 355.925 -723.007 -356.686 0.000 0.824
U 13.2385 4103 355.925 -723.007 -356.686 0.004 0.866
U 13.2385 4104 355.925 -723.007 -356.686 0.010 0.823
U 13.2385 4105 355.925 -723.007 -356.686 0.010 0.823
U 13.2385 4109 356.698 -723.008 -352.913 0.411 1.139
U 13.2385 4110 356.698 -723.008 -352.913 0.178 0.860
H 13.2421 357.203 -714.808 -351.190
H 13.2457 357.216 -714.808 -351.193
H 13.2496 357.227 -714.808 -351.196
H 13.2533 357.237 -714.808 -351.198
U 13.2544 4096 363.514 -723.007 -341.764 0.160 0.867
U 13.2544 4101 355.915 -723.007 -356.733 0.001 0.599
U 13.2544 4102 355.915 -723.007 -356.733 0.000 0.830
U 13.2544 4103 355.915 -723.007 -356.733 0.005 0.870
U 13.2544 4104 355.915 -723.007 -356.733 0.016 0.827
U 13.2544 4105 355.915 -723.007 -356.733 0.016 0.827
U 13.2544 4109 356.698 -723.008 -352.913 0.411 1.139
U 13.2544 4110 356.698 -723.008 -352.913 0.178 0.864
H 13.2580 357.237 -714.808 -351.248
H 13.2619 357.250 -714.808 -351.251
H 13.2656 357.261 -714.808 -351.254
H 13.2692 357.271 -714.808 -351.256
U 13.2704 4096 363.514 -723.007 -341.764 0.160 0.867
U 13.2704 4101 355.903 -723.007 -356.787 0.001 0.604
U 13.2704 4102 355.903 -723.007 -356.787 0.003 0.835
U 13.2704 4103 355.903 -723.007 -356.787 0.006 0.874
U 13.2704 4104 355.903 -723.007 -356.787 0.022 0.832
U 13.2704 4105 355.903 -723.007 -356.787 0.022 0.832
U 13.2704 4109 356.698 -723.008 -352.913 0.411 1.139
U 13.2704 4110 356.698 -723.008 -352.913 0.178 0.869
H 13.2743 357.269 -714.808 -351.313
H 13.2780 357.283 -714.808 -351.317
H 13.2816 357.293 -714.808 -351.319
H 13.2855 357.303 -714.808 -351.322
U 13.2866 4096 363.514 -723.007 -341.764 0.160 0.867
U 13.2866 4101 355.889 -723.007 -356.848 0.001 0.609
U 13.2866 4102 355.889 -723.007 -356.848 0.010 0.841
U 13.2866 4103 355.889 -723.007 -356.848 0.006 0.879
U 13.2866 4104 355.889 -723.007 -356.848 0.029 0.837
U 13.2866 4105 355.889 -723.007 -356.848 0.029 0.837
U 13.2866 4109 356.698 -723.008 -352.913 0.411 1.139
U 13.2866 4110 356.698 -723.008 -352.913 0.178 0.873
H 13.2905 357.300 -714.808 -351.385
H 13.2941 357.313 -714.808 -351.389
H 13.2980 357.323 -714.808 -351.391
H 13.3017 357.334 -714.808 -351.394
U 13.3027 4096 363.514 -723.007 -341.764 0.160 0.867
U 13.3027 4101 355.889 -723.007 -356.848 0.000 0.566
U 13.3027 4102 355.889 -723.007 -356.848 0.000 0.792
U 13.3027 4103 355.889 -723.007 -356.848 0.000 0.841
U 13.3027 4104 355.889 -723.007 -356.848 0.000 0.794
U 13.3028 4105 355.889 -723.007 -356.848 0.000 0.794
U 13.3028 4109 356.698 -723.008 -352.913 0.411 1.139
U 13.3028 4110 356.698 -723.008 -352.913 0.178 0.877
H 13.3064 357.344 -714.808 -351.397
H 13.3102 357.357 -714.808 -351.400
H 13.3139 357.367 -714.808 -351.403
H 13.3175 357.377 -714.808 -351.406
U 13.3186 4096 363.514 -723.007 -341.764 0.160 0.867
U 13.3186 4101 355.887 -723.008 -356.855 0.000 0.570
U 13.3186 4102 355.887 -723.008 -356.855 0.000 0.798
U 13.3186 4103 355.887 -723.008 -356.855 0.001 0.845
U 13.3186 4104 355.887 -723.008 -356.855 0.000 0.798
U 13.3186 4105 355.887 -723.008 -356.855 0.000 0.798
U 13.3186 4109 356.698 -723.008 -352.913 0.411 1.139
U 13.3186 4110 356.698 -723.008 -352.913 0.178 0.881
H 13.3224 357.385 -714.808 -351.415
H 13.3260 357.398 -714.808 -351.419
H 13.3298 357.408 -714.808 -351.422
H 13.3339 357.418 -714.808 -351.425
V 13.3350 4113 89 1 0 356.698 -723.008 -352.913 50.00 350.00
U 13.3350 4096 363.514 -723.007 -341.764 0.160 0.867
U 13.3350 4101 355.884 -723.007 -356.868 0.000 0.575
U 13.3350 4102 355.884 -723.007 -356.868 0.000 0.803
U 13.3350 4103 355.884 -723.007 -356.868 0.001 0.849
U 13.3350 4104 355.884 -723.007 -356.868 0.000 0.803
U 13.3350 4105 355.884 -723.007 -356.868 0.000 0.803
U 13.3350 4109 356.698 -723.008 -352.913 0.411 1.139
U 13.3350 4110 356.698 -723.008 -352.913 0.178 0.886
H 13.3386 357.426 -714.808 -351.441
H 13.3422 357.439 -714.808 -351.445
H 13.3461 357.448 -714.808 -351.448
H 13.3499 357.459 -714.808 -351.451
H 13.3535 357.469 -714.808 -351.454
U 13.3545 4096 363.514 -723.007 -341.764 0.160 0.867
U 13.3545 4101 355.884 -723.007 -356.868 0.000 0.566
U 13.3545 4102 355.884 -723.007 -356.868 0.000 0.792
U 13.3545 4103 355.884 -723.007 -356.868 0.000 0.841
U 13.3545 4104 355.884 -723.007 -356.868 0.000 0.794
U 13.3545 4105 355.884 -723.007 -356.868 0.000 0.794
U 13.3545 4109 356.698 -723.008 -352.913 0.411 1.139
U 13.3545 4110 356.698 -723.008 -352.913 0.178 0.890
H 13.3586 357.479 -714.808 -351.456
H 13.3623 357.493 -714.808 -351.461
H 13.3659 357.503 -714.808 -351.464
H 13.3698 357.512 -714.808 -351.466
U 13.3708 4096 363.514 -723.007 -341.764 0.160 0.867
U 13.3708 4101 355.882 -723.008 -356.875 0.000 0.570
U 13.3708 4102 355.882 -723.008 -356.875 0.000 0.798
U 13.3708 4103 355.882 -723.008 -356.875 0.001 0.845
U 13.3708 4104 355.882 -723.008 -356.875 0.000 0.798
U 13.3708 4105 355.882 -723.008 -356.875 0.000 0.798
U 13.3708 4109 356.698 -723.008 -352.913 0.411 1.139
U 13.3708 4110 356.698 -723.008 -352.913 0.178 0.894
H 13.3744 357.521 -714.808 -351.476
H 13.3780 357.533 -714.808 -351.480
H 13.3818 357.543 -714.808 -351.483
H 13.3856 357.553 -714.808 -351.486
U 13.3868 4096 363.514 -723.007 -341.764 0.160 0.867
U 13.3868 4101 355.882 -723.008 -356.875 0.000 0.566
U 13.3868 4102 355.882 -723.008 -356.875 0.000 0.792
U 13.3868 4103 355.882 -723.008 -356.875 0.000 0.841
U 13.3868 4104 355.882 -723.008 -356.875 0.000 0.794
U 13.3868 4105 355.882 -723.008 -356.875 0.000 0.794
U 13.3868 4109 356.698 -723.008 -352.913 0.411 1.139
U 13.3868 4110 356.698 -723.008 -352.913 0.178 0.899
H 13.3904 357.564 -714.808 -351.489
H 13.3945 357.577 -714.808 -351.493
H 13.3981 357.587 -714.808 -351.497
H 13.4017 357.597 -714.808 -351.500
U 13.4028 4096 363.514 -723.007 -341.764 0.160 0.867
U 13.4028 4101 355.879 -723.007 -356.882 0.000 0.570
U 13.4028 4102 355.879 -723.007 -356.882 0.000 0.798
U 13.4028 4103 355.879 -723.007 -356.882 0.001 0.845
U 13.4028 4104 355.879 -723.007 -356.882 0.000 0.798
U 13.4028 4105 355.879 -723.007 -356.882 0.000 0.798
U 13.4028 4109 356.698 -723.008 -352.913 0.411 1.139
U 13.4028 4110 356.698 -723.008 -352.913 0.178 0.903
H 13.4066 357.605 -714.808 -351.510
H 13.4103 357.618 -714.808 -351.514
H 13.4139 357.628 -714.808 -351.517
H 13.4177 357.637 -714.808 -351.520
U 13.4188 4096 363.514 -723.007 -341.764 0.160 0.867
U 13.4188 4101 355.879 -723.007 -356.882 0.000 0.566
U 13.4188 4102 355.879 -723.007 -356.882 0.000 0.792
U 13.4188 4103 355.879 -723.007 -356.882 0.000 0.841
U 13.4188 4104 355.879 -723.007 -356.882 0.000 0.794
U 13.4188 4105 355.879 -723.007 -356.882 0.000 0.794
U 13.4188 4109 356.698 -723.008 -352.913 0.411 1.139
U 13.4188 4110 356.698 -723.008 -352.913 0.178 0.907
H 13.4224 357.648 -714.808 -351.524
H 13.4260 357.660 -714.808 -351.528
H 13.4300 357.670 -714.808 -351.531
H 13.4336 357.681 -714.808 -351.535
U 13.4347 4096 363.514 -723.007 -341.764 0.160 0.867
U 13.4347 4101 355.877 -723.007 -356.888 0.000 0.570
U 13.4347 4102 355.877 -723.007 -356.888 0.000 0.798
U 13.4347 4103 355.877 -723.007 -356.888 0.001 0.845
U 13.4347 4104 355.877 -723.007 -356.888 0.000 0.798
U 13.4347 4105 355.877 -723.007 -356.888 0.000 0.798
U 13.4347 4109 356.698 -723.008 -352.913 0.411 1.139
U 13.4347 4110 356.698 -723.008 -352.913 0.178 0.912
H 13.4382 357.688 -714.808 -351.545
H 13.4421 357.700 -714.808 -351.549
H 13.4459 357.711 -714.808 -351.552
H 13.4495 357.721 -714.808 -351.556
H 13.4533 357.730 -714.808 -351.559
U 13.4544 4096 363.514 -723.007 -341.764 0.160 0.867
U 13.4544 4101 355.873 -723.007 -356.901 0.000 0.575
U 13.4544 4102 355.873 -723.007 -356.901 0.000 0.803
U 13.4544 4103 355.873 -723.007 -356.901 0.001 0.849
U 13.4544 4104 355.873 -723.007 -356.901 0.000 0.803
U 13.4544 4105 355.873 -723.007 -356.901 0.000 0.803
U 13.4544 4109 356.698 -723.008 -352.913 0.411 1.139
U 13.4544 4110 356.698 -723.008 -352.913 0.178 0.916
H 13.4580 357.736 -714.808 -351.576
H 13.4617 357.749 -714.808 -351.580
H 13.4656 357.758 -714.808 -351.584
H 13.4693 357.769 -714.808 -351.587
U 13.4704 4096 363.514 -723.007 -341.764 0.160 0.867
U 13.4704 4101 355.873 -723.007 -356.901 0.000 0.566
U 13.4704 4102 355.873 -723.007 -356.901 0.000 0.792
U 13.4704 4103 355.873 -723.007 -356.901 0.000 0.841
U 13.4704 4104 355.873 -723.007 -356.901 0.000 0.794
U 13.4704 4105 355.873 -723.007 -356.901 0.000 0.794
U 13.4704 4109 356.698 -723.008 -352.913 0.411 1.139
U 13.4704 4110 356.698 -723.008 -352.913 0.178 0.921
H 13.4740 357.779 -714.808 -351.591
H 13.4781 357.791 -714.808 -351.595
H 13.4818 357.802 -714.808 -351.599
H 13.4855 357.812 -714.808 -351.603
U 13.4865 4096 363.514 -723.007 -341.764 0.160 0.867
U 13.4866 4101 355.870 -723.007 -356.908 0.000 0.570
U 13.4866 4102 355.870 -723.007 -356.908 0.000 0.798
U 13.4866 4103 355.870 -723.007 -356.908 0.001 0.845
U 13.4866 4104 355.870 -723.007 -356.908 0.000 0.798
U 13.4866 4105 355.870 -723.007 -356.908 0.000 0.798
U 13.4866 4109 356.698 -723.008 -352.913 0.411 1.139
U 13.4866 4110 356.698 -723.008 -352.913 0.178 0.925
H 13.4906 357.819 -714.808 -351.613
H 13.4944 357.853 -714.833 -351.599
H 13.4983 357.888 -714.871 -351.572
H 13.5027 357.919 -714.896 -351.558
U 13.5038 4096 363.514 -723.007 -341.764 0.160 0.867
U 13.5038 4101 355.865 -723.007 -356.921 0.000 0.575
U 13.5038 4102 355.865 -723.007 -356.921 0.000 0.803
U 13.5038 4103 355.865 -723.007 -356.921 0.001 0.849
U 13.5038 4104 355.865 -723.007 -356.921 0.000 0.803
U 13.5038 4105 355.865 -723.007 -356.921 0.000 0.803
U 13.5038 4109 356.698 -723.008 -352.913 0.411 1.139
U 13.5039 4110 356.698 -723.008 -352.913 0.178 0.929
H 13.5077 357.951 -714.934 -351.546
H 13.5115 357.997 -714.959 -351.538
H 13.5158 358.016 -714.985 -351.519
H 13.5197 358.060 -715.010 -351.511
U 13.5208 4096 363.514 -723.007 -341.764 0.160 0.867
U 13.5208 4101 355.865 -723.007 -356.921 0.000 0.566
U 13.5208 4102 355.865 -723.007 -356.921 0.000 0.792
U 13.5208 4103 355.865 -723.007 -356.921 0.000 0.841
U 13.5208 4104 355.865 -723.007 -356.921 0.000 0.794
U 13.5209 4105 355.865 -723.007 -356.921 0.000 0.794
U 13.5209 4109 356.698 -723.008 -352.913 0.411 1.139
U 13.5209 4110 356.698 -723.008 -352.913 0.178 0.934
H 13.5246 358.075 -715.023 -351.504
H 13.5289 358.105 -715.036 -351.503
H 13.5327 358.121 -715.049 -351.497
H 13.5366 358.132 -715.049 -351.501
U 13.5377 4096 363.514 -723.007 -341.764 0.160 0.867
U 13.5377 4101 355.863 -723.007 -356.927 0.000 0.570
U 13.5377 4102 355.863 -723.007 -356.927 0.000 0.798
U 13.5377 4103 355.863 -723.007 -356.927 0.001 0.845
U 13.5377 4104 355.863 -723.007 -356.927 0.000 0.798
U 13.5377 4105 355.863 -723.007 -356.927 0.000 0.798
U 13.5377 4109 356.698 -723.008 -352.913 0.411 1.139
U 13.5378 4110 356.698 -723.008 -352.913 0.178 0.939
H 13.5418 358.139 -715.049 -351.512
H 13.5456 358.154 -715.049 -351.518
H 13.5494 358.164 -715.049 -351.523
H 13.5535 358.174 -715.049 -351.527
U 13.5546 4096 363.514 -723.007 -341.764 0.160 0.867
U 13.5546 4101 355.857 -723.007 -356.940 0.000 0.575
U 13.5546 4102 355.857 -723.007 -356.940 0.000 0.803
U 13.5546 4103 355.857 -723.007 -356.940 0.001 0.849
U 13.5546 4104 355.857 -723.007 -356.940 0.000 0.803
U 13.5546 4105 355.857 -723.007 -356.940 0.000 0.803
U 13.5546 4109 356.698 -723.008 -352.913 0.411 1.139
U 13.5546 4110 356.698 -723.008 -352.913 0.178 0.943
H 13.5584 358.180 -715.049 -351.544
H 13.5622 358.193 -715.049 -351.550
H 13.5664 358.203 -715.049 -351.555
H 13.5702 358.214 -715.049 -351.560
U 13.5713 4096 363.514 -723.007 -341.764 0.160 0.867
U 13.5713 4101 355.857 -723.007 -356.940 0.000 0.566
U 13.5713 4102 355.857 -723.007 -356.940 0.000 0.792
U 13.5713 4103 355.857 -723.007 -356.940 0.000 0.841
U 13.5713 4104 355.857 -723.007 -356.940 0.000 0.794
U 13.5713 4105 355.857 -723.007 -356.940 0.000 0.794
U 13.5713 4109 356.698 -723.008 -352.913 0.411 1.139
U 13.5713 4110 356.698 -723.008 -352.913 0.178 0.948
H 13.5751 358.220 -715.036 -351.575
H 13.5792 358.228 -715.023 -351.592
H 13.5832 358.246 -715.010 -351.613
H 13.5872 358.247 -714.985 -351.640
V 13.5884 4114 87 1 0 356.698 -723.008 -352.913 50.00 350.00
U 13.5884 4096 363.514 -723.007 -341.764 0.160 0.867
U 13.5884 4101 355.854 -723.007 -356.946 0.000 0.570
U 13.5884 4102 355.854 -723.007 -356.946 0.000 0.798
U 13.5884 4103 355.854 -723.007 -356.946 0.001 0.845
U 13.5884 4104 355.854 -723.007 -356.946 0.000 0.798
U 13.5884 4105 355.854 -723.007 -356.946 0.000 0.798
U 13.5884 4109 356.698 -723.008 -352.913 0.411 1.139
U 13.5884 4110 356.698 -723.008 -352.913 0.178 0.952
H 13.5925 358.249 -714.972 -351.662
H 13.5964 358.248 -714.934 -351.701
H 13.6005 358.243 -714.896 -351.740
U 13.6018 4096 363.514 -723.007 -341.764 0.160 0.867
U 13.6018 4101 355.849 -723.007 -356.959 0.000 0.575
U 13.6018 4102 355.849 -723.007 -356.959 0.000 0.803
U 13.6018 4103 355.849 -723.007 -356.959 0.001 0.849
U 13.6018 4104 355.849 -723.007 -356.959 0.000 0.803
U 13.6018 4105 355.849 -723.007 -356.959 0.000 0.803
U 13.6018 4109 356.698 -723.008 -352.913 0.411 1.139
U 13.6018 4110 356.698 -723.008 -352.913 0.178 0.957
H 13.6062 358.233 -714.858 -351.791
H 13.6101 358.226 -714.808 -351.842
H 13.6139 358.209 -714.771 -351.876
H 13.6180 358.203 -714.734 -351.915
U 13.6191 4096 363.514 -723.007 -341.764 0.160 0.867
U 13.6191 4101 355.849 -723.007 -356.959 0.000 0.566
U 13.6191 4102 355.849 -723.007 -356.959 0.000 0.792
U 13.6191 4103 355.849 -723.007 -356.959 0.000 0.841
U 13.6191 4104 355.849 -723.007 -356.959 0.000 0.794
U 13.6191 4105 355.849 -723.007 -356.959 0.000 0.794
U 13.6191 4109 356.698 -723.008 -352.913 0.411 1.139
U 13.6191 4110 356.698 -723.008 -352.913 0.178 0.962
H 13.6229 358.203 -714.710 -351.942
H 13.6268 358.204 -714.686 -351.971
H 13.6310 358.197 -714.649 -352.010
H 13.6349 358.180 -714.613 -352.045
U 13.6360 4096 363.514 -723.007 -341.764 0.160 0.867
U 13.6360 4101 355.846 -723.007 -356.965 0.000 0.570
U 13.6360 4102 355.846 -723.007 -356.965 0.000 0.798
U 13.6360 4103 355.846 -723.007 -356.965 0.001 0.845
U 13.6360 4104 355.846 -723.007 -356.965 0.000 0.798
U 13.6360 4105 355.846 -723.007 -356.965 0.000 0.798
U 13.6360 4109 356.698 -723.008 -352.913 0.411 1.139
U 13.6360 4110 356.698 -723.008 -352.913 0.178 0.966
H 13.6398 358.176 -714.589 -352.079
H 13.6441 358.154 -714.542 -352.127
H 13.6479 358.137 -714.507 -352.162
H 13.6517 358.125 -714.483 -352.185
U 13.6528 4096 363.514 -723.007 -341.764 0.160 0.867
U 13.6529 4101 355.846 -723.007 -356.965 0.000 0.566
U 13.6529 4102 355.846 -723.007 -356.965 0.000 0.792
U 13.6529 4103 355.846 -723.007 -356.965 0.000 0.841
U 13.6529 4104 355.846 -723.007 -356.965 0.000 0.794
U 13.6529 4105 355.846 -723.007 -356.965 0.000 0.794
U 13.6529 4109 356.698 -723.008 -352.913 0.411 1.139
U 13.6529 4110 356.698 -723.008 -352.913 0.178 0.971
H 13.6571 358.101 -714.460 -352.203
H 13.6614 358.055 -714.403 -352.255
H 13.6654 358.027 -714.368 -352.286
H 13.6697 357.983 -714.323 -352.325
U 13.6709 4096 363.514 -723.007 -341.764 0.160 0.867
U 13.6709 4101 355.846 -723.007 -356.965 0.000 0.566
U 13.6709 4102 355.846 -723.007 -356.965 0.000 0.792
U 13.6709 4103 355.846 -723.007 -356.965 0.000 0.841
U 13.6709 4104 355.846 -723.007 -356.965 0.000 0.794
U 13.6709 4105 355.846 -723.007 -356.965 0.000 0.794
U 13.6709 4109 356.698 -723.008 -352.913 0.411 1.139
U 13.6709 4110 356.698 -723.008 -352.913 0.178 0.976
H 13.6748 357.945 -714.290 -352.353
H 13.6788 357.878 -714.234 -352.398
H 13.6832 357.819 -714.180 -352.448
H 13.6874 357.716 -714.094 -352.525
U 13.6885 4096 363.514 -723.007 -341.764 0.160 0.867
U 13.6885 4101 355.846 -723.007 -356.965 0.000 0.566
U 13.6885 4102 355.846 -723.007 -356.965 0.000 0.792
U 13.6885 4103 355.846 -723.007 -356.965 0.000 0.841
U 13.6885 4104 355.846 -723.007 -356.965 0.000 0.794
U 13.6885 4105 355.846 -723.007 -356.965 0.000 0.794
U 13.6885 4109 356.698 -723.008 -352.913 0.411 1.139
U 13.6885 4110 356.698 -723.008 -352.913 0.178 0.980
H 13.6924 357.610 -714.020 -352.588
H 13.6966 357.474 -713.918 -352.688
H 13.7006 357.358 -713.839 -352.770
U 13.7017 4096 363.514 -723.007 -341.764 0.160 0.867
U 13.7017 4101 355.846 -723.007 -356.965 0.000 0.566
U 13.7017 4102 355.846 -723.007 -356.965 0.000 0.792
U 13.7017 4103 355.846 -723.007 -356.965 0.000 0.841
U 13.7017 4104 355.846 -723.007 -356.965 0.000 0.794
U 13.7017 4105 355.846 -723.007 -356.965 0.000 0.794
U 13.7017 4109 356.698 -723.008 -352.913 0.411 1.139
U 13.7017 4110 356.698 -723.008 -352.913 0.178 0.985
H 13.7056 357.259 -713.771 -352.844
H 13.7098 357.093 -713.667 -352.961
H 13.7139 356.933 -713.568 -353.087
H 13.7180 356.784 -713.481 -353.206
U 13.7191 4096 363.514 -723.007 -341.764 0.160 0.867
U 13.7191 4101 355.846 -723.007 -356.965 0.000 0.566
U 13.7191 4102 355.846 -723.007 -356.965 0.000 0.792
U 13.7191 4103 355.846 -723.007 -356.965 0.000 0.841
U 13.7191 4104 355.846 -723.007 -356.965 0.000 0.794
U 13.7191 4105 355.846 -723.007 -356.965 0.000 0.794
U 13.7191 4109 356.698 -723.008 -352.913 0.411 1.139
U 13.7191 4110 356.698 -723.008 -352.913 0.178 0.990
H 13.7235 356.643 -713.397 -353.332
H 13.7274 356.454 -713.286 -353.519
H 13.7314 356.307 -713.203 -353.673
H 13.7359 356.194 -713.132 -353.821
U 13.7370 4096 363.514 -723.007 -341.764 0.160 0.867
U 13.7370 4101 355.846 -723.007 -356.965 0.000 0.566
U 13.7370 4102 355.846 -723.007 -356.965 0.000 0.792
U 13.7370 4103 355.846 -723.007 -356.965 0.000 0.841
U 13.7370 4104 355.846 -723.007 -356.965 0.000 0.794
U 13.7370 4105 355.846 -723.007 -356.965 0.000 0.794
U 13.7370 4109 356.698 -723.008 -352.913 0.411 1.139
U 13.7370 4110 356.698 -723.008 -352.913 0.178 0.995
H 13.7408 356.077 -713.058 -353.989
H 13.7447 355.909 -716.174 -355.387
H 13.7489 355.866 -716.241 -355.505
H 13.7528 355.829 -716.313 -355.632
U 13.7539 4096 363.514 -723.007 -341.764 0.160 0.867
U 13.7539 4101 355.846 -723.007 -356.965 0.000 0.566
U 13.7539 4102 355.846 -723.007 -356.965 0.000 0.792
U 13.7539 4103 355.846 -723.007 -356.965 0.000 0.841
U 13.7539 4104 355.846 -723.007 -356.965 0.000 0.794
U 13.7539 4105 355.846 -723.007 -356.965 0.000 0.794
U 13.7539 4109 356.698 -723.008 -352.913 0.411 1.139
U 13.7539 4110 356.698 -723.008 -352.913 0.178 0.999
H 13.7578 355.795 -716.376 -355.742
H 13.7622 355.765 -716.456 -355.882
H 13.7662 355.730 -716.464 -355.895
H 13.7702 355.700 -716.466 -355.900
U 13.7713 4096 363.514 -723.007 -341.764 0.160 0.867
U 13.7713 4101 355.846 -723.007 -356.965 0.000 0.566
U 13.7714 4102 355.846 -723.007 -356.965 0.000 0.792
U 13.7714 4103 355.846 -723.007 -356.965 0.000 0.841
U 13.7714 4104 355.846 -723.007 -356.965 0.000 0.794
U 13.7714 4105 355.846 -723.007 -356.965 0.000 0.794
U 13.7714 4109 356.698 -723.008 -352.913 0.411 1.139
U 13.7714 4110 356.698 -723.008 -352.913 0.178 1.004
H 13.7756 355.676 -716.468 -355.904
H 13.7795 355.637 -716.473 -355.912
H 13.7835 355.607 -716.477 -355.920
H 13.7877 355.582 -716.481 -355.927
U 13.7888 4096 363.514 -723.007 -341.764 0.160 0.867
U 13.7888 4101 355.846 -723.007 -356.965 0.000 0.566
U 13.7888 4102 355.846 -723.007 -356.965 0.000 0.792
U 13.7888 4103 355.846 -723.007 -356.965 0.000 0.841
U 13.7888 4104 355.846 -723.007 -356.965 0.000 0.794
U 13.7888 4105 355.846 -723.007 -356.965 0.000 0.794
U 13.7888 4109 356.698 -723.008 -352.913 0.411 1.139
U 13.7888 4110 356.698 -723.008 -352.913 0.178 1.009
H 13.7927 355.555 -716.486 -355.935
H 13.7966 355.524 -716.492 -355.946
H 13.8010 355.500 -716.497 -355.956
U 13.8021 4096 363.514 -723.007 -341.764 0.160 0.867
U 13.8021 4101 355.846 -723.007 -356.965 0.000 0.566
U 13.8021 4102 355.846 -723.007 -356.965 0.000 0.792
U 13.8021 4103 355.846 -723.007 -356.965 0.000 0.841
U 13.8021 4104 355.846 -723.007 -356.965 0.000 0.794
U 13.8021 4105 355.846 -723.007 -356.965 0.000 0.794
U 13.8021 4109 356.698 -723.008 -352.913 0.411 1.139
U 13.8021 4110 356.698 -723.008 -352.913 0.178 1.014
H 13.8060 355.476 -716.503 -355.966
H 13.8101 355.449 -716.510 -355.978
H 13.8146 355.388 -716.528 -356.010
H 13.8186 355.372 -716.533 -356.020
U 13.8197 4096 363.514 -723.007 -341.764 0.160 0.867
U 13.8197 4101 355.846 -723.007 -356.965 0.000 0.566
U 13.8197 4102 355.846 -723.007 -356.965 0.000 0.792
U 13.8197 4103 355.846 -723.007 -356.965 0.000 0.841
U 13.8197 4104 355.846 -723.007 -356.965 0.000 0.794
U 13.8197 4105 355.846 -723.007 -356.965 0.000 0.794
U 13.8197 4109 356.698 -723.008 -352.913 0.411 1.139
U 13.8197 4110 356.698 -723.008 -352.913 0.178 1.019
H 13.8236 355.348 -716.541 -356.034
H 13.8281 355.325 -716.550 -356.050
H 13.8324 355.305 -716.558 -356.064
H 13.8364 355.284 -716.567 -356.080
U 13.8376 4096 363.514 -723.007 -341.764 0.160 0.867
U 13.8376 4101 355.846 -723.007 -356.965 0.000 0.566
U 13.8376 4102 355.846 -723.007 -356.965 0.000 0.792
U 13.8376 4103 355.846 -723.007 -356.965 0.000 0.841
U 13.8376 4104 355.846 -723.007 -356.965 0.000 0.794
U 13.8376 4105 355.846 -723.007 -356.965 0.000 0.794
U 13.8376 4109 356.698 -723.008 -352.913 0.411 1.139
U 13.8376 4110 356.698 -723.008 -352.913 0.178 1.024
H 13.8419 355.264 -716.576 -356.096
H 13.8462 355.243 -716.586 -356.113
H 13.8504 355.223 -716.596 -356.132
U 13.8517 4096 363.514 -723.007 -341.764 0.160 0.867
U 13.8517 4101 355.846 -723.007 -356.965 0.000 0.566
U 13.8517 4102 355.846 -723.007 -356.965 0.000 0.792
U 13.8517 4103 355.846 -723.007 -356.965 0.000 0.841
U 13.8517 4104 355.846 -723.007 -356.965 0.000 0.794
U 13.8517 4105 355.846 -723.007 -356.965 0.000 0.794
U 13.8517 4109 356.698 -723.008 -352.913 0.411 1.139
U 13.8517 4110 356.698 -723.008 -352.913 0.178 1.029
H 13.8561 355.209 -716.603 -356.144
H 13.8604 355.192 -716.613 -356.162
H 13.8645 355.179 -716.620 -356.175
H 13.8695 355.166 -716.628 -356.188
U 13.8708 4096 363.514 -723.007 -341.764 0.160 0.867
U 13.8708 4101 355.846 -723.007 -356.965 0.000 0.566
U 13.8708 4102 355.846 -723.007 -356.965 0.000 0.792
U 13.8708 4103 355.846 -723.007 -356.965 0.000 0.841
U 13.8708 4104 355.846 -723.007 -356.965 0.000 0.794
U 13.8708 4105 355.846 -723.007 -356.965 0.000 0.794
U 13.8708 4109 356.698 -723.008 -352.913 0.411 1.139
U 13.8708 4110 356.698 -723.008 -352.913 0.178 1.034
H 13.8749 355.151 -716.637 -356.205
H 13.8791 355.135 -716.648 -356.224
H 13.8842 355.121 -716.658 -356.241
U 13.8854 4096 363.514 -723.007 -341.764 0.160 0.867
U 13.8854 4101 355.846 -723.007 -356.965 0.000 0.566
U 13.8854 4102 355.846 -723.007 -356.965 0.000 0.792
U 13.8854 4103 355.846 -723.007 -356.965 0.000 0.841
U 13.8854 4104 355.846 -723.007 -356.965 0.000 0.794
U 13.8854 4105 355.846 -723.007 -356.965 0.000 0.794
U 13.8854 4109 356.698 -723.008 -352.913 0.411 1.139
U 13.8854 4110 356.698 -723.008 -352.913 0.178 1.039
H 13.8896 355.109 -716.667 -356.257
H 13.8938 355.096 -716.677 -356.275
H 13.8984 355.088 -716.683 -356.286
H 13.9026 355.078 -716.691 -356.301
U 13.9038 4096 363.514 -723.007 -341.764 0.160 0.867
U 13.9038 4101 355.846 -723.007 -356.965 0.000 0.566
U 13.9038 4102 355.846 -723.007 -356.965 0.000 0.792
U 13.9038 4103 355.846 -723.007 -356.965 0.000 0.841
U 13.9038 4104 355.846 -723.007 -356.965 0.000 0.794
U 13.9038 4105 355.846 -723.007 -356.965 0.000 0.794
U 13.9039 4109 356.698 -723.008 -352.913 0.411 1.139
U 13.9039 4110 356.698 -723.008 -352.913 0.178 1.044
H 13.9080 355.073 -716.696 -356.309
H 13.9125 355.067 -716.701 -356.318
H 13.9167 355.062 -716.705 -356.325
H 13.9208 355.061 -716.706 -356.327
U 13.9221 4096 363.514 -723.007 -341.764 0.160 0.867
U 13.9221 4101 355.846 -723.007 -356.965 0.000 0.566
U 13.9221 4102 355.846 -723.007 -356.965 0.000 0.792
U 13.9221 4103 355.846 -723.007 -356.965 0.000 0.841
U 13.9221 4104 355.846 -723.007 -356.965 0.000 0.794
U 13.9221 4105 355.846 -723.007 -356.965 0.000 0.794
U 13.9221 4109 356.698 -723.008 -352.913 0.411 1.139
U 13.9221 4110 356.698 -723.008 -352.913 0.178 1.049
H 13.9265 355.061 -716.706 -356.327
H 13.9306 355.063 -716.705 -356.325
H 13.9347 355.064 -716.704 -356.323
U 13.9358 4096 363.514 -723.007 -341.764 0.160 0.867
U 13.9358 4101 355.846 -723.007 -356.965 0.000 0.566
U 13.9358 4102 355.846 -723.007 -356.965 0.000 0.792
U 13.9358 4103 355.846 -723.007 -356.965 0.000 0.841
U 13.9358 4104 355.846 -723.007 -356.965 0.000 0.794
U 13.9358 4105 355.846 -723.007 -356.965 0.000 0.794
U 13.9358 4109 356.698 -723.008 -352.913 0.411 1.139
U 13.9358 4110 356.698 -723.008 -352.913 0.178 1.054
H 13.9402 355.067 -716.701 -356.318
H 13.9445 355.057 -716.689 -356.297
H 13.9494 355.048 -716.675 -356.274
H 13.9539 355.026 -716.653 -356.235
U 13.9549 4096 363.514 -723.007 -341.764 0.160 0.867
U 13.9550 4101 355.846 -723.007 -356.965 0.000 0.566
U 13.9550 4102 355.846 -723.007 -356.965 0.000 0.792
U 13.9550 4103 355.846 -723.007 -356.965 0.000 0.841
U 13.9550 4104 355.846 -723.007 -356.965 0.000 0.794
U 13.9550 4105 355.846 -723.007 -356.965 0.000 0.794
U 13.9550 4109 356.698 -723.008 -352.913 0.411 1.139
U 13.9550 4110 356.698 -723.008 -352.913 0.178 1.059
H 13.9590 355.027 -716.652 -356.233
H 13.9631 355.029 -716.650 -356.231
H 13.9674 355.030 -716.649 -356.229
U 13.9685 4096 363.514 -723.007 -341.764 0.160 0.867
U 13.9685 4101 355.846 -723.007 -356.965 0.000 0.566
U 13.9685 4102 355.846 -723.007 -356.965 0.000 0.792
U 13.9685 4103 355.846 -723.007 -356.965 0.000 0.841
U 13.9685 4104 355.846 -723.007 -356.965 0.000 0.794
U 13.9685 4105 355.846 -723.007 -356.965 0.000 0.794
U 13.9685 4109 356.698 -723.008 -352.913 0.411 1.139
U 13.9685 4110 356.698 -723.008 -352.913 0.178 1.064
H 13.9724 355.031 -716.648 -356.227
H 13.9765 355.033 -716.647 -356.224
H 13.9808 355.034 -716.646 -356.223
H 13.9849 355.036 -716.645 -356.221
U 13.9860 4096 363.514 -723.007 -341.764 0.159 0.867
U 13.9860 4101 355.846 -723.007 -356.965 0.000 0.566
U 13.9860 4102 355.846 -723.007 -356.965 0.000 0.792
U 13.9860 4103 355.846 -723.007 -356.965 0.000 0.841
U 13.9860 4104 355.846 -723.007 -356.965 0.000 0.794
U 13.9860 4105 355.846 -723.007 -356.965 0.000 0.794
U 13.9860 4109 356.698 -723.008 -352.913 0.411 1.139
U 13.9860 4110 356.698 -723.008 -352.913 0.178 1.070
H 13.9900 355.037 -716.644 -356.219
H 13.9944 355.038 -716.642 -356.216
H 13.9985 355.040 -716.641 -356.214
H 14.0026 355.041 -716.640 -356.213
U 14.0036 4096 363.514 -723.007 -341.764 0.157 0.867
U 14.0036 4101 355.846 -723.007 -356.965 0.000 0.566
U 14.0036 4102 355.846 -723.007 -356.965 0.000 0.792
U 14.0036 4103 355.846 -723.007 -356.965 0.000 0.841
U 14.0036 4104 355.846 -723.007 -356.965 0.000 0.794
U 14.0036 4105 355.846 -723.007 -356.965 0.000 0.794
U 14.0036 4109 356.698 -723.008 -352.913 0.411 1.139
U 14.0036 4110 356.698 -723.008 -352.913 0.178 1.075
H 14.0081 355.043 -716.639 -356.211
H 14.0122 355.044 -716.638 -356.208
H 14.0162 355.046 -716.637 -356.206
H 14.0205 355.047 -716.636 -356.205
U 14.0215 4096 363.514 -723.007 -341.764 0.155 0.867
U 14.0215 4101 355.846 -723.007 -356.965 0.000 0.566
U 14.0215 4102 355.846 -723.007 -356.965 0.000 0.792
U 14.0215 4103 355.846 -723.007 -356.965 0.000 0.841
U 14.0215 4104 355.846 -723.007 -356.965 0.000 0.794
U 14.0215 4105 355.846 -723.007 -356.965 0.000 0.794
U 14.0215 4109 356.698 -723.008 -352.913 0.411 1.139
U 14.0215 4110 356.698 -723.008 -352.913 0.178 1.080
H 14.0255 355.048 -716.635 -356.203
H 14.0295 355.050 -716.633 -356.201
H 14.0339 355.051 -716.632 -356.199
U 14.0349 4096 363.514 -723.007 -341.764 0.152 0.867
U 14.0349 4101 355.846 -723.007 -356.965 0.000 0.566
U 14.0349 4102 355.846 -723.007 -356.965 0.000 0.792
U 14.0349 4103 355.846 -723.007 -356.965 0.000 0.841
U 14.0349 4104 355.846 -723.007 -356.965 0.000 0.794
U 14.0349 4105 355.846 -723.007 -356.965 0.000 0.794
U 14.0349 4109 356.698 -723.008 -352.913 0.411 1.139
U 14.0349 4110 356.698 -723.008 -352.913 0.178 1.085
H 14.0389 355.053 -716.631 -356.197
H 14.0429 355.054 -716.630 -356.195
H 14.0471 355.056 -716.629 -356.193
H 14.0511 355.057 -716.628 -356.191
U 14.0521 4096 363.514 -723.007 -341.764 0.150 0.867
U 14.0521 4101 355.846 -723.007 -356.965 0.000 0.566
U 14.0521 4102 355.846 -723.007 -356.965 0.000 0.792
U 14.0521 4103 355.846 -723.007 -356.965 0.000 0.841
U 14.0521 4104 355.846 -723.007 -356.965 0.000 0.794
U 14.0521 4105 355.846 -723.007 -356.965 0.000 0.794
U 14.0521 4109 356.698 -723.008 -352.913 0.411 1.139
U 14.0521 4110 356.698 -723.008 -352.913 0.178 1.091
H 14.0561 355.059 -716.627 -356.189
H 14.0603 355.060 -716.626 -356.187
H 14.0649 355.062 -716.625 -356.185
H 14.0693 355.063 -716.624 -356.183
U 14.0705 4096 363.514 -723.007 -341.764 0.148 0.867
U 14.0705 4101 355.846 -723.007 -356.965 0.000 0.566
U 14.0705 4102 355.846 -723.007 -356.965 0.000 0.792
U 14.0705 4103 355.846 -723.007 -356.965 0.000 0.841
U 14.0705 4104 355.846 -723.007 -356.965 0.000 0.794
U 14.0705 4105 355.846 -723.007 -356.965 0.000 0.794
U 14.0705 4109 356.698 -723.008 -352.913 0.411 1.139
U 14.0705 4110 356.698 -723.008 -352.913 0.178 1.096
H 14.0752 355.065 -716.622 -356.181
H 14.0802 355.067 -716.621 -356.178
H 14.0852 355.069 -716.620 -356.176
U 14.0866 4096 363.514 -723.007 -341.764 0.146 0.867
U 14.0867 4101 355.846 -723.007 -356.965 0.000 0.566
U 14.0867 4102 355.846 -723.007 -356.965 0.000 0.792
U 14.0867 4103 355.846 -723.007 -356.965 0.000 0.841
U 14.0867 4104 355.846 -723.007 -356.965 0.000 0.794
U 14.0867 4105 355.846 -723.007 -356.965 0.000 0.794
U 14.0867 4109 356.698 -723.008 -352.913 0.411 1.139
U 14.0867 4110 356.698 -723.008 -352.913 0.178 1.101
H 14.0920 355.070 -716.619 -356.174
H 14.0969 355.073 -716.617 -356.171
H 14.1013 355.074 -716.616 -356.169
U 14.1031 4096 363.514 -723.007 -341.764 0.144 0.867
U 14.1031 4101 355.846 -723.007 -356.965 0.000 0.566
U 14.1031 4102 355.846 -723.007 -356.965 0.000 0.792
U 14.1031 4103 355.846 -723.007 -356.965 0.000 0.841
U 14.1031 4104 355.846 -723.007 -356.965 0.000 0.794
U 14.1031 4105 355.846 -723.007 -356.965 0.000 0.794
U 14.1031 4109 356.698 -723.008 -352.913 0.411 1.139
U 14.1031 4110 356.698 -723.008 -352.913 0.178 1.106
H 14.1080 355.076 -716.615 -356.167
H 14.1133 355.078 -716.613 -356.164
H 14.1179 355.080 -716.612 -356.162
U 14.1191 4096 363.514 -723.007 -341.764 0.142 0.867
U 14.1191 4101 355.846 -723.007 -356.965 0.000 0.566
U 14.1191 4102 355.846 -723.007 -356.965 0.000 0.792
U 14.1191 4103 355.846 -723.007 -356.965 0.000 0.841
U 14.1191 4104 355.846 -723.007 -356.965 0.000 0.794
U 14.1191 4105 355.846 -723.007 -356.965 0.000 0.794
U 14.1191 4109 356.698 -723.008 -352.913 0.411 1.139
U 14.1191 4110 356.698 -723.008 -352.913 0.178 1.112
H 14.1238 355.082 -716.611 -356.160
H 14.1282 355.084 -716.609 -356.157
H 14.1328 355.056 -716.581 -356.109
H 14.1376 355.013 -716.543 -356.042
U 14.1390 4096 363.514 -723.007 -341.764 0.140 0.867
U 14.1390 4101 355.846 -723.007 -356.965 0.000 0.566
U 14.1390 4102 355.846 -723.007 -356.965 0.000 0.792
U 14.1390 4103 355.846 -723.007 -356.965 0.000 0.841
U 14.1390 4104 355.846 -723.007 -356.965 0.000 0.794
U 14.1390 4105 355.846 -723.007 -356.965 0.000 0.794
U 14.1390 4109 356.698 -723.008 -352.913 0.411 1.139
U 14.1390 4110 356.698 -723.008 -352.913 0.178 1.117
H 14.1432 354.961 -716.489 -355.949
H 14.1477 354.943 -716.460 -355.899
H 14.1525 354.929 -716.439 -355.863
U 14.1537 4096 363.514 -723.007 -341.764 0.138 0.867
U 14.1537 4101 355.846 -723.007 -356.965 0.000 0.566
U 14.1537 4102 355.846 -723.007 -356.965 0.000 0.792
U 14.1537 4103 355.846 -723.007 -356.965 0.000 0.841
U 14.1538 4104 355.846 -723.007 -356.965 0.000 0.794
U 14.1538 4105 355.846 -723.007 -356.965 0.000 0.794
U 14.1538 4109 356.698 -723.008 -352.913 0.411 1.139
U 14.1538 4110 356.698 -723.008 -352.913 0.178 1.122
H 14.1579 354.901 -716.416 -355.823
H 14.1621 354.880 -716.398 -355.792
H 14.1666 354.861 -716.379 -355.758
H 14.1708 354.856 -716.372 -355.746
U 14.1719 4096 363.514 -723.007 -341.764 0.135 0.867
U 14.1719 4101 355.846 -723.007 -356.965 0.000 0.566
U 14.1719 4102 355.846 -723.007 -356.965 0.000 0.792
U 14.1719 4103 355.846 -723.007 -356.965 0.000 0.841
U 14.1719 4104 355.846 -723.007 -356.965 0.000 0.794
U 14.1719 4105 355.846 -723.007 -356.965 0.000 0.794
U 14.1719 4109 356.698 -723.008 -352.913 0.411 1.139
U 14.1719 4110 356.698 -723.008 -352.913 0.178 1.122
H 14.1760 354.858 -716.371 -355.743
H 14.1805 354.858 -716.370 -355.743
H 14.1848 354.856 -716.372 -355.745
U 14.1861 4096 363.514 -723.007 -341.764 0.133 0.867
U 14.1861 4101 355.846 -723.007 -356.965 0.000 0.566
U 14.1861 4102 355.846 -723.007 -356.965 0.000 0.792
U 14.1861 4103 355.846 -723.007 -356.965 0.000 0.841
U 14.1861 4104 355.846 -723.007 -356.965 0.000 0.794
U 14.1861 4105 355.846 -723.007 -356.965 0.000 0.794
U 14.1861 4109 356.698 -723.008 -352.913 0.411 1.139
U 14.1861 4110 356.698 -723.008 -352.913 0.178 1.122
H 14.1903 354.864 -716.377 -355.755
H 14.1948 354.878 -716.389 -355.776
H 14.1990 354.889 -716.403 -355.800
H 14.2032 354.910 -716.421 -355.831
U 14.2044 4096 363.514 -723.007 -341.764 0.131 0.867
U 14.2044 4101 355.846 -723.007 -356.965 0.000 0.566
U 14.2044 4102 355.846 -723.007 -356.965 0.000 0.792
U 14.2044 4103 355.846 -723.007 -356.965 0.000 0.841
U 14.2044 4104 355.846 -723.007 -356.965 0.000 0.794
U 14.2044 4105 355.846 -723.007 -356.965 0.000 0.794
U 14.2044 4109 356.698 -723.008 -352.913 0.411 1.139
U 14.2044 4110 356.698 -723.008 -352.913 0.178 1.122
H 14.2089 354.939 -716.453 -355.886
H 14.2132 354.977 -716.488 -355.948
H 14.2174 355.017 -716.530 -356.021
U 14.2185 4096 363.514 -723.007 -341.764 0.129 0.867
U 14.2185 4101 355.846 -723.007 -356.965 0.000 0.566
U 14.2185 4102 355.846 -723.007 -356.965 0.000 0.792
U 14.2185 4103 355.846 -723.007 -356.965 0.000 0.841
U 14.2185 4104 355.846 -723.007 -356.965 0.000 0.794
U 14.2185 4105 355.846 -723.007 -356.965 0.000 0.794
U 14.2185 4109 356.698 -723.008 -352.913 0.411 1.139
U 14.2185 4110 356.698 -723.008 -352.913 0.178 1.122
H 14.2229 355.059 -716.569 -356.088
H 14.2270 355.129 -716.634 -356.200
H 14.2312 355.131 -716.651 -356.229
H 14.2357 355.114 -716.663 -356.250
U 14.2368 4096 363.514 -723.007 -341.764 0.127 0.867
U 14.2368 4101 355.846 -723.007 -356.965 0.000 0.566
U 14.2368 4102 355.846 -723.007 -356.965 0.000 0.792
U 14.2368 4103 355.846 -723.007 -356.965 0.000 0.841
U 14.2368 4104 355.846 -723.007 -356.965 0.000 0.794
U 14.2368 4105 355.846 -723.007 -356.965 0.000 0.794
U 14.2368 4109 356.698 -723.008 -352.913 0.411 1.139
U 14.2368 4110 356.698 -723.008 -352.913 0.178 1.122
H 14.2408 355.101 -716.673 -356.269
H 14.2449 355.081 -716.688 -356.296
H 14.2494 355.067 -716.701 -356.319
H 14.2536 355.049 -716.717 -356.347
U 14.2547 4096 363.514 -723.007 -341.764 0.125 0.867
U 14.2547 4101 355.846 -723.007 -356.965 0.000 0.566
U 14.2547 4102 355.846 -723.007 -356.965 0.000 0.792
U 14.2547 4103 355.846 -723.007 -356.965 0.000 0.841
U 14.2547 4104 355.846 -723.007 -356.965 0.000 0.794
U 14.2547 4105 355.846 -723.007 -356.965 0.000 0.794
U 14.2547 4109 356.698 -723.008 -352.913 0.411 1.139
U 14.2547 4110 356.698 -723.008 -352.913 0.178 1.122
H 14.2588 355.032 -716.735 -356.379
H 14.2634 355.014 -716.755 -356.414
H 14.2675 354.995 -716.778 -356.454
U 14.2686 4096 363.514 -723.007 -341.764 0.123 0.867
U 14.2686 4101 355.846 -723.007 -356.965 0.000 0.566
U 14.2686 4102 355.846 -723.007 -356.965 0.000 0.792
U 14.2686 4103 355.846 -723.007 -356.965 0.000 0.841
U 14.2686 4104 355.846 -723.007 -356.965 0.000 0.794
U 14.2686 4105 355.846 -723.007 -356.965 0.000 0.794
U 14.2686 4109 356.698 -723.008 -352.913 0.411 1.139
U 14.2686 4110 356.698 -723.008 -352.913 0.178 1.122
H 14.2727 354.985 -716.793 -356.481
H 14.2772 354.971 -716.815 -356.519
H 14.2814 354.958 -716.837 -356.559
H 14.2855 354.950 -716.854 -356.588
U 14.2867 4110 356.698 -723.008 -352.913 0.178 1.122
U 14.2867 4101 355.846 -723.007 -356.965 0.000 0.566
U 14.2867 4102 355.846 -723.007 -356.965 0.000 0.792
U 14.2867 4103 355.846 -723.007 -356.965 0.000 0.841
U 14.2867 4104 355.846 -723.007 -356.965 0.000 0.794
U 14.2867 4105 355.846 -723.007 -356.965 0.000 0.794
U 14.2867 4109 356.698 -723.008 -352.913 0.411 1.139
H 14.2914 354.943 -716.870 -356.618
H 14.2955 354.934 -716.896 -356.663
H 14.2996 355.112 -717.621 -356.745
H 14.3041 355.115 -717.655 -356.767
U 14.3053 4110 356.698 -723.008 -352.913 0.178 1.122
U 14.3053 4101 355.846 -723.007 -356.965 0.000 0.566
U 14.3053 4102 355.846 -723.007 -356.965 0.000 0.792
U 14.3053 4103 355.846 -723.007 -356.965 0.000 0.841
U 14.3053 4104 355.846 -723.007 -356.965 0.000 0.794
U 14.3053 4105 355.846 -723.007 -356.965 0.000 0.794
U 14.3053 4109 356.698 -723.008 -352.913 0.411 1.139
H 14.3094 355.120 -717.700 -356.796
H 14.3136 355.127 -717.751 -356.828
H 14.3180 355.133 -717.788 -356.852
U 14.3191 4110 356.698 -723.008 -352.913 0.178 1.122
U 14.3191 4101 355.846 -723.007 -356.965 0.000 0.566
U 14.3191 4102 355.846 -723.007 -356.965 0.000 0.792
U 14.3191 4103 355.846 -723.007 -356.965 0.000 0.841
U 14.3192 4104 355.846 -723.007 -356.965 0.000 0.794
U 14.3192 4105 355.846 -723.007 -356.965 0.000 0.794
U 14.3192 4109 356.698 -723.008 -352.913 0.411 1.139
H 14.3232 355.139 -717.822 -356.874
H 14.3274 355.150 -717.875 -356.907
H 14.3318 355.155 -717.900 -356.926
H 14.3359 355.156 -717.906 -356.951
U 14.3371 4110 356.698 -723.008 -352.913 0.178 1.122
U 14.3371 4101 355.846 -723.007 -356.965 0.000 0.566
U 14.3371 4102 355.846 -723.007 -356.965 0.000 0.792
U 14.3371 4103 355.846 -723.007 -356.965 0.000 0.841
U 14.3371 4104 355.846 -723.007 -356.965 0.000 0.794
U 14.3371 4105 355.846 -723.007 -356.965 0.000 0.794
U 14.3371 4109 356.698 -723.008 -352.913 0.411 1.139
H 14.3411 355.157 -717.911 -356.970
H 14.3455 355.160 -717.918 -356.994
H 14.3497 355.163 -717.924 -357.018
H 14.3538 355.166 -717.930 -357.039
U 14.3552 4110 356.698 -723.008 -352.913 0.178 1.122
U 14.3552 4101 355.846 -723.007 -356.965 0.000 0.566
U 14.3552 4102 355.846 -723.007 -356.965 0.000 0.792
U 14.3552 4103 355.846 -723.007 -356.965 0.000 0.841
U 14.3552 4104 355.846 -723.007 -356.965 0.000 0.794
U 14.3552 4105 355.846 -723.007 -356.965 0.000 0.794
U 14.3552 4109 356.698 -723.008 -352.913 0.411 1.139
H 14.3596 355.170 -717.935 -357.059
H 14.3637 355.176 -717.941 -357.083
H 14.3678 355.180 -717.946 -357.100
U 14.3689 4110 356.698 -723.008 -352.913 0.178 1.122
U 14.3689 4101 355.846 -723.007 -356.965 0.000 0.566
U 14.3689 4102 355.846 -723.007 -356.965 0.000 0.792
U 14.3689 4103 355.846 -723.007 -356.965 0.000 0.841
U 14.3689 4104 355.846 -723.007 -356.965 0.000 0.794
U 14.3689 4105 355.846 -723.007 -356.965 0.000 0.794
U 14.3689 4109 356.698 -723.008 -352.913 0.411 1.139
H 14.3734 355.184 -717.950 -357.115
H 14.3775 355.191 -717.955 -357.136
H 14.3816 355.195 -717.958 -357.147
H 14.3860 355.199 -717.961 -357.157
U 14.3871 4110 356.698 -723.008 -352.913 0.178 1.122
U 14.3871 4101 355.846 -723.007 -356.965 0.000 0.566
U 14.3871 4102 355.846 -723.007 -356.965 0.000 0.792
U 14.3871 4103 355.846 -723.007 -356.965 0.000 0.841
U 14.3871 4104 355.846 -723.007 -356.965 0.000 0.794
U 14.3871 4105 355.846 -723.007 -356.965 0.000 0.794
U 14.3871 4109 356.698 -723.008 -352.913 0.411 1.139
H 14.3912 355.202 -717.964 -357.167
H 14.3955 355.207 -717.966 -357.178
H 14.4000 355.210 -717.969 -357.186
H 14.4042 355.212 -717.970 -357.191
U 14.4054 4110 356.698 -723.008 -352.913 0.178 1.122
U 14.4054 4101 355.846 -723.007 -356.965 0.000 0.566
U 14.4054 4102 355.846 -723.007 -356.965 0.000 0.792
U 14.4054 4103 355.846 -723.007 -356.965 0.000 0.841
U 14.4054 4104 355.846 -723.007 -356.965 0.000 0.794
U 14.4054 4105 355.846 -723.007 -356.965 0.000 0.794
U 14.4054 4109 356.698 -723.008 -352.913 0.411 1.139
H 14.4094 355.216 -717.972 -357.200
H 14.4138 355.219 -717.974 -357.206
H 14.4181 355.221 -717.975 -357.211
U 14.4192 4110 356.698 -723.008 -352.913 0.178 1.122
U 14.4192 4101 355.846 -723.007 -356.965 0.000 0.566
U 14.4192 4102 355.846 -723.007 -356.965 0.000 0.792
U 14.4192 4103 355.846 -723.007 -356.965 0.000 0.841
U 14.4192 4104 355.846 -723.007 -356.965 0.000 0.794
U 14.4192 4105 355.846 -723.007 -356.965 0.000 0.794
U 14.4192 4109 356.698 -723.008 -352.913 0.411 1.139
H 14.4232 355.224 -717.977 -357.217
H 14.4279 355.229 -717.980 -357.227
H 14.4322 355.232 -717.981 -357.234
H 14.4366 355.237 -717.984 -357.243
U 14.4378 4110 356.698 -723.008 -352.913 0.178 1.122
U 14.4378 4101 355.846 -723.007 -356.965 0.000 0.566
U 14.4378 4102 355.846 -723.007 -356.965 0.000 0.792
U 14.4378 4103 355.846 -723.007 -356.965 0.000 0.841
U 14.4378 4104 355.846 -723.007 -356.965 0.000 0.794
U 14.4378 4105 355.846 -723.007 -356.965 0.000 0.794
U 14.4378 4109 356.698 -723.008 -352.913 0.411 1.139
H 14.4423 355.241 -717.986 -357.251
H 14.4464 355.248 -717.989 -357.263
H 14.4505 355.254 -717.992 -357.272
U 14.4516 4110 356.698 -723.008 -352.913 0.178 1.122
U 14.4516 4101 355.846 -723.007 -356.965 0.000 0.566
U 14.4516 4102 355.846 -723.007 -356.965 0.000 0.792
U 14.4516 4103 355.846 -723.007 -356.965 0.000 0.841
U 14.4517 4104 355.846 -723.007 -356.965 0.000 0.794
U 14.4517 4105 355.846 -723.007 -356.965 0.000 0.794
U 14.4517 4109 356.698 -723.008 -352.913 0.411 1.139
H 14.4560 355.260 -717.994 -357.282
H 14.4600 355.269 -717.998 -357.297
H 14.4641 355.276 -718.001 -357.308
H 14.4686 355.285 -718.004 -357.320
U 14.4697 4110 356.698 -723.008 -352.913 0.178 1.122
U 14.4697 4101 355.846 -723.007 -356.965 0.000 0.566
U 14.4697 4102 355.846 -723.007 -356.965 0.000 0.792
U 14.4697 4103 355.846 -723.007 -356.965 0.000 0.841
U 14.4697 4104 355.846 -723.007 -356.965 0.000 0.794
U 14.4697 4105 355.846 -723.007 -356.965 0.000 0.794
U 14.4697 4109 356.698 -723.008 -352.913 0.411 1.139
H 14.4737 355.294 -718.008 -357.333
H 14.4778 355.304 -718.011 -357.345
H 14.4824 355.313 -718.014 -357.357
H 14.4864 355.324 -718.017 -357.369
U 14.4876 4110 356.698 -723.008 -352.913 0.178 1.122
U 14.4876 4101 355.846 -723.007 -356.965 0.000 0.566
U 14.4876 4102 355.846 -723.007 -356.965 0.000 0.792
U 14.4876 4103 355.846 -723.007 -356.965 0.000 0.841
U 14.4876 4104 355.846 -723.007 -356.965 0.000 0.794
U 14.4876 4105 355.846 -723.007 -356.965 0.000 0.794
U 14.4876 4109 356.698 -723.008 -352.913 0.411 1.139
H 14.4915 355.331 -718.020 -357.378
H 14.4959 355.339 -718.022 -357.386
H 14.4999 355.344 -718.023 -357.391
H 14.5040 355.349 -718.025 -357.397
U 14.5050 4110 356.698 -723.008 -352.913 0.178 1.122
U 14.5050 4101 355.846 -723.007 -356.965 0.000 0.566
U 14.5050 4102 355.846 -723.007 -356.965 0.000 0.792
U 14.5050 4103 355.846 -723.007 -356.965 0.000 0.841
U 14.5050 4104 355.846 -723.007 -356.965 0.000 0.794
U 14.5051 4105 355.846 -723.007 -356.965 0.000 0.794
U 14.5051 4109 356.698 -723.008 -352.913 0.411 1.139
H 14.5094 355.353 -718.026 -357.401
H 14.5134 355.359 -718.028 -357.407
H 14.5174 355.361 -718.028 -357.409
U 14.5186 4110 356.698 -723.008 -352.913 0.178 1.122
U 14.5186 4101 355.846 -723.007 -356.965 0.000 0.566
U 14.5186 4102 355.846 -723.007 -356.965 0.000 0.792
U 14.5186 4103 355.846 -723.007 -356.965 0.000 0.841
U 14.5186 4104 355.846 -723.007 -356.965 0.000 0.794
U 14.5186 4105 355.846 -723.007 -356.965 0.000 0.794
U 14.5186 4109 356.698 -723.008 -352.913 0.411 1.139
H 14.5232 355.363 -718.029 -357.411
H 14.5274 355.366 -718.029 -357.414
H 14.5315 355.367 -718.030 -357.415
H 14.5358 355.368 -718.030 -357.416
U 14.5370 4110 356.698 -723.008 -352.913 0.178 1.122
U 14.5370 4101 355.846 -723.007 -356.965 0.000 0.566
U 14.5370 4102 355.846 -723.007 -356.965 0.000 0.792
U 14.5370 4103 355.846 -723.007 -356.965 0.000 0.841
U 14.5370 4104 355.846 -723.007 -356.965 0.000 0.794
U 14.5370 4105 355.846 -723.007 -356.965 0.000 0.794
U 14.5370 4109 356.698 -723.008 -352.913 0.411 1.139
H 14.5410 355.371 -718.031 -357.419
H 14.5452 355.374 -718.031 -357.422
H 14.5497 355.382 -718.033 -357.429
H 14.5538 355.387 -718.035 -357.433
U 14.5550 4110 356.698 -723.008 -352.913 0.178 1.122
U 14.5550 4101 355.846 -723.007 -356.965 0.000 0.566
U 14.5550 4102 355.846 -723.007 -356.965 0.000 0.792
U 14.5550 4103 355.846 -723.007 -356.965 0.000 0.841
U 14.5550 4104 355.846 -723.007 -356.965 0.000 0.794
U 14.5550 4105 355.846 -723.007 -356.965 0.000 0.794
U 14.5550 4109 356.698 -723.008 -352.913 0.411 1.139
H 14.5590 355.393 -718.036 -357.438
H 14.5636 355.404 -718.038 -357.447
H 14.5677 355.415 -718.041 -357.457
U 14.5689 4110 356.698 -723.008 -352.913 0.178 1.122
U 14.5689 4101 355.846 -723.007 -356.965 0.000 0.566
U 14.5689 4102 355.846 -723.007 -356.965 0.000 0.792
U 14.5689 4103 355.846 -723.007 -356.965 0.000 0.841
U 14.5689 4104 355.846 -723.007 -356.965 0.000 0.794
U 14.5689 4105 355.846 -723.007 -356.965 0.000 0.794
U 14.5689 4109 356.698 -723.008 -352.913 0.411 1.139
H 14.5729 355.424 -718.043 -357.464
H 14.5772 355.436 -718.045 -357.473
H 14.5814 355.448 -718.047 -357.482
H 14.5855 355.458 -718.049 -357.489
U 14.5866 4110 356.698 -723.008 -352.913 0.178 1.122
U 14.5866 4101 355.849 -723.008 -356.972 0.000 0.570
U 14.5866 4102 355.849 -723.008 -356.972 0.000 0.798
U 14.5866 4103 355.849 -723.008 -356.972 0.001 0.845
U 14.5866 4104 355.849 -723.008 -356.972 0.000 0.798
U 14.5866 4105 355.849 -723.008 -356.972 0.000 0.798
U 14.5866 4109 356.698 -723.008 -352.913 0.411 1.139
H 14.5909 355.471 -718.053 -357.501
H 14.5950 355.483 -718.055 -357.509
H 14.5991 355.495 -718.057 -357.516
H 14.6035 355.503 -718.058 -357.521
U 14.6046 4110 356.698 -723.008 -352.913 0.178 1.122
U 14.6046 4101 355.849 -723.008 -356.972 0.000 0.566
U 14.6046 4102 355.849 -723.008 -356.972 0.000 0.792
U 14.6046 4103 355.849 -723.008 -356.972 0.000 0.841
U 14.6046 4104 355.849 -723.008 -356.972 0.000 0.794
U 14.6046 4105 355.849 -723.008 -356.972 0.000 0.794
U 14.6046 4109 356.698 -723.008 -352.913 0.411 1.139
H 14.6086 355.520 -718.060 -357.531
H 14.6133 355.530 -718.062 -357.536
H 14.6180 355.536 -718.063 -357.539
U 14.6191 4110 356.698 -723.008 -352.913 0.178 1.122
U 14.6191 4101 355.852 -723.007 -356.978 0.000 0.570
U 14.6191 4102 355.852 -723.007 -356.978 0.000 0.798
U 14.6191 4103 355.852 -723.007 -356.978 0.001 0.845
U 14.6191 4104 355.852 -723.007 -356.978 0.000 0.798
U 14.6191 4105 355.852 -723.007 -356.978 0.000 0.798
U 14.6191 4109 356.698 -723.008 -352.913 0.411 1.139
H 14.6232 355.545 -718.065 -357.547
H 14.6275 355.553 -718.066 -357.552
H 14.6319 355.557 -718.066 -357.554
H 14.6361 355.562 -718.067 -357.556
U 14.6372 4110 356.698 -723.008 -352.913 0.178 1.122
U 14.6372 4101 355.858 -723.007 -356.990 0.000 0.575
U 14.6372 4102 355.858 -723.007 -356.990 0.000 0.803
U 14.6372 4103 355.858 -723.007 -356.990 0.001 0.849
U 14.6372 4104 355.858 -723.007 -356.990 0.000 0.803
U 14.6372 4105 355.858 -723.007 -356.990 0.000 0.803
U 14.6372 4109 356.698 -723.008 -352.913 0.411 1.139
H 14.6414 355.573 -718.070 -357.569
H 14.6459 355.582 -718.071 -357.573
H 14.6500 355.590 -718.072 -357.577
H 14.6542 355.600 -718.073 -357.581
U 14.6554 4110 356.698 -723.008 -352.913 0.178 1.122
U 14.6554 4101 355.868 -723.007 -357.009 0.001 0.580
U 14.6554 4102 355.868 -723.007 -357.009 0.000 0.808
U 14.6554 4103 355.868 -723.007 -357.009 0.002 0.853
U 14.6554 4104 355.868 -723.007 -357.009 0.000 0.808
U 14.6554 4105 355.868 -723.007 -357.009 0.000 0.808
U 14.6554 4109 356.698 -723.008 -352.913 0.411 1.139
H 14.6598 355.624 -718.079 -357.604
H 14.6639 355.638 -718.080 -357.609
H 14.6680 355.649 -718.081 -357.613
U 14.6691 4110 356.698 -723.008 -352.913 0.178 1.122
U 14.6691 4101 355.868 -723.007 -357.009 0.000 0.566
U 14.6691 4102 355.868 -723.007 -357.009 0.000 0.792
U 14.6691 4103 355.868 -723.007 -357.009 0.000 0.841
U 14.6691 4104 355.868 -723.007 -357.009 0.000 0.794
U 14.6691 4105 355.868 -723.007 -357.009 0.000 0.794
U 14.6691 4109 356.698 -723.008 -352.913 0.411 1.139
H 14.6735 355.661 -718.083 -357.617
H 14.6776 355.679 -718.084 -357.622
H 14.6816 355.692 -718.085 -357.626
H 14.6860 355.706 -718.086 -357.629
U 14.6871 4110 356.698 -723.008 -352.913 0.178 1.122
U 14.6871 4101 355.871 -723.007 -357.014 0.000 0.570
U 14.6872 4102 355.871 -723.007 -357.014 0.000 0.798
U 14.6872 4103 355.871 -723.007 -357.014 0.001 0.845
U 14.6872 4104 355.871 -723.007 -357.014 0.000 0.798
U 14.6872 4105 355.871 -723.007 -357.014 0.000 0.798
U 14.6872 4109 356.698 -723.008 -352.913 0.411 1.139
H 14.6912 355.723 -718.088 -357.638
H 14.6953 355.745 -718.089 -357.642
H 14.7000 355.756 -718.090 -357.644
H 14.7040 355.767 -718.090 -357.646
U 14.7051 4110 356.698 -723.008 -352.913 0.178 1.122
U 14.7051 4101 355.878 -723.007 -357.026 0.000 0.575
U 14.7051 4102 355.878 -723.007 -357.026 0.000 0.803
U 14.7051 4103 355.878 -723.007 -357.026 0.001 0.849
U 14.7051 4104 355.878 -723.007 -357.026 0.000 0.803
U 14.7051 4105 355.878 -723.007 -357.026 0.000 0.803
U 14.7051 4109 356.698 -723.008 -352.913 0.411 1.139
H 14.7090 355.784 -718.093 -357.659
H 14.7135 355.797 -718.094 -357.660
H 14.7176 355.805 -718.094 -357.661
U 14.7187 4110 356.698 -723.008 -352.913 0.178 1.122
U 14.7187 4101 355.889 -723.008 -357.044 0.001 0.580
U 14.7187 4102 355.889 -723.008 -357.044 0.000 0.808
U 14.7187 4103 355.889 -723.008 -357.044 0.002 0.853
U 14.7187 4104 355.889 -723.008 -357.044 0.000 0.808
U 14.7187 4105 355.889 -723.008 -357.044 0.000 0.808
U 14.7187 4109 356.698 -723.008 -352.913 0.411 1.139
H 14.7227 355.822 -718.098 -357.679
H 14.7271 355.828 -718.098 -357.679
H 14.7314 355.832 -718.098 -357.680
H 14.7354 355.834 -718.098 -357.680
U 14.7366 4110 356.698 -723.008 -352.913 0.178 1.122
U 14.7366 4101 355.904 -723.008 -357.068 0.001 0.585
U 14.7366 4102 355.904 -723.008 -357.068 0.000 0.813
U 14.7366 4103 355.904 -723.008 -357.068 0.003 0.858
U 14.7366 4104 355.904 -723.008 -357.068 0.000 0.813
U 14.7366 4105 355.904 -723.008 -357.068 0.000 0.813
U 14.7366 4109 356.698 -723.008 -352.913 0.411 1.139
H 14.7409 355.850 -718.104 -357.702
H 14.7453 355.848 -718.104 -357.702
H 14.7495 355.847 -718.104 -357.702
H 14.7538 355.846 -718.104 -357.702
U 14.7549 4110 356.698 -723.008 -352.913 0.178 1.122
U 14.7549 4101 355.904 -723.008 -357.068 0.000 0.566
U 14.7549 4102 355.904 -723.008 -357.068 0.000 0.792
U 14.7549 4103 355.904 -723.008 -357.068 0.000 0.841
U 14.7549 4104 355.904 -723.008 -357.068 0.000 0.794
U 14.7549 4105 355.904 -723.008 -357.068 0.000 0.794
U 14.7549 4109 356.698 -723.008 -352.913 0.411 1.139
H 14.7589 355.842 -718.104 -357.702
H 14.7630 355.837 -718.105 -357.706
H 14.7674 355.830 -718.106 -357.711
U 14.7685 4110 356.698 -723.008 -352.913 0.178 1.122
U 14.7686 4101 355.908 -723.007 -357.074 0.000 0.570
U 14.7686 4102 355.908 -723.007 -357.074 0.000 0.798
U 14.7686 4103 355.908 -723.007 -357.074 0.001 0.845
U 14.7686 4104 355.908 -723.007 -357.074 0.000 0.798
U 14.7686 4105 355.908 -723.007 -357.074 0.000 0.798
U 14.7686 4109 356.698 -723.008 -352.913 0.411 1.139
H 14.7726 355.823 -718.112 -357.736
H 14.7767 355.809 -718.117 -357.761
H 14.7812 355.790 -718.124 -357.791
H 14.7854 355.767 -718.133 -357.830
U 14.7865 4110 356.698 -723.008 -352.913 0.178 1.122
U 14.7865 4101 355.916 -723.008 -357.085 0.000 0.575
U 14.7865 4102 355.916 -723.008 -357.085 0.000 0.803
U 14.7865 4103 355.916 -723.008 -357.085 0.001 0.849
U 14.7865 4104 355.916 -723.008 -357.085 0.000 0.803
U 14.7865 4105 355.916 -723.008 -357.085 0.000 0.803
U 14.7865 4109 356.698 -723.008 -352.913 0.411 1.139
H 14.7906 355.747 -718.145 -357.884
H 14.7950 355.697 -718.161 -357.956
H 14.7992 355.655 -718.200 -358.002
H 14.8034 355.582 -718.262 -358.074
U 14.8045 4110 356.698 -723.008 -352.913 0.178 1.122
U 14.8046 4101 355.928 -723.008 -357.102 0.001 0.580
U 14.8046 4102 355.928 -723.008 -357.102 0.000 0.808
U 14.8046 4103 355.928 -723.008 -357.102 0.002 0.853
U 14.8046 4104 355.928 -723.008 -357.102 0.000 0.808
U 14.8046 4105 355.928 -723.008 -357.102 0.000 0.808
U 14.8046 4109 356.698 -723.008 -352.913 0.411 1.139
H 14.8090 355.526 -718.317 -358.140
H 14.8132 355.440 -718.367 -358.200
H 14.8174 355.307 -718.427 -358.276
U 14.8186 4110 356.698 -723.008 -352.913 0.178 1.122
U 14.8186 4101 355.945 -723.007 -357.124 0.001 0.585
U 14.8186 4102 355.945 -723.007 -357.124 0.000 0.813
U 14.8186 4103 355.945 -723.007 -357.124 0.003 0.858
U 14.8187 4104 355.945 -723.007 -357.124 0.000 0.813
U 14.8187 4105 355.945 -723.007 -357.124 0.000 0.813
U 14.8187 4109 356.698 -723.008 -352.913 0.411 1.139
H 14.8231 355.241 -718.470 -358.330
H 14.8275 355.060 -718.522 -358.402
H 14.8317 354.941 -718.615 -358.404
H 14.8365 354.822 -718.686 -358.404
U 14.8377 4110 356.698 -723.008 -352.913 0.178 1.122
U 14.8377 4101 355.965 -723.008 -357.152 0.001 0.589
U 14.8377 4102 355.965 -723.008 -357.152 0.000 0.819
U 14.8377 4103 355.965 -723.008 -357.152 0.004 0.862
U 14.8377 4104 355.965 -723.008 -357.152 0.007 0.818
U 14.8377 4105 355.965 -723.008 -357.152 0.007 0.818
U 14.8377 4109 356.698 -723.008 -352.913 0.411 1.139
H 14.8424 354.727 -718.787 -358.405
H 14.8466 354.506 -718.836 -358.410
H 14.8512 354.342 -718.862 -358.414
U 14.8524 4110 356.698 -723.008 -352.913 0.178 1.122
U 14.8524 4101 355.965 -723.008 -357.152 0.000 0.566
U 14.8525 4102 355.965 -723.008 -357.152 0.000 0.792
U 14.8525 4103 355.965 -723.008 -357.152 0.000 0.841
U 14.8525 4104 355.965 -723.008 -357.152 0.000 0.794
U 14.8525 4105 355.965 -723.008 -357.152 0.000 0.794
U 14.8525 4109 356.698 -723.008 -352.913 0.411 1.139
H 14.8567 354.059 -718.858 -358.423
H 14.8614 353.806 -718.841 -358.431
H 14.8660 353.661 -718.823 -358.435
H 14.8703 353.648 -718.815 -358.436
U 14.8715 4110 356.698 -723.008 -352.913 0.178 1.122
U 14.8715 4101 355.970 -723.008 -357.157 0.000 0.570
U 14.8715 4102 355.970 -723.008 -357.157 0.000 0.798
U 14.8715 4103 355.970 -723.008 -357.157 0.001 0.845
U 14.8715 4104 355.970 -723.008 -357.157 0.000 0.798
U 14.8715 4105 355.970 -723.008 -357.157 0.000 0.798
U 14.8715 4109 356.698 -723.008 -352.913 0.411 1.139
H 14.8755 353.649 -718.815 -358.436
H 14.8800 353.634 -718.806 -358.437
H 14.8843 353.620 -718.799 -358.437
U 14.8854 4110 356.698 -723.008 -352.913 0.178 1.122
U 14.8854 4101 355.979 -723.008 -357.168 0.000 0.575
U 14.8854 4102 355.979 -723.008 -357.168 0.000 0.803
U 14.8854 4103 355.979 -723.008 -357.168 0.001 0.849
U 14.8854 4104 355.979 -723.008 -357.168 0.000 0.803
U 14.8854 4105 355.979 -723.008 -357.168 0.000 0.803
U 14.8854 4109 356.698 -723.008 -352.913 0.411 1.139
H 14.8896 353.636 -718.805 -358.438
H 14.8940 353.620 -718.797 -358.438
H 14.8983 353.606 -718.789 -358.439
H 14.9025 353.593 -718.781 -358.439
U 14.9036 4110 356.698 -723.008 -352.913 0.178 1.122
U 14.9036 4101 355.993 -723.007 -357.183 0.001 0.580
U 14.9036 4102 355.993 -723.007 -357.183 0.000 0.808
U 14.9036 4103 355.993 -723.007 -357.183 0.002 0.854
U 14.9036 4104 355.993 -723.007 -357.183 0.000 0.808
U 14.9036 4105 355.993 -723.007 -357.183 0.000 0.808
U 14.9036 4109 356.698 -723.008 -352.913 0.411 1.139
H 14.9081 353.624 -718.795 -358.440
H 14.9122 353.606 -718.785 -358.440
H 14.9164 353.593 -718.778 -358.441
H 14.9208 353.580 -718.770 -358.441
U 14.9219 4110 356.698 -723.008 -352.913 0.178 1.122
U 14.9219 4101 356.011 -723.007 -357.204 0.001 0.585
U 14.9219 4102 356.011 -723.007 -357.204 0.000 0.814
U 14.9219 4103 356.011 -723.007 -357.204 0.003 0.858
U 14.9219 4104 356.011 -723.007 -357.204 0.000 0.813
U 14.9219 4105 356.011 -723.007 -357.204 0.000 0.813
U 14.9219 4109 356.698 -723.008 -352.913 0.411 1.139
H 14.9260 353.625 -718.791 -358.442
H 14.9301 353.608 -718.782 -358.442
H 14.9345 353.595 -718.774 -358.443
U 14.9357 4110 356.698 -723.008 -352.913 0.178 1.122
U 14.9357 4101 356.034 -723.007 -357.230 0.001 0.590
U 14.9357 4102 356.034 -723.007 -357.230 0.000 0.819
U 14.9357 4103 356.034 -723.007 -357.230 0.004 0.862
U 14.9357 4104 356.034 -723.007 -357.230 0.007 0.818
U 14.9357 4105 356.034 -723.007 -357.230 0.007 0.818
U 14.9357 4109 356.698 -723.008 -352.913 0.411 1.139
H 14.9398 353.655 -718.802 -358.443
H 14.9439 353.638 -718.792 -358.444
H 14.9483 353.625 -718.784 -358.444
H 14.9524 353.611 -718.776 -358.445
U 14.9535 4110 356.698 -723.008 -352.913 0.178 1.122
U 14.9535 4101 356.063 -723.008 -357.261 0.001 0.595
U 14.9535 4102 356.063 -723.008 -357.261 0.000 0.825
U 14.9535 4103 356.063 -723.008 -357.261 0.004 0.867
U 14.9535 4104 356.063 -723.008 -357.261 0.016 0.823
U 14.9536 4105 356.063 -723.008 -357.261 0.016 0.823
U 14.9536 4109 356.698 -723.008 -352.913 0.411 1.139
H 14.9576 353.687 -718.812 -358.445
H 14.9619 353.670 -718.802 -358.446
H 14.9660 353.656 -718.794 -358.447
H 14.9701 353.643 -718.787 -358.447
U 14.9712 4109 356.698 -723.008 -352.913 0.411 1.139
U 14.9712 4101 356.063 -723.008 -357.261 0.000 0.566
U 14.9712 4102 356.063 -723.008 -357.261 0.000 0.793
U 14.9712 4103 356.063 -723.008 -357.261 0.000 0.842
U 14.9712 4104 356.063 -723.008 -357.261 0.000 0.795
U 14.9712 4105 356.063 -723.008 -357.261 0.000 0.795
H 14.9758 353.629 -718.779 -358.447
H 14.9799 353.610 -718.768 -358.448
H 14.9840 353.596 -718.760 -358.449
U 14.9851 4109 356.698 -723.008 -352.913 0.411 1.139
U 14.9851 4101 356.068 -723.007 -357.265 0.000 0.571
U 14.9851 4102 356.068 -723.007 -357.265 0.000 0.799
U 14.9851 4103 356.068 -723.007 -357.265 0.001 0.846
U 14.9851 4104 356.068 -723.007 -357.265 0.000 0.800
U 14.9851 4105 356.068 -723.007 -357.265 0.000 0.800
H 14.9895 353.597 -718.759 -358.449
H 14.9936 353.578 -718.748 -358.450
H 14.9976 353.564 -718.740 -358.450
H 15.0020 353.550 -718.732 -358.451
U 15.0031 4109 356.698 -723.008 -352.913 0.411 1.139
U 15.0031 4101 356.078 -723.007 -357.275 0.000 0.576
U 15.0031 4102 356.078 -723.007 -357.275 0.000 0.804
U 15.0031 4103 356.078 -723.007 -357.275 0.001 0.851
U 15.0032 4104 356.078 -723.007 -357.275 0.000 0.804
U 15.0032 4105 356.078 -723.007 -357.275 0.000 0.804
H 15.0072 353.565 -718.737 -358.451
H 15.0115 353.547 -718.726 -358.452
H 15.0160 353.532 -718.717 -358.452
H 15.0202 353.515 -718.708 -358.453
U 15.0213 4109 356.698 -723.008 -352.913 0.411 1.139
U 15.0213 4101 356.093 -723.007 -357.289 0.001 0.581
U 15.0214 4102 356.093 -723.007 -357.289 0.000 0.810
U 15.0214 4103 356.093 -723.007 -357.289 0.002 0.855
U 15.0214 4104 356.093 -723.007 -357.289 0.000 0.809
U 15.0214 4105 356.093 -723.007 -357.289 0.000 0.809
H 15.0255 353.546 -718.720 -358.453
H 15.0300 353.527 -718.709 -358.454
H 15.0342 353.510 -718.699 -358.454
U 15.0354 4109 356.698 -723.008 -352.913 0.411 1.139
U 15.0354 4101 356.114 -723.008 -357.307 0.001 0.586
U 15.0354 4102 356.114 -723.008 -357.307 0.000 0.815
U 15.0354 4103 356.114 -723.008 -357.307 0.003 0.859
U 15.0354 4104 356.114 -723.008 -357.307 0.000 0.814
U 15.0354 4105 356.114 -723.008 -357.307 0.000 0.814
H 15.0395 353.557 -718.719 -358.455
H 15.0440 353.537 -718.707 -358.455
H 15.0482 353.520 -718.698 -358.456
H 15.0524 353.504 -718.688 -358.456
U 15.0535 4109 356.698 -723.008 -352.913 0.411 1.139
U 15.0535 4101 356.140 -723.007 -357.330 0.001 0.591
U 15.0535 4102 356.140 -723.007 -357.330 0.000 0.821
U 15.0535 4103 356.140 -723.007 -357.330 0.004 0.864
U 15.0535 4104 356.140 -723.007 -357.330 0.007 0.820
U 15.0535 4105 356.140 -723.007 -357.330 0.007 0.820
H 15.0579 353.567 -718.715 -358.457
H 15.0621 353.546 -718.703 -358.458
H 15.0662 353.530 -718.693 -358.458
H 15.0706 353.514 -718.684 -358.459
U 15.0717 4109 356.698 -723.008 -352.913 0.411 1.139
U 15.0717 4101 356.171 -723.007 -357.358 0.001 0.596
U 15.0717 4102 356.171 -723.007 -357.358 0.000 0.826
U 15.0717 4103 356.171 -723.007 -357.358 0.004 0.868
U 15.0717 4104 356.171 -723.007 -357.358 0.016 0.825
U 15.0717 4105 356.171 -723.007 -357.358 0.016 0.825
H 15.0757 353.592 -718.718 -358.459
H 15.0799 353.572 -718.706 -358.460
H 15.0842 353.556 -718.697 -358.460
U 15.0853 4109 356.698 -723.008 -352.913 0.411 1.139
U 15.0853 4101 356.208 -723.007 -357.389 0.001 0.601
U 15.0853 4102 356.208 -723.007 -357.389 0.000 0.832
U 15.0853 4103 356.208 -723.007 -357.389 0.005 0.873
U 15.0853 4104 356.208 -723.007 -357.389 0.026 0.830
U 15.0853 4105 356.208 -723.007 -357.389 0.026 0.830
H 15.0895 353.651 -718.738 -358.461
H 15.0936 353.631 -718.726 -358.461
H 15.0979 353.614 -718.716 -358.462
H 15.1020 353.597 -718.706 -358.462
U 15.1034 4109 356.698 -723.008 -352.913 0.411 1.139
U 15.1034 4101 356.208 -723.007 -357.389 0.000 0.567
U 15.1034 4102 356.208 -723.007 -357.389 0.000 0.795
U 15.1034 4103 356.208 -723.007 -357.389 0.000 0.843
U 15.1034 4104 356.208 -723.007 -357.389 0.000 0.796
U 15.1035 4105 356.208 -723.007 -357.389 0.000 0.796
H 15.1092 353.581 -718.697 -358.463
H 15.1146 353.552 -718.680 -358.464
H 15.1192 353.529 -718.666 -358.464
U 15.1204 4109 356.698 -723.008 -352.913 0.411 1.139
U 15.1204 4101 356.208 -723.007 -357.389 0.000 0.567
U 15.1204 4102 356.208 -723.007 -357.389 0.000 0.795
U 15.1204 4103 356.208 -723.007 -357.389 0.000 0.844
U 15.1204 4104 356.208 -723.007 -357.389 0.000 0.796
U 15.1204 4105 356.208 -723.007 -357.389 0.000 0.796
H 15.1246 353.510 -718.655 -358.465
H 15.1291 353.487 -718.641 -358.465
H 15.1334 353.468 -718.630 -358.466
H 15.1377 353.449 -718.619 -358.466
U 15.1389 4109 356.698 -723.008 -352.913 0.411 1.139
U 15.1389 4101 356.208 -723.007 -357.389 0.000 0.567
U 15.1389 4102 356.208 -723.007 -357.389 0.000 0.795
U 15.1389 4103 356.208 -723.007 -357.389 0.000 0.844
U 15.1389 4104 356.208 -723.007 -357.389 0.000 0.796
U 15.1389 4105 356.208 -723.007 -357.389 0.000 0.796
H 15.1434 353.430 -718.608 -358.467
H 15.1477 353.404 -718.593 -358.468
H 15.1520 353.385 -718.581 -358.468
U 15.1531 4109 356.698 -723.008 -352.913 0.411 1.139
U 15.1531 4101 356.208 -723.007 -357.389 0.000 0.568
U 15.1532 4102 356.208 -723.007 -357.389 0.000 0.795
U 15.1532 4103 356.208 -723.007 -357.389 0.000 0.844
U 15.1532 4104 356.208 -723.007 -357.389 0.000 0.797
U 15.1532 4105 356.208 -723.007 -357.389 0.000 0.797
H 15.1577 353.366 -718.569 -358.469
H 15.1618 353.339 -718.554 -358.469
H 15.1660 353.320 -718.542 -358.470
H 15.1704 353.300 -718.531 -358.470
U 15.1716 4109 356.698 -723.008 -352.913 0.411 1.139
U 15.1716 4101 356.208 -723.007 -357.389 0.000 0.568
U 15.1716 4102 356.208 -723.007 -357.389 0.000 0.795
U 15.1716 4103 356.208 -723.007 -357.389 0.000 0.844
U 15.1716 4104 356.208 -723.007 -357.389 0.000 0.797
U 15.1716 4105 356.208 -723.007 -357.389 0.000 0.797
H 15.1756 353.299 -718.501 -358.471
H 15.1798 353.314 -718.462 -358.471
H 15.1845 353.313 -718.413 -358.472
U 15.1856 4109 356.698 -723.008 -352.913 0.411 1.139
U 15.1856 4101 356.208 -723.007 -357.389 0.000 0.568
U 15.1856 4102 356.208 -723.007 -357.389 0.000 0.796
U 15.1856 4103 356.208 -723.007 -357.389 0.000 0.844
U 15.1856 4104 356.208 -723.007 -357.389 0.000 0.797
U 15.1856 4105 356.208 -723.007 -357.389 0.000 0.797
H 15.1897 353.225 -718.295 -358.474
H 15.1939 353.097 -718.159 -358.473
H 15.1984 353.106 -718.127 -358.447
H 15.2025 353.106 -718.108 -358.432
U 15.2036 4109 356.698 -723.008 -352.913 0.411 1.139
U 15.2036 4101 356.208 -723.007 -357.389 0.000 0.568
U 15.2036 4102 356.208 -723.007 -357.389 0.000 0.796
U 15.2036 4103 356.208 -723.007 -357.389 0.000 0.845
U 15.2036 4104 356.208 -723.007 -357.389 0.000 0.797
U 15.2036 4105 356.208 -723.007 -357.389 0.000 0.797
H 15.2077 353.096 -718.084 -358.413
H 15.2121 353.085 -718.049 -358.385
H 15.2162 353.085 -718.012 -358.355
H 15.2204 353.078 -717.959 -358.312
U 15.2215 4109 356.698 -723.008 -352.913 0.411 1.139
U 15.2215 4101 356.208 -723.007 -357.389 0.000 0.568
U 15.2215 4102 356.208 -723.007 -357.389 0.000 0.796
U 15.2215 4103 356.208 -723.007 -357.389 0.000 0.845
U 15.2215 4104 356.208 -723.007 -357.389 0.000 0.797
U 15.2215 4105 356.208 -723.007 -357.389 0.000 0.797
H 15.2258 353.081 -717.921 -358.282
H 15.2299 353.103 -717.866 -358.237
H 15.2340 353.127 -717.833 -358.209
U 15.2350 4109 356.698 -723.008 -352.913 0.411 1.139
U 15.2350 4101 356.208 -723.007 -357.389 0.000 0.568
U 15.2350 4102 356.208 -723.007 -357.389 0.000 0.796
U 15.2350 4103 356.208 -723.007 -357.389 0.000 0.845
U 15.2350 4104 356.208 -723.007 -357.389 0.000 0.797
U 15.2350 4105 356.208 -723.007 -357.389 0.000 0.797
H 15.2394 353.164 -717.787 -358.172
H 15.2435 353.221 -717.726 -358.120
H 15.2475 353.258 -717.691 -358.091
H 15.2522 353.285 -717.660 -358.065
U 15.2534 4109 356.698 -723.008 -352.913 0.411 1.139
U 15.2534 4101 356.208 -723.007 -357.389 0.000 0.568
U 15.2534 4102 356.208 -723.007 -357.389 0.000 0.796
U 15.2534 4103 356.208 -723.007 -357.389 0.000 0.845
U 15.2534 4104 356.208 -723.007 -357.389 0.000 0.798
U 15.2534 4105 356.208 -723.007 -357.389 0.000 0.798
H 15.2574 353.325 -717.616 -358.029
H 15.2616 353.359 -717.592 -358.000
H 15.2659 353.406 -717.579 -357.977
H 15.2699 353.430 -717.568 -357.960
U 15.2710 4109 356.698 -723.008 -352.913 0.411 1.139
U 15.2710 4101 356.208 -723.007 -357.389 0.000 0.568
U 15.2710 4102 356.208 -723.007 -357.389 0.000 0.796
U 15.2710 4103 356.208 -723.007 -357.389 0.000 0.845
U 15.2710 4104 356.208 -723.007 -357.389 0.000 0.798
U 15.2710 4105 356.208 -723.007 -357.389 0.000 0.798
H 15.2750 353.455 -717.558 -357.943
H 15.2792 353.450 -717.554 -357.936
H 15.2833 353.445 -717.550 -357.931
H 15.2873 353.441 -717.547 -357.926
U 15.2883 4109 356.698 -723.008 -352.913 0.411 1.139
U 15.2884 4101 356.208 -723.007 -357.389 0.000 0.569
U 15.2884 4102 356.208 -723.007 -357.389 0.000 0.797
U 15.2884 4103 356.208 -723.007 -357.389 0.000 0.845
U 15.2884 4104 356.208 -723.007 -357.389 0.000 0.798
U 15.2884 4105 356.208 -723.007 -357.389 0.000 0.798
H 15.2928 353.436 -717.544 -357.921
H 15.2969 353.431 -717.539 -357.915
H 15.3012 353.426 -717.536 -357.909
U 15.3023 4109 356.698 -723.008 -352.913 0.411 1.139
U 15.3023 4101 356.208 -723.007 -357.389 0.000 0.569
U 15.3023 4102 356.208 -723.007 -357.389 0.000 0.797
U 15.3023 4103 356.208 -723.007 -357.389 0.000 0.846
U 15.3023 4104 356.208 -723.007 -357.389 0.000 0.798
U 15.3024 4105 356.208 -723.007 -357.389 0.000 0.798
H 15.3067 353.422 -717.532 -357.904
H 15.3108 353.416 -717.527 -357.897
H 15.3149 353.412 -717.524 -357.892
H 15.3192 353.407 -717.520 -357.887
U 15.3203 4109 356.698 -723.008 -352.913 0.411 1.139
U 15.3203 4101 356.208 -723.007 -357.389 0.000 0.569
U 15.3203 4102 356.208 -723.007 -357.389 0.000 0.797
U 15.3203 4103 356.208 -723.007 -357.389 0.000 0.846
U 15.3203 4104 356.208 -723.007 -357.389 0.000 0.798
U 15.3203 4105 356.208 -723.007 -357.389 0.000 0.798
H 15.3243 353.403 -717.517 -357.882
H 15.3284 353.397 -717.512 -357.875
H 15.3327 353.393 -717.509 -357.870
H 15.3367 353.388 -717.505 -357.865
U 15.3378 4109 356.698 -723.008 -352.913 0.411 1.139
U 15.3378 4101 356.208 -723.007 -357.389 0.000 0.569
U 15.3378 4102 356.208 -723.007 -357.389 0.000 0.797
U 15.3378 4103 356.208 -723.007 -357.389 0.000 0.846
U 15.3378 4104 356.208 -723.007 -357.389 0.000 0.799
U 15.3378 4105 356.208 -723.007 -357.389 0.000 0.799
H 15.3418 353.384 -717.501 -357.859
H 15.3463 353.379 -717.497 -357.853
H 15.3514 353.374 -717.493 -357.847
U 15.3524 4109 356.698 -723.008 -352.913 0.411 1.139
U 15.3524 4101 356.208 -723.007 -357.389 0.000 0.569
U 15.3524 4102 356.208 -723.007 -357.389 0.000 0.797
U 15.3524 4103 356.208 -723.007 -357.389 0.000 0.846
U 15.3524 4104 356.208 -723.007 -357.389 0.000 0.799
U 15.3524 4105 356.208 -723.007 -357.389 0.000 0.799
H 15.3564 353.369 -717.489 -357.841
H 15.3607 353.363 -717.484 -357.834
H 15.3647 353.359 -717.480 -357.829
H 15.3689 353.354 -717.477 -357.823
U 15.3700 4109 356.698 -723.008 -352.913 0.411 1.139
U 15.3700 4101 356.208 -723.007 -357.389 0.000 0.569
U 15.3700 4102 356.208 -723.007 -357.389 0.000 0.798
U 15.3700 4103 356.208 -723.007 -357.389 0.000 0.846
U 15.3700 4104 356.208 -723.007 -357.389 0.000 0.799
U 15.3700 4105 356.208 -723.007 -357.389 0.000 0.799
H 15.3743 353.350 -717.473 -357.818
H 15.3783 353.344 -717.468 -357.811
H 15.3823 353.340 -717.465 -357.806
H 15.3868 353.336 -717.461 -357.800
U 15.3878 4109 356.698 -723.008 -352.913 0.411 1.139
U 15.3878 4101 356.208 -723.007 -357.389 0.000 0.569
U 15.3878 4102 356.208 -723.007 -357.389 0.000 0.798
U 15.3878 4103 356.208 -723.007 -357.389 0.000 0.847
U 15.3878 4104 356.208 -723.007 -357.389 0.000 0.799
U 15.3878 4105 356.208 -723.007 -357.389 0.000 0.799
H 15.3918 353.331 -717.457 -357.794
H 15.3958 353.326 -717.453 -357.788
H 15.4002 353.322 -717.449 -357.783
H 15.4042 353.317 -717.445 -357.777
U 15.4055 4109 356.698 -723.008 -352.913 0.411 1.139
U 15.4055 4101 356.208 -723.007 -357.389 0.000 0.569
U 15.4055 4102 356.208 -723.007 -357.389 0.000 0.798
U 15.4055 4103 356.208 -723.007 -357.389 0.000 0.847
U 15.4055 4104 356.208 -723.007 -357.389 0.000 0.799
U 15.4055 4105 356.208 -723.007 -357.389 0.000 0.799
H 15.4094 353.313 -717.442 -357.771
H 15.4138 353.307 -717.437 -357.764
H 15.4179 353.303 -717.433 -357.758
U 15.4190 4109 356.698 -723.008 -352.913 0.411 1.139
U 15.4190 4101 356.208 -723.007 -357.389 0.000 0.570
U 15.4190 4102 356.208 -723.007 -357.389 0.000 0.798
U 15.4190 4103 356.208 -723.007 -357.389 0.000 0.847
U 15.4190 4104 356.208 -723.007 -357.389 0.000 0.799
U 15.4190 4105 356.208 -723.007 -357.389 0.000 0.799
H 15.4229 353.298 -717.429 -357.753
H 15.4272 353.293 -717.425 -357.746
H 15.4311 353.289 -717.421 -357.741
H 15.4351 353.284 -717.417 -357.735
U 15.4362 4109 356.698 -723.008 -352.913 0.411 1.139
U 15.4362 4101 356.208 -723.007 -357.389 0.000 0.570
U 15.4362 4102 356.208 -723.007 -357.389 0.000 0.798
U 15.4362 4103 356.208 -723.007 -357.389 0.000 0.847
U 15.4362 4104 356.208 -723.007 -357.389 0.000 0.800
U 15.4362 4105 356.208 -723.007 -357.389 0.000 0.800
H 15.4404 353.280 -717.413 -357.730
H 15.4444 353.275 -717.408 -357.723
H 15.4484 353.271 -717.405 -357.717
H 15.4526 353.266 -717.401 -357.712
U 15.4537 4109 356.698 -723.008 -352.913 0.411 1.139
U 15.4537 4101 356.208 -723.007 -357.389 0.000 0.570
U 15.4537 4102 356.208 -723.007 -357.389 0.000 0.798
U 15.4537 4103 356.208 -723.007 -357.389 0.000 0.847
U 15.4537 4104 356.208 -723.007 -357.389 0.000 0.800
U 15.4537 4105 356.208 -723.007 -357.389 0.000 0.800
H 15.4576 353.262 -717.397 -357.706
H 15.4615 353.257 -717.392 -357.699
H 15.4658 353.253 -717.389 -357.693
H 15.4697 353.248 -717.385 -357.688
U 15.4708 4109 356.698 -723.008 -352.913 0.411 1.139
U 15.4708 4101 356.208 -723.007 -357.389 0.000 0.570
U 15.4708 4102 356.208 -723.007 -357.389 0.000 0.799
U 15.4708 4103 356.208 -723.007 -357.389 0.000 0.848
U 15.4708 4104 356.208 -723.007 -357.389 0.000 0.800
U 15.4708 4105 356.208 -723.007 -357.389 0.000 0.800
H 15.4746 353.244 -717.381 -357.682
H 15.4788 353.239 -717.376 -357.675
H 15.4827 353.234 -717.372 -357.669
H 15.4867 353.230 -717.369 -357.664
U 15.4877 4109 356.698 -723.008 -352.913 0.411 1.139
U 15.4877 4101 356.208 -723.007 -357.389 0.000 0.570
U 15.4877 4102 356.208 -723.007 -357.389 0.000 0.799
U 15.4877 4103 356.208 -723.007 -357.389 0.000 0.848
U 15.4877 4104 356.208 -723.007 -357.389 0.000 0.800
U 15.4877 4105 356.208 -723.007 -357.389 0.000 0.800
H 15.4918 353.226 -717.365 -357.658
H 15.4958 353.221 -717.360 -357.651
H 15.4997 353.217 -717.356 -357.645
H 15.5039 353.213 -717.353 -357.640
U 15.5049 4109 356.698 -723.008 -352.913 0.411 1.139
U 15.5049 4101 356.208 -723.007 -357.389 0.000 0.570
U 15.5049 4102 356.208 -723.007 -357.389 0.000 0.799
U 15.5049 4103 356.208 -723.007 -357.389 0.000 0.848
U 15.5049 4104 356.208 -723.007 -357.389 0.000 0.800
U 15.5049 4105 356.208 -723.007 -357.389 0.000 0.800
H 15.5088 353.208 -717.349 -357.634
H 15.5128 353.203 -717.344 -357.627
H 15.5174 353.199 -717.340 -357.621
U 15.5185 4109 356.698 -723.008 -352.913 0.411 1.139
U 15.5185 4101 356.208 -723.007 -357.389 0.000 0.570
U 15.5185 4102 356.208 -723.007 -357.389 0.000 0.799
U 15.5185 4103 356.208 -723.007 -357.389 0.000 0.848
U 15.5185 4104 356.208 -723.007 -357.389 0.000 0.801
U 15.5185 4105 356.208 -723.007 -357.389 0.000 0.801
H 15.5225 353.194 -717.335 -357.615
H 15.5266 353.183 -717.325 -357.608
H 15.5309 353.174 -717.316 -357.602
H 15.5350 353.165 -717.307 -357.596
U 15.5361 4109 356.698 -723.008 -352.913 0.411 1.139
U 15.5361 4101 356.208 -723.007 -357.389 0.000 0.571
U 15.5361 4102 356.208 -723.007 -357.389 0.000 0.799
U 15.5361 4103 356.208 -723.007 -357.389 0.000 0.848
U 15.5361 4104 356.208 -723.007 -357.389 0.000 0.801
U 15.5361 4105 356.208 -723.007 -357.389 0.000 0.801
H 15.5401 353.156 -717.298 -357.590
H 15.5445 353.146 -717.287 -357.583
H 15.5485 353.136 -717.278 -357.577
H 15.5526 353.127 -717.269 -357.571
U 15.5537 4109 356.698 -723.008 -352.913 0.411 1.139
U 15.5537 4101 356.208 -723.007 -357.389 0.000 0.571
U 15.5537 4102 356.208 -723.007 -357.389 0.000 0.799
U 15.5537 4103 356.208 -723.007 -357.389 0.000 0.849
U 15.5537 4104 356.208 -723.007 -357.389 0.000 0.801
U 15.5537 4105 356.208 -723.007 -357.389 0.000 0.801
H 15.5580 353.118 -717.260 -357.566
H 15.5622 353.106 -717.248 -357.558
H 15.5663 353.097 -717.239 -357.552
H 15.5706 353.088 -717.230 -357.546
U 15.5717 4109 356.698 -723.008 -352.913 0.411 1.139
U 15.5717 4101 356.208 -723.007 -357.389 0.000 0.571
U 15.5717 4102 356.208 -723.007 -357.389 0.000 0.800
U 15.5717 4103 356.208 -723.007 -357.389 0.000 0.849
U 15.5717 4104 356.208 -723.007 -357.389 0.000 0.801
U 15.5717 4105 356.208 -723.007 -357.389 0.000 0.801
H 15.5757 353.079 -717.221 -357.540
H 15.5797 353.068 -717.209 -357.532
H 15.5839 353.059 -717.200 -357.526
U 15.5850 4101 356.208 -723.007 -357.389 0.000 0.571
U 15.5850 4102 356.208 -723.007 -357.389 0.000 0.800
U 15.5850 4103 356.208 -723.007 -357.389 0.000 0.849
U 15.5850 4104 356.208 -723.007 -357.389 0.000 0.801
U 15.5850 4105 356.208 -723.007 -357.389 0.000 0.801
H 15.5890 353.049 -717.191 -357.520
H 15.5931 353.038 -717.179 -357.512
H 15.5976 353.029 -717.170 -357.506
H 15.6016 353.018 -717.159 -357.499
U 15.6027 4101 356.208 -723.007 -357.389 0.000 0.571
U 15.6027 4102 356.208 -723.007 -357.389 0.000 0.800
U 15.6027 4103 356.208 -723.007 -357.389 0.000 0.849
U 15.6027 4104 356.208 -723.007 -357.389 0.000 0.801
U 15.6027 4105 356.208 -723.007 -357.389 0.000 0.801
H 15.6067 353.009 -717.150 -357.493
H 15.6109 352.998 -717.138 -357.486
H 15.6149 352.988 -717.128 -357.479
H 15.6190 352.978 -717.119 -357.473
U 15.6201 4101 356.208 -723.007 -357.389 0.000 0.571
U 15.6201 4102 356.208 -723.007 -357.389 0.000 0.800
U 15.6201 4103 356.208 -723.007 -357.389 0.000 0.849
U 15.6201 4104 356.208 -723.007 -357.389 0.000 0.802
U 15.6201 4105 356.208 -723.007 -357.389 0.000 0.802
H 15.6243 352.969 -717.109 -357.466
H 15.6284 352.957 -717.097 -357.458
H 15.6324 352.947 -717.087 -357.452
H 15.6366 352.938 -717.077 -357.445
U 15.6377 4101 356.208 -723.007 -357.389 0.000 0.571
U 15.6377 4102 356.208 -723.007 -357.389 0.000 0.800
U 15.6377 4103 356.208 -723.007 -357.389 0.000 0.850
U 15.6377 4104 356.208 -723.007 -357.389 0.000 0.802
U 15.6377 4105 356.208 -723.007 -357.389 0.000 0.802
H 15.6416 352.928 -717.067 -357.438
H 15.6456 352.916 -717.055 -357.430
H 15.6502 352.907 -717.045 -357.424
H 15.6543 352.422 -716.541 -357.420
U 15.6555 4101 356.208 -723.007 -357.389 0.000 0.571
U 15.6555 4102 356.208 -723.007 -357.389 0.000 0.801
U 15.6555 4103 356.208 -723.007 -357.389 0.000 0.850
U 15.6555 4104 356.208 -723.007 -357.389 0.000 0.802
U 15.6555 4105 356.208 -723.007 -357.389 0.000 0.802
H 15.6595 352.320 -716.435 -357.413
H 15.6639 352.314 -716.429 -357.403
H 15.6679 352.310 -716.424 -357.395
U 15.6690 4101 356.208 -723.007 -357.389 0.000 0.572
U 15.6690 4102 356.208 -723.007 -357.389 0.000 0.801
U 15.6690 4103 356.208 -723.007 -357.389 0.000 0.850
U 15.6690 4104 356.208 -723.007 -357.389 0.000 0.802
U 15.6690 4105 356.208 -723.007 -357.389 0.000 0.802
H 15.6730 352.306 -716.420 -357.387
H 15.6773 352.300 -716.414 -357.377
H 15.6814 352.296 -716.410 -357.368
H 15.6854 352.292 -716.405 -357.360
U 15.6865 4101 356.208 -723.007 -357.389 0.000 0.572
U 15.6865 4102 356.208 -723.007 -357.389 0.000 0.801
U 15.6865 4103 356.208 -723.007 -357.389 0.000 0.850
U 15.6865 4104 356.208 -723.007 -357.389 0.000 0.802
U 15.6865 4105 356.208 -723.007 -357.389 0.000 0.802
H 15.6907 352.288 -716.401 -357.352
H 15.6948 352.282 -716.395 -357.342
H 15.6988 352.278 -716.391 -357.334
H 15.7030 352.274 -716.386 -357.326
U 15.7041 4101 356.208 -723.007 -357.389 0.000 0.572
U 15.7041 4102 356.208 -723.007 -357.389 0.000 0.801
U 15.7041 4103 356.208 -723.007 -357.389 0.000 0.850
U 15.7041 4104 356.208 -723.007 -357.389 0.000 0.803
U 15.7041 4105 356.208 -723.007 -357.389 0.000 0.803
H 15.7081 352.269 -716.381 -357.318
H 15.7121 352.264 -716.376 -357.307
H 15.7164 352.260 -716.371 -357.299
H 15.7205 352.256 -716.367 -357.291
U 15.7216 4101 356.208 -723.007 -357.389 0.000 0.572
U 15.7216 4102 356.208 -723.007 -357.389 0.000 0.801
U 15.7216 4103 356.208 -723.007 -357.389 0.000 0.850
U 15.7216 4104 356.208 -723.007 -357.389 0.000 0.803
U 15.7216 4105 356.208 -723.007 -357.389 0.000 0.803
H 15.7256 352.252 -716.362 -357.283
H 15.7301 352.246 -716.357 -357.272
H 15.7343 352.242 -716.351 -357.263
U 15.7354 4101 356.208 -723.007 -357.389 0.000 0.572
U 15.7355 4102 356.208 -723.007 -357.389 0.000 0.801
U 15.7355 4103 356.208 -723.007 -357.389 0.000 0.851
U 15.7355 4104 356.208 -723.007 -357.389 0.000 0.803
U 15.7355 4105 356.208 -723.007 -357.389 0.000 0.803
H 15.7395 352.238 -716.347 -357.255
H 15.7439 352.232 -716.341 -357.244
H 15.7480 352.228 -716.336 -357.235
H 15.7520 352.224 -716.331 -357.227
U 15.7531 4101 356.208 -723.007 -357.389 0.000 0.572
U 15.7532 4102 356.208 -723.007 -357.389 0.000 0.802
U 15.7532 4103 356.208 -723.007 -357.389 0.000 0.851
U 15.7532 4104 356.208 -723.007 -357.389 0.000 0.803
U 15.7532 4105 356.208 -723.007 -357.389 0.000 0.803
H 15.7574 352.220 -716.327 -357.219
H 15.7614 352.214 -716.321 -357.208
H 15.7654 352.210 -716.316 -357.200
H 15.7699 352.206 -716.312 -357.191
U 15.7710 4101 356.208 -723.007 -357.389 0.000 0.572
U 15.7710 4102 356.208 -723.007 -357.389 0.000 0.802
U 15.7710 4103 356.208 -723.007 -357.389 0.000 0.851
U 15.7710 4104 356.208 -723.007 -357.389 0.000 0.803
U 15.7710 4105 356.208 -723.007 -357.389 0.000 0.803
H 15.7749 352.202 -716.307 -357.182
H 15.7789 352.197 -716.301 -357.172
H 15.7835 352.193 -716.296 -357.164
H 15.7875 352.189 -716.291 -357.154
U 15.7886 4101 356.208 -723.007 -357.389 0.000 0.572
U 15.7886 4102 356.208 -723.007 -357.389 0.000 0.802
U 15.7886 4103 356.208 -723.007 -357.389 0.000 0.851
U 15.7886 4104 356.208 -723.007 -357.389 0.000 0.803
U 15.7886 4105 356.208 -723.007 -357.389 0.000 0.803
H 15.7925 352.185 -716.286 -357.146
H 15.7968 352.180 -716.281 -357.135
H 15.8008 352.176 -716.276 -357.126
U 15.8019 4101 356.208 -723.007 -357.389 0.000 0.573
U 15.8019 4102 356.208 -723.007 -357.389 0.000 0.802
U 15.8019 4103 356.208 -723.007 -357.389 0.000 0.851
U 15.8019 4104 356.208 -723.007 -357.389 0.000 0.804
U 15.8019 4105 356.208 -723.007 -357.389 0.000 0.804
H 15.8058 352.172 -716.271 -357.118
H 15.8101 352.167 -716.265 -357.107
H 15.8141 352.163 -716.260 -357.098
H 15.8181 352.159 -716.255 -357.090
U 15.8192 4101 356.208 -723.007 -357.389 0.000 0.573
U 15.8192 4102 356.208 -723.007 -357.389 0.000 0.802
U 15.8192 4103 356.208 -723.007 -357.389 0.000 0.852
U 15.8192 4104 356.208 -723.007 -357.389 0.000 0.804
U 15.8192 4105 356.208 -723.007 -357.389 0.000 0.804
H 15.8234 352.155 -716.251 -357.082
H 15.8274 352.150 -716.245 -357.071
H 15.8313 352.146 -716.240 -357.062
H 15.8356 352.142 -716.235 -357.054
U 15.8367 4101 356.208 -723.007 -357.389 0.000 0.573
U 15.8367 4102 356.208 -723.007 -357.389 0.000 0.803
U 15.8367 4103 356.208 -723.007 -357.389 0.000 0.852
U 15.8367 4104 356.208 -723.007 -357.389 0.000 0.804
U 15.8367 4105 356.208 -723.007 -357.389 0.000 0.804
H 15.8405 352.138 -716.230 -357.045
H 15.8445 352.133 -716.224 -357.034
H 15.8489 352.130 -716.220 -357.026
H 15.8530 352.125 -716.215 -357.016
U 15.8541 4101 356.208 -723.007 -357.389 0.000 0.573
U 15.8541 4102 356.208 -723.007 -357.389 0.000 0.803
U 15.8542 4103 356.208 -723.007 -357.389 0.000 0.852
U 15.8542 4104 356.208 -723.007 -357.389 0.000 0.804
U 15.8542 4105 356.208 -723.007 -357.389 0.000 0.804
H 15.8582 352.122 -716.210 -357.007
H 15.8626 352.117 -716.204 -356.996
H 15.8667 352.112 -716.198 -356.987
H 15.8710 352.109 -716.193 -356.978
U 15.8721 4101 356.208 -723.007 -357.389 0.000 0.573
U 15.8721 4102 356.208 -723.007 -357.389 0.000 0.803
U 15.8721 4103 356.208 -723.007 -357.389 0.000 0.852
U 15.8721 4104 356.208 -723.007 -357.389 0.000 0.804
U 15.8721 4105 356.208 -723.007 -357.389 0.000 0.804
H 15.8764 352.105 -716.188 -356.968
H 15.8805 352.100 -716.182 -356.957
H 15.8846 352.096 -716.177 -356.948
U 15.8857 4101 356.208 -723.007 -357.389 0.000 0.573
U 15.8857 4102 356.208 -723.007 -357.389 0.000 0.803
U 15.8857 4103 356.208 -723.007 -357.389 0.000 0.852
U 15.8857 4104 356.208 -723.007 -357.389 0.000 0.805
U 15.8857 4105 356.208 -723.007 -357.389 0.000 0.805
H 15.8901 352.092 -716.172 -356.939
H 15.8943 352.087 -716.165 -356.927
H 15.8983 352.083 -716.160 -356.918
H 15.9027 352.079 -716.155 -356.909
U 15.9038 4101 356.208 -723.007 -357.389 0.000 0.573
U 15.9039 4102 356.208 -723.007 -357.389 0.000 0.803
U 15.9039 4103 356.208 -723.007 -357.389 0.000 0.853
U 15.9039 4104 356.208 -723.007 -357.389 0.000 0.805
U 15.9039 4105 356.208 -723.007 -357.389 0.000 0.805
H 15.9079 352.075 -716.150 -356.899
H 15.9120 352.071 -716.144 -356.888
H 15.9166 352.067 -716.139 -356.879
H 15.9206 352.063 -716.133 -356.868
U 15.9217 4101 356.208 -723.007 -357.389 0.000 0.574
U 15.9217 4102 356.208 -723.007 -357.389 0.000 0.803
U 15.9217 4103 356.208 -723.007 -357.389 0.000 0.853
U 15.9217 4104 356.208 -723.007 -357.389 0.000 0.805
U 15.9217 4105 356.208 -723.007 -357.389 0.000 0.805
H 15.9257 352.059 -716.128 -356.859
H 15.9302 352.054 -716.122 -356.848
H 15.9344 352.050 -716.116 -356.838
U 15.9355 4101 356.208 -723.007 -357.389 0.000 0.574
U 15.9355 4102 356.208 -723.007 -357.389 0.000 0.804
U 15.9355 4103 356.208 -723.007 -357.389 0.000 0.853
U 15.9356 4104 356.208 -723.007 -357.389 0.000 0.805
U 15.9356 4105 356.208 -723.007 -357.389 0.000 0.805
H 15.9395 352.047 -716.111 -356.829
H 15.9440 352.042 -716.105 -356.817
H 15.9480 352.038 -716.099 -356.807
H 15.9520 352.034 -716.094 -356.798
U 15.9531 4101 356.208 -723.007 -357.389 0.000 0.574
U 15.9532 4102 356.208 -723.007 -357.389 0.000 0.804
U 15.9532 4103 356.208 -723.007 -357.389 0.000 0.853
U 15.9532 4104 356.208 -723.007 -357.389 0.000 0.805
U 15.9532 4105 356.208 -723.007 -357.389 0.000 0.805
H 15.9575 352.031 -716.089 -356.789
H 15.9616 352.026 -716.083 -356.777
H 15.9657 352.022 -716.077 -356.767
H 15.9700 352.019 -716.072 -356.758
U 15.9711 4101 356.208 -723.007 -357.389 0.000 0.574
U 15.9711 4102 356.208 -723.007 -357.389 0.000 0.804
U 15.9711 4103 356.208 -723.007 -357.389 0.000 0.853
U 15.9711 4104 356.208 -723.007 -357.389 0.000 0.805
U 15.9711 4105 356.208 -723.007 -357.389 0.000 0.805
H 15.9752 352.015 -716.067 -356.748
H 15.9793 352.011 -716.060 -356.736
H 15.9837 352.007 -716.055 -356.727
U 15.9848 4101 356.208 -723.007 -357.389 0.000 0.574
U 15.9848 4102 356.208 -723.007 -357.389 0.000 0.804
U 15.9848 4103 356.208 -723.007 -357.389 0.000 0.854
U 15.9848 4104 356.208 -723.007 -357.389 0.000 0.806
U 15.9848 4105 356.208 -723.007 -357.389 0.000 0.806
H 15.9881 352.003 -716.050 -356.717
H 15.9915 351.999 -716.044 -356.707
H 15.9952 351.996 -716.040 -356.699
H 15.9986 351.993 -716.035 -356.691
H 16.0020 351.990 -716.031 -356.683
U 16.0031 4101 356.208 -723.007 -357.389 0.000 0.574
U 16.0031 4102 356.208 -723.007 -357.389 0.000 0.804
U 16.0031 4103 356.208 -723.007 -357.389 0.000 0.854
U 16.0031 4104 356.208 -723.007 -357.389 0.000 0.806
U 16.0031 4105 356.208 -723.007 -357.389 0.000 0.806
H 16.0069 351.988 -716.026 -356.675
H 16.0104 351.983 -716.020 -356.663
H 16.0138 351.980 -716.016 -356.655
H 16.0176 351.978 -716.011 -356.647
U 16.0187 4101 356.208 -723.007 -357.389 0.000 0.574
U 16.0187 4102 356.208 -723.007 -357.389 0.000 0.805
U 16.0187 4103 356.208 -723.007 -357.389 0.000 0.854
U 16.0187 4104 356.208 -723.007 -357.389 0.000 0.806
U 16.0187 4105 356.208 -723.007 -357.389 0.000 0.806
H 16.0221 351.974 -716.006 -356.639
H 16.0255 351.971 -716.001 -356.628
H 16.0292 351.968 -715.996 -356.620
H 16.0325 351.965 -715.992 -356.612
H 16.0359 351.962 -715.987 -356.604
U 16.0369 4101 356.208 -723.007 -357.389 0.000 0.574
U 16.0370 4102 356.208 -723.007 -357.389 0.000 0.805
U 16.0370 4103 356.208 -723.007 -357.389 0.000 0.854
U 16.0370 4104 356.208 -723.007 -357.389 0.000 0.806
U 16.0370 4105 356.208 -723.007 -357.389 0.000 0.806
H 16.0408 351.959 -715.983 -356.596
